[0.000000] (-) TimerEvent: {}
[0.000547] (px4_msgs) JobQueued: {'identifier': 'px4_msgs', 'dependencies': OrderedDict()}
[0.000637] (simple_quadcopter_teleop) JobQueued: {'identifier': 'simple_quadcopter_teleop', 'dependencies': OrderedDict()}
[0.001068] (px4_msgs) JobStarted: {'identifier': 'px4_msgs'}
[0.008608] (simple_quadcopter_teleop) JobStarted: {'identifier': 'simple_quadcopter_teleop'}
[0.015185] (px4_msgs) JobProgress: {'identifier': 'px4_msgs', 'progress': 'cmake'}
[0.015446] (px4_msgs) JobProgress: {'identifier': 'px4_msgs', 'progress': 'build'}
[0.016102] (px4_msgs) Command: {'cmd': ['/usr/bin/cmake', '--build', '/home/prathamkelkar/ros2_ws/build/px4_msgs', '--', '-j16', '-l16'], 'cwd': '/home/prathamkelkar/ros2_ws/build/px4_msgs', 'env': OrderedDict({'LESSOPEN': '| /usr/bin/lesspipe %s', 'GZ_SIM_RESOURCE_PATH': '/opt/ros/jazzy/share', 'USER': 'prathamkelkar', 'GZ_CONFIG_PATH': '/opt/ros/jazzy/opt/gz_sim_vendor/share/gz:/opt/ros/jazzy/opt/sdformat_vendor/share/gz:/opt/ros/jazzy/opt/gz_gui_vendor/share/gz:/opt/ros/jazzy/opt/gz_transport_vendor/share/gz:/opt/ros/jazzy/opt/gz_rendering_vendor/share/gz:/opt/ros/jazzy/opt/gz_plugin_vendor/share/gz:/opt/ros/jazzy/opt/gz_fuel_tools_vendor/share/gz:/opt/ros/jazzy/opt/gz_msgs_vendor/share/gz:/opt/ros/jazzy/opt/gz_common_vendor/share/gz', 'XDG_SESSION_TYPE': 'x11', 'CLUTTER_DISABLE_MIPMAPPED_TEXT': '1', 'SHLVL': '1', 'LD_LIBRARY_PATH': '/home/prathamkelkar/ros2_ws/install/px4_msgs/lib:/opt/ros/jazzy/opt/gz_sim_vendor/lib:/opt/ros/jazzy/opt/gz_sensors_vendor/lib:/opt/ros/jazzy/opt/gz_physics_vendor/lib:/opt/ros/jazzy/opt/sdformat_vendor/lib:/opt/ros/jazzy/opt/rviz_ogre_vendor/lib:/opt/ros/jazzy/lib/x86_64-linux-gnu:/opt/ros/jazzy/opt/gz_gui_vendor/lib:/opt/ros/jazzy/opt/gz_transport_vendor/lib:/opt/ros/jazzy/opt/gz_rendering_vendor/lib:/opt/ros/jazzy/opt/gz_plugin_vendor/lib:/opt/ros/jazzy/opt/gz_fuel_tools_vendor/lib:/opt/ros/jazzy/opt/gz_msgs_vendor/lib:/opt/ros/jazzy/opt/gz_common_vendor/lib:/opt/ros/jazzy/opt/gz_math_vendor/lib:/opt/ros/jazzy/opt/gz_utils_vendor/lib:/opt/ros/jazzy/opt/gz_tools_vendor/lib:/opt/ros/jazzy/opt/gz_ogre_next_vendor/lib:/opt/ros/jazzy/opt/gz_dartsim_vendor/lib:/opt/ros/jazzy/opt/gz_cmake_vendor/lib:/opt/ros/jazzy/lib', 'HOME': '/home/prathamkelkar', 'OLDPWD': '/home/prathamkelkar/ros2_ws', 'DESKTOP_SESSION': 'ubuntu', 'ROS_PYTHON_VERSION': '3', 'GNOME_SHELL_SESSION_MODE': 'ubuntu', 'GTK_MODULES': 'gail:atk-bridge', 'SYSTEMD_EXEC_PID': '1952', 'GSM_SKIP_SSH_AGENT_WORKAROUND': 'true', 'DBUS_SESSION_BUS_ADDRESS': 'unix:path=/run/user/1000/bus', 'COLORTERM': 'truecolor', 'DEBUGINFOD_URLS': 'https://debuginfod.ubuntu.com', 'IM_CONFIG_PHASE': '1', 'COLCON_PREFIX_PATH': '/home/prathamkelkar/ros2_ws/install', 'ROS_DISTRO': 'jazzy', 'LOGNAME': 'prathamkelkar', '_': '/usr/bin/colcon', 'ROS_VERSION': '2', 'MEMORY_PRESSURE_WATCH': '/sys/fs/cgroup/user.slice/user-1000.slice/user@1000.service/session.slice/org.gnome.Shell@x11.service/memory.pressure', 'XDG_SESSION_CLASS': 'user', 'USERNAME': 'prathamkelkar', 'TERM': 'xterm-256color', 'GNOME_DESKTOP_SESSION_ID': 'this-is-deprecated', 'WINDOWPATH': '2', 'PATH': '/opt/ros/jazzy/opt/gz_msgs_vendor/bin:/opt/ros/jazzy/opt/gz_tools_vendor/bin:/opt/ros/jazzy/opt/gz_ogre_next_vendor/bin:/opt/ros/jazzy/bin:/home/prathamkelkar/.local/bin:/usr/local/sbin:/usr/local/bin:/usr/sbin:/usr/bin:/sbin:/bin:/usr/games:/usr/local/games:/snap/bin:/snap/bin:/opt/xtensa-esp-elf/bin/:/opt/xtensa-esp-elf/bin/:/opt/xtensa-esp-elf/bin/', 'SESSION_MANAGER': 'local/prathamkelkar-Dell-Pro-Max-16-MC16250:@/tmp/.ICE-unix/1922,unix/prathamkelkar-Dell-Pro-Max-16-MC16250:/tmp/.ICE-unix/1922', 'XDG_MENU_PREFIX': 'gnome-', 'GNOME_TERMINAL_SCREEN': '/org/gnome/Terminal/screen/b1e32f73_a0a6_4822_a475_c1c90c507249', 'XDG_RUNTIME_DIR': '/run/user/1000', 'DISPLAY': ':0', 'LANG': 'en_US.UTF-8', 'XDG_CURRENT_DESKTOP': 'ubuntu:GNOME', 'XMODIFIERS': '@im=ibus', 'XDG_SESSION_DESKTOP': 'ubuntu', 'XAUTHORITY': '/run/user/1000/gdm/Xauthority', 'LS_COLORS': 'rs=0:di=01;34:ln=01;36:mh=00:pi=40;33:so=01;35:do=01;35:bd=40;33;01:cd=40;33;01:or=40;31;01:mi=00:su=37;41:sg=30;43:ca=00:tw=30;42:ow=34;42:st=37;44:ex=01;32:*.tar=01;31:*.tgz=01;31:*.arc=01;31:*.arj=01;31:*.taz=01;31:*.lha=01;31:*.lz4=01;31:*.lzh=01;31:*.lzma=01;31:*.tlz=01;31:*.txz=01;31:*.tzo=01;31:*.t7z=01;31:*.zip=01;31:*.z=01;31:*.dz=01;31:*.gz=01;31:*.lrz=01;31:*.lz=01;31:*.lzo=01;31:*.xz=01;31:*.zst=01;31:*.tzst=01;31:*.bz2=01;31:*.bz=01;31:*.tbz=01;31:*.tbz2=01;31:*.tz=01;31:*.deb=01;31:*.rpm=01;31:*.jar=01;31:*.war=01;31:*.ear=01;31:*.sar=01;31:*.rar=01;31:*.alz=01;31:*.ace=01;31:*.zoo=01;31:*.cpio=01;31:*.7z=01;31:*.rz=01;31:*.cab=01;31:*.wim=01;31:*.swm=01;31:*.dwm=01;31:*.esd=01;31:*.avif=01;35:*.jpg=01;35:*.jpeg=01;35:*.mjpg=01;35:*.mjpeg=01;35:*.gif=01;35:*.bmp=01;35:*.pbm=01;35:*.pgm=01;35:*.ppm=01;35:*.tga=01;35:*.xbm=01;35:*.xpm=01;35:*.tif=01;35:*.tiff=01;35:*.png=01;35:*.svg=01;35:*.svgz=01;35:*.mng=01;35:*.pcx=01;35:*.mov=01;35:*.mpg=01;35:*.mpeg=01;35:*.m2v=01;35:*.mkv=01;35:*.webm=01;35:*.webp=01;35:*.ogm=01;35:*.mp4=01;35:*.m4v=01;35:*.mp4v=01;35:*.vob=01;35:*.qt=01;35:*.nuv=01;35:*.wmv=01;35:*.asf=01;35:*.rm=01;35:*.rmvb=01;35:*.flc=01;35:*.avi=01;35:*.fli=01;35:*.flv=01;35:*.gl=01;35:*.dl=01;35:*.xcf=01;35:*.xwd=01;35:*.yuv=01;35:*.cgm=01;35:*.emf=01;35:*.ogv=01;35:*.ogx=01;35:*.aac=00;36:*.au=00;36:*.flac=00;36:*.m4a=00;36:*.mid=00;36:*.midi=00;36:*.mka=00;36:*.mp3=00;36:*.mpc=00;36:*.ogg=00;36:*.ra=00;36:*.wav=00;36:*.oga=00;36:*.opus=00;36:*.spx=00;36:*.xspf=00;36:*~=00;90:*#=00;90:*.bak=00;90:*.crdownload=00;90:*.dpkg-dist=00;90:*.dpkg-new=00;90:*.dpkg-old=00;90:*.dpkg-tmp=00;90:*.old=00;90:*.orig=00;90:*.part=00;90:*.rej=00;90:*.rpmnew=00;90:*.rpmorig=00;90:*.rpmsave=00;90:*.swp=00;90:*.tmp=00;90:*.ucf-dist=00;90:*.ucf-new=00;90:*.ucf-old=00;90:', 'GNOME_TERMINAL_SERVICE': ':1.192', 'SSH_AUTH_SOCK': '/run/user/1000/keyring/ssh', 'AMENT_PREFIX_PATH': '/home/prathamkelkar/ros2_ws/install/simple_quadcopter_teleop:/home/prathamkelkar/ros2_ws/install/px4_msgs:/opt/ros/jazzy', 'SHELL': '/bin/bash', 'QT_ACCESSIBILITY': '1', 'GDMSESSION': 'ubuntu', 'LESSCLOSE': '/usr/bin/lesspipe %s %s', 'GPG_AGENT_INFO': '/run/user/1000/gnupg/S.gpg-agent:0:1', 'ROS_AUTOMATIC_DISCOVERY_RANGE': 'SUBNET', 'QT_IM_MODULE': 'ibus', 'PWD': '/home/prathamkelkar/ros2_ws/build/px4_msgs', 'LC_ALL': 'en_US.UTF-8', 'XDG_CONFIG_DIRS': '/etc/xdg/xdg-ubuntu:/etc/xdg', 'XDG_DATA_DIRS': '/usr/share/ubuntu:/usr/share/gnome:/usr/local/share/:/usr/share/:/var/lib/snapd/desktop', 'PYTHONPATH': '/home/prathamkelkar/ros2_ws/build/simple_quadcopter_teleop:/home/prathamkelkar/ros2_ws/install/simple_quadcopter_teleop/lib/python3.12/site-packages:/home/prathamkelkar/ros2_ws/install/px4_msgs/lib/python3.12/site-packages:/opt/ros/jazzy/lib/python3.12/site-packages', 'COLCON': '1', 'MEMORY_PRESSURE_WRITE': 'c29tZSAyMDAwMDAgMjAwMDAwMAA=', 'VTE_VERSION': '7600', 'CMAKE_PREFIX_PATH': '/home/prathamkelkar/ros2_ws/install/px4_msgs:/opt/ros/jazzy/opt/gz_sim_vendor:/opt/ros/jazzy/opt/gz_sensors_vendor:/opt/ros/jazzy/opt/gz_physics_vendor:/opt/ros/jazzy/opt/sdformat_vendor:/opt/ros/jazzy/opt/gz_gui_vendor:/opt/ros/jazzy/opt/gz_transport_vendor:/opt/ros/jazzy/opt/gz_rendering_vendor:/opt/ros/jazzy/opt/gz_plugin_vendor:/opt/ros/jazzy/opt/gz_fuel_tools_vendor:/opt/ros/jazzy/opt/gz_msgs_vendor:/opt/ros/jazzy/opt/gz_common_vendor:/opt/ros/jazzy/opt/gz_math_vendor:/opt/ros/jazzy/opt/gz_utils_vendor:/opt/ros/jazzy/opt/gz_tools_vendor:/opt/ros/jazzy/opt/gz_ogre_next_vendor:/opt/ros/jazzy/opt/gz_dartsim_vendor:/opt/ros/jazzy/opt/gz_cmake_vendor:/home/prathamkelkar/ros2_ws/install/simple_quadcopter_teleop:/opt/ros/jazzy'}), 'shell': False}
[0.099573] (-) TimerEvent: {}
[0.200155] (-) TimerEvent: {}
[0.300798] (-) TimerEvent: {}
[0.401509] (-) TimerEvent: {}
[0.502150] (-) TimerEvent: {}
[0.602760] (-) TimerEvent: {}
[0.703523] (-) TimerEvent: {}
[0.804116] (-) TimerEvent: {}
[0.904758] (-) TimerEvent: {}
[0.946432] (px4_msgs) StdoutLine: {'line': b'[  0%] Built target px4_msgs__rs\n'}
[0.962377] (px4_msgs) StdoutLine: {'line': b'[  0%] Built target px4_msgs__rosidl_generator_type_description\n'}
[0.966270] (px4_msgs) StdoutLine: {'line': b'[  0%] Built target ament_cmake_python_symlink_px4_msgs\n'}
[1.005060] (-) TimerEvent: {}
[1.072960] (px4_msgs) StdoutLine: {'line': b'[  0%] Built target px4_msgs__cpp\n'}
[1.105206] (-) TimerEvent: {}
[1.205959] (-) TimerEvent: {}
[1.289881] (px4_msgs) StdoutLine: {'line': b'[ 29%] Built target px4_msgs__rosidl_generator_c\n'}
[1.290481] (px4_msgs) StdoutLine: {'line': b'running egg_info\n'}
[1.306079] (-) TimerEvent: {}
[1.311080] (px4_msgs) StdoutLine: {'line': b'writing px4_msgs.egg-info/PKG-INFO\n'}
[1.311455] (px4_msgs) StdoutLine: {'line': b'writing dependency_links to px4_msgs.egg-info/dependency_links.txt\n'}
[1.312408] (px4_msgs) StdoutLine: {'line': b'writing top-level names to px4_msgs.egg-info/top_level.txt\n'}
[1.376357] (px4_msgs) StdoutLine: {'line': b"reading manifest file 'px4_msgs.egg-info/SOURCES.txt'\n"}
[1.379399] (px4_msgs) StdoutLine: {'line': b"writing manifest file 'px4_msgs.egg-info/SOURCES.txt'\n"}
[1.406207] (-) TimerEvent: {}
[1.414869] (px4_msgs) StdoutLine: {'line': b'[ 30%] Built target ament_cmake_python_build_px4_msgs_egg\n'}
[1.415259] (px4_msgs) StdoutLine: {'line': b'[ 39%] Built target px4_msgs__rosidl_typesupport_c\n'}
[1.440350] (px4_msgs) StdoutLine: {'line': b'[ 49%] Built target px4_msgs__rosidl_typesupport_introspection_c\n'}
[1.454518] (simple_quadcopter_teleop) Command: {'cmd': ['/usr/bin/python3', '-W', 'ignore:setup.py install is deprecated', '-W', 'ignore:easy_install command is deprecated', 'setup.py', 'develop', '--editable', '--build-directory', '/home/prathamkelkar/ros2_ws/build/simple_quadcopter_teleop/build', '--no-deps', 'symlink_data'], 'cwd': '/home/prathamkelkar/ros2_ws/build/simple_quadcopter_teleop', 'env': {'LESSOPEN': '| /usr/bin/lesspipe %s', 'GZ_SIM_RESOURCE_PATH': '/opt/ros/jazzy/share', 'USER': 'prathamkelkar', 'GZ_CONFIG_PATH': '/opt/ros/jazzy/opt/gz_sim_vendor/share/gz:/opt/ros/jazzy/opt/sdformat_vendor/share/gz:/opt/ros/jazzy/opt/gz_gui_vendor/share/gz:/opt/ros/jazzy/opt/gz_transport_vendor/share/gz:/opt/ros/jazzy/opt/gz_rendering_vendor/share/gz:/opt/ros/jazzy/opt/gz_plugin_vendor/share/gz:/opt/ros/jazzy/opt/gz_fuel_tools_vendor/share/gz:/opt/ros/jazzy/opt/gz_msgs_vendor/share/gz:/opt/ros/jazzy/opt/gz_common_vendor/share/gz', 'XDG_SESSION_TYPE': 'x11', 'CLUTTER_DISABLE_MIPMAPPED_TEXT': '1', 'SHLVL': '1', 'LD_LIBRARY_PATH': '/home/prathamkelkar/ros2_ws/install/px4_msgs/lib:/opt/ros/jazzy/opt/gz_sim_vendor/lib:/opt/ros/jazzy/opt/gz_sensors_vendor/lib:/opt/ros/jazzy/opt/gz_physics_vendor/lib:/opt/ros/jazzy/opt/sdformat_vendor/lib:/opt/ros/jazzy/opt/rviz_ogre_vendor/lib:/opt/ros/jazzy/lib/x86_64-linux-gnu:/opt/ros/jazzy/opt/gz_gui_vendor/lib:/opt/ros/jazzy/opt/gz_transport_vendor/lib:/opt/ros/jazzy/opt/gz_rendering_vendor/lib:/opt/ros/jazzy/opt/gz_plugin_vendor/lib:/opt/ros/jazzy/opt/gz_fuel_tools_vendor/lib:/opt/ros/jazzy/opt/gz_msgs_vendor/lib:/opt/ros/jazzy/opt/gz_common_vendor/lib:/opt/ros/jazzy/opt/gz_math_vendor/lib:/opt/ros/jazzy/opt/gz_utils_vendor/lib:/opt/ros/jazzy/opt/gz_tools_vendor/lib:/opt/ros/jazzy/opt/gz_ogre_next_vendor/lib:/opt/ros/jazzy/opt/gz_dartsim_vendor/lib:/opt/ros/jazzy/opt/gz_cmake_vendor/lib:/opt/ros/jazzy/lib', 'HOME': '/home/prathamkelkar', 'OLDPWD': '/home/prathamkelkar/ros2_ws', 'DESKTOP_SESSION': 'ubuntu', 'ROS_PYTHON_VERSION': '3', 'GNOME_SHELL_SESSION_MODE': 'ubuntu', 'GTK_MODULES': 'gail:atk-bridge', 'SYSTEMD_EXEC_PID': '1952', 'GSM_SKIP_SSH_AGENT_WORKAROUND': 'true', 'DBUS_SESSION_BUS_ADDRESS': 'unix:path=/run/user/1000/bus', 'COLORTERM': 'truecolor', 'DEBUGINFOD_URLS': 'https://debuginfod.ubuntu.com', 'IM_CONFIG_PHASE': '1', 'COLCON_PREFIX_PATH': '/home/prathamkelkar/ros2_ws/install', 'ROS_DISTRO': 'jazzy', 'LOGNAME': 'prathamkelkar', '_': '/usr/bin/colcon', 'ROS_VERSION': '2', 'MEMORY_PRESSURE_WATCH': '/sys/fs/cgroup/user.slice/user-1000.slice/user@1000.service/session.slice/org.gnome.Shell@x11.service/memory.pressure', 'XDG_SESSION_CLASS': 'user', 'USERNAME': 'prathamkelkar', 'TERM': 'xterm-256color', 'GNOME_DESKTOP_SESSION_ID': 'this-is-deprecated', 'WINDOWPATH': '2', 'PATH': '/opt/ros/jazzy/opt/gz_msgs_vendor/bin:/opt/ros/jazzy/opt/gz_tools_vendor/bin:/opt/ros/jazzy/opt/gz_ogre_next_vendor/bin:/opt/ros/jazzy/bin:/home/prathamkelkar/.local/bin:/usr/local/sbin:/usr/local/bin:/usr/sbin:/usr/bin:/sbin:/bin:/usr/games:/usr/local/games:/snap/bin:/snap/bin:/opt/xtensa-esp-elf/bin/:/opt/xtensa-esp-elf/bin/:/opt/xtensa-esp-elf/bin/', 'SESSION_MANAGER': 'local/prathamkelkar-Dell-Pro-Max-16-MC16250:@/tmp/.ICE-unix/1922,unix/prathamkelkar-Dell-Pro-Max-16-MC16250:/tmp/.ICE-unix/1922', 'XDG_MENU_PREFIX': 'gnome-', 'GNOME_TERMINAL_SCREEN': '/org/gnome/Terminal/screen/b1e32f73_a0a6_4822_a475_c1c90c507249', 'XDG_RUNTIME_DIR': '/run/user/1000', 'DISPLAY': ':0', 'LANG': 'en_US.UTF-8', 'XDG_CURRENT_DESKTOP': 'ubuntu:GNOME', 'XMODIFIERS': '@im=ibus', 'XDG_SESSION_DESKTOP': 'ubuntu', 'XAUTHORITY': '/run/user/1000/gdm/Xauthority', 'LS_COLORS': 'rs=0:di=01;34:ln=01;36:mh=00:pi=40;33:so=01;35:do=01;35:bd=40;33;01:cd=40;33;01:or=40;31;01:mi=00:su=37;41:sg=30;43:ca=00:tw=30;42:ow=34;42:st=37;44:ex=01;32:*.tar=01;31:*.tgz=01;31:*.arc=01;31:*.arj=01;31:*.taz=01;31:*.lha=01;31:*.lz4=01;31:*.lzh=01;31:*.lzma=01;31:*.tlz=01;31:*.txz=01;31:*.tzo=01;31:*.t7z=01;31:*.zip=01;31:*.z=01;31:*.dz=01;31:*.gz=01;31:*.lrz=01;31:*.lz=01;31:*.lzo=01;31:*.xz=01;31:*.zst=01;31:*.tzst=01;31:*.bz2=01;31:*.bz=01;31:*.tbz=01;31:*.tbz2=01;31:*.tz=01;31:*.deb=01;31:*.rpm=01;31:*.jar=01;31:*.war=01;31:*.ear=01;31:*.sar=01;31:*.rar=01;31:*.alz=01;31:*.ace=01;31:*.zoo=01;31:*.cpio=01;31:*.7z=01;31:*.rz=01;31:*.cab=01;31:*.wim=01;31:*.swm=01;31:*.dwm=01;31:*.esd=01;31:*.avif=01;35:*.jpg=01;35:*.jpeg=01;35:*.mjpg=01;35:*.mjpeg=01;35:*.gif=01;35:*.bmp=01;35:*.pbm=01;35:*.pgm=01;35:*.ppm=01;35:*.tga=01;35:*.xbm=01;35:*.xpm=01;35:*.tif=01;35:*.tiff=01;35:*.png=01;35:*.svg=01;35:*.svgz=01;35:*.mng=01;35:*.pcx=01;35:*.mov=01;35:*.mpg=01;35:*.mpeg=01;35:*.m2v=01;35:*.mkv=01;35:*.webm=01;35:*.webp=01;35:*.ogm=01;35:*.mp4=01;35:*.m4v=01;35:*.mp4v=01;35:*.vob=01;35:*.qt=01;35:*.nuv=01;35:*.wmv=01;35:*.asf=01;35:*.rm=01;35:*.rmvb=01;35:*.flc=01;35:*.avi=01;35:*.fli=01;35:*.flv=01;35:*.gl=01;35:*.dl=01;35:*.xcf=01;35:*.xwd=01;35:*.yuv=01;35:*.cgm=01;35:*.emf=01;35:*.ogv=01;35:*.ogx=01;35:*.aac=00;36:*.au=00;36:*.flac=00;36:*.m4a=00;36:*.mid=00;36:*.midi=00;36:*.mka=00;36:*.mp3=00;36:*.mpc=00;36:*.ogg=00;36:*.ra=00;36:*.wav=00;36:*.oga=00;36:*.opus=00;36:*.spx=00;36:*.xspf=00;36:*~=00;90:*#=00;90:*.bak=00;90:*.crdownload=00;90:*.dpkg-dist=00;90:*.dpkg-new=00;90:*.dpkg-old=00;90:*.dpkg-tmp=00;90:*.old=00;90:*.orig=00;90:*.part=00;90:*.rej=00;90:*.rpmnew=00;90:*.rpmorig=00;90:*.rpmsave=00;90:*.swp=00;90:*.tmp=00;90:*.ucf-dist=00;90:*.ucf-new=00;90:*.ucf-old=00;90:', 'GNOME_TERMINAL_SERVICE': ':1.192', 'SSH_AUTH_SOCK': '/run/user/1000/keyring/ssh', 'AMENT_PREFIX_PATH': '/home/prathamkelkar/ros2_ws/install/simple_quadcopter_teleop:/home/prathamkelkar/ros2_ws/install/px4_msgs:/opt/ros/jazzy', 'SHELL': '/bin/bash', 'QT_ACCESSIBILITY': '1', 'GDMSESSION': 'ubuntu', 'LESSCLOSE': '/usr/bin/lesspipe %s %s', 'GPG_AGENT_INFO': '/run/user/1000/gnupg/S.gpg-agent:0:1', 'ROS_AUTOMATIC_DISCOVERY_RANGE': 'SUBNET', 'QT_IM_MODULE': 'ibus', 'PWD': '/home/prathamkelkar/ros2_ws/build/simple_quadcopter_teleop', 'LC_ALL': 'en_US.UTF-8', 'XDG_CONFIG_DIRS': '/etc/xdg/xdg-ubuntu:/etc/xdg', 'XDG_DATA_DIRS': '/usr/share/ubuntu:/usr/share/gnome:/usr/local/share/:/usr/share/:/var/lib/snapd/desktop', 'PYTHONPATH': '/home/prathamkelkar/ros2_ws/build/simple_quadcopter_teleop/prefix_override:/usr/lib/python3/dist-packages/colcon_core/task/python/colcon_distutils_commands:/home/prathamkelkar/ros2_ws/install/simple_quadcopter_teleop/lib/python3.12/site-packages:/home/prathamkelkar/ros2_ws/build/simple_quadcopter_teleop:/home/prathamkelkar/ros2_ws/install/simple_quadcopter_teleop/lib/python3.12/site-packages:/home/prathamkelkar/ros2_ws/install/px4_msgs/lib/python3.12/site-packages:/opt/ros/jazzy/lib/python3.12/site-packages', 'COLCON': '1', 'MEMORY_PRESSURE_WRITE': 'c29tZSAyMDAwMDAgMjAwMDAwMAA=', 'VTE_VERSION': '7600', 'CMAKE_PREFIX_PATH': '/home/prathamkelkar/ros2_ws/install/px4_msgs:/opt/ros/jazzy/opt/gz_sim_vendor:/opt/ros/jazzy/opt/gz_sensors_vendor:/opt/ros/jazzy/opt/gz_physics_vendor:/opt/ros/jazzy/opt/sdformat_vendor:/opt/ros/jazzy/opt/gz_gui_vendor:/opt/ros/jazzy/opt/gz_transport_vendor:/opt/ros/jazzy/opt/gz_rendering_vendor:/opt/ros/jazzy/opt/gz_plugin_vendor:/opt/ros/jazzy/opt/gz_fuel_tools_vendor:/opt/ros/jazzy/opt/gz_msgs_vendor:/opt/ros/jazzy/opt/gz_common_vendor:/opt/ros/jazzy/opt/gz_math_vendor:/opt/ros/jazzy/opt/gz_utils_vendor:/opt/ros/jazzy/opt/gz_tools_vendor:/opt/ros/jazzy/opt/gz_ogre_next_vendor:/opt/ros/jazzy/opt/gz_dartsim_vendor:/opt/ros/jazzy/opt/gz_cmake_vendor'}, 'shell': False}
[1.476448] (px4_msgs) StdoutLine: {'line': b'[ 59%] Built target px4_msgs__rosidl_typesupport_cpp\n'}
[1.494673] (px4_msgs) StdoutLine: {'line': b'[ 69%] Built target px4_msgs__rosidl_typesupport_introspection_cpp\n'}
[1.499065] (px4_msgs) StdoutLine: {'line': b'[ 79%] Built target px4_msgs__rosidl_typesupport_fastrtps_c\n'}
[1.506368] (-) TimerEvent: {}
[1.513201] (px4_msgs) StdoutLine: {'line': b'[ 89%] Built target px4_msgs__rosidl_typesupport_fastrtps_cpp\n'}
[1.562441] (px4_msgs) StdoutLine: {'line': b'[ 89%] Built target px4_msgs\n'}
[1.606527] (-) TimerEvent: {}
[1.636016] (px4_msgs) StdoutLine: {'line': b'[ 89%] Built target px4_msgs__py\n'}
[1.707019] (-) TimerEvent: {}
[1.807743] (-) TimerEvent: {}
[1.841660] (px4_msgs) StdoutLine: {'line': b'[ 99%] Built target px4_msgs__rosidl_generator_py\n'}
[1.848972] (simple_quadcopter_teleop) StdoutLine: {'line': b'running develop\n'}
[1.892688] (px4_msgs) StdoutLine: {'line': b'[ 99%] Built target px4_msgs_s__rosidl_typesupport_c\n'}
[1.906628] (px4_msgs) StdoutLine: {'line': b'[100%] Built target px4_msgs_s__rosidl_typesupport_fastrtps_c\n'}
[1.906966] (px4_msgs) StdoutLine: {'line': b'[100%] Built target px4_msgs_s__rosidl_typesupport_introspection_c\n'}
[1.907808] (-) TimerEvent: {}
[1.940617] (px4_msgs) CommandEnded: {'returncode': 0}
[1.942167] (px4_msgs) JobProgress: {'identifier': 'px4_msgs', 'progress': 'install'}
[1.962966] (px4_msgs) Command: {'cmd': ['/usr/bin/cmake', '--install', '/home/prathamkelkar/ros2_ws/build/px4_msgs'], 'cwd': '/home/prathamkelkar/ros2_ws/build/px4_msgs', 'env': OrderedDict({'LESSOPEN': '| /usr/bin/lesspipe %s', 'GZ_SIM_RESOURCE_PATH': '/opt/ros/jazzy/share', 'USER': 'prathamkelkar', 'GZ_CONFIG_PATH': '/opt/ros/jazzy/opt/gz_sim_vendor/share/gz:/opt/ros/jazzy/opt/sdformat_vendor/share/gz:/opt/ros/jazzy/opt/gz_gui_vendor/share/gz:/opt/ros/jazzy/opt/gz_transport_vendor/share/gz:/opt/ros/jazzy/opt/gz_rendering_vendor/share/gz:/opt/ros/jazzy/opt/gz_plugin_vendor/share/gz:/opt/ros/jazzy/opt/gz_fuel_tools_vendor/share/gz:/opt/ros/jazzy/opt/gz_msgs_vendor/share/gz:/opt/ros/jazzy/opt/gz_common_vendor/share/gz', 'XDG_SESSION_TYPE': 'x11', 'CLUTTER_DISABLE_MIPMAPPED_TEXT': '1', 'SHLVL': '1', 'LD_LIBRARY_PATH': '/home/prathamkelkar/ros2_ws/install/px4_msgs/lib:/opt/ros/jazzy/opt/gz_sim_vendor/lib:/opt/ros/jazzy/opt/gz_sensors_vendor/lib:/opt/ros/jazzy/opt/gz_physics_vendor/lib:/opt/ros/jazzy/opt/sdformat_vendor/lib:/opt/ros/jazzy/opt/rviz_ogre_vendor/lib:/opt/ros/jazzy/lib/x86_64-linux-gnu:/opt/ros/jazzy/opt/gz_gui_vendor/lib:/opt/ros/jazzy/opt/gz_transport_vendor/lib:/opt/ros/jazzy/opt/gz_rendering_vendor/lib:/opt/ros/jazzy/opt/gz_plugin_vendor/lib:/opt/ros/jazzy/opt/gz_fuel_tools_vendor/lib:/opt/ros/jazzy/opt/gz_msgs_vendor/lib:/opt/ros/jazzy/opt/gz_common_vendor/lib:/opt/ros/jazzy/opt/gz_math_vendor/lib:/opt/ros/jazzy/opt/gz_utils_vendor/lib:/opt/ros/jazzy/opt/gz_tools_vendor/lib:/opt/ros/jazzy/opt/gz_ogre_next_vendor/lib:/opt/ros/jazzy/opt/gz_dartsim_vendor/lib:/opt/ros/jazzy/opt/gz_cmake_vendor/lib:/opt/ros/jazzy/lib', 'HOME': '/home/prathamkelkar', 'OLDPWD': '/home/prathamkelkar/ros2_ws', 'DESKTOP_SESSION': 'ubuntu', 'ROS_PYTHON_VERSION': '3', 'GNOME_SHELL_SESSION_MODE': 'ubuntu', 'GTK_MODULES': 'gail:atk-bridge', 'SYSTEMD_EXEC_PID': '1952', 'GSM_SKIP_SSH_AGENT_WORKAROUND': 'true', 'DBUS_SESSION_BUS_ADDRESS': 'unix:path=/run/user/1000/bus', 'COLORTERM': 'truecolor', 'DEBUGINFOD_URLS': 'https://debuginfod.ubuntu.com', 'IM_CONFIG_PHASE': '1', 'COLCON_PREFIX_PATH': '/home/prathamkelkar/ros2_ws/install', 'ROS_DISTRO': 'jazzy', 'LOGNAME': 'prathamkelkar', '_': '/usr/bin/colcon', 'ROS_VERSION': '2', 'MEMORY_PRESSURE_WATCH': '/sys/fs/cgroup/user.slice/user-1000.slice/user@1000.service/session.slice/org.gnome.Shell@x11.service/memory.pressure', 'XDG_SESSION_CLASS': 'user', 'USERNAME': 'prathamkelkar', 'TERM': 'xterm-256color', 'GNOME_DESKTOP_SESSION_ID': 'this-is-deprecated', 'WINDOWPATH': '2', 'PATH': '/opt/ros/jazzy/opt/gz_msgs_vendor/bin:/opt/ros/jazzy/opt/gz_tools_vendor/bin:/opt/ros/jazzy/opt/gz_ogre_next_vendor/bin:/opt/ros/jazzy/bin:/home/prathamkelkar/.local/bin:/usr/local/sbin:/usr/local/bin:/usr/sbin:/usr/bin:/sbin:/bin:/usr/games:/usr/local/games:/snap/bin:/snap/bin:/opt/xtensa-esp-elf/bin/:/opt/xtensa-esp-elf/bin/:/opt/xtensa-esp-elf/bin/', 'SESSION_MANAGER': 'local/prathamkelkar-Dell-Pro-Max-16-MC16250:@/tmp/.ICE-unix/1922,unix/prathamkelkar-Dell-Pro-Max-16-MC16250:/tmp/.ICE-unix/1922', 'XDG_MENU_PREFIX': 'gnome-', 'GNOME_TERMINAL_SCREEN': '/org/gnome/Terminal/screen/b1e32f73_a0a6_4822_a475_c1c90c507249', 'XDG_RUNTIME_DIR': '/run/user/1000', 'DISPLAY': ':0', 'LANG': 'en_US.UTF-8', 'XDG_CURRENT_DESKTOP': 'ubuntu:GNOME', 'XMODIFIERS': '@im=ibus', 'XDG_SESSION_DESKTOP': 'ubuntu', 'XAUTHORITY': '/run/user/1000/gdm/Xauthority', 'LS_COLORS': 'rs=0:di=01;34:ln=01;36:mh=00:pi=40;33:so=01;35:do=01;35:bd=40;33;01:cd=40;33;01:or=40;31;01:mi=00:su=37;41:sg=30;43:ca=00:tw=30;42:ow=34;42:st=37;44:ex=01;32:*.tar=01;31:*.tgz=01;31:*.arc=01;31:*.arj=01;31:*.taz=01;31:*.lha=01;31:*.lz4=01;31:*.lzh=01;31:*.lzma=01;31:*.tlz=01;31:*.txz=01;31:*.tzo=01;31:*.t7z=01;31:*.zip=01;31:*.z=01;31:*.dz=01;31:*.gz=01;31:*.lrz=01;31:*.lz=01;31:*.lzo=01;31:*.xz=01;31:*.zst=01;31:*.tzst=01;31:*.bz2=01;31:*.bz=01;31:*.tbz=01;31:*.tbz2=01;31:*.tz=01;31:*.deb=01;31:*.rpm=01;31:*.jar=01;31:*.war=01;31:*.ear=01;31:*.sar=01;31:*.rar=01;31:*.alz=01;31:*.ace=01;31:*.zoo=01;31:*.cpio=01;31:*.7z=01;31:*.rz=01;31:*.cab=01;31:*.wim=01;31:*.swm=01;31:*.dwm=01;31:*.esd=01;31:*.avif=01;35:*.jpg=01;35:*.jpeg=01;35:*.mjpg=01;35:*.mjpeg=01;35:*.gif=01;35:*.bmp=01;35:*.pbm=01;35:*.pgm=01;35:*.ppm=01;35:*.tga=01;35:*.xbm=01;35:*.xpm=01;35:*.tif=01;35:*.tiff=01;35:*.png=01;35:*.svg=01;35:*.svgz=01;35:*.mng=01;35:*.pcx=01;35:*.mov=01;35:*.mpg=01;35:*.mpeg=01;35:*.m2v=01;35:*.mkv=01;35:*.webm=01;35:*.webp=01;35:*.ogm=01;35:*.mp4=01;35:*.m4v=01;35:*.mp4v=01;35:*.vob=01;35:*.qt=01;35:*.nuv=01;35:*.wmv=01;35:*.asf=01;35:*.rm=01;35:*.rmvb=01;35:*.flc=01;35:*.avi=01;35:*.fli=01;35:*.flv=01;35:*.gl=01;35:*.dl=01;35:*.xcf=01;35:*.xwd=01;35:*.yuv=01;35:*.cgm=01;35:*.emf=01;35:*.ogv=01;35:*.ogx=01;35:*.aac=00;36:*.au=00;36:*.flac=00;36:*.m4a=00;36:*.mid=00;36:*.midi=00;36:*.mka=00;36:*.mp3=00;36:*.mpc=00;36:*.ogg=00;36:*.ra=00;36:*.wav=00;36:*.oga=00;36:*.opus=00;36:*.spx=00;36:*.xspf=00;36:*~=00;90:*#=00;90:*.bak=00;90:*.crdownload=00;90:*.dpkg-dist=00;90:*.dpkg-new=00;90:*.dpkg-old=00;90:*.dpkg-tmp=00;90:*.old=00;90:*.orig=00;90:*.part=00;90:*.rej=00;90:*.rpmnew=00;90:*.rpmorig=00;90:*.rpmsave=00;90:*.swp=00;90:*.tmp=00;90:*.ucf-dist=00;90:*.ucf-new=00;90:*.ucf-old=00;90:', 'GNOME_TERMINAL_SERVICE': ':1.192', 'SSH_AUTH_SOCK': '/run/user/1000/keyring/ssh', 'AMENT_PREFIX_PATH': '/home/prathamkelkar/ros2_ws/install/simple_quadcopter_teleop:/home/prathamkelkar/ros2_ws/install/px4_msgs:/opt/ros/jazzy', 'SHELL': '/bin/bash', 'QT_ACCESSIBILITY': '1', 'GDMSESSION': 'ubuntu', 'LESSCLOSE': '/usr/bin/lesspipe %s %s', 'GPG_AGENT_INFO': '/run/user/1000/gnupg/S.gpg-agent:0:1', 'ROS_AUTOMATIC_DISCOVERY_RANGE': 'SUBNET', 'QT_IM_MODULE': 'ibus', 'PWD': '/home/prathamkelkar/ros2_ws/build/px4_msgs', 'LC_ALL': 'en_US.UTF-8', 'XDG_CONFIG_DIRS': '/etc/xdg/xdg-ubuntu:/etc/xdg', 'XDG_DATA_DIRS': '/usr/share/ubuntu:/usr/share/gnome:/usr/local/share/:/usr/share/:/var/lib/snapd/desktop', 'PYTHONPATH': '/home/prathamkelkar/ros2_ws/build/simple_quadcopter_teleop:/home/prathamkelkar/ros2_ws/install/simple_quadcopter_teleop/lib/python3.12/site-packages:/home/prathamkelkar/ros2_ws/install/px4_msgs/lib/python3.12/site-packages:/opt/ros/jazzy/lib/python3.12/site-packages', 'COLCON': '1', 'MEMORY_PRESSURE_WRITE': 'c29tZSAyMDAwMDAgMjAwMDAwMAA=', 'VTE_VERSION': '7600', 'CMAKE_PREFIX_PATH': '/home/prathamkelkar/ros2_ws/install/px4_msgs:/opt/ros/jazzy/opt/gz_sim_vendor:/opt/ros/jazzy/opt/gz_sensors_vendor:/opt/ros/jazzy/opt/gz_physics_vendor:/opt/ros/jazzy/opt/sdformat_vendor:/opt/ros/jazzy/opt/gz_gui_vendor:/opt/ros/jazzy/opt/gz_transport_vendor:/opt/ros/jazzy/opt/gz_rendering_vendor:/opt/ros/jazzy/opt/gz_plugin_vendor:/opt/ros/jazzy/opt/gz_fuel_tools_vendor:/opt/ros/jazzy/opt/gz_msgs_vendor:/opt/ros/jazzy/opt/gz_common_vendor:/opt/ros/jazzy/opt/gz_math_vendor:/opt/ros/jazzy/opt/gz_utils_vendor:/opt/ros/jazzy/opt/gz_tools_vendor:/opt/ros/jazzy/opt/gz_ogre_next_vendor:/opt/ros/jazzy/opt/gz_dartsim_vendor:/opt/ros/jazzy/opt/gz_cmake_vendor:/home/prathamkelkar/ros2_ws/install/simple_quadcopter_teleop:/opt/ros/jazzy'}), 'shell': False}
[1.980558] (px4_msgs) StdoutLine: {'line': b'-- Install configuration: ""\n'}
[1.986755] (px4_msgs) StdoutLine: {'line': b'-- Execute custom install script\n'}
[1.987501] (px4_msgs) StdoutLine: {'line': b'-- Up-to-date symlink: /home/prathamkelkar/ros2_ws/install/px4_msgs/share/ament_index/resource_index/rosidl_interfaces/px4_msgs\n'}
[1.987928] (px4_msgs) StdoutLine: {'line': b'-- Up-to-date symlink: /home/prathamkelkar/ros2_ws/install/px4_msgs/share/px4_msgs/msg/ActionRequest.json\n'}
[1.988087] (px4_msgs) StdoutLine: {'line': b'-- Up-to-date symlink: /home/prathamkelkar/ros2_ws/install/px4_msgs/share/px4_msgs/msg/ActuatorArmed.json\n'}
[1.988199] (px4_msgs) StdoutLine: {'line': b'-- Up-to-date symlink: /home/prathamkelkar/ros2_ws/install/px4_msgs/share/px4_msgs/msg/ActuatorControlsStatus.json\n'}
[1.988295] (px4_msgs) StdoutLine: {'line': b'-- Up-to-date symlink: /home/prathamkelkar/ros2_ws/install/px4_msgs/share/px4_msgs/msg/ActuatorMotors.json\n'}
[1.988462] (px4_msgs) StdoutLine: {'line': b'-- Up-to-date symlink: /home/prathamkelkar/ros2_ws/install/px4_msgs/share/px4_msgs/msg/ActuatorOutputs.json\n'}
[1.988558] (px4_msgs) StdoutLine: {'line': b'-- Up-to-date symlink: /home/prathamkelkar/ros2_ws/install/px4_msgs/share/px4_msgs/msg/ActuatorServos.json\n'}
[1.988653] (px4_msgs) StdoutLine: {'line': b'-- Up-to-date symlink: /home/prathamkelkar/ros2_ws/install/px4_msgs/share/px4_msgs/msg/ActuatorServosTrim.json\n'}
[1.988752] (px4_msgs) StdoutLine: {'line': b'-- Up-to-date symlink: /home/prathamkelkar/ros2_ws/install/px4_msgs/share/px4_msgs/msg/ActuatorTest.json\n'}
[1.988900] (px4_msgs) StdoutLine: {'line': b'-- Up-to-date symlink: /home/prathamkelkar/ros2_ws/install/px4_msgs/share/px4_msgs/msg/AdcReport.json\n'}
[1.988985] (px4_msgs) StdoutLine: {'line': b'-- Up-to-date symlink: /home/prathamkelkar/ros2_ws/install/px4_msgs/share/px4_msgs/msg/Airspeed.json\n'}
[1.989097] (px4_msgs) StdoutLine: {'line': b'-- Up-to-date symlink: /home/prathamkelkar/ros2_ws/install/px4_msgs/share/px4_msgs/msg/AirspeedValidated.json\n'}
[1.989210] (px4_msgs) StdoutLine: {'line': b'-- Up-to-date symlink: /home/prathamkelkar/ros2_ws/install/px4_msgs/share/px4_msgs/msg/AirspeedWind.json\n'}
[1.989354] (px4_msgs) StdoutLine: {'line': b'-- Up-to-date symlink: /home/prathamkelkar/ros2_ws/install/px4_msgs/share/px4_msgs/msg/ArmingCheckReply.json\n'}
[1.989553] (px4_msgs) StdoutLine: {'line': b'-- Up-to-date symlink: /home/prathamkelkar/ros2_ws/install/px4_msgs/share/px4_msgs/msg/ArmingCheckRequest.json\n'}
[1.989960] (px4_msgs) StdoutLine: {'line': b'-- Up-to-date symlink: /home/prathamkelkar/ros2_ws/install/px4_msgs/share/px4_msgs/msg/AutotuneAttitudeControlStatus.json\n'}
[1.990171] (px4_msgs) StdoutLine: {'line': b'-- Up-to-date symlink: /home/prathamkelkar/ros2_ws/install/px4_msgs/share/px4_msgs/msg/BatteryStatus.json\n'}
[1.990475] (px4_msgs) StdoutLine: {'line': b'-- Up-to-date symlink: /home/prathamkelkar/ros2_ws/install/px4_msgs/share/px4_msgs/msg/Buffer128.json\n'}
[1.990635] (px4_msgs) StdoutLine: {'line': b'-- Up-to-date symlink: /home/prathamkelkar/ros2_ws/install/px4_msgs/share/px4_msgs/msg/ButtonEvent.json\n'}
[1.990746] (px4_msgs) StdoutLine: {'line': b'-- Up-to-date symlink: /home/prathamkelkar/ros2_ws/install/px4_msgs/share/px4_msgs/msg/CameraCapture.json\n'}
[1.990855] (px4_msgs) StdoutLine: {'line': b'-- Up-to-date symlink: /home/prathamkelkar/ros2_ws/install/px4_msgs/share/px4_msgs/msg/CameraStatus.json\n'}
[1.991048] (px4_msgs) StdoutLine: {'line': b'-- Up-to-date symlink: /home/prathamkelkar/ros2_ws/install/px4_msgs/share/px4_msgs/msg/CameraTrigger.json\n'}
[1.991274] (px4_msgs) StdoutLine: {'line': b'-- Up-to-date symlink: /home/prathamkelkar/ros2_ws/install/px4_msgs/share/px4_msgs/msg/CanInterfaceStatus.json\n'}
[1.991429] (px4_msgs) StdoutLine: {'line': b'-- Up-to-date symlink: /home/prathamkelkar/ros2_ws/install/px4_msgs/share/px4_msgs/msg/CellularStatus.json\n'}
[1.991528] (px4_msgs) StdoutLine: {'line': b'-- Up-to-date symlink: /home/prathamkelkar/ros2_ws/install/px4_msgs/share/px4_msgs/msg/CollisionConstraints.json\n'}
[1.991734] (px4_msgs) StdoutLine: {'line': b'-- Up-to-date symlink: /home/prathamkelkar/ros2_ws/install/px4_msgs/share/px4_msgs/msg/CollisionReport.json\n'}
[1.991889] (px4_msgs) StdoutLine: {'line': b'-- Up-to-date symlink: /home/prathamkelkar/ros2_ws/install/px4_msgs/share/px4_msgs/msg/ConfigOverrides.json\n'}
[1.991988] (px4_msgs) StdoutLine: {'line': b'-- Up-to-date symlink: /home/prathamkelkar/ros2_ws/install/px4_msgs/share/px4_msgs/msg/ControlAllocatorStatus.json\n'}
[1.992355] (px4_msgs) StdoutLine: {'line': b'-- Up-to-date symlink: /home/prathamkelkar/ros2_ws/install/px4_msgs/share/px4_msgs/msg/Cpuload.json\n'}
[1.992611] (px4_msgs) StdoutLine: {'line': b'-- Up-to-date symlink: /home/prathamkelkar/ros2_ws/install/px4_msgs/share/px4_msgs/msg/DatamanRequest.json\n'}
[1.992793] (px4_msgs) StdoutLine: {'line': b'-- Up-to-date symlink: /home/prathamkelkar/ros2_ws/install/px4_msgs/share/px4_msgs/msg/DatamanResponse.json\n'}
[1.992976] (px4_msgs) StdoutLine: {'line': b'-- Up-to-date symlink: /home/prathamkelkar/ros2_ws/install/px4_msgs/share/px4_msgs/msg/DebugArray.json\n'}
[1.993146] (px4_msgs) StdoutLine: {'line': b'-- Up-to-date symlink: /home/prathamkelkar/ros2_ws/install/px4_msgs/share/px4_msgs/msg/DebugKeyValue.json\n'}
[1.993318] (px4_msgs) StdoutLine: {'line': b'-- Up-to-date symlink: /home/prathamkelkar/ros2_ws/install/px4_msgs/share/px4_msgs/msg/DebugValue.json\n'}
[1.993489] (px4_msgs) StdoutLine: {'line': b'-- Up-to-date symlink: /home/prathamkelkar/ros2_ws/install/px4_msgs/share/px4_msgs/msg/DebugVect.json\n'}
[1.993637] (px4_msgs) StdoutLine: {'line': b'-- Up-to-date symlink: /home/prathamkelkar/ros2_ws/install/px4_msgs/share/px4_msgs/msg/DifferentialDriveSetpoint.json\n'}
[1.993876] (px4_msgs) StdoutLine: {'line': b'-- Up-to-date symlink: /home/prathamkelkar/ros2_ws/install/px4_msgs/share/px4_msgs/msg/DifferentialPressure.json\n'}
[1.994022] (px4_msgs) StdoutLine: {'line': b'-- Up-to-date symlink: /home/prathamkelkar/ros2_ws/install/px4_msgs/share/px4_msgs/msg/DistanceSensor.json\n'}
[1.994176] (px4_msgs) StdoutLine: {'line': b'-- Up-to-date symlink: /home/prathamkelkar/ros2_ws/install/px4_msgs/share/px4_msgs/msg/Ekf2Timestamps.json\n'}
[1.994442] (px4_msgs) StdoutLine: {'line': b'-- Up-to-date symlink: /home/prathamkelkar/ros2_ws/install/px4_msgs/share/px4_msgs/msg/EscReport.json\n'}
[1.994622] (px4_msgs) StdoutLine: {'line': b'-- Up-to-date symlink: /home/prathamkelkar/ros2_ws/install/px4_msgs/share/px4_msgs/msg/EscStatus.json\n'}
[1.994777] (px4_msgs) StdoutLine: {'line': b'-- Up-to-date symlink: /home/prathamkelkar/ros2_ws/install/px4_msgs/share/px4_msgs/msg/EstimatorAidSource1d.json\n'}
[1.995109] (px4_msgs) StdoutLine: {'line': b'-- Up-to-date symlink: /home/prathamkelkar/ros2_ws/install/px4_msgs/share/px4_msgs/msg/EstimatorAidSource2d.json\n'}
[1.995359] (px4_msgs) StdoutLine: {'line': b'-- Up-to-date symlink: /home/prathamkelkar/ros2_ws/install/px4_msgs/share/px4_msgs/msg/EstimatorAidSource3d.json\n'}
[1.995563] (px4_msgs) StdoutLine: {'line': b'-- Up-to-date symlink: /home/prathamkelkar/ros2_ws/install/px4_msgs/share/px4_msgs/msg/EstimatorBias.json\n'}
[1.995770] (px4_msgs) StdoutLine: {'line': b'-- Up-to-date symlink: /home/prathamkelkar/ros2_ws/install/px4_msgs/share/px4_msgs/msg/EstimatorBias3d.json\n'}
[1.995956] (px4_msgs) StdoutLine: {'line': b'-- Up-to-date symlink: /home/prathamkelkar/ros2_ws/install/px4_msgs/share/px4_msgs/msg/EstimatorEventFlags.json\n'}
[1.996117] (px4_msgs) StdoutLine: {'line': b'-- Up-to-date symlink: /home/prathamkelkar/ros2_ws/install/px4_msgs/share/px4_msgs/msg/EstimatorGpsStatus.json\n'}
[1.996274] (px4_msgs) StdoutLine: {'line': b'-- Up-to-date symlink: /home/prathamkelkar/ros2_ws/install/px4_msgs/share/px4_msgs/msg/EstimatorInnovations.json\n'}
[1.996417] (px4_msgs) StdoutLine: {'line': b'-- Up-to-date symlink: /home/prathamkelkar/ros2_ws/install/px4_msgs/share/px4_msgs/msg/EstimatorSelectorStatus.json\n'}
[1.996619] (px4_msgs) StdoutLine: {'line': b'-- Up-to-date symlink: /home/prathamkelkar/ros2_ws/install/px4_msgs/share/px4_msgs/msg/EstimatorSensorBias.json\n'}
[1.996942] (px4_msgs) StdoutLine: {'line': b'-- Up-to-date symlink: /home/prathamkelkar/ros2_ws/install/px4_msgs/share/px4_msgs/msg/EstimatorStates.json\n'}
[1.997199] (px4_msgs) StdoutLine: {'line': b'-- Up-to-date symlink: /home/prathamkelkar/ros2_ws/install/px4_msgs/share/px4_msgs/msg/EstimatorStatus.json\n'}
[1.997382] (px4_msgs) StdoutLine: {'line': b'-- Up-to-date symlink: /home/prathamkelkar/ros2_ws/install/px4_msgs/share/px4_msgs/msg/EstimatorStatusFlags.json\n'}
[1.997534] (px4_msgs) StdoutLine: {'line': b'-- Up-to-date symlink: /home/prathamkelkar/ros2_ws/install/px4_msgs/share/px4_msgs/msg/Event.json\n'}
[1.997700] (px4_msgs) StdoutLine: {'line': b'-- Up-to-date symlink: /home/prathamkelkar/ros2_ws/install/px4_msgs/share/px4_msgs/msg/FailsafeFlags.json\n'}
[1.997851] (px4_msgs) StdoutLine: {'line': b'-- Up-to-date symlink: /home/prathamkelkar/ros2_ws/install/px4_msgs/share/px4_msgs/msg/FailureDetectorStatus.json\n'}
[1.997985] (px4_msgs) StdoutLine: {'line': b'-- Up-to-date symlink: /home/prathamkelkar/ros2_ws/install/px4_msgs/share/px4_msgs/msg/FigureEightStatus.json\n'}
[1.998276] (px4_msgs) StdoutLine: {'line': b'-- Up-to-date symlink: /home/prathamkelkar/ros2_ws/install/px4_msgs/share/px4_msgs/msg/FlightPhaseEstimation.json\n'}
[1.998411] (px4_msgs) StdoutLine: {'line': b'-- Up-to-date symlink: /home/prathamkelkar/ros2_ws/install/px4_msgs/share/px4_msgs/msg/FollowTarget.json\n'}
[1.998547] (px4_msgs) StdoutLine: {'line': b'-- Up-to-date symlink: /home/prathamkelkar/ros2_ws/install/px4_msgs/share/px4_msgs/msg/FollowTargetEstimator.json\n'}
[1.998804] (px4_msgs) StdoutLine: {'line': b'-- Up-to-date symlink: /home/prathamkelkar/ros2_ws/install/px4_msgs/share/px4_msgs/msg/FollowTargetStatus.json\n'}
[1.998915] (px4_msgs) StdoutLine: {'line': b'-- Up-to-date symlink: /home/prathamkelkar/ros2_ws/install/px4_msgs/share/px4_msgs/msg/GeneratorStatus.json\n'}
[1.999073] (px4_msgs) StdoutLine: {'line': b'-- Up-to-date symlink: /home/prathamkelkar/ros2_ws/install/px4_msgs/share/px4_msgs/msg/GeofenceResult.json\n'}
[1.999241] (px4_msgs) StdoutLine: {'line': b'-- Up-to-date symlink: /home/prathamkelkar/ros2_ws/install/px4_msgs/share/px4_msgs/msg/GeofenceStatus.json\n'}
[1.999337] (px4_msgs) StdoutLine: {'line': b'-- Up-to-date symlink: /home/prathamkelkar/ros2_ws/install/px4_msgs/share/px4_msgs/msg/GimbalControls.json\n'}
[1.999467] (px4_msgs) StdoutLine: {'line': b'-- Up-to-date symlink: /home/prathamkelkar/ros2_ws/install/px4_msgs/share/px4_msgs/msg/GimbalDeviceAttitudeStatus.json\n'}
[1.999579] (px4_msgs) StdoutLine: {'line': b'-- Up-to-date symlink: /home/prathamkelkar/ros2_ws/install/px4_msgs/share/px4_msgs/msg/GimbalDeviceInformation.json\n'}
[1.999730] (px4_msgs) StdoutLine: {'line': b'-- Up-to-date symlink: /home/prathamkelkar/ros2_ws/install/px4_msgs/share/px4_msgs/msg/GimbalDeviceSetAttitude.json\n'}
[1.999831] (px4_msgs) StdoutLine: {'line': b'-- Up-to-date symlink: /home/prathamkelkar/ros2_ws/install/px4_msgs/share/px4_msgs/msg/GimbalManagerInformation.json\n'}
[1.999944] (px4_msgs) StdoutLine: {'line': b'-- Up-to-date symlink: /home/prathamkelkar/ros2_ws/install/px4_msgs/share/px4_msgs/msg/GimbalManagerSetAttitude.json\n'}
[2.000037] (px4_msgs) StdoutLine: {'line': b'-- Up-to-date symlink: /home/prathamkelkar/ros2_ws/install/px4_msgs/share/px4_msgs/msg/GimbalManagerSetManualControl.json\n'}
[2.000149] (px4_msgs) StdoutLine: {'line': b'-- Up-to-date symlink: /home/prathamkelkar/ros2_ws/install/px4_msgs/share/px4_msgs/msg/GimbalManagerStatus.json\n'}
[2.000242] (px4_msgs) StdoutLine: {'line': b'-- Up-to-date symlink: /home/prathamkelkar/ros2_ws/install/px4_msgs/share/px4_msgs/msg/GotoSetpoint.json\n'}
[2.000352] (px4_msgs) StdoutLine: {'line': b'-- Up-to-date symlink: /home/prathamkelkar/ros2_ws/install/px4_msgs/share/px4_msgs/msg/GpioConfig.json\n'}
[2.000494] (px4_msgs) StdoutLine: {'line': b'-- Up-to-date symlink: /home/prathamkelkar/ros2_ws/install/px4_msgs/share/px4_msgs/msg/GpioIn.json\n'}
[2.000610] (px4_msgs) StdoutLine: {'line': b'-- Up-to-date symlink: /home/prathamkelkar/ros2_ws/install/px4_msgs/share/px4_msgs/msg/GpioOut.json\n'}
[2.000850] (px4_msgs) StdoutLine: {'line': b'-- Up-to-date symlink: /home/prathamkelkar/ros2_ws/install/px4_msgs/share/px4_msgs/msg/GpioRequest.json\n'}
[2.000948] (px4_msgs) StdoutLine: {'line': b'-- Up-to-date symlink: /home/prathamkelkar/ros2_ws/install/px4_msgs/share/px4_msgs/msg/GpsDump.json\n'}
[2.001117] (px4_msgs) StdoutLine: {'line': b'-- Up-to-date symlink: /home/prathamkelkar/ros2_ws/install/px4_msgs/share/px4_msgs/msg/GpsInjectData.json\n'}
[2.001292] (px4_msgs) StdoutLine: {'line': b'-- Up-to-date symlink: /home/prathamkelkar/ros2_ws/install/px4_msgs/share/px4_msgs/msg/Gripper.json\n'}
[2.001541] (px4_msgs) StdoutLine: {'line': b'-- Up-to-date symlink: /home/prathamkelkar/ros2_ws/install/px4_msgs/share/px4_msgs/msg/HealthReport.json\n'}
[2.001654] (px4_msgs) StdoutLine: {'line': b'-- Up-to-date symlink: /home/prathamkelkar/ros2_ws/install/px4_msgs/share/px4_msgs/msg/HeaterStatus.json\n'}
[2.001996] (px4_msgs) StdoutLine: {'line': b'-- Up-to-date symlink: /home/prathamkelkar/ros2_ws/install/px4_msgs/share/px4_msgs/msg/HomePosition.json\n'}
[2.002200] (px4_msgs) StdoutLine: {'line': b'-- Up-to-date symlink: /home/prathamkelkar/ros2_ws/install/px4_msgs/share/px4_msgs/msg/HoverThrustEstimate.json\n'}
[2.002332] (px4_msgs) StdoutLine: {'line': b'-- Up-to-date symlink: /home/prathamkelkar/ros2_ws/install/px4_msgs/share/px4_msgs/msg/InputRc.json\n'}
[2.002461] (px4_msgs) StdoutLine: {'line': b'-- Up-to-date symlink: /home/prathamkelkar/ros2_ws/install/px4_msgs/share/px4_msgs/msg/InternalCombustionEngineStatus.json\n'}
[2.002579] (px4_msgs) StdoutLine: {'line': b'-- Up-to-date symlink: /home/prathamkelkar/ros2_ws/install/px4_msgs/share/px4_msgs/msg/IridiumsbdStatus.json\n'}
[2.002940] (px4_msgs) StdoutLine: {'line': b'-- Up-to-date symlink: /home/prathamkelkar/ros2_ws/install/px4_msgs/share/px4_msgs/msg/IrlockReport.json\n'}
[2.003256] (px4_msgs) StdoutLine: {'line': b'-- Up-to-date symlink: /home/prathamkelkar/ros2_ws/install/px4_msgs/share/px4_msgs/msg/LandingGear.json\n'}
[2.003459] (px4_msgs) StdoutLine: {'line': b'-- Up-to-date symlink: /home/prathamkelkar/ros2_ws/install/px4_msgs/share/px4_msgs/msg/LandingGearWheel.json\n'}
[2.003696] (px4_msgs) StdoutLine: {'line': b'-- Up-to-date symlink: /home/prathamkelkar/ros2_ws/install/px4_msgs/share/px4_msgs/msg/LandingTargetInnovations.json\n'}
[2.003874] (px4_msgs) StdoutLine: {'line': b'-- Up-to-date symlink: /home/prathamkelkar/ros2_ws/install/px4_msgs/share/px4_msgs/msg/LandingTargetPose.json\n'}
[2.004002] (px4_msgs) StdoutLine: {'line': b'-- Up-to-date symlink: /home/prathamkelkar/ros2_ws/install/px4_msgs/share/px4_msgs/msg/LaunchDetectionStatus.json\n'}
[2.004184] (px4_msgs) StdoutLine: {'line': b'-- Up-to-date symlink: /home/prathamkelkar/ros2_ws/install/px4_msgs/share/px4_msgs/msg/LedControl.json\n'}
[2.004312] (px4_msgs) StdoutLine: {'line': b'-- Up-to-date symlink: /home/prathamkelkar/ros2_ws/install/px4_msgs/share/px4_msgs/msg/LogMessage.json\n'}
[2.004496] (px4_msgs) StdoutLine: {'line': b'-- Up-to-date symlink: /home/prathamkelkar/ros2_ws/install/px4_msgs/share/px4_msgs/msg/LoggerStatus.json\n'}
[2.004623] (px4_msgs) StdoutLine: {'line': b'-- Up-to-date symlink: /home/prathamkelkar/ros2_ws/install/px4_msgs/share/px4_msgs/msg/MagWorkerData.json\n'}
[2.004782] (px4_msgs) StdoutLine: {'line': b'-- Up-to-date symlink: /home/prathamkelkar/ros2_ws/install/px4_msgs/share/px4_msgs/msg/MagnetometerBiasEstimate.json\n'}
[2.004950] (px4_msgs) StdoutLine: {'line': b'-- Up-to-date symlink: /home/prathamkelkar/ros2_ws/install/px4_msgs/share/px4_msgs/msg/ManualControlSetpoint.json\n'}
[2.005123] (px4_msgs) StdoutLine: {'line': b'-- Up-to-date symlink: /home/prathamkelkar/ros2_ws/install/px4_msgs/share/px4_msgs/msg/ManualControlSwitches.json\n'}
[2.005396] (px4_msgs) StdoutLine: {'line': b'-- Up-to-date symlink: /home/prathamkelkar/ros2_ws/install/px4_msgs/share/px4_msgs/msg/MavlinkLog.json\n'}
[2.005567] (px4_msgs) StdoutLine: {'line': b'-- Up-to-date symlink: /home/prathamkelkar/ros2_ws/install/px4_msgs/share/px4_msgs/msg/MavlinkTunnel.json\n'}
[2.005734] (px4_msgs) StdoutLine: {'line': b'-- Up-to-date symlink: /home/prathamkelkar/ros2_ws/install/px4_msgs/share/px4_msgs/msg/MessageFormatRequest.json\n'}
[2.005856] (px4_msgs) StdoutLine: {'line': b'-- Up-to-date symlink: /home/prathamkelkar/ros2_ws/install/px4_msgs/share/px4_msgs/msg/MessageFormatResponse.json\n'}
[2.006037] (px4_msgs) StdoutLine: {'line': b'-- Up-to-date symlink: /home/prathamkelkar/ros2_ws/install/px4_msgs/share/px4_msgs/msg/Mission.json\n'}
[2.006185] (px4_msgs) StdoutLine: {'line': b'-- Up-to-date symlink: /home/prathamkelkar/ros2_ws/install/px4_msgs/share/px4_msgs/msg/MissionResult.json\n'}
[2.006367] (px4_msgs) StdoutLine: {'line': b'-- Up-to-date symlink: /home/prathamkelkar/ros2_ws/install/px4_msgs/share/px4_msgs/msg/ModeCompleted.json\n'}
[2.006498] (px4_msgs) StdoutLine: {'line': b'-- Up-to-date symlink: /home/prathamkelkar/ros2_ws/install/px4_msgs/share/px4_msgs/msg/MountOrientation.json\n'}
[2.006660] (px4_msgs) StdoutLine: {'line': b'-- Up-to-date symlink: /home/prathamkelkar/ros2_ws/install/px4_msgs/share/px4_msgs/msg/NavigatorMissionItem.json\n'}
[2.006846] (px4_msgs) StdoutLine: {'line': b'-- Up-to-date symlink: /home/prathamkelkar/ros2_ws/install/px4_msgs/share/px4_msgs/msg/NormalizedUnsignedSetpoint.json\n'}
[2.007042] (px4_msgs) StdoutLine: {'line': b'-- Up-to-date symlink: /home/prathamkelkar/ros2_ws/install/px4_msgs/share/px4_msgs/msg/NpfgStatus.json\n'}
[2.007495] (px4_msgs) StdoutLine: {'line': b'-- Up-to-date symlink: /home/prathamkelkar/ros2_ws/install/px4_msgs/share/px4_msgs/msg/ObstacleDistance.json\n'}
[2.007867] (-) TimerEvent: {}
[2.008039] (px4_msgs) StdoutLine: {'line': b'-- Up-to-date symlink: /home/prathamkelkar/ros2_ws/install/px4_msgs/share/px4_msgs/msg/OffboardControlMode.json\n'}
[2.008183] (px4_msgs) StdoutLine: {'line': b'-- Up-to-date symlink: /home/prathamkelkar/ros2_ws/install/px4_msgs/share/px4_msgs/msg/OnboardComputerStatus.json\n'}
[2.008281] (px4_msgs) StdoutLine: {'line': b'-- Up-to-date symlink: /home/prathamkelkar/ros2_ws/install/px4_msgs/share/px4_msgs/msg/OrbTest.json\n'}
[2.008418] (px4_msgs) StdoutLine: {'line': b'-- Up-to-date symlink: /home/prathamkelkar/ros2_ws/install/px4_msgs/share/px4_msgs/msg/OrbTestLarge.json\n'}
[2.008519] (px4_msgs) StdoutLine: {'line': b'-- Up-to-date symlink: /home/prathamkelkar/ros2_ws/install/px4_msgs/share/px4_msgs/msg/OrbTestMedium.json\n'}
[2.008634] (px4_msgs) StdoutLine: {'line': b'-- Up-to-date symlink: /home/prathamkelkar/ros2_ws/install/px4_msgs/share/px4_msgs/msg/OrbitStatus.json\n'}
[2.008769] (px4_msgs) StdoutLine: {'line': b'-- Up-to-date symlink: /home/prathamkelkar/ros2_ws/install/px4_msgs/share/px4_msgs/msg/ParameterResetRequest.json\n'}
[2.008884] (px4_msgs) StdoutLine: {'line': b'-- Up-to-date symlink: /home/prathamkelkar/ros2_ws/install/px4_msgs/share/px4_msgs/msg/ParameterSetUsedRequest.json\n'}
[2.008971] (px4_msgs) StdoutLine: {'line': b'-- Up-to-date symlink: /home/prathamkelkar/ros2_ws/install/px4_msgs/share/px4_msgs/msg/ParameterSetValueRequest.json\n'}
[2.009110] (px4_msgs) StdoutLine: {'line': b'-- Up-to-date symlink: /home/prathamkelkar/ros2_ws/install/px4_msgs/share/px4_msgs/msg/ParameterSetValueResponse.json\n'}
[2.009219] (px4_msgs) StdoutLine: {'line': b'-- Up-to-date symlink: /home/prathamkelkar/ros2_ws/install/px4_msgs/share/px4_msgs/msg/ParameterUpdate.json\n'}
[2.009309] (px4_msgs) StdoutLine: {'line': b'-- Up-to-date symlink: /home/prathamkelkar/ros2_ws/install/px4_msgs/share/px4_msgs/msg/Ping.json\n'}
[2.009408] (px4_msgs) StdoutLine: {'line': b'-- Up-to-date symlink: /home/prathamkelkar/ros2_ws/install/px4_msgs/share/px4_msgs/msg/PositionControllerLandingStatus.json\n'}
[2.009547] (px4_msgs) StdoutLine: {'line': b'-- Up-to-date symlink: /home/prathamkelkar/ros2_ws/install/px4_msgs/share/px4_msgs/msg/PositionControllerStatus.json\n'}
[2.009790] (px4_msgs) StdoutLine: {'line': b'-- Up-to-date symlink: /home/prathamkelkar/ros2_ws/install/px4_msgs/share/px4_msgs/msg/PositionSetpoint.json\n'}
[2.010339] (px4_msgs) StdoutLine: {'line': b'-- Up-to-date symlink: /home/prathamkelkar/ros2_ws/install/px4_msgs/share/px4_msgs/msg/PositionSetpointTriplet.json\n'}
[2.010558] (px4_msgs) StdoutLine: {'line': b'-- Up-to-date symlink: /home/prathamkelkar/ros2_ws/install/px4_msgs/share/px4_msgs/msg/PowerButtonState.json\n'}
[2.010660] (px4_msgs) StdoutLine: {'line': b'-- Up-to-date symlink: /home/prathamkelkar/ros2_ws/install/px4_msgs/share/px4_msgs/msg/PowerMonitor.json\n'}
[2.010757] (px4_msgs) StdoutLine: {'line': b'-- Up-to-date symlink: /home/prathamkelkar/ros2_ws/install/px4_msgs/share/px4_msgs/msg/PpsCapture.json\n'}
[2.010907] (px4_msgs) StdoutLine: {'line': b'-- Up-to-date symlink: /home/prathamkelkar/ros2_ws/install/px4_msgs/share/px4_msgs/msg/PwmInput.json\n'}
[2.011081] (px4_msgs) StdoutLine: {'line': b'-- Up-to-date symlink: /home/prathamkelkar/ros2_ws/install/px4_msgs/share/px4_msgs/msg/Px4ioStatus.json\n'}
[2.011205] (px4_msgs) StdoutLine: {'line': b'-- Up-to-date symlink: /home/prathamkelkar/ros2_ws/install/px4_msgs/share/px4_msgs/msg/QshellReq.json\n'}
[2.011299] (px4_msgs) StdoutLine: {'line': b'-- Up-to-date symlink: /home/prathamkelkar/ros2_ws/install/px4_msgs/share/px4_msgs/msg/QshellRetval.json\n'}
[2.011571] (px4_msgs) StdoutLine: {'line': b'-- Up-to-date symlink: /home/prathamkelkar/ros2_ws/install/px4_msgs/share/px4_msgs/msg/RadioStatus.json\n'}
[2.011661] (px4_msgs) StdoutLine: {'line': b'-- Up-to-date symlink: /home/prathamkelkar/ros2_ws/install/px4_msgs/share/px4_msgs/msg/RateCtrlStatus.json\n'}
[2.011815] (px4_msgs) StdoutLine: {'line': b'-- Up-to-date symlink: /home/prathamkelkar/ros2_ws/install/px4_msgs/share/px4_msgs/msg/RcChannels.json\n'}
[2.012014] (px4_msgs) StdoutLine: {'line': b'-- Up-to-date symlink: /home/prathamkelkar/ros2_ws/install/px4_msgs/share/px4_msgs/msg/RcParameterMap.json\n'}
[2.012149] (px4_msgs) StdoutLine: {'line': b'-- Up-to-date symlink: /home/prathamkelkar/ros2_ws/install/px4_msgs/share/px4_msgs/msg/RegisterExtComponentReply.json\n'}
[2.012364] (px4_msgs) StdoutLine: {'line': b'-- Up-to-date symlink: /home/prathamkelkar/ros2_ws/install/px4_msgs/share/px4_msgs/msg/RegisterExtComponentRequest.json\n'}
[2.012988] (px4_msgs) StdoutLine: {'line': b'-- Up-to-date symlink: /home/prathamkelkar/ros2_ws/install/px4_msgs/share/px4_msgs/msg/Rpm.json\n'}
[2.013305] (px4_msgs) StdoutLine: {'line': b'-- Up-to-date symlink: /home/prathamkelkar/ros2_ws/install/px4_msgs/share/px4_msgs/msg/RtlStatus.json\n'}
[2.013453] (px4_msgs) StdoutLine: {'line': b'-- Up-to-date symlink: /home/prathamkelkar/ros2_ws/install/px4_msgs/share/px4_msgs/msg/RtlTimeEstimate.json\n'}
[2.013584] (px4_msgs) StdoutLine: {'line': b'-- Up-to-date symlink: /home/prathamkelkar/ros2_ws/install/px4_msgs/share/px4_msgs/msg/SatelliteInfo.json\n'}
[2.013714] (px4_msgs) StdoutLine: {'line': b'-- Up-to-date symlink: /home/prathamkelkar/ros2_ws/install/px4_msgs/share/px4_msgs/msg/SensorAccel.json\n'}
[2.013815] (px4_msgs) StdoutLine: {'line': b'-- Up-to-date symlink: /home/prathamkelkar/ros2_ws/install/px4_msgs/share/px4_msgs/msg/SensorAccelFifo.json\n'}
[2.013934] (px4_msgs) StdoutLine: {'line': b'-- Up-to-date symlink: /home/prathamkelkar/ros2_ws/install/px4_msgs/share/px4_msgs/msg/SensorAirflow.json\n'}
[2.014034] (px4_msgs) StdoutLine: {'line': b'-- Up-to-date symlink: /home/prathamkelkar/ros2_ws/install/px4_msgs/share/px4_msgs/msg/SensorBaro.json\n'}
[2.014155] (px4_msgs) StdoutLine: {'line': b'-- Up-to-date symlink: /home/prathamkelkar/ros2_ws/install/px4_msgs/share/px4_msgs/msg/SensorCombined.json\n'}
[2.014372] (px4_msgs) StdoutLine: {'line': b'-- Up-to-date symlink: /home/prathamkelkar/ros2_ws/install/px4_msgs/share/px4_msgs/msg/SensorCorrection.json\n'}
[2.014522] (px4_msgs) StdoutLine: {'line': b'-- Up-to-date symlink: /home/prathamkelkar/ros2_ws/install/px4_msgs/share/px4_msgs/msg/SensorGnssRelative.json\n'}
[2.014630] (px4_msgs) StdoutLine: {'line': b'-- Up-to-date symlink: /home/prathamkelkar/ros2_ws/install/px4_msgs/share/px4_msgs/msg/SensorGps.json\n'}
[2.014769] (px4_msgs) StdoutLine: {'line': b'-- Up-to-date symlink: /home/prathamkelkar/ros2_ws/install/px4_msgs/share/px4_msgs/msg/SensorGyro.json\n'}
[2.014920] (px4_msgs) StdoutLine: {'line': b'-- Up-to-date symlink: /home/prathamkelkar/ros2_ws/install/px4_msgs/share/px4_msgs/msg/SensorGyroFft.json\n'}
[2.015033] (px4_msgs) StdoutLine: {'line': b'-- Up-to-date symlink: /home/prathamkelkar/ros2_ws/install/px4_msgs/share/px4_msgs/msg/SensorGyroFifo.json\n'}
[2.015273] (px4_msgs) StdoutLine: {'line': b'-- Up-to-date symlink: /home/prathamkelkar/ros2_ws/install/px4_msgs/share/px4_msgs/msg/SensorHygrometer.json\n'}
[2.015414] (px4_msgs) StdoutLine: {'line': b'-- Up-to-date symlink: /home/prathamkelkar/ros2_ws/install/px4_msgs/share/px4_msgs/msg/SensorMag.json\n'}
[2.015548] (px4_msgs) StdoutLine: {'line': b'-- Up-to-date symlink: /home/prathamkelkar/ros2_ws/install/px4_msgs/share/px4_msgs/msg/SensorOpticalFlow.json\n'}
[2.015692] (px4_msgs) StdoutLine: {'line': b'-- Up-to-date symlink: /home/prathamkelkar/ros2_ws/install/px4_msgs/share/px4_msgs/msg/SensorPreflightMag.json\n'}
[2.015949] (px4_msgs) StdoutLine: {'line': b'-- Up-to-date symlink: /home/prathamkelkar/ros2_ws/install/px4_msgs/share/px4_msgs/msg/SensorSelection.json\n'}
[2.016191] (px4_msgs) StdoutLine: {'line': b'-- Up-to-date symlink: /home/prathamkelkar/ros2_ws/install/px4_msgs/share/px4_msgs/msg/SensorUwb.json\n'}
[2.016545] (px4_msgs) StdoutLine: {'line': b'-- Up-to-date symlink: /home/prathamkelkar/ros2_ws/install/px4_msgs/share/px4_msgs/msg/SensorsStatus.json\n'}
[2.016771] (px4_msgs) StdoutLine: {'line': b'-- Up-to-date symlink: /home/prathamkelkar/ros2_ws/install/px4_msgs/share/px4_msgs/msg/SensorsStatusImu.json\n'}
[2.016978] (px4_msgs) StdoutLine: {'line': b'-- Up-to-date symlink: /home/prathamkelkar/ros2_ws/install/px4_msgs/share/px4_msgs/msg/SystemPower.json\n'}
[2.017172] (px4_msgs) StdoutLine: {'line': b'-- Up-to-date symlink: /home/prathamkelkar/ros2_ws/install/px4_msgs/share/px4_msgs/msg/TakeoffStatus.json\n'}
[2.017351] (px4_msgs) StdoutLine: {'line': b'-- Up-to-date symlink: /home/prathamkelkar/ros2_ws/install/px4_msgs/share/px4_msgs/msg/TaskStackInfo.json\n'}
[2.017571] (px4_msgs) StdoutLine: {'line': b'-- Up-to-date symlink: /home/prathamkelkar/ros2_ws/install/px4_msgs/share/px4_msgs/msg/TecsStatus.json\n'}
[2.017745] (px4_msgs) StdoutLine: {'line': b'-- Up-to-date symlink: /home/prathamkelkar/ros2_ws/install/px4_msgs/share/px4_msgs/msg/TelemetryStatus.json\n'}
[2.017895] (px4_msgs) StdoutLine: {'line': b'-- Up-to-date symlink: /home/prathamkelkar/ros2_ws/install/px4_msgs/share/px4_msgs/msg/TiltrotorExtraControls.json\n'}
[2.017993] (px4_msgs) StdoutLine: {'line': b'-- Up-to-date symlink: /home/prathamkelkar/ros2_ws/install/px4_msgs/share/px4_msgs/msg/TimesyncStatus.json\n'}
[2.018143] (px4_msgs) StdoutLine: {'line': b'-- Up-to-date symlink: /home/prathamkelkar/ros2_ws/install/px4_msgs/share/px4_msgs/msg/TrajectoryBezier.json\n'}
[2.018298] (px4_msgs) StdoutLine: {'line': b'-- Up-to-date symlink: /home/prathamkelkar/ros2_ws/install/px4_msgs/share/px4_msgs/msg/TrajectorySetpoint.json\n'}
[2.018464] (px4_msgs) StdoutLine: {'line': b'-- Up-to-date symlink: /home/prathamkelkar/ros2_ws/install/px4_msgs/share/px4_msgs/msg/TrajectoryWaypoint.json\n'}
[2.018647] (px4_msgs) StdoutLine: {'line': b'-- Up-to-date symlink: /home/prathamkelkar/ros2_ws/install/px4_msgs/share/px4_msgs/msg/TransponderReport.json\n'}
[2.018900] (px4_msgs) StdoutLine: {'line': b'-- Up-to-date symlink: /home/prathamkelkar/ros2_ws/install/px4_msgs/share/px4_msgs/msg/TuneControl.json\n'}
[2.019051] (px4_msgs) StdoutLine: {'line': b'-- Up-to-date symlink: /home/prathamkelkar/ros2_ws/install/px4_msgs/share/px4_msgs/msg/UavcanParameterRequest.json\n'}
[2.019177] (px4_msgs) StdoutLine: {'line': b'-- Up-to-date symlink: /home/prathamkelkar/ros2_ws/install/px4_msgs/share/px4_msgs/msg/UavcanParameterValue.json\n'}
[2.019413] (px4_msgs) StdoutLine: {'line': b'-- Up-to-date symlink: /home/prathamkelkar/ros2_ws/install/px4_msgs/share/px4_msgs/msg/UlogStream.json\n'}
[2.019591] (px4_msgs) StdoutLine: {'line': b'-- Up-to-date symlink: /home/prathamkelkar/ros2_ws/install/px4_msgs/share/px4_msgs/msg/UlogStreamAck.json\n'}
[2.019959] (px4_msgs) StdoutLine: {'line': b'-- Up-to-date symlink: /home/prathamkelkar/ros2_ws/install/px4_msgs/share/px4_msgs/msg/UnregisterExtComponent.json\n'}
[2.020153] (px4_msgs) StdoutLine: {'line': b'-- Up-to-date symlink: /home/prathamkelkar/ros2_ws/install/px4_msgs/share/px4_msgs/msg/VehicleAcceleration.json\n'}
[2.020293] (px4_msgs) StdoutLine: {'line': b'-- Up-to-date symlink: /home/prathamkelkar/ros2_ws/install/px4_msgs/share/px4_msgs/msg/VehicleAirData.json\n'}
[2.020414] (px4_msgs) StdoutLine: {'line': b'-- Up-to-date symlink: /home/prathamkelkar/ros2_ws/install/px4_msgs/share/px4_msgs/msg/VehicleAngularAccelerationSetpoint.json\n'}
[2.020536] (px4_msgs) StdoutLine: {'line': b'-- Up-to-date symlink: /home/prathamkelkar/ros2_ws/install/px4_msgs/share/px4_msgs/msg/VehicleAngularVelocity.json\n'}
[2.020687] (px4_msgs) StdoutLine: {'line': b'-- Up-to-date symlink: /home/prathamkelkar/ros2_ws/install/px4_msgs/share/px4_msgs/msg/VehicleAttitude.json\n'}
[2.021125] (px4_msgs) StdoutLine: {'line': b'-- Up-to-date symlink: /home/prathamkelkar/ros2_ws/install/px4_msgs/share/px4_msgs/msg/VehicleAttitudeSetpoint.json\n'}
[2.021257] (px4_msgs) StdoutLine: {'line': b'-- Up-to-date symlink: /home/prathamkelkar/ros2_ws/install/px4_msgs/share/px4_msgs/msg/VehicleCommand.json\n'}
[2.021480] (px4_msgs) StdoutLine: {'line': b'-- Up-to-date symlink: /home/prathamkelkar/ros2_ws/install/px4_msgs/share/px4_msgs/msg/VehicleCommandAck.json\n'}
[2.021574] (px4_msgs) StdoutLine: {'line': b'-- Up-to-date symlink: /home/prathamkelkar/ros2_ws/install/px4_msgs/share/px4_msgs/msg/VehicleConstraints.json\n'}
[2.021744] (px4_msgs) StdoutLine: {'line': b'-- Up-to-date symlink: /home/prathamkelkar/ros2_ws/install/px4_msgs/share/px4_msgs/msg/VehicleControlMode.json\n'}
[2.021991] (px4_msgs) StdoutLine: {'line': b'-- Up-to-date symlink: /home/prathamkelkar/ros2_ws/install/px4_msgs/share/px4_msgs/msg/VehicleGlobalPosition.json\n'}
[2.022117] (px4_msgs) StdoutLine: {'line': b'-- Up-to-date symlink: /home/prathamkelkar/ros2_ws/install/px4_msgs/share/px4_msgs/msg/VehicleImu.json\n'}
[2.022280] (px4_msgs) StdoutLine: {'line': b'-- Up-to-date symlink: /home/prathamkelkar/ros2_ws/install/px4_msgs/share/px4_msgs/msg/VehicleImuStatus.json\n'}
[2.022398] (px4_msgs) StdoutLine: {'line': b'-- Up-to-date symlink: /home/prathamkelkar/ros2_ws/install/px4_msgs/share/px4_msgs/msg/VehicleLandDetected.json\n'}
[2.022733] (px4_msgs) StdoutLine: {'line': b'-- Up-to-date symlink: /home/prathamkelkar/ros2_ws/install/px4_msgs/share/px4_msgs/msg/VehicleLocalPosition.json\n'}
[2.022986] (px4_msgs) StdoutLine: {'line': b'-- Up-to-date symlink: /home/prathamkelkar/ros2_ws/install/px4_msgs/share/px4_msgs/msg/VehicleLocalPositionSetpoint.json\n'}
[2.023461] (px4_msgs) StdoutLine: {'line': b'-- Up-to-date symlink: /home/prathamkelkar/ros2_ws/install/px4_msgs/share/px4_msgs/msg/VehicleMagnetometer.json\n'}
[2.023672] (px4_msgs) StdoutLine: {'line': b'-- Up-to-date symlink: /home/prathamkelkar/ros2_ws/install/px4_msgs/share/px4_msgs/msg/VehicleOdometry.json\n'}
[2.024020] (px4_msgs) StdoutLine: {'line': b'-- Up-to-date symlink: /home/prathamkelkar/ros2_ws/install/px4_msgs/share/px4_msgs/msg/VehicleOpticalFlow.json\n'}
[2.024209] (px4_msgs) StdoutLine: {'line': b'-- Up-to-date symlink: /home/prathamkelkar/ros2_ws/install/px4_msgs/share/px4_msgs/msg/VehicleOpticalFlowVel.json\n'}
[2.024367] (px4_msgs) StdoutLine: {'line': b'-- Up-to-date symlink: /home/prathamkelkar/ros2_ws/install/px4_msgs/share/px4_msgs/msg/VehicleRatesSetpoint.json\n'}
[2.024480] (px4_msgs) StdoutLine: {'line': b'-- Up-to-date symlink: /home/prathamkelkar/ros2_ws/install/px4_msgs/share/px4_msgs/msg/VehicleRoi.json\n'}
[2.024573] (px4_msgs) StdoutLine: {'line': b'-- Up-to-date symlink: /home/prathamkelkar/ros2_ws/install/px4_msgs/share/px4_msgs/msg/VehicleStatus.json\n'}
[2.024730] (px4_msgs) StdoutLine: {'line': b'-- Up-to-date symlink: /home/prathamkelkar/ros2_ws/install/px4_msgs/share/px4_msgs/msg/VehicleThrustSetpoint.json\n'}
[2.024838] (px4_msgs) StdoutLine: {'line': b'-- Up-to-date symlink: /home/prathamkelkar/ros2_ws/install/px4_msgs/share/px4_msgs/msg/VehicleTorqueSetpoint.json\n'}
[2.024943] (px4_msgs) StdoutLine: {'line': b'-- Up-to-date symlink: /home/prathamkelkar/ros2_ws/install/px4_msgs/share/px4_msgs/msg/VehicleTrajectoryBezier.json\n'}
[2.025135] (px4_msgs) StdoutLine: {'line': b'-- Up-to-date symlink: /home/prathamkelkar/ros2_ws/install/px4_msgs/share/px4_msgs/msg/VehicleTrajectoryWaypoint.json\n'}
[2.025349] (px4_msgs) StdoutLine: {'line': b'-- Up-to-date symlink: /home/prathamkelkar/ros2_ws/install/px4_msgs/share/px4_msgs/msg/VelocityLimits.json\n'}
[2.025441] (px4_msgs) StdoutLine: {'line': b'-- Up-to-date symlink: /home/prathamkelkar/ros2_ws/install/px4_msgs/share/px4_msgs/msg/VtolVehicleStatus.json\n'}
[2.025564] (px4_msgs) StdoutLine: {'line': b'-- Up-to-date symlink: /home/prathamkelkar/ros2_ws/install/px4_msgs/share/px4_msgs/msg/WheelEncoders.json\n'}
[2.025710] (px4_msgs) StdoutLine: {'line': b'-- Up-to-date symlink: /home/prathamkelkar/ros2_ws/install/px4_msgs/share/px4_msgs/msg/Wind.json\n'}
[2.025800] (px4_msgs) StdoutLine: {'line': b'-- Up-to-date symlink: /home/prathamkelkar/ros2_ws/install/px4_msgs/share/px4_msgs/msg/YawEstimatorStatus.json\n'}
[2.026045] (px4_msgs) StdoutLine: {'line': b'-- Up-to-date symlink: /home/prathamkelkar/ros2_ws/install/px4_msgs/share/px4_msgs/srv/VehicleCommand.json\n'}
[2.039181] (px4_msgs) StdoutLine: {'line': b'-- Up-to-date symlink: /home/prathamkelkar/ros2_ws/install/px4_msgs/include/px4_msgs/px4_msgs/msg/action_request.h\n'}
[2.039563] (px4_msgs) StdoutLine: {'line': b'-- Up-to-date symlink: /home/prathamkelkar/ros2_ws/install/px4_msgs/include/px4_msgs/px4_msgs/msg/actuator_armed.h\n'}
[2.039744] (px4_msgs) StdoutLine: {'line': b'-- Up-to-date symlink: /home/prathamkelkar/ros2_ws/install/px4_msgs/include/px4_msgs/px4_msgs/msg/actuator_controls_status.h\n'}
[2.039910] (px4_msgs) StdoutLine: {'line': b'-- Up-to-date symlink: /home/prathamkelkar/ros2_ws/install/px4_msgs/include/px4_msgs/px4_msgs/msg/actuator_motors.h\n'}
[2.040286] (px4_msgs) StdoutLine: {'line': b'-- Up-to-date symlink: /home/prathamkelkar/ros2_ws/install/px4_msgs/include/px4_msgs/px4_msgs/msg/actuator_outputs.h\n'}
[2.040486] (px4_msgs) StdoutLine: {'line': b'-- Up-to-date symlink: /home/prathamkelkar/ros2_ws/install/px4_msgs/include/px4_msgs/px4_msgs/msg/actuator_servos.h\n'}
[2.040710] (px4_msgs) StdoutLine: {'line': b'-- Up-to-date symlink: /home/prathamkelkar/ros2_ws/install/px4_msgs/include/px4_msgs/px4_msgs/msg/actuator_servos_trim.h\n'}
[2.041026] (px4_msgs) StdoutLine: {'line': b'-- Up-to-date symlink: /home/prathamkelkar/ros2_ws/install/px4_msgs/include/px4_msgs/px4_msgs/msg/actuator_test.h\n'}
[2.041211] (px4_msgs) StdoutLine: {'line': b'-- Up-to-date symlink: /home/prathamkelkar/ros2_ws/install/px4_msgs/include/px4_msgs/px4_msgs/msg/adc_report.h\n'}
[2.041324] (px4_msgs) StdoutLine: {'line': b'-- Up-to-date symlink: /home/prathamkelkar/ros2_ws/install/px4_msgs/include/px4_msgs/px4_msgs/msg/airspeed.h\n'}
[2.041498] (px4_msgs) StdoutLine: {'line': b'-- Up-to-date symlink: /home/prathamkelkar/ros2_ws/install/px4_msgs/include/px4_msgs/px4_msgs/msg/airspeed_validated.h\n'}
[2.041716] (px4_msgs) StdoutLine: {'line': b'-- Up-to-date symlink: /home/prathamkelkar/ros2_ws/install/px4_msgs/include/px4_msgs/px4_msgs/msg/airspeed_wind.h\n'}
[2.042049] (px4_msgs) StdoutLine: {'line': b'-- Up-to-date symlink: /home/prathamkelkar/ros2_ws/install/px4_msgs/include/px4_msgs/px4_msgs/msg/arming_check_reply.h\n'}
[2.042225] (px4_msgs) StdoutLine: {'line': b'-- Up-to-date symlink: /home/prathamkelkar/ros2_ws/install/px4_msgs/include/px4_msgs/px4_msgs/msg/arming_check_request.h\n'}
[2.042446] (px4_msgs) StdoutLine: {'line': b'-- Up-to-date symlink: /home/prathamkelkar/ros2_ws/install/px4_msgs/include/px4_msgs/px4_msgs/msg/autotune_attitude_control_status.h\n'}
[2.042607] (px4_msgs) StdoutLine: {'line': b'-- Up-to-date symlink: /home/prathamkelkar/ros2_ws/install/px4_msgs/include/px4_msgs/px4_msgs/msg/battery_status.h\n'}
[2.042904] (px4_msgs) StdoutLine: {'line': b'-- Up-to-date symlink: /home/prathamkelkar/ros2_ws/install/px4_msgs/include/px4_msgs/px4_msgs/msg/buffer128.h\n'}
[2.043097] (px4_msgs) StdoutLine: {'line': b'-- Up-to-date symlink: /home/prathamkelkar/ros2_ws/install/px4_msgs/include/px4_msgs/px4_msgs/msg/button_event.h\n'}
[2.043235] (px4_msgs) StdoutLine: {'line': b'-- Up-to-date symlink: /home/prathamkelkar/ros2_ws/install/px4_msgs/include/px4_msgs/px4_msgs/msg/camera_capture.h\n'}
[2.043323] (px4_msgs) StdoutLine: {'line': b'-- Up-to-date symlink: /home/prathamkelkar/ros2_ws/install/px4_msgs/include/px4_msgs/px4_msgs/msg/camera_status.h\n'}
[2.043439] (px4_msgs) StdoutLine: {'line': b'-- Up-to-date symlink: /home/prathamkelkar/ros2_ws/install/px4_msgs/include/px4_msgs/px4_msgs/msg/camera_trigger.h\n'}
[2.043536] (px4_msgs) StdoutLine: {'line': b'-- Up-to-date symlink: /home/prathamkelkar/ros2_ws/install/px4_msgs/include/px4_msgs/px4_msgs/msg/can_interface_status.h\n'}
[2.043617] (px4_msgs) StdoutLine: {'line': b'-- Up-to-date symlink: /home/prathamkelkar/ros2_ws/install/px4_msgs/include/px4_msgs/px4_msgs/msg/cellular_status.h\n'}
[2.043723] (px4_msgs) StdoutLine: {'line': b'-- Up-to-date symlink: /home/prathamkelkar/ros2_ws/install/px4_msgs/include/px4_msgs/px4_msgs/msg/collision_constraints.h\n'}
[2.043799] (px4_msgs) StdoutLine: {'line': b'-- Up-to-date symlink: /home/prathamkelkar/ros2_ws/install/px4_msgs/include/px4_msgs/px4_msgs/msg/collision_report.h\n'}
[2.043890] (px4_msgs) StdoutLine: {'line': b'-- Up-to-date symlink: /home/prathamkelkar/ros2_ws/install/px4_msgs/include/px4_msgs/px4_msgs/msg/config_overrides.h\n'}
[2.043965] (px4_msgs) StdoutLine: {'line': b'-- Up-to-date symlink: /home/prathamkelkar/ros2_ws/install/px4_msgs/include/px4_msgs/px4_msgs/msg/control_allocator_status.h\n'}
[2.044064] (px4_msgs) StdoutLine: {'line': b'-- Up-to-date symlink: /home/prathamkelkar/ros2_ws/install/px4_msgs/include/px4_msgs/px4_msgs/msg/cpuload.h\n'}
[2.044141] (px4_msgs) StdoutLine: {'line': b'-- Up-to-date symlink: /home/prathamkelkar/ros2_ws/install/px4_msgs/include/px4_msgs/px4_msgs/msg/dataman_request.h\n'}
[2.044249] (px4_msgs) StdoutLine: {'line': b'-- Up-to-date symlink: /home/prathamkelkar/ros2_ws/install/px4_msgs/include/px4_msgs/px4_msgs/msg/dataman_response.h\n'}
[2.044343] (px4_msgs) StdoutLine: {'line': b'-- Up-to-date symlink: /home/prathamkelkar/ros2_ws/install/px4_msgs/include/px4_msgs/px4_msgs/msg/debug_array.h\n'}
[2.044419] (px4_msgs) StdoutLine: {'line': b'-- Up-to-date symlink: /home/prathamkelkar/ros2_ws/install/px4_msgs/include/px4_msgs/px4_msgs/msg/debug_key_value.h\n'}
[2.044512] (px4_msgs) StdoutLine: {'line': b'-- Up-to-date symlink: /home/prathamkelkar/ros2_ws/install/px4_msgs/include/px4_msgs/px4_msgs/msg/debug_value.h\n'}
[2.044600] (px4_msgs) StdoutLine: {'line': b'-- Up-to-date symlink: /home/prathamkelkar/ros2_ws/install/px4_msgs/include/px4_msgs/px4_msgs/msg/debug_vect.h\n'}
[2.044673] (px4_msgs) StdoutLine: {'line': b'-- Up-to-date symlink: /home/prathamkelkar/ros2_ws/install/px4_msgs/include/px4_msgs/px4_msgs/msg/detail/action_request__functions.h\n'}
[2.044768] (px4_msgs) StdoutLine: {'line': b'-- Up-to-date symlink: /home/prathamkelkar/ros2_ws/install/px4_msgs/include/px4_msgs/px4_msgs/msg/detail/action_request__struct.h\n'}
[2.044843] (px4_msgs) StdoutLine: {'line': b'-- Up-to-date symlink: /home/prathamkelkar/ros2_ws/install/px4_msgs/include/px4_msgs/px4_msgs/msg/detail/action_request__type_support.h\n'}
[2.044923] (px4_msgs) StdoutLine: {'line': b'-- Up-to-date symlink: /home/prathamkelkar/ros2_ws/install/px4_msgs/include/px4_msgs/px4_msgs/msg/detail/actuator_armed__functions.h\n'}
[2.045216] (px4_msgs) StdoutLine: {'line': b'-- Up-to-date symlink: /home/prathamkelkar/ros2_ws/install/px4_msgs/include/px4_msgs/px4_msgs/msg/detail/actuator_armed__struct.h\n'}
[2.045369] (px4_msgs) StdoutLine: {'line': b'-- Up-to-date symlink: /home/prathamkelkar/ros2_ws/install/px4_msgs/include/px4_msgs/px4_msgs/msg/detail/actuator_armed__type_support.h\n'}
[2.045443] (px4_msgs) StdoutLine: {'line': b'-- Up-to-date symlink: /home/prathamkelkar/ros2_ws/install/px4_msgs/include/px4_msgs/px4_msgs/msg/detail/actuator_controls_status__functions.h\n'}
[2.045517] (px4_msgs) StdoutLine: {'line': b'-- Up-to-date symlink: /home/prathamkelkar/ros2_ws/install/px4_msgs/include/px4_msgs/px4_msgs/msg/detail/actuator_controls_status__struct.h\n'}
[2.045612] (px4_msgs) StdoutLine: {'line': b'-- Up-to-date symlink: /home/prathamkelkar/ros2_ws/install/px4_msgs/include/px4_msgs/px4_msgs/msg/detail/actuator_controls_status__type_support.h\n'}
[2.045697] (px4_msgs) StdoutLine: {'line': b'-- Up-to-date symlink: /home/prathamkelkar/ros2_ws/install/px4_msgs/include/px4_msgs/px4_msgs/msg/detail/actuator_motors__functions.h\n'}
[2.045790] (px4_msgs) StdoutLine: {'line': b'-- Up-to-date symlink: /home/prathamkelkar/ros2_ws/install/px4_msgs/include/px4_msgs/px4_msgs/msg/detail/actuator_motors__struct.h\n'}
[2.045887] (px4_msgs) StdoutLine: {'line': b'-- Up-to-date symlink: /home/prathamkelkar/ros2_ws/install/px4_msgs/include/px4_msgs/px4_msgs/msg/detail/actuator_motors__type_support.h\n'}
[2.045960] (px4_msgs) StdoutLine: {'line': b'-- Up-to-date symlink: /home/prathamkelkar/ros2_ws/install/px4_msgs/include/px4_msgs/px4_msgs/msg/detail/actuator_outputs__functions.h\n'}
[2.046048] (px4_msgs) StdoutLine: {'line': b'-- Up-to-date symlink: /home/prathamkelkar/ros2_ws/install/px4_msgs/include/px4_msgs/px4_msgs/msg/detail/actuator_outputs__struct.h\n'}
[2.046133] (px4_msgs) StdoutLine: {'line': b'-- Up-to-date symlink: /home/prathamkelkar/ros2_ws/install/px4_msgs/include/px4_msgs/px4_msgs/msg/detail/actuator_outputs__type_support.h\n'}
[2.046204] (px4_msgs) StdoutLine: {'line': b'-- Up-to-date symlink: /home/prathamkelkar/ros2_ws/install/px4_msgs/include/px4_msgs/px4_msgs/msg/detail/actuator_servos__functions.h\n'}
[2.046290] (px4_msgs) StdoutLine: {'line': b'-- Up-to-date symlink: /home/prathamkelkar/ros2_ws/install/px4_msgs/include/px4_msgs/px4_msgs/msg/detail/actuator_servos__struct.h\n'}
[2.046359] (px4_msgs) StdoutLine: {'line': b'-- Up-to-date symlink: /home/prathamkelkar/ros2_ws/install/px4_msgs/include/px4_msgs/px4_msgs/msg/detail/actuator_servos__type_support.h\n'}
[2.046431] (px4_msgs) StdoutLine: {'line': b'-- Up-to-date symlink: /home/prathamkelkar/ros2_ws/install/px4_msgs/include/px4_msgs/px4_msgs/msg/detail/actuator_servos_trim__functions.h\n'}
[2.046530] (px4_msgs) StdoutLine: {'line': b'-- Up-to-date symlink: /home/prathamkelkar/ros2_ws/install/px4_msgs/include/px4_msgs/px4_msgs/msg/detail/actuator_servos_trim__struct.h\n'}
[2.046602] (px4_msgs) StdoutLine: {'line': b'-- Up-to-date symlink: /home/prathamkelkar/ros2_ws/install/px4_msgs/include/px4_msgs/px4_msgs/msg/detail/actuator_servos_trim__type_support.h\n'}
[2.046695] (px4_msgs) StdoutLine: {'line': b'-- Up-to-date symlink: /home/prathamkelkar/ros2_ws/install/px4_msgs/include/px4_msgs/px4_msgs/msg/detail/actuator_test__functions.h\n'}
[2.046771] (px4_msgs) StdoutLine: {'line': b'-- Up-to-date symlink: /home/prathamkelkar/ros2_ws/install/px4_msgs/include/px4_msgs/px4_msgs/msg/detail/actuator_test__struct.h\n'}
[2.047102] (px4_msgs) StdoutLine: {'line': b'-- Up-to-date symlink: /home/prathamkelkar/ros2_ws/install/px4_msgs/include/px4_msgs/px4_msgs/msg/detail/actuator_test__type_support.h\n'}
[2.047209] (px4_msgs) StdoutLine: {'line': b'-- Up-to-date symlink: /home/prathamkelkar/ros2_ws/install/px4_msgs/include/px4_msgs/px4_msgs/msg/detail/adc_report__functions.h\n'}
[2.047370] (px4_msgs) StdoutLine: {'line': b'-- Up-to-date symlink: /home/prathamkelkar/ros2_ws/install/px4_msgs/include/px4_msgs/px4_msgs/msg/detail/adc_report__struct.h\n'}
[2.047449] (px4_msgs) StdoutLine: {'line': b'-- Up-to-date symlink: /home/prathamkelkar/ros2_ws/install/px4_msgs/include/px4_msgs/px4_msgs/msg/detail/adc_report__type_support.h\n'}
[2.047554] (px4_msgs) StdoutLine: {'line': b'-- Up-to-date symlink: /home/prathamkelkar/ros2_ws/install/px4_msgs/include/px4_msgs/px4_msgs/msg/detail/airspeed__functions.h\n'}
[2.047636] (px4_msgs) StdoutLine: {'line': b'-- Up-to-date symlink: /home/prathamkelkar/ros2_ws/install/px4_msgs/include/px4_msgs/px4_msgs/msg/detail/airspeed__struct.h\n'}
[2.047742] (px4_msgs) StdoutLine: {'line': b'-- Up-to-date symlink: /home/prathamkelkar/ros2_ws/install/px4_msgs/include/px4_msgs/px4_msgs/msg/detail/airspeed__type_support.h\n'}
[2.047859] (px4_msgs) StdoutLine: {'line': b'-- Up-to-date symlink: /home/prathamkelkar/ros2_ws/install/px4_msgs/include/px4_msgs/px4_msgs/msg/detail/airspeed_validated__functions.h\n'}
[2.048271] (px4_msgs) StdoutLine: {'line': b'-- Up-to-date symlink: /home/prathamkelkar/ros2_ws/install/px4_msgs/include/px4_msgs/px4_msgs/msg/detail/airspeed_validated__struct.h\n'}
[2.048366] (px4_msgs) StdoutLine: {'line': b'-- Up-to-date symlink: /home/prathamkelkar/ros2_ws/install/px4_msgs/include/px4_msgs/px4_msgs/msg/detail/airspeed_validated__type_support.h\n'}
[2.048448] (px4_msgs) StdoutLine: {'line': b'-- Up-to-date symlink: /home/prathamkelkar/ros2_ws/install/px4_msgs/include/px4_msgs/px4_msgs/msg/detail/airspeed_wind__functions.h\n'}
[2.048744] (px4_msgs) StdoutLine: {'line': b'-- Up-to-date symlink: /home/prathamkelkar/ros2_ws/install/px4_msgs/include/px4_msgs/px4_msgs/msg/detail/airspeed_wind__struct.h\n'}
[2.048825] (px4_msgs) StdoutLine: {'line': b'-- Up-to-date symlink: /home/prathamkelkar/ros2_ws/install/px4_msgs/include/px4_msgs/px4_msgs/msg/detail/airspeed_wind__type_support.h\n'}
[2.049059] (px4_msgs) StdoutLine: {'line': b'-- Up-to-date symlink: /home/prathamkelkar/ros2_ws/install/px4_msgs/include/px4_msgs/px4_msgs/msg/detail/arming_check_reply__functions.h\n'}
[2.049306] (px4_msgs) StdoutLine: {'line': b'-- Up-to-date symlink: /home/prathamkelkar/ros2_ws/install/px4_msgs/include/px4_msgs/px4_msgs/msg/detail/arming_check_reply__struct.h\n'}
[2.049456] (px4_msgs) StdoutLine: {'line': b'-- Up-to-date symlink: /home/prathamkelkar/ros2_ws/install/px4_msgs/include/px4_msgs/px4_msgs/msg/detail/arming_check_reply__type_support.h\n'}
[2.049579] (px4_msgs) StdoutLine: {'line': b'-- Up-to-date symlink: /home/prathamkelkar/ros2_ws/install/px4_msgs/include/px4_msgs/px4_msgs/msg/detail/arming_check_request__functions.h\n'}
[2.049730] (px4_msgs) StdoutLine: {'line': b'-- Up-to-date symlink: /home/prathamkelkar/ros2_ws/install/px4_msgs/include/px4_msgs/px4_msgs/msg/detail/arming_check_request__struct.h\n'}
[2.049839] (px4_msgs) StdoutLine: {'line': b'-- Up-to-date symlink: /home/prathamkelkar/ros2_ws/install/px4_msgs/include/px4_msgs/px4_msgs/msg/detail/arming_check_request__type_support.h\n'}
[2.049997] (px4_msgs) StdoutLine: {'line': b'-- Up-to-date symlink: /home/prathamkelkar/ros2_ws/install/px4_msgs/include/px4_msgs/px4_msgs/msg/detail/autotune_attitude_control_status__functions.h\n'}
[2.050098] (px4_msgs) StdoutLine: {'line': b'-- Up-to-date symlink: /home/prathamkelkar/ros2_ws/install/px4_msgs/include/px4_msgs/px4_msgs/msg/detail/autotune_attitude_control_status__struct.h\n'}
[2.050260] (px4_msgs) StdoutLine: {'line': b'-- Up-to-date symlink: /home/prathamkelkar/ros2_ws/install/px4_msgs/include/px4_msgs/px4_msgs/msg/detail/autotune_attitude_control_status__type_support.h\n'}
[2.050359] (px4_msgs) StdoutLine: {'line': b'-- Up-to-date symlink: /home/prathamkelkar/ros2_ws/install/px4_msgs/include/px4_msgs/px4_msgs/msg/detail/battery_status__functions.h\n'}
[2.050809] (px4_msgs) StdoutLine: {'line': b'-- Up-to-date symlink: /home/prathamkelkar/ros2_ws/install/px4_msgs/include/px4_msgs/px4_msgs/msg/detail/battery_status__struct.h\n'}
[2.051067] (px4_msgs) StdoutLine: {'line': b'-- Up-to-date symlink: /home/prathamkelkar/ros2_ws/install/px4_msgs/include/px4_msgs/px4_msgs/msg/detail/battery_status__type_support.h\n'}
[2.051195] (px4_msgs) StdoutLine: {'line': b'-- Up-to-date symlink: /home/prathamkelkar/ros2_ws/install/px4_msgs/include/px4_msgs/px4_msgs/msg/detail/buffer128__functions.h\n'}
[2.051326] (px4_msgs) StdoutLine: {'line': b'-- Up-to-date symlink: /home/prathamkelkar/ros2_ws/install/px4_msgs/include/px4_msgs/px4_msgs/msg/detail/buffer128__struct.h\n'}
[2.051722] (px4_msgs) StdoutLine: {'line': b'-- Up-to-date symlink: /home/prathamkelkar/ros2_ws/install/px4_msgs/include/px4_msgs/px4_msgs/msg/detail/buffer128__type_support.h\n'}
[2.051889] (px4_msgs) StdoutLine: {'line': b'-- Up-to-date symlink: /home/prathamkelkar/ros2_ws/install/px4_msgs/include/px4_msgs/px4_msgs/msg/detail/button_event__functions.h\n'}
[2.052163] (px4_msgs) StdoutLine: {'line': b'-- Up-to-date symlink: /home/prathamkelkar/ros2_ws/install/px4_msgs/include/px4_msgs/px4_msgs/msg/detail/button_event__struct.h\n'}
[2.052615] (px4_msgs) StdoutLine: {'line': b'-- Up-to-date symlink: /home/prathamkelkar/ros2_ws/install/px4_msgs/include/px4_msgs/px4_msgs/msg/detail/button_event__type_support.h\n'}
[2.052861] (px4_msgs) StdoutLine: {'line': b'-- Up-to-date symlink: /home/prathamkelkar/ros2_ws/install/px4_msgs/include/px4_msgs/px4_msgs/msg/detail/camera_capture__functions.h\n'}
[2.053014] (px4_msgs) StdoutLine: {'line': b'-- Up-to-date symlink: /home/prathamkelkar/ros2_ws/install/px4_msgs/include/px4_msgs/px4_msgs/msg/detail/camera_capture__struct.h\n'}
[2.053168] (px4_msgs) StdoutLine: {'line': b'-- Up-to-date symlink: /home/prathamkelkar/ros2_ws/install/px4_msgs/include/px4_msgs/px4_msgs/msg/detail/camera_capture__type_support.h\n'}
[2.053396] (px4_msgs) StdoutLine: {'line': b'-- Up-to-date symlink: /home/prathamkelkar/ros2_ws/install/px4_msgs/include/px4_msgs/px4_msgs/msg/detail/camera_status__functions.h\n'}
[2.053635] (px4_msgs) StdoutLine: {'line': b'-- Up-to-date symlink: /home/prathamkelkar/ros2_ws/install/px4_msgs/include/px4_msgs/px4_msgs/msg/detail/camera_status__struct.h\n'}
[2.053787] (px4_msgs) StdoutLine: {'line': b'-- Up-to-date symlink: /home/prathamkelkar/ros2_ws/install/px4_msgs/include/px4_msgs/px4_msgs/msg/detail/camera_status__type_support.h\n'}
[2.053999] (px4_msgs) StdoutLine: {'line': b'-- Up-to-date symlink: /home/prathamkelkar/ros2_ws/install/px4_msgs/include/px4_msgs/px4_msgs/msg/detail/camera_trigger__functions.h\n'}
[2.054221] (px4_msgs) StdoutLine: {'line': b'-- Up-to-date symlink: /home/prathamkelkar/ros2_ws/install/px4_msgs/include/px4_msgs/px4_msgs/msg/detail/camera_trigger__struct.h\n'}
[2.054488] (px4_msgs) StdoutLine: {'line': b'-- Up-to-date symlink: /home/prathamkelkar/ros2_ws/install/px4_msgs/include/px4_msgs/px4_msgs/msg/detail/camera_trigger__type_support.h\n'}
[2.054698] (px4_msgs) StdoutLine: {'line': b'-- Up-to-date symlink: /home/prathamkelkar/ros2_ws/install/px4_msgs/include/px4_msgs/px4_msgs/msg/detail/can_interface_status__functions.h\n'}
[2.054837] (px4_msgs) StdoutLine: {'line': b'-- Up-to-date symlink: /home/prathamkelkar/ros2_ws/install/px4_msgs/include/px4_msgs/px4_msgs/msg/detail/can_interface_status__struct.h\n'}
[2.054987] (px4_msgs) StdoutLine: {'line': b'-- Up-to-date symlink: /home/prathamkelkar/ros2_ws/install/px4_msgs/include/px4_msgs/px4_msgs/msg/detail/can_interface_status__type_support.h\n'}
[2.055187] (px4_msgs) StdoutLine: {'line': b'-- Up-to-date symlink: /home/prathamkelkar/ros2_ws/install/px4_msgs/include/px4_msgs/px4_msgs/msg/detail/cellular_status__functions.h\n'}
[2.055356] (px4_msgs) StdoutLine: {'line': b'-- Up-to-date symlink: /home/prathamkelkar/ros2_ws/install/px4_msgs/include/px4_msgs/px4_msgs/msg/detail/cellular_status__struct.h\n'}
[2.055509] (px4_msgs) StdoutLine: {'line': b'-- Up-to-date symlink: /home/prathamkelkar/ros2_ws/install/px4_msgs/include/px4_msgs/px4_msgs/msg/detail/cellular_status__type_support.h\n'}
[2.055755] (px4_msgs) StdoutLine: {'line': b'-- Up-to-date symlink: /home/prathamkelkar/ros2_ws/install/px4_msgs/include/px4_msgs/px4_msgs/msg/detail/collision_constraints__functions.h\n'}
[2.055924] (px4_msgs) StdoutLine: {'line': b'-- Up-to-date symlink: /home/prathamkelkar/ros2_ws/install/px4_msgs/include/px4_msgs/px4_msgs/msg/detail/collision_constraints__struct.h\n'}
[2.056069] (px4_msgs) StdoutLine: {'line': b'-- Up-to-date symlink: /home/prathamkelkar/ros2_ws/install/px4_msgs/include/px4_msgs/px4_msgs/msg/detail/collision_constraints__type_support.h\n'}
[2.056274] (px4_msgs) StdoutLine: {'line': b'-- Up-to-date symlink: /home/prathamkelkar/ros2_ws/install/px4_msgs/include/px4_msgs/px4_msgs/msg/detail/collision_report__functions.h\n'}
[2.056418] (px4_msgs) StdoutLine: {'line': b'-- Up-to-date symlink: /home/prathamkelkar/ros2_ws/install/px4_msgs/include/px4_msgs/px4_msgs/msg/detail/collision_report__struct.h\n'}
[2.056643] (px4_msgs) StdoutLine: {'line': b'-- Up-to-date symlink: /home/prathamkelkar/ros2_ws/install/px4_msgs/include/px4_msgs/px4_msgs/msg/detail/collision_report__type_support.h\n'}
[2.056791] (px4_msgs) StdoutLine: {'line': b'-- Up-to-date symlink: /home/prathamkelkar/ros2_ws/install/px4_msgs/include/px4_msgs/px4_msgs/msg/detail/config_overrides__functions.h\n'}
[2.057085] (px4_msgs) StdoutLine: {'line': b'-- Up-to-date symlink: /home/prathamkelkar/ros2_ws/install/px4_msgs/include/px4_msgs/px4_msgs/msg/detail/config_overrides__struct.h\n'}
[2.057294] (px4_msgs) StdoutLine: {'line': b'-- Up-to-date symlink: /home/prathamkelkar/ros2_ws/install/px4_msgs/include/px4_msgs/px4_msgs/msg/detail/config_overrides__type_support.h\n'}
[2.057393] (px4_msgs) StdoutLine: {'line': b'-- Up-to-date symlink: /home/prathamkelkar/ros2_ws/install/px4_msgs/include/px4_msgs/px4_msgs/msg/detail/control_allocator_status__functions.h\n'}
[2.057486] (px4_msgs) StdoutLine: {'line': b'-- Up-to-date symlink: /home/prathamkelkar/ros2_ws/install/px4_msgs/include/px4_msgs/px4_msgs/msg/detail/control_allocator_status__struct.h\n'}
[2.057700] (px4_msgs) StdoutLine: {'line': b'-- Up-to-date symlink: /home/prathamkelkar/ros2_ws/install/px4_msgs/include/px4_msgs/px4_msgs/msg/detail/control_allocator_status__type_support.h\n'}
[2.057794] (px4_msgs) StdoutLine: {'line': b'-- Up-to-date symlink: /home/prathamkelkar/ros2_ws/install/px4_msgs/include/px4_msgs/px4_msgs/msg/detail/cpuload__functions.h\n'}
[2.057884] (px4_msgs) StdoutLine: {'line': b'-- Up-to-date symlink: /home/prathamkelkar/ros2_ws/install/px4_msgs/include/px4_msgs/px4_msgs/msg/detail/cpuload__struct.h\n'}
[2.058379] (px4_msgs) StdoutLine: {'line': b'-- Up-to-date symlink: /home/prathamkelkar/ros2_ws/install/px4_msgs/include/px4_msgs/px4_msgs/msg/detail/cpuload__type_support.h\n'}
[2.058564] (px4_msgs) StdoutLine: {'line': b'-- Up-to-date symlink: /home/prathamkelkar/ros2_ws/install/px4_msgs/include/px4_msgs/px4_msgs/msg/detail/dataman_request__functions.h\n'}
[2.058759] (px4_msgs) StdoutLine: {'line': b'-- Up-to-date symlink: /home/prathamkelkar/ros2_ws/install/px4_msgs/include/px4_msgs/px4_msgs/msg/detail/dataman_request__struct.h\n'}
[2.058873] (px4_msgs) StdoutLine: {'line': b'-- Up-to-date symlink: /home/prathamkelkar/ros2_ws/install/px4_msgs/include/px4_msgs/px4_msgs/msg/detail/dataman_request__type_support.h\n'}
[2.058973] (px4_msgs) StdoutLine: {'line': b'-- Up-to-date symlink: /home/prathamkelkar/ros2_ws/install/px4_msgs/include/px4_msgs/px4_msgs/msg/detail/dataman_response__functions.h\n'}
[2.059124] (px4_msgs) StdoutLine: {'line': b'-- Up-to-date symlink: /home/prathamkelkar/ros2_ws/install/px4_msgs/include/px4_msgs/px4_msgs/msg/detail/dataman_response__struct.h\n'}
[2.059218] (px4_msgs) StdoutLine: {'line': b'-- Up-to-date symlink: /home/prathamkelkar/ros2_ws/install/px4_msgs/include/px4_msgs/px4_msgs/msg/detail/dataman_response__type_support.h\n'}
[2.059316] (px4_msgs) StdoutLine: {'line': b'-- Up-to-date symlink: /home/prathamkelkar/ros2_ws/install/px4_msgs/include/px4_msgs/px4_msgs/msg/detail/debug_array__functions.h\n'}
[2.059487] (px4_msgs) StdoutLine: {'line': b'-- Up-to-date symlink: /home/prathamkelkar/ros2_ws/install/px4_msgs/include/px4_msgs/px4_msgs/msg/detail/debug_array__struct.h\n'}
[2.059587] (px4_msgs) StdoutLine: {'line': b'-- Up-to-date symlink: /home/prathamkelkar/ros2_ws/install/px4_msgs/include/px4_msgs/px4_msgs/msg/detail/debug_array__type_support.h\n'}
[2.059906] (px4_msgs) StdoutLine: {'line': b'-- Up-to-date symlink: /home/prathamkelkar/ros2_ws/install/px4_msgs/include/px4_msgs/px4_msgs/msg/detail/debug_key_value__functions.h\n'}
[2.060041] (px4_msgs) StdoutLine: {'line': b'-- Up-to-date symlink: /home/prathamkelkar/ros2_ws/install/px4_msgs/include/px4_msgs/px4_msgs/msg/detail/debug_key_value__struct.h\n'}
[2.060412] (px4_msgs) StdoutLine: {'line': b'-- Up-to-date symlink: /home/prathamkelkar/ros2_ws/install/px4_msgs/include/px4_msgs/px4_msgs/msg/detail/debug_key_value__type_support.h\n'}
[2.060551] (px4_msgs) StdoutLine: {'line': b'-- Up-to-date symlink: /home/prathamkelkar/ros2_ws/install/px4_msgs/include/px4_msgs/px4_msgs/msg/detail/debug_value__functions.h\n'}
[2.060669] (px4_msgs) StdoutLine: {'line': b'-- Up-to-date symlink: /home/prathamkelkar/ros2_ws/install/px4_msgs/include/px4_msgs/px4_msgs/msg/detail/debug_value__struct.h\n'}
[2.060804] (px4_msgs) StdoutLine: {'line': b'-- Up-to-date symlink: /home/prathamkelkar/ros2_ws/install/px4_msgs/include/px4_msgs/px4_msgs/msg/detail/debug_value__type_support.h\n'}
[2.060896] (px4_msgs) StdoutLine: {'line': b'-- Up-to-date symlink: /home/prathamkelkar/ros2_ws/install/px4_msgs/include/px4_msgs/px4_msgs/msg/detail/debug_vect__functions.h\n'}
[2.061064] (px4_msgs) StdoutLine: {'line': b'-- Up-to-date symlink: /home/prathamkelkar/ros2_ws/install/px4_msgs/include/px4_msgs/px4_msgs/msg/detail/debug_vect__struct.h\n'}
[2.061259] (px4_msgs) StdoutLine: {'line': b'-- Up-to-date symlink: /home/prathamkelkar/ros2_ws/install/px4_msgs/include/px4_msgs/px4_msgs/msg/detail/debug_vect__type_support.h\n'}
[2.061390] (px4_msgs) StdoutLine: {'line': b'-- Up-to-date symlink: /home/prathamkelkar/ros2_ws/install/px4_msgs/include/px4_msgs/px4_msgs/msg/detail/differential_drive_setpoint__functions.h\n'}
[2.061536] (px4_msgs) StdoutLine: {'line': b'-- Up-to-date symlink: /home/prathamkelkar/ros2_ws/install/px4_msgs/include/px4_msgs/px4_msgs/msg/detail/differential_drive_setpoint__struct.h\n'}
[2.061650] (px4_msgs) StdoutLine: {'line': b'-- Up-to-date symlink: /home/prathamkelkar/ros2_ws/install/px4_msgs/include/px4_msgs/px4_msgs/msg/detail/differential_drive_setpoint__type_support.h\n'}
[2.061777] (px4_msgs) StdoutLine: {'line': b'-- Up-to-date symlink: /home/prathamkelkar/ros2_ws/install/px4_msgs/include/px4_msgs/px4_msgs/msg/detail/differential_pressure__functions.h\n'}
[2.061887] (px4_msgs) StdoutLine: {'line': b'-- Up-to-date symlink: /home/prathamkelkar/ros2_ws/install/px4_msgs/include/px4_msgs/px4_msgs/msg/detail/differential_pressure__struct.h\n'}
[2.062020] (px4_msgs) StdoutLine: {'line': b'-- Up-to-date symlink: /home/prathamkelkar/ros2_ws/install/px4_msgs/include/px4_msgs/px4_msgs/msg/detail/differential_pressure__type_support.h\n'}
[2.062140] (px4_msgs) StdoutLine: {'line': b'-- Up-to-date symlink: /home/prathamkelkar/ros2_ws/install/px4_msgs/include/px4_msgs/px4_msgs/msg/detail/distance_sensor__functions.h\n'}
[2.062295] (px4_msgs) StdoutLine: {'line': b'-- Up-to-date symlink: /home/prathamkelkar/ros2_ws/install/px4_msgs/include/px4_msgs/px4_msgs/msg/detail/distance_sensor__struct.h\n'}
[2.062405] (px4_msgs) StdoutLine: {'line': b'-- Up-to-date symlink: /home/prathamkelkar/ros2_ws/install/px4_msgs/include/px4_msgs/px4_msgs/msg/detail/distance_sensor__type_support.h\n'}
[2.062576] (px4_msgs) StdoutLine: {'line': b'-- Up-to-date symlink: /home/prathamkelkar/ros2_ws/install/px4_msgs/include/px4_msgs/px4_msgs/msg/detail/ekf2_timestamps__functions.h\n'}
[2.063336] (px4_msgs) StdoutLine: {'line': b'-- Up-to-date symlink: /home/prathamkelkar/ros2_ws/install/px4_msgs/include/px4_msgs/px4_msgs/msg/detail/ekf2_timestamps__struct.h\n'}
[2.063839] (px4_msgs) StdoutLine: {'line': b'-- Up-to-date symlink: /home/prathamkelkar/ros2_ws/install/px4_msgs/include/px4_msgs/px4_msgs/msg/detail/ekf2_timestamps__type_support.h\n'}
[2.064127] (px4_msgs) StdoutLine: {'line': b'-- Up-to-date symlink: /home/prathamkelkar/ros2_ws/install/px4_msgs/include/px4_msgs/px4_msgs/msg/detail/esc_report__functions.h\n'}
[2.064340] (px4_msgs) StdoutLine: {'line': b'-- Up-to-date symlink: /home/prathamkelkar/ros2_ws/install/px4_msgs/include/px4_msgs/px4_msgs/msg/detail/esc_report__struct.h\n'}
[2.064475] (px4_msgs) StdoutLine: {'line': b'-- Up-to-date symlink: /home/prathamkelkar/ros2_ws/install/px4_msgs/include/px4_msgs/px4_msgs/msg/detail/esc_report__type_support.h\n'}
[2.064583] (px4_msgs) StdoutLine: {'line': b'-- Up-to-date symlink: /home/prathamkelkar/ros2_ws/install/px4_msgs/include/px4_msgs/px4_msgs/msg/detail/esc_status__functions.h\n'}
[2.064695] (px4_msgs) StdoutLine: {'line': b'-- Up-to-date symlink: /home/prathamkelkar/ros2_ws/install/px4_msgs/include/px4_msgs/px4_msgs/msg/detail/esc_status__struct.h\n'}
[2.065356] (px4_msgs) StdoutLine: {'line': b'-- Up-to-date symlink: /home/prathamkelkar/ros2_ws/install/px4_msgs/include/px4_msgs/px4_msgs/msg/detail/esc_status__type_support.h\n'}
[2.065650] (px4_msgs) StdoutLine: {'line': b'-- Up-to-date symlink: /home/prathamkelkar/ros2_ws/install/px4_msgs/include/px4_msgs/px4_msgs/msg/detail/estimator_aid_source1d__functions.h\n'}
[2.065806] (px4_msgs) StdoutLine: {'line': b'-- Up-to-date symlink: /home/prathamkelkar/ros2_ws/install/px4_msgs/include/px4_msgs/px4_msgs/msg/detail/estimator_aid_source1d__struct.h\n'}
[2.066074] (px4_msgs) StdoutLine: {'line': b'-- Up-to-date symlink: /home/prathamkelkar/ros2_ws/install/px4_msgs/include/px4_msgs/px4_msgs/msg/detail/estimator_aid_source1d__type_support.h\n'}
[2.066505] (px4_msgs) StdoutLine: {'line': b'-- Up-to-date symlink: /home/prathamkelkar/ros2_ws/install/px4_msgs/include/px4_msgs/px4_msgs/msg/detail/estimator_aid_source2d__functions.h\n'}
[2.066663] (px4_msgs) StdoutLine: {'line': b'-- Up-to-date symlink: /home/prathamkelkar/ros2_ws/install/px4_msgs/include/px4_msgs/px4_msgs/msg/detail/estimator_aid_source2d__struct.h\n'}
[2.066782] (px4_msgs) StdoutLine: {'line': b'-- Up-to-date symlink: /home/prathamkelkar/ros2_ws/install/px4_msgs/include/px4_msgs/px4_msgs/msg/detail/estimator_aid_source2d__type_support.h\n'}
[2.066893] (px4_msgs) StdoutLine: {'line': b'-- Up-to-date symlink: /home/prathamkelkar/ros2_ws/install/px4_msgs/include/px4_msgs/px4_msgs/msg/detail/estimator_aid_source3d__functions.h\n'}
[2.067031] (px4_msgs) StdoutLine: {'line': b'-- Up-to-date symlink: /home/prathamkelkar/ros2_ws/install/px4_msgs/include/px4_msgs/px4_msgs/msg/detail/estimator_aid_source3d__struct.h\n'}
[2.067189] (px4_msgs) StdoutLine: {'line': b'-- Up-to-date symlink: /home/prathamkelkar/ros2_ws/install/px4_msgs/include/px4_msgs/px4_msgs/msg/detail/estimator_aid_source3d__type_support.h\n'}
[2.067340] (px4_msgs) StdoutLine: {'line': b'-- Up-to-date symlink: /home/prathamkelkar/ros2_ws/install/px4_msgs/include/px4_msgs/px4_msgs/msg/detail/estimator_bias3d__functions.h\n'}
[2.067724] (px4_msgs) StdoutLine: {'line': b'-- Up-to-date symlink: /home/prathamkelkar/ros2_ws/install/px4_msgs/include/px4_msgs/px4_msgs/msg/detail/estimator_bias3d__struct.h\n'}
[2.068017] (px4_msgs) StdoutLine: {'line': b'-- Up-to-date symlink: /home/prathamkelkar/ros2_ws/install/px4_msgs/include/px4_msgs/px4_msgs/msg/detail/estimator_bias3d__type_support.h\n'}
[2.068239] (px4_msgs) StdoutLine: {'line': b'-- Up-to-date symlink: /home/prathamkelkar/ros2_ws/install/px4_msgs/include/px4_msgs/px4_msgs/msg/detail/estimator_bias__functions.h\n'}
[2.068401] (px4_msgs) StdoutLine: {'line': b'-- Up-to-date symlink: /home/prathamkelkar/ros2_ws/install/px4_msgs/include/px4_msgs/px4_msgs/msg/detail/estimator_bias__struct.h\n'}
[2.068608] (px4_msgs) StdoutLine: {'line': b'-- Up-to-date symlink: /home/prathamkelkar/ros2_ws/install/px4_msgs/include/px4_msgs/px4_msgs/msg/detail/estimator_bias__type_support.h\n'}
[2.068812] (px4_msgs) StdoutLine: {'line': b'-- Up-to-date symlink: /home/prathamkelkar/ros2_ws/install/px4_msgs/include/px4_msgs/px4_msgs/msg/detail/estimator_event_flags__functions.h\n'}
[2.068972] (px4_msgs) StdoutLine: {'line': b'-- Up-to-date symlink: /home/prathamkelkar/ros2_ws/install/px4_msgs/include/px4_msgs/px4_msgs/msg/detail/estimator_event_flags__struct.h\n'}
[2.069197] (px4_msgs) StdoutLine: {'line': b'-- Up-to-date symlink: /home/prathamkelkar/ros2_ws/install/px4_msgs/include/px4_msgs/px4_msgs/msg/detail/estimator_event_flags__type_support.h\n'}
[2.069341] (px4_msgs) StdoutLine: {'line': b'-- Up-to-date symlink: /home/prathamkelkar/ros2_ws/install/px4_msgs/include/px4_msgs/px4_msgs/msg/detail/estimator_gps_status__functions.h\n'}
[2.069541] (px4_msgs) StdoutLine: {'line': b'-- Up-to-date symlink: /home/prathamkelkar/ros2_ws/install/px4_msgs/include/px4_msgs/px4_msgs/msg/detail/estimator_gps_status__struct.h\n'}
[2.069744] (px4_msgs) StdoutLine: {'line': b'-- Up-to-date symlink: /home/prathamkelkar/ros2_ws/install/px4_msgs/include/px4_msgs/px4_msgs/msg/detail/estimator_gps_status__type_support.h\n'}
[2.069906] (px4_msgs) StdoutLine: {'line': b'-- Up-to-date symlink: /home/prathamkelkar/ros2_ws/install/px4_msgs/include/px4_msgs/px4_msgs/msg/detail/estimator_innovations__functions.h\n'}
[2.070049] (px4_msgs) StdoutLine: {'line': b'-- Up-to-date symlink: /home/prathamkelkar/ros2_ws/install/px4_msgs/include/px4_msgs/px4_msgs/msg/detail/estimator_innovations__struct.h\n'}
[2.070275] (px4_msgs) StdoutLine: {'line': b'-- Up-to-date symlink: /home/prathamkelkar/ros2_ws/install/px4_msgs/include/px4_msgs/px4_msgs/msg/detail/estimator_innovations__type_support.h\n'}
[2.070429] (px4_msgs) StdoutLine: {'line': b'-- Up-to-date symlink: /home/prathamkelkar/ros2_ws/install/px4_msgs/include/px4_msgs/px4_msgs/msg/detail/estimator_selector_status__functions.h\n'}
[2.070669] (px4_msgs) StdoutLine: {'line': b'-- Up-to-date symlink: /home/prathamkelkar/ros2_ws/install/px4_msgs/include/px4_msgs/px4_msgs/msg/detail/estimator_selector_status__struct.h\n'}
[2.070826] (simple_quadcopter_teleop) StdoutLine: {'line': b'running egg_info\n'}
[2.071038] (px4_msgs) StdoutLine: {'line': b'-- Up-to-date symlink: /home/prathamkelkar/ros2_ws/install/px4_msgs/include/px4_msgs/px4_msgs/msg/detail/estimator_selector_status__type_support.h\n'}
[2.071210] (px4_msgs) StdoutLine: {'line': b'-- Up-to-date symlink: /home/prathamkelkar/ros2_ws/install/px4_msgs/include/px4_msgs/px4_msgs/msg/detail/estimator_sensor_bias__functions.h\n'}
[2.071358] (px4_msgs) StdoutLine: {'line': b'-- Up-to-date symlink: /home/prathamkelkar/ros2_ws/install/px4_msgs/include/px4_msgs/px4_msgs/msg/detail/estimator_sensor_bias__struct.h\n'}
[2.071464] (px4_msgs) StdoutLine: {'line': b'-- Up-to-date symlink: /home/prathamkelkar/ros2_ws/install/px4_msgs/include/px4_msgs/px4_msgs/msg/detail/estimator_sensor_bias__type_support.h\n'}
[2.071569] (px4_msgs) StdoutLine: {'line': b'-- Up-to-date symlink: /home/prathamkelkar/ros2_ws/install/px4_msgs/include/px4_msgs/px4_msgs/msg/detail/estimator_states__functions.h\n'}
[2.072135] (px4_msgs) StdoutLine: {'line': b'-- Up-to-date symlink: /home/prathamkelkar/ros2_ws/install/px4_msgs/include/px4_msgs/px4_msgs/msg/detail/estimator_states__struct.h\n'}
[2.072518] (px4_msgs) StdoutLine: {'line': b'-- Up-to-date symlink: /home/prathamkelkar/ros2_ws/install/px4_msgs/include/px4_msgs/px4_msgs/msg/detail/estimator_states__type_support.h\n'}
[2.072705] (px4_msgs) StdoutLine: {'line': b'-- Up-to-date symlink: /home/prathamkelkar/ros2_ws/install/px4_msgs/include/px4_msgs/px4_msgs/msg/detail/estimator_status__functions.h\n'}
[2.072847] (px4_msgs) StdoutLine: {'line': b'-- Up-to-date symlink: /home/prathamkelkar/ros2_ws/install/px4_msgs/include/px4_msgs/px4_msgs/msg/detail/estimator_status__struct.h\n'}
[2.072966] (px4_msgs) StdoutLine: {'line': b'-- Up-to-date symlink: /home/prathamkelkar/ros2_ws/install/px4_msgs/include/px4_msgs/px4_msgs/msg/detail/estimator_status__type_support.h\n'}
[2.073059] (px4_msgs) StdoutLine: {'line': b'-- Up-to-date symlink: /home/prathamkelkar/ros2_ws/install/px4_msgs/include/px4_msgs/px4_msgs/msg/detail/estimator_status_flags__functions.h\n'}
[2.073196] (px4_msgs) StdoutLine: {'line': b'-- Up-to-date symlink: /home/prathamkelkar/ros2_ws/install/px4_msgs/include/px4_msgs/px4_msgs/msg/detail/estimator_status_flags__struct.h\n'}
[2.073296] (px4_msgs) StdoutLine: {'line': b'-- Up-to-date symlink: /home/prathamkelkar/ros2_ws/install/px4_msgs/include/px4_msgs/px4_msgs/msg/detail/estimator_status_flags__type_support.h\n'}
[2.073507] (px4_msgs) StdoutLine: {'line': b'-- Up-to-date symlink: /home/prathamkelkar/ros2_ws/install/px4_msgs/include/px4_msgs/px4_msgs/msg/detail/event__functions.h\n'}
[2.073660] (px4_msgs) StdoutLine: {'line': b'-- Up-to-date symlink: /home/prathamkelkar/ros2_ws/install/px4_msgs/include/px4_msgs/px4_msgs/msg/detail/event__struct.h\n'}
[2.073836] (px4_msgs) StdoutLine: {'line': b'-- Up-to-date symlink: /home/prathamkelkar/ros2_ws/install/px4_msgs/include/px4_msgs/px4_msgs/msg/detail/event__type_support.h\n'}
[2.073980] (px4_msgs) StdoutLine: {'line': b'-- Up-to-date symlink: /home/prathamkelkar/ros2_ws/install/px4_msgs/include/px4_msgs/px4_msgs/msg/detail/failsafe_flags__functions.h\n'}
[2.074239] (px4_msgs) StdoutLine: {'line': b'-- Up-to-date symlink: /home/prathamkelkar/ros2_ws/install/px4_msgs/include/px4_msgs/px4_msgs/msg/detail/failsafe_flags__struct.h\n'}
[2.108580] (-) TimerEvent: {}
[2.109243] (px4_msgs) StdoutLine: {'line': b'-- Up-to-date symlink: /home/prathamkelkar/ros2_ws/install/px4_msgs/include/px4_msgs/px4_msgs/msg/detail/failsafe_flags__type_support.h\n'}
[2.109657] (px4_msgs) StdoutLine: {'line': b'-- Up-to-date symlink: /home/prathamkelkar/ros2_ws/install/px4_msgs/include/px4_msgs/px4_msgs/msg/detail/failure_detector_status__functions.h\n'}
[2.109917] (px4_msgs) StdoutLine: {'line': b'-- Up-to-date symlink: /home/prathamkelkar/ros2_ws/install/px4_msgs/include/px4_msgs/px4_msgs/msg/detail/failure_detector_status__struct.h\n'}
[2.110106] (px4_msgs) StdoutLine: {'line': b'-- Up-to-date symlink: /home/prathamkelkar/ros2_ws/install/px4_msgs/include/px4_msgs/px4_msgs/msg/detail/failure_detector_status__type_support.h\n'}
[2.110278] (px4_msgs) StdoutLine: {'line': b'-- Up-to-date symlink: /home/prathamkelkar/ros2_ws/install/px4_msgs/include/px4_msgs/px4_msgs/msg/detail/figure_eight_status__functions.h\n'}
[2.110509] (px4_msgs) StdoutLine: {'line': b'-- Up-to-date symlink: /home/prathamkelkar/ros2_ws/install/px4_msgs/include/px4_msgs/px4_msgs/msg/detail/figure_eight_status__struct.h\n'}
[2.110759] (px4_msgs) StdoutLine: {'line': b'-- Up-to-date symlink: /home/prathamkelkar/ros2_ws/install/px4_msgs/include/px4_msgs/px4_msgs/msg/detail/figure_eight_status__type_support.h\n'}
[2.110942] (px4_msgs) StdoutLine: {'line': b'-- Up-to-date symlink: /home/prathamkelkar/ros2_ws/install/px4_msgs/include/px4_msgs/px4_msgs/msg/detail/flight_phase_estimation__functions.h\n'}
[2.111099] (px4_msgs) StdoutLine: {'line': b'-- Up-to-date symlink: /home/prathamkelkar/ros2_ws/install/px4_msgs/include/px4_msgs/px4_msgs/msg/detail/flight_phase_estimation__struct.h\n'}
[2.111328] (px4_msgs) StdoutLine: {'line': b'-- Up-to-date symlink: /home/prathamkelkar/ros2_ws/install/px4_msgs/include/px4_msgs/px4_msgs/msg/detail/flight_phase_estimation__type_support.h\n'}
[2.111689] (px4_msgs) StdoutLine: {'line': b'-- Up-to-date symlink: /home/prathamkelkar/ros2_ws/install/px4_msgs/include/px4_msgs/px4_msgs/msg/detail/follow_target__functions.h\n'}
[2.112146] (px4_msgs) StdoutLine: {'line': b'-- Up-to-date symlink: /home/prathamkelkar/ros2_ws/install/px4_msgs/include/px4_msgs/px4_msgs/msg/detail/follow_target__struct.h\n'}
[2.112552] (px4_msgs) StdoutLine: {'line': b'-- Up-to-date symlink: /home/prathamkelkar/ros2_ws/install/px4_msgs/include/px4_msgs/px4_msgs/msg/detail/follow_target__type_support.h\n'}
[2.112860] (px4_msgs) StdoutLine: {'line': b'-- Up-to-date symlink: /home/prathamkelkar/ros2_ws/install/px4_msgs/include/px4_msgs/px4_msgs/msg/detail/follow_target_estimator__functions.h\n'}
[2.112997] (px4_msgs) StdoutLine: {'line': b'-- Up-to-date symlink: /home/prathamkelkar/ros2_ws/install/px4_msgs/include/px4_msgs/px4_msgs/msg/detail/follow_target_estimator__struct.h\n'}
[2.113124] (px4_msgs) StdoutLine: {'line': b'-- Up-to-date symlink: /home/prathamkelkar/ros2_ws/install/px4_msgs/include/px4_msgs/px4_msgs/msg/detail/follow_target_estimator__type_support.h\n'}
[2.113290] (px4_msgs) StdoutLine: {'line': b'-- Up-to-date symlink: /home/prathamkelkar/ros2_ws/install/px4_msgs/include/px4_msgs/px4_msgs/msg/detail/follow_target_status__functions.h\n'}
[2.113421] (px4_msgs) StdoutLine: {'line': b'-- Up-to-date symlink: /home/prathamkelkar/ros2_ws/install/px4_msgs/include/px4_msgs/px4_msgs/msg/detail/follow_target_status__struct.h\n'}
[2.113557] (px4_msgs) StdoutLine: {'line': b'-- Up-to-date symlink: /home/prathamkelkar/ros2_ws/install/px4_msgs/include/px4_msgs/px4_msgs/msg/detail/follow_target_status__type_support.h\n'}
[2.113686] (px4_msgs) StdoutLine: {'line': b'-- Up-to-date symlink: /home/prathamkelkar/ros2_ws/install/px4_msgs/include/px4_msgs/px4_msgs/msg/detail/generator_status__functions.h\n'}
[2.113855] (px4_msgs) StdoutLine: {'line': b'-- Up-to-date symlink: /home/prathamkelkar/ros2_ws/install/px4_msgs/include/px4_msgs/px4_msgs/msg/detail/generator_status__struct.h\n'}
[2.113969] (px4_msgs) StdoutLine: {'line': b'-- Up-to-date symlink: /home/prathamkelkar/ros2_ws/install/px4_msgs/include/px4_msgs/px4_msgs/msg/detail/generator_status__type_support.h\n'}
[2.114078] (px4_msgs) StdoutLine: {'line': b'-- Up-to-date symlink: /home/prathamkelkar/ros2_ws/install/px4_msgs/include/px4_msgs/px4_msgs/msg/detail/geofence_result__functions.h\n'}
[2.114187] (px4_msgs) StdoutLine: {'line': b'-- Up-to-date symlink: /home/prathamkelkar/ros2_ws/install/px4_msgs/include/px4_msgs/px4_msgs/msg/detail/geofence_result__struct.h\n'}
[2.114282] (px4_msgs) StdoutLine: {'line': b'-- Up-to-date symlink: /home/prathamkelkar/ros2_ws/install/px4_msgs/include/px4_msgs/px4_msgs/msg/detail/geofence_result__type_support.h\n'}
[2.114444] (px4_msgs) StdoutLine: {'line': b'-- Up-to-date symlink: /home/prathamkelkar/ros2_ws/install/px4_msgs/include/px4_msgs/px4_msgs/msg/detail/geofence_status__functions.h\n'}
[2.114537] (px4_msgs) StdoutLine: {'line': b'-- Up-to-date symlink: /home/prathamkelkar/ros2_ws/install/px4_msgs/include/px4_msgs/px4_msgs/msg/detail/geofence_status__struct.h\n'}
[2.114647] (px4_msgs) StdoutLine: {'line': b'-- Up-to-date symlink: /home/prathamkelkar/ros2_ws/install/px4_msgs/include/px4_msgs/px4_msgs/msg/detail/geofence_status__type_support.h\n'}
[2.114764] (px4_msgs) StdoutLine: {'line': b'-- Up-to-date symlink: /home/prathamkelkar/ros2_ws/install/px4_msgs/include/px4_msgs/px4_msgs/msg/detail/gimbal_controls__functions.h\n'}
[2.114866] (px4_msgs) StdoutLine: {'line': b'-- Up-to-date symlink: /home/prathamkelkar/ros2_ws/install/px4_msgs/include/px4_msgs/px4_msgs/msg/detail/gimbal_controls__struct.h\n'}
[2.114975] (px4_msgs) StdoutLine: {'line': b'-- Up-to-date symlink: /home/prathamkelkar/ros2_ws/install/px4_msgs/include/px4_msgs/px4_msgs/msg/detail/gimbal_controls__type_support.h\n'}
[2.115140] (px4_msgs) StdoutLine: {'line': b'-- Up-to-date symlink: /home/prathamkelkar/ros2_ws/install/px4_msgs/include/px4_msgs/px4_msgs/msg/detail/gimbal_device_attitude_status__functions.h\n'}
[2.115237] (px4_msgs) StdoutLine: {'line': b'-- Up-to-date symlink: /home/prathamkelkar/ros2_ws/install/px4_msgs/include/px4_msgs/px4_msgs/msg/detail/gimbal_device_attitude_status__struct.h\n'}
[2.115455] (px4_msgs) StdoutLine: {'line': b'-- Up-to-date symlink: /home/prathamkelkar/ros2_ws/install/px4_msgs/include/px4_msgs/px4_msgs/msg/detail/gimbal_device_attitude_status__type_support.h\n'}
[2.115656] (px4_msgs) StdoutLine: {'line': b'-- Up-to-date symlink: /home/prathamkelkar/ros2_ws/install/px4_msgs/include/px4_msgs/px4_msgs/msg/detail/gimbal_device_information__functions.h\n'}
[2.115891] (px4_msgs) StdoutLine: {'line': b'-- Up-to-date symlink: /home/prathamkelkar/ros2_ws/install/px4_msgs/include/px4_msgs/px4_msgs/msg/detail/gimbal_device_information__struct.h\n'}
[2.116105] (px4_msgs) StdoutLine: {'line': b'-- Up-to-date symlink: /home/prathamkelkar/ros2_ws/install/px4_msgs/include/px4_msgs/px4_msgs/msg/detail/gimbal_device_information__type_support.h\n'}
[2.116374] (px4_msgs) StdoutLine: {'line': b'-- Up-to-date symlink: /home/prathamkelkar/ros2_ws/install/px4_msgs/include/px4_msgs/px4_msgs/msg/detail/gimbal_device_set_attitude__functions.h\n'}
[2.116619] (px4_msgs) StdoutLine: {'line': b'-- Up-to-date symlink: /home/prathamkelkar/ros2_ws/install/px4_msgs/include/px4_msgs/px4_msgs/msg/detail/gimbal_device_set_attitude__struct.h\n'}
[2.116867] (px4_msgs) StdoutLine: {'line': b'-- Up-to-date symlink: /home/prathamkelkar/ros2_ws/install/px4_msgs/include/px4_msgs/px4_msgs/msg/detail/gimbal_device_set_attitude__type_support.h\n'}
[2.117122] (px4_msgs) StdoutLine: {'line': b'-- Up-to-date symlink: /home/prathamkelkar/ros2_ws/install/px4_msgs/include/px4_msgs/px4_msgs/msg/detail/gimbal_manager_information__functions.h\n'}
[2.117304] (px4_msgs) StdoutLine: {'line': b'-- Up-to-date symlink: /home/prathamkelkar/ros2_ws/install/px4_msgs/include/px4_msgs/px4_msgs/msg/detail/gimbal_manager_information__struct.h\n'}
[2.117487] (px4_msgs) StdoutLine: {'line': b'-- Up-to-date symlink: /home/prathamkelkar/ros2_ws/install/px4_msgs/include/px4_msgs/px4_msgs/msg/detail/gimbal_manager_information__type_support.h\n'}
[2.117772] (px4_msgs) StdoutLine: {'line': b'-- Up-to-date symlink: /home/prathamkelkar/ros2_ws/install/px4_msgs/include/px4_msgs/px4_msgs/msg/detail/gimbal_manager_set_attitude__functions.h\n'}
[2.118036] (px4_msgs) StdoutLine: {'line': b'-- Up-to-date symlink: /home/prathamkelkar/ros2_ws/install/px4_msgs/include/px4_msgs/px4_msgs/msg/detail/gimbal_manager_set_attitude__struct.h\n'}
[2.118213] (px4_msgs) StdoutLine: {'line': b'-- Up-to-date symlink: /home/prathamkelkar/ros2_ws/install/px4_msgs/include/px4_msgs/px4_msgs/msg/detail/gimbal_manager_set_attitude__type_support.h\n'}
[2.118443] (px4_msgs) StdoutLine: {'line': b'-- Up-to-date symlink: /home/prathamkelkar/ros2_ws/install/px4_msgs/include/px4_msgs/px4_msgs/msg/detail/gimbal_manager_set_manual_control__functions.h\n'}
[2.118559] (px4_msgs) StdoutLine: {'line': b'-- Up-to-date symlink: /home/prathamkelkar/ros2_ws/install/px4_msgs/include/px4_msgs/px4_msgs/msg/detail/gimbal_manager_set_manual_control__struct.h\n'}
[2.118759] (px4_msgs) StdoutLine: {'line': b'-- Up-to-date symlink: /home/prathamkelkar/ros2_ws/install/px4_msgs/include/px4_msgs/px4_msgs/msg/detail/gimbal_manager_set_manual_control__type_support.h\n'}
[2.118875] (px4_msgs) StdoutLine: {'line': b'-- Up-to-date symlink: /home/prathamkelkar/ros2_ws/install/px4_msgs/include/px4_msgs/px4_msgs/msg/detail/gimbal_manager_status__functions.h\n'}
[2.118975] (px4_msgs) StdoutLine: {'line': b'-- Up-to-date symlink: /home/prathamkelkar/ros2_ws/install/px4_msgs/include/px4_msgs/px4_msgs/msg/detail/gimbal_manager_status__struct.h\n'}
[2.119134] (px4_msgs) StdoutLine: {'line': b'-- Up-to-date symlink: /home/prathamkelkar/ros2_ws/install/px4_msgs/include/px4_msgs/px4_msgs/msg/detail/gimbal_manager_status__type_support.h\n'}
[2.119234] (px4_msgs) StdoutLine: {'line': b'-- Up-to-date symlink: /home/prathamkelkar/ros2_ws/install/px4_msgs/include/px4_msgs/px4_msgs/msg/detail/goto_setpoint__functions.h\n'}
[2.119332] (px4_msgs) StdoutLine: {'line': b'-- Up-to-date symlink: /home/prathamkelkar/ros2_ws/install/px4_msgs/include/px4_msgs/px4_msgs/msg/detail/goto_setpoint__struct.h\n'}
[2.119434] (px4_msgs) StdoutLine: {'line': b'-- Up-to-date symlink: /home/prathamkelkar/ros2_ws/install/px4_msgs/include/px4_msgs/px4_msgs/msg/detail/goto_setpoint__type_support.h\n'}
[2.119557] (px4_msgs) StdoutLine: {'line': b'-- Up-to-date symlink: /home/prathamkelkar/ros2_ws/install/px4_msgs/include/px4_msgs/px4_msgs/msg/detail/gpio_config__functions.h\n'}
[2.119660] (px4_msgs) StdoutLine: {'line': b'-- Up-to-date symlink: /home/prathamkelkar/ros2_ws/install/px4_msgs/include/px4_msgs/px4_msgs/msg/detail/gpio_config__struct.h\n'}
[2.119778] (px4_msgs) StdoutLine: {'line': b'-- Up-to-date symlink: /home/prathamkelkar/ros2_ws/install/px4_msgs/include/px4_msgs/px4_msgs/msg/detail/gpio_config__type_support.h\n'}
[2.119888] (px4_msgs) StdoutLine: {'line': b'-- Up-to-date symlink: /home/prathamkelkar/ros2_ws/install/px4_msgs/include/px4_msgs/px4_msgs/msg/detail/gpio_in__functions.h\n'}
[2.120041] (px4_msgs) StdoutLine: {'line': b'-- Up-to-date symlink: /home/prathamkelkar/ros2_ws/install/px4_msgs/include/px4_msgs/px4_msgs/msg/detail/gpio_in__struct.h\n'}
[2.120198] (px4_msgs) StdoutLine: {'line': b'-- Up-to-date symlink: /home/prathamkelkar/ros2_ws/install/px4_msgs/include/px4_msgs/px4_msgs/msg/detail/gpio_in__type_support.h\n'}
[2.120311] (px4_msgs) StdoutLine: {'line': b'-- Up-to-date symlink: /home/prathamkelkar/ros2_ws/install/px4_msgs/include/px4_msgs/px4_msgs/msg/detail/gpio_out__functions.h\n'}
[2.120412] (px4_msgs) StdoutLine: {'line': b'-- Up-to-date symlink: /home/prathamkelkar/ros2_ws/install/px4_msgs/include/px4_msgs/px4_msgs/msg/detail/gpio_out__struct.h\n'}
[2.120523] (px4_msgs) StdoutLine: {'line': b'-- Up-to-date symlink: /home/prathamkelkar/ros2_ws/install/px4_msgs/include/px4_msgs/px4_msgs/msg/detail/gpio_out__type_support.h\n'}
[2.120657] (px4_msgs) StdoutLine: {'line': b'-- Up-to-date symlink: /home/prathamkelkar/ros2_ws/install/px4_msgs/include/px4_msgs/px4_msgs/msg/detail/gpio_request__functions.h\n'}
[2.120993] (px4_msgs) StdoutLine: {'line': b'-- Up-to-date symlink: /home/prathamkelkar/ros2_ws/install/px4_msgs/include/px4_msgs/px4_msgs/msg/detail/gpio_request__struct.h\n'}
[2.121181] (px4_msgs) StdoutLine: {'line': b'-- Up-to-date symlink: /home/prathamkelkar/ros2_ws/install/px4_msgs/include/px4_msgs/px4_msgs/msg/detail/gpio_request__type_support.h\n'}
[2.121482] (px4_msgs) StdoutLine: {'line': b'-- Up-to-date symlink: /home/prathamkelkar/ros2_ws/install/px4_msgs/include/px4_msgs/px4_msgs/msg/detail/gps_dump__functions.h\n'}
[2.121789] (px4_msgs) StdoutLine: {'line': b'-- Up-to-date symlink: /home/prathamkelkar/ros2_ws/install/px4_msgs/include/px4_msgs/px4_msgs/msg/detail/gps_dump__struct.h\n'}
[2.121884] (px4_msgs) StdoutLine: {'line': b'-- Up-to-date symlink: /home/prathamkelkar/ros2_ws/install/px4_msgs/include/px4_msgs/px4_msgs/msg/detail/gps_dump__type_support.h\n'}
[2.122004] (px4_msgs) StdoutLine: {'line': b'-- Up-to-date symlink: /home/prathamkelkar/ros2_ws/install/px4_msgs/include/px4_msgs/px4_msgs/msg/detail/gps_inject_data__functions.h\n'}
[2.122097] (px4_msgs) StdoutLine: {'line': b'-- Up-to-date symlink: /home/prathamkelkar/ros2_ws/install/px4_msgs/include/px4_msgs/px4_msgs/msg/detail/gps_inject_data__struct.h\n'}
[2.122199] (px4_msgs) StdoutLine: {'line': b'-- Up-to-date symlink: /home/prathamkelkar/ros2_ws/install/px4_msgs/include/px4_msgs/px4_msgs/msg/detail/gps_inject_data__type_support.h\n'}
[2.122299] (px4_msgs) StdoutLine: {'line': b'-- Up-to-date symlink: /home/prathamkelkar/ros2_ws/install/px4_msgs/include/px4_msgs/px4_msgs/msg/detail/gripper__functions.h\n'}
[2.122399] (px4_msgs) StdoutLine: {'line': b'-- Up-to-date symlink: /home/prathamkelkar/ros2_ws/install/px4_msgs/include/px4_msgs/px4_msgs/msg/detail/gripper__struct.h\n'}
[2.122714] (px4_msgs) StdoutLine: {'line': b'-- Up-to-date symlink: /home/prathamkelkar/ros2_ws/install/px4_msgs/include/px4_msgs/px4_msgs/msg/detail/gripper__type_support.h\n'}
[2.123014] (px4_msgs) StdoutLine: {'line': b'-- Up-to-date symlink: /home/prathamkelkar/ros2_ws/install/px4_msgs/include/px4_msgs/px4_msgs/msg/detail/health_report__functions.h\n'}
[2.123179] (px4_msgs) StdoutLine: {'line': b'-- Up-to-date symlink: /home/prathamkelkar/ros2_ws/install/px4_msgs/include/px4_msgs/px4_msgs/msg/detail/health_report__struct.h\n'}
[2.123490] (px4_msgs) StdoutLine: {'line': b'-- Up-to-date symlink: /home/prathamkelkar/ros2_ws/install/px4_msgs/include/px4_msgs/px4_msgs/msg/detail/health_report__type_support.h\n'}
[2.123652] (px4_msgs) StdoutLine: {'line': b'-- Up-to-date symlink: /home/prathamkelkar/ros2_ws/install/px4_msgs/include/px4_msgs/px4_msgs/msg/detail/heater_status__functions.h\n'}
[2.124145] (px4_msgs) StdoutLine: {'line': b'-- Up-to-date symlink: /home/prathamkelkar/ros2_ws/install/px4_msgs/include/px4_msgs/px4_msgs/msg/detail/heater_status__struct.h\n'}
[2.124490] (px4_msgs) StdoutLine: {'line': b'-- Up-to-date symlink: /home/prathamkelkar/ros2_ws/install/px4_msgs/include/px4_msgs/px4_msgs/msg/detail/heater_status__type_support.h\n'}
[2.124696] (px4_msgs) StdoutLine: {'line': b'-- Up-to-date symlink: /home/prathamkelkar/ros2_ws/install/px4_msgs/include/px4_msgs/px4_msgs/msg/detail/home_position__functions.h\n'}
[2.124831] (px4_msgs) StdoutLine: {'line': b'-- Up-to-date symlink: /home/prathamkelkar/ros2_ws/install/px4_msgs/include/px4_msgs/px4_msgs/msg/detail/home_position__struct.h\n'}
[2.125439] (px4_msgs) StdoutLine: {'line': b'-- Up-to-date symlink: /home/prathamkelkar/ros2_ws/install/px4_msgs/include/px4_msgs/px4_msgs/msg/detail/home_position__type_support.h\n'}
[2.126005] (px4_msgs) StdoutLine: {'line': b'-- Up-to-date symlink: /home/prathamkelkar/ros2_ws/install/px4_msgs/include/px4_msgs/px4_msgs/msg/detail/hover_thrust_estimate__functions.h\n'}
[2.126175] (px4_msgs) StdoutLine: {'line': b'-- Up-to-date symlink: /home/prathamkelkar/ros2_ws/install/px4_msgs/include/px4_msgs/px4_msgs/msg/detail/hover_thrust_estimate__struct.h\n'}
[2.126296] (px4_msgs) StdoutLine: {'line': b'-- Up-to-date symlink: /home/prathamkelkar/ros2_ws/install/px4_msgs/include/px4_msgs/px4_msgs/msg/detail/hover_thrust_estimate__type_support.h\n'}
[2.126462] (px4_msgs) StdoutLine: {'line': b'-- Up-to-date symlink: /home/prathamkelkar/ros2_ws/install/px4_msgs/include/px4_msgs/px4_msgs/msg/detail/input_rc__functions.h\n'}
[2.127347] (px4_msgs) StdoutLine: {'line': b'-- Up-to-date symlink: /home/prathamkelkar/ros2_ws/install/px4_msgs/include/px4_msgs/px4_msgs/msg/detail/input_rc__struct.h\n'}
[2.128327] (px4_msgs) StdoutLine: {'line': b'-- Up-to-date symlink: /home/prathamkelkar/ros2_ws/install/px4_msgs/include/px4_msgs/px4_msgs/msg/detail/input_rc__type_support.h\n'}
[2.129036] (px4_msgs) StdoutLine: {'line': b'-- Up-to-date symlink: /home/prathamkelkar/ros2_ws/install/px4_msgs/include/px4_msgs/px4_msgs/msg/detail/internal_combustion_engine_status__functions.h\n'}
[2.129267] (px4_msgs) StdoutLine: {'line': b'-- Up-to-date symlink: /home/prathamkelkar/ros2_ws/install/px4_msgs/include/px4_msgs/px4_msgs/msg/detail/internal_combustion_engine_status__struct.h\n'}
[2.129435] (px4_msgs) StdoutLine: {'line': b'-- Up-to-date symlink: /home/prathamkelkar/ros2_ws/install/px4_msgs/include/px4_msgs/px4_msgs/msg/detail/internal_combustion_engine_status__type_support.h\n'}
[2.129594] (px4_msgs) StdoutLine: {'line': b'-- Up-to-date symlink: /home/prathamkelkar/ros2_ws/install/px4_msgs/include/px4_msgs/px4_msgs/msg/detail/iridiumsbd_status__functions.h\n'}
[2.130346] (px4_msgs) StdoutLine: {'line': b'-- Up-to-date symlink: /home/prathamkelkar/ros2_ws/install/px4_msgs/include/px4_msgs/px4_msgs/msg/detail/iridiumsbd_status__struct.h\n'}
[2.130716] (px4_msgs) StdoutLine: {'line': b'-- Up-to-date symlink: /home/prathamkelkar/ros2_ws/install/px4_msgs/include/px4_msgs/px4_msgs/msg/detail/iridiumsbd_status__type_support.h\n'}
[2.130920] (px4_msgs) StdoutLine: {'line': b'-- Up-to-date symlink: /home/prathamkelkar/ros2_ws/install/px4_msgs/include/px4_msgs/px4_msgs/msg/detail/irlock_report__functions.h\n'}
[2.131078] (px4_msgs) StdoutLine: {'line': b'-- Up-to-date symlink: /home/prathamkelkar/ros2_ws/install/px4_msgs/include/px4_msgs/px4_msgs/msg/detail/irlock_report__struct.h\n'}
[2.131753] (px4_msgs) StdoutLine: {'line': b'-- Up-to-date symlink: /home/prathamkelkar/ros2_ws/install/px4_msgs/include/px4_msgs/px4_msgs/msg/detail/irlock_report__type_support.h\n'}
[2.132202] (px4_msgs) StdoutLine: {'line': b'-- Up-to-date symlink: /home/prathamkelkar/ros2_ws/install/px4_msgs/include/px4_msgs/px4_msgs/msg/detail/landing_gear__functions.h\n'}
[2.132693] (simple_quadcopter_teleop) StdoutLine: {'line': b'writing simple_quadcopter_teleop.egg-info/PKG-INFO\n'}
[2.133381] (simple_quadcopter_teleop) StdoutLine: {'line': b'writing dependency_links to simple_quadcopter_teleop.egg-info/dependency_links.txt\n'}
[2.133534] (simple_quadcopter_teleop) StdoutLine: {'line': b'writing entry points to simple_quadcopter_teleop.egg-info/entry_points.txt\n'}
[2.133661] (simple_quadcopter_teleop) StdoutLine: {'line': b'writing requirements to simple_quadcopter_teleop.egg-info/requires.txt\n'}
[2.133845] (simple_quadcopter_teleop) StdoutLine: {'line': b'writing top-level names to simple_quadcopter_teleop.egg-info/top_level.txt\n'}
[2.133963] (px4_msgs) StdoutLine: {'line': b'-- Up-to-date symlink: /home/prathamkelkar/ros2_ws/install/px4_msgs/include/px4_msgs/px4_msgs/msg/detail/landing_gear__struct.h\n'}
[2.134090] (px4_msgs) StdoutLine: {'line': b'-- Up-to-date symlink: /home/prathamkelkar/ros2_ws/install/px4_msgs/include/px4_msgs/px4_msgs/msg/detail/landing_gear__type_support.h\n'}
[2.134275] (px4_msgs) StdoutLine: {'line': b'-- Up-to-date symlink: /home/prathamkelkar/ros2_ws/install/px4_msgs/include/px4_msgs/px4_msgs/msg/detail/landing_gear_wheel__functions.h\n'}
[2.134699] (px4_msgs) StdoutLine: {'line': b'-- Up-to-date symlink: /home/prathamkelkar/ros2_ws/install/px4_msgs/include/px4_msgs/px4_msgs/msg/detail/landing_gear_wheel__struct.h\n'}
[2.134849] (px4_msgs) StdoutLine: {'line': b'-- Up-to-date symlink: /home/prathamkelkar/ros2_ws/install/px4_msgs/include/px4_msgs/px4_msgs/msg/detail/landing_gear_wheel__type_support.h\n'}
[2.135027] (px4_msgs) StdoutLine: {'line': b'-- Up-to-date symlink: /home/prathamkelkar/ros2_ws/install/px4_msgs/include/px4_msgs/px4_msgs/msg/detail/landing_target_innovations__functions.h\n'}
[2.135389] (px4_msgs) StdoutLine: {'line': b'-- Up-to-date symlink: /home/prathamkelkar/ros2_ws/install/px4_msgs/include/px4_msgs/px4_msgs/msg/detail/landing_target_innovations__struct.h\n'}
[2.135627] (px4_msgs) StdoutLine: {'line': b'-- Up-to-date symlink: /home/prathamkelkar/ros2_ws/install/px4_msgs/include/px4_msgs/px4_msgs/msg/detail/landing_target_innovations__type_support.h\n'}
[2.135850] (px4_msgs) StdoutLine: {'line': b'-- Up-to-date symlink: /home/prathamkelkar/ros2_ws/install/px4_msgs/include/px4_msgs/px4_msgs/msg/detail/landing_target_pose__functions.h\n'}
[2.136156] (px4_msgs) StdoutLine: {'line': b'-- Up-to-date symlink: /home/prathamkelkar/ros2_ws/install/px4_msgs/include/px4_msgs/px4_msgs/msg/detail/landing_target_pose__struct.h\n'}
[2.136337] (px4_msgs) StdoutLine: {'line': b'-- Up-to-date symlink: /home/prathamkelkar/ros2_ws/install/px4_msgs/include/px4_msgs/px4_msgs/msg/detail/landing_target_pose__type_support.h\n'}
[2.136443] (px4_msgs) StdoutLine: {'line': b'-- Up-to-date symlink: /home/prathamkelkar/ros2_ws/install/px4_msgs/include/px4_msgs/px4_msgs/msg/detail/launch_detection_status__functions.h\n'}
[2.136544] (px4_msgs) StdoutLine: {'line': b'-- Up-to-date symlink: /home/prathamkelkar/ros2_ws/install/px4_msgs/include/px4_msgs/px4_msgs/msg/detail/launch_detection_status__struct.h\n'}
[2.136629] (px4_msgs) StdoutLine: {'line': b'-- Up-to-date symlink: /home/prathamkelkar/ros2_ws/install/px4_msgs/include/px4_msgs/px4_msgs/msg/detail/launch_detection_status__type_support.h\n'}
[2.136713] (px4_msgs) StdoutLine: {'line': b'-- Up-to-date symlink: /home/prathamkelkar/ros2_ws/install/px4_msgs/include/px4_msgs/px4_msgs/msg/detail/led_control__functions.h\n'}
[2.136786] (px4_msgs) StdoutLine: {'line': b'-- Up-to-date symlink: /home/prathamkelkar/ros2_ws/install/px4_msgs/include/px4_msgs/px4_msgs/msg/detail/led_control__struct.h\n'}
[2.136857] (px4_msgs) StdoutLine: {'line': b'-- Up-to-date symlink: /home/prathamkelkar/ros2_ws/install/px4_msgs/include/px4_msgs/px4_msgs/msg/detail/led_control__type_support.h\n'}
[2.136927] (px4_msgs) StdoutLine: {'line': b'-- Up-to-date symlink: /home/prathamkelkar/ros2_ws/install/px4_msgs/include/px4_msgs/px4_msgs/msg/detail/log_message__functions.h\n'}
[2.136994] (px4_msgs) StdoutLine: {'line': b'-- Up-to-date symlink: /home/prathamkelkar/ros2_ws/install/px4_msgs/include/px4_msgs/px4_msgs/msg/detail/log_message__struct.h\n'}
[2.137064] (px4_msgs) StdoutLine: {'line': b'-- Up-to-date symlink: /home/prathamkelkar/ros2_ws/install/px4_msgs/include/px4_msgs/px4_msgs/msg/detail/log_message__type_support.h\n'}
[2.137129] (px4_msgs) StdoutLine: {'line': b'-- Up-to-date symlink: /home/prathamkelkar/ros2_ws/install/px4_msgs/include/px4_msgs/px4_msgs/msg/detail/logger_status__functions.h\n'}
[2.137212] (px4_msgs) StdoutLine: {'line': b'-- Up-to-date symlink: /home/prathamkelkar/ros2_ws/install/px4_msgs/include/px4_msgs/px4_msgs/msg/detail/logger_status__struct.h\n'}
[2.137276] (px4_msgs) StdoutLine: {'line': b'-- Up-to-date symlink: /home/prathamkelkar/ros2_ws/install/px4_msgs/include/px4_msgs/px4_msgs/msg/detail/logger_status__type_support.h\n'}
[2.137347] (px4_msgs) StdoutLine: {'line': b'-- Up-to-date symlink: /home/prathamkelkar/ros2_ws/install/px4_msgs/include/px4_msgs/px4_msgs/msg/detail/mag_worker_data__functions.h\n'}
[2.137410] (px4_msgs) StdoutLine: {'line': b'-- Up-to-date symlink: /home/prathamkelkar/ros2_ws/install/px4_msgs/include/px4_msgs/px4_msgs/msg/detail/mag_worker_data__struct.h\n'}
[2.137473] (px4_msgs) StdoutLine: {'line': b'-- Up-to-date symlink: /home/prathamkelkar/ros2_ws/install/px4_msgs/include/px4_msgs/px4_msgs/msg/detail/mag_worker_data__type_support.h\n'}
[2.137536] (px4_msgs) StdoutLine: {'line': b'-- Up-to-date symlink: /home/prathamkelkar/ros2_ws/install/px4_msgs/include/px4_msgs/px4_msgs/msg/detail/magnetometer_bias_estimate__functions.h\n'}
[2.137600] (px4_msgs) StdoutLine: {'line': b'-- Up-to-date symlink: /home/prathamkelkar/ros2_ws/install/px4_msgs/include/px4_msgs/px4_msgs/msg/detail/magnetometer_bias_estimate__struct.h\n'}
[2.137663] (px4_msgs) StdoutLine: {'line': b'-- Up-to-date symlink: /home/prathamkelkar/ros2_ws/install/px4_msgs/include/px4_msgs/px4_msgs/msg/detail/magnetometer_bias_estimate__type_support.h\n'}
[2.137732] (px4_msgs) StdoutLine: {'line': b'-- Up-to-date symlink: /home/prathamkelkar/ros2_ws/install/px4_msgs/include/px4_msgs/px4_msgs/msg/detail/manual_control_setpoint__functions.h\n'}
[2.137796] (px4_msgs) StdoutLine: {'line': b'-- Up-to-date symlink: /home/prathamkelkar/ros2_ws/install/px4_msgs/include/px4_msgs/px4_msgs/msg/detail/manual_control_setpoint__struct.h\n'}
[2.137860] (px4_msgs) StdoutLine: {'line': b'-- Up-to-date symlink: /home/prathamkelkar/ros2_ws/install/px4_msgs/include/px4_msgs/px4_msgs/msg/detail/manual_control_setpoint__type_support.h\n'}
[2.137932] (px4_msgs) StdoutLine: {'line': b'-- Up-to-date symlink: /home/prathamkelkar/ros2_ws/install/px4_msgs/include/px4_msgs/px4_msgs/msg/detail/manual_control_switches__functions.h\n'}
[2.137996] (px4_msgs) StdoutLine: {'line': b'-- Up-to-date symlink: /home/prathamkelkar/ros2_ws/install/px4_msgs/include/px4_msgs/px4_msgs/msg/detail/manual_control_switches__struct.h\n'}
[2.138057] (px4_msgs) StdoutLine: {'line': b'-- Up-to-date symlink: /home/prathamkelkar/ros2_ws/install/px4_msgs/include/px4_msgs/px4_msgs/msg/detail/manual_control_switches__type_support.h\n'}
[2.138127] (px4_msgs) StdoutLine: {'line': b'-- Up-to-date symlink: /home/prathamkelkar/ros2_ws/install/px4_msgs/include/px4_msgs/px4_msgs/msg/detail/mavlink_log__functions.h\n'}
[2.138196] (px4_msgs) StdoutLine: {'line': b'-- Up-to-date symlink: /home/prathamkelkar/ros2_ws/install/px4_msgs/include/px4_msgs/px4_msgs/msg/detail/mavlink_log__struct.h\n'}
[2.138624] (px4_msgs) StdoutLine: {'line': b'-- Up-to-date symlink: /home/prathamkelkar/ros2_ws/install/px4_msgs/include/px4_msgs/px4_msgs/msg/detail/mavlink_log__type_support.h\n'}
[2.138781] (px4_msgs) StdoutLine: {'line': b'-- Up-to-date symlink: /home/prathamkelkar/ros2_ws/install/px4_msgs/include/px4_msgs/px4_msgs/msg/detail/mavlink_tunnel__functions.h\n'}
[2.139035] (px4_msgs) StdoutLine: {'line': b'-- Up-to-date symlink: /home/prathamkelkar/ros2_ws/install/px4_msgs/include/px4_msgs/px4_msgs/msg/detail/mavlink_tunnel__struct.h\n'}
[2.139185] (px4_msgs) StdoutLine: {'line': b'-- Up-to-date symlink: /home/prathamkelkar/ros2_ws/install/px4_msgs/include/px4_msgs/px4_msgs/msg/detail/mavlink_tunnel__type_support.h\n'}
[2.139278] (px4_msgs) StdoutLine: {'line': b'-- Up-to-date symlink: /home/prathamkelkar/ros2_ws/install/px4_msgs/include/px4_msgs/px4_msgs/msg/detail/message_format_request__functions.h\n'}
[2.139367] (px4_msgs) StdoutLine: {'line': b'-- Up-to-date symlink: /home/prathamkelkar/ros2_ws/install/px4_msgs/include/px4_msgs/px4_msgs/msg/detail/message_format_request__struct.h\n'}
[2.139474] (px4_msgs) StdoutLine: {'line': b'-- Up-to-date symlink: /home/prathamkelkar/ros2_ws/install/px4_msgs/include/px4_msgs/px4_msgs/msg/detail/message_format_request__type_support.h\n'}
[2.139638] (px4_msgs) StdoutLine: {'line': b'-- Up-to-date symlink: /home/prathamkelkar/ros2_ws/install/px4_msgs/include/px4_msgs/px4_msgs/msg/detail/message_format_response__functions.h\n'}
[2.139727] (px4_msgs) StdoutLine: {'line': b'-- Up-to-date symlink: /home/prathamkelkar/ros2_ws/install/px4_msgs/include/px4_msgs/px4_msgs/msg/detail/message_format_response__struct.h\n'}
[2.139808] (px4_msgs) StdoutLine: {'line': b'-- Up-to-date symlink: /home/prathamkelkar/ros2_ws/install/px4_msgs/include/px4_msgs/px4_msgs/msg/detail/message_format_response__type_support.h\n'}
[2.140308] (px4_msgs) StdoutLine: {'line': b'-- Up-to-date symlink: /home/prathamkelkar/ros2_ws/install/px4_msgs/include/px4_msgs/px4_msgs/msg/detail/mission__functions.h\n'}
[2.140445] (px4_msgs) StdoutLine: {'line': b'-- Up-to-date symlink: /home/prathamkelkar/ros2_ws/install/px4_msgs/include/px4_msgs/px4_msgs/msg/detail/mission__struct.h\n'}
[2.140537] (px4_msgs) StdoutLine: {'line': b'-- Up-to-date symlink: /home/prathamkelkar/ros2_ws/install/px4_msgs/include/px4_msgs/px4_msgs/msg/detail/mission__type_support.h\n'}
[2.140620] (px4_msgs) StdoutLine: {'line': b'-- Up-to-date symlink: /home/prathamkelkar/ros2_ws/install/px4_msgs/include/px4_msgs/px4_msgs/msg/detail/mission_result__functions.h\n'}
[2.141073] (px4_msgs) StdoutLine: {'line': b'-- Up-to-date symlink: /home/prathamkelkar/ros2_ws/install/px4_msgs/include/px4_msgs/px4_msgs/msg/detail/mission_result__struct.h\n'}
[2.141230] (px4_msgs) StdoutLine: {'line': b'-- Up-to-date symlink: /home/prathamkelkar/ros2_ws/install/px4_msgs/include/px4_msgs/px4_msgs/msg/detail/mission_result__type_support.h\n'}
[2.141483] (px4_msgs) StdoutLine: {'line': b'-- Up-to-date symlink: /home/prathamkelkar/ros2_ws/install/px4_msgs/include/px4_msgs/px4_msgs/msg/detail/mode_completed__functions.h\n'}
[2.141593] (px4_msgs) StdoutLine: {'line': b'-- Up-to-date symlink: /home/prathamkelkar/ros2_ws/install/px4_msgs/include/px4_msgs/px4_msgs/msg/detail/mode_completed__struct.h\n'}
[2.141683] (px4_msgs) StdoutLine: {'line': b'-- Up-to-date symlink: /home/prathamkelkar/ros2_ws/install/px4_msgs/include/px4_msgs/px4_msgs/msg/detail/mode_completed__type_support.h\n'}
[2.141762] (px4_msgs) StdoutLine: {'line': b'-- Up-to-date symlink: /home/prathamkelkar/ros2_ws/install/px4_msgs/include/px4_msgs/px4_msgs/msg/detail/mount_orientation__functions.h\n'}
[2.142197] (px4_msgs) StdoutLine: {'line': b'-- Up-to-date symlink: /home/prathamkelkar/ros2_ws/install/px4_msgs/include/px4_msgs/px4_msgs/msg/detail/mount_orientation__struct.h\n'}
[2.142325] (px4_msgs) StdoutLine: {'line': b'-- Up-to-date symlink: /home/prathamkelkar/ros2_ws/install/px4_msgs/include/px4_msgs/px4_msgs/msg/detail/mount_orientation__type_support.h\n'}
[2.142419] (px4_msgs) StdoutLine: {'line': b'-- Up-to-date symlink: /home/prathamkelkar/ros2_ws/install/px4_msgs/include/px4_msgs/px4_msgs/msg/detail/navigator_mission_item__functions.h\n'}
[2.142510] (px4_msgs) StdoutLine: {'line': b'-- Up-to-date symlink: /home/prathamkelkar/ros2_ws/install/px4_msgs/include/px4_msgs/px4_msgs/msg/detail/navigator_mission_item__struct.h\n'}
[2.142689] (px4_msgs) StdoutLine: {'line': b'-- Up-to-date symlink: /home/prathamkelkar/ros2_ws/install/px4_msgs/include/px4_msgs/px4_msgs/msg/detail/navigator_mission_item__type_support.h\n'}
[2.142821] (px4_msgs) StdoutLine: {'line': b'-- Up-to-date symlink: /home/prathamkelkar/ros2_ws/install/px4_msgs/include/px4_msgs/px4_msgs/msg/detail/normalized_unsigned_setpoint__functions.h\n'}
[2.142931] (px4_msgs) StdoutLine: {'line': b'-- Up-to-date symlink: /home/prathamkelkar/ros2_ws/install/px4_msgs/include/px4_msgs/px4_msgs/msg/detail/normalized_unsigned_setpoint__struct.h\n'}
[2.143054] (px4_msgs) StdoutLine: {'line': b'-- Up-to-date symlink: /home/prathamkelkar/ros2_ws/install/px4_msgs/include/px4_msgs/px4_msgs/msg/detail/normalized_unsigned_setpoint__type_support.h\n'}
[2.143167] (px4_msgs) StdoutLine: {'line': b'-- Up-to-date symlink: /home/prathamkelkar/ros2_ws/install/px4_msgs/include/px4_msgs/px4_msgs/msg/detail/npfg_status__functions.h\n'}
[2.143253] (px4_msgs) StdoutLine: {'line': b'-- Up-to-date symlink: /home/prathamkelkar/ros2_ws/install/px4_msgs/include/px4_msgs/px4_msgs/msg/detail/npfg_status__struct.h\n'}
[2.143344] (px4_msgs) StdoutLine: {'line': b'-- Up-to-date symlink: /home/prathamkelkar/ros2_ws/install/px4_msgs/include/px4_msgs/px4_msgs/msg/detail/npfg_status__type_support.h\n'}
[2.143419] (px4_msgs) StdoutLine: {'line': b'-- Up-to-date symlink: /home/prathamkelkar/ros2_ws/install/px4_msgs/include/px4_msgs/px4_msgs/msg/detail/obstacle_distance__functions.h\n'}
[2.143554] (px4_msgs) StdoutLine: {'line': b'-- Up-to-date symlink: /home/prathamkelkar/ros2_ws/install/px4_msgs/include/px4_msgs/px4_msgs/msg/detail/obstacle_distance__struct.h\n'}
[2.143637] (px4_msgs) StdoutLine: {'line': b'-- Up-to-date symlink: /home/prathamkelkar/ros2_ws/install/px4_msgs/include/px4_msgs/px4_msgs/msg/detail/obstacle_distance__type_support.h\n'}
[2.143719] (px4_msgs) StdoutLine: {'line': b'-- Up-to-date symlink: /home/prathamkelkar/ros2_ws/install/px4_msgs/include/px4_msgs/px4_msgs/msg/detail/offboard_control_mode__functions.h\n'}
[2.143792] (px4_msgs) StdoutLine: {'line': b'-- Up-to-date symlink: /home/prathamkelkar/ros2_ws/install/px4_msgs/include/px4_msgs/px4_msgs/msg/detail/offboard_control_mode__struct.h\n'}
[2.143875] (px4_msgs) StdoutLine: {'line': b'-- Up-to-date symlink: /home/prathamkelkar/ros2_ws/install/px4_msgs/include/px4_msgs/px4_msgs/msg/detail/offboard_control_mode__type_support.h\n'}
[2.143958] (px4_msgs) StdoutLine: {'line': b'-- Up-to-date symlink: /home/prathamkelkar/ros2_ws/install/px4_msgs/include/px4_msgs/px4_msgs/msg/detail/onboard_computer_status__functions.h\n'}
[2.144042] (px4_msgs) StdoutLine: {'line': b'-- Up-to-date symlink: /home/prathamkelkar/ros2_ws/install/px4_msgs/include/px4_msgs/px4_msgs/msg/detail/onboard_computer_status__struct.h\n'}
[2.144130] (px4_msgs) StdoutLine: {'line': b'-- Up-to-date symlink: /home/prathamkelkar/ros2_ws/install/px4_msgs/include/px4_msgs/px4_msgs/msg/detail/onboard_computer_status__type_support.h\n'}
[2.144212] (px4_msgs) StdoutLine: {'line': b'-- Up-to-date symlink: /home/prathamkelkar/ros2_ws/install/px4_msgs/include/px4_msgs/px4_msgs/msg/detail/orb_test__functions.h\n'}
[2.144463] (px4_msgs) StdoutLine: {'line': b'-- Up-to-date symlink: /home/prathamkelkar/ros2_ws/install/px4_msgs/include/px4_msgs/px4_msgs/msg/detail/orb_test__struct.h\n'}
[2.144571] (px4_msgs) StdoutLine: {'line': b'-- Up-to-date symlink: /home/prathamkelkar/ros2_ws/install/px4_msgs/include/px4_msgs/px4_msgs/msg/detail/orb_test__type_support.h\n'}
[2.144686] (px4_msgs) StdoutLine: {'line': b'-- Up-to-date symlink: /home/prathamkelkar/ros2_ws/install/px4_msgs/include/px4_msgs/px4_msgs/msg/detail/orb_test_large__functions.h\n'}
[2.144768] (px4_msgs) StdoutLine: {'line': b'-- Up-to-date symlink: /home/prathamkelkar/ros2_ws/install/px4_msgs/include/px4_msgs/px4_msgs/msg/detail/orb_test_large__struct.h\n'}
[2.144879] (px4_msgs) StdoutLine: {'line': b'-- Up-to-date symlink: /home/prathamkelkar/ros2_ws/install/px4_msgs/include/px4_msgs/px4_msgs/msg/detail/orb_test_large__type_support.h\n'}
[2.144954] (px4_msgs) StdoutLine: {'line': b'-- Up-to-date symlink: /home/prathamkelkar/ros2_ws/install/px4_msgs/include/px4_msgs/px4_msgs/msg/detail/orb_test_medium__functions.h\n'}
[2.145030] (px4_msgs) StdoutLine: {'line': b'-- Up-to-date symlink: /home/prathamkelkar/ros2_ws/install/px4_msgs/include/px4_msgs/px4_msgs/msg/detail/orb_test_medium__struct.h\n'}
[2.145112] (px4_msgs) StdoutLine: {'line': b'-- Up-to-date symlink: /home/prathamkelkar/ros2_ws/install/px4_msgs/include/px4_msgs/px4_msgs/msg/detail/orb_test_medium__type_support.h\n'}
[2.145213] (px4_msgs) StdoutLine: {'line': b'-- Up-to-date symlink: /home/prathamkelkar/ros2_ws/install/px4_msgs/include/px4_msgs/px4_msgs/msg/detail/orbit_status__functions.h\n'}
[2.145667] (px4_msgs) StdoutLine: {'line': b'-- Up-to-date symlink: /home/prathamkelkar/ros2_ws/install/px4_msgs/include/px4_msgs/px4_msgs/msg/detail/orbit_status__struct.h\n'}
[2.145972] (px4_msgs) StdoutLine: {'line': b'-- Up-to-date symlink: /home/prathamkelkar/ros2_ws/install/px4_msgs/include/px4_msgs/px4_msgs/msg/detail/orbit_status__type_support.h\n'}
[2.146077] (px4_msgs) StdoutLine: {'line': b'-- Up-to-date symlink: /home/prathamkelkar/ros2_ws/install/px4_msgs/include/px4_msgs/px4_msgs/msg/detail/parameter_reset_request__functions.h\n'}
[2.146175] (px4_msgs) StdoutLine: {'line': b'-- Up-to-date symlink: /home/prathamkelkar/ros2_ws/install/px4_msgs/include/px4_msgs/px4_msgs/msg/detail/parameter_reset_request__struct.h\n'}
[2.146275] (px4_msgs) StdoutLine: {'line': b'-- Up-to-date symlink: /home/prathamkelkar/ros2_ws/install/px4_msgs/include/px4_msgs/px4_msgs/msg/detail/parameter_reset_request__type_support.h\n'}
[2.146377] (px4_msgs) StdoutLine: {'line': b'-- Up-to-date symlink: /home/prathamkelkar/ros2_ws/install/px4_msgs/include/px4_msgs/px4_msgs/msg/detail/parameter_set_used_request__functions.h\n'}
[2.146474] (px4_msgs) StdoutLine: {'line': b'-- Up-to-date symlink: /home/prathamkelkar/ros2_ws/install/px4_msgs/include/px4_msgs/px4_msgs/msg/detail/parameter_set_used_request__struct.h\n'}
[2.146571] (px4_msgs) StdoutLine: {'line': b'-- Up-to-date symlink: /home/prathamkelkar/ros2_ws/install/px4_msgs/include/px4_msgs/px4_msgs/msg/detail/parameter_set_used_request__type_support.h\n'}
[2.146698] (px4_msgs) StdoutLine: {'line': b'-- Up-to-date symlink: /home/prathamkelkar/ros2_ws/install/px4_msgs/include/px4_msgs/px4_msgs/msg/detail/parameter_set_value_request__functions.h\n'}
[2.147557] (px4_msgs) StdoutLine: {'line': b'-- Up-to-date symlink: /home/prathamkelkar/ros2_ws/install/px4_msgs/include/px4_msgs/px4_msgs/msg/detail/parameter_set_value_request__struct.h\n'}
[2.147915] (px4_msgs) StdoutLine: {'line': b'-- Up-to-date symlink: /home/prathamkelkar/ros2_ws/install/px4_msgs/include/px4_msgs/px4_msgs/msg/detail/parameter_set_value_request__type_support.h\n'}
[2.148239] (px4_msgs) StdoutLine: {'line': b'-- Up-to-date symlink: /home/prathamkelkar/ros2_ws/install/px4_msgs/include/px4_msgs/px4_msgs/msg/detail/parameter_set_value_response__functions.h\n'}
[2.148401] (px4_msgs) StdoutLine: {'line': b'-- Up-to-date symlink: /home/prathamkelkar/ros2_ws/install/px4_msgs/include/px4_msgs/px4_msgs/msg/detail/parameter_set_value_response__struct.h\n'}
[2.148516] (px4_msgs) StdoutLine: {'line': b'-- Up-to-date symlink: /home/prathamkelkar/ros2_ws/install/px4_msgs/include/px4_msgs/px4_msgs/msg/detail/parameter_set_value_response__type_support.h\n'}
[2.148650] (px4_msgs) StdoutLine: {'line': b'-- Up-to-date symlink: /home/prathamkelkar/ros2_ws/install/px4_msgs/include/px4_msgs/px4_msgs/msg/detail/parameter_update__functions.h\n'}
[2.148926] (px4_msgs) StdoutLine: {'line': b'-- Up-to-date symlink: /home/prathamkelkar/ros2_ws/install/px4_msgs/include/px4_msgs/px4_msgs/msg/detail/parameter_update__struct.h\n'}
[2.149163] (px4_msgs) StdoutLine: {'line': b'-- Up-to-date symlink: /home/prathamkelkar/ros2_ws/install/px4_msgs/include/px4_msgs/px4_msgs/msg/detail/parameter_update__type_support.h\n'}
[2.150138] (px4_msgs) StdoutLine: {'line': b'-- Up-to-date symlink: /home/prathamkelkar/ros2_ws/install/px4_msgs/include/px4_msgs/px4_msgs/msg/detail/ping__functions.h\n'}
[2.151006] (px4_msgs) StdoutLine: {'line': b'-- Up-to-date symlink: /home/prathamkelkar/ros2_ws/install/px4_msgs/include/px4_msgs/px4_msgs/msg/detail/ping__struct.h\n'}
[2.151744] (px4_msgs) StdoutLine: {'line': b'-- Up-to-date symlink: /home/prathamkelkar/ros2_ws/install/px4_msgs/include/px4_msgs/px4_msgs/msg/detail/ping__type_support.h\n'}
[2.152274] (px4_msgs) StdoutLine: {'line': b'-- Up-to-date symlink: /home/prathamkelkar/ros2_ws/install/px4_msgs/include/px4_msgs/px4_msgs/msg/detail/position_controller_landing_status__functions.h\n'}
[2.152741] (px4_msgs) StdoutLine: {'line': b'-- Up-to-date symlink: /home/prathamkelkar/ros2_ws/install/px4_msgs/include/px4_msgs/px4_msgs/msg/detail/position_controller_landing_status__struct.h\n'}
[2.153267] (px4_msgs) StdoutLine: {'line': b'-- Up-to-date symlink: /home/prathamkelkar/ros2_ws/install/px4_msgs/include/px4_msgs/px4_msgs/msg/detail/position_controller_landing_status__type_support.h\n'}
[2.153515] (px4_msgs) StdoutLine: {'line': b'-- Up-to-date symlink: /home/prathamkelkar/ros2_ws/install/px4_msgs/include/px4_msgs/px4_msgs/msg/detail/position_controller_status__functions.h\n'}
[2.153755] (px4_msgs) StdoutLine: {'line': b'-- Up-to-date symlink: /home/prathamkelkar/ros2_ws/install/px4_msgs/include/px4_msgs/px4_msgs/msg/detail/position_controller_status__struct.h\n'}
[2.153966] (px4_msgs) StdoutLine: {'line': b'-- Up-to-date symlink: /home/prathamkelkar/ros2_ws/install/px4_msgs/include/px4_msgs/px4_msgs/msg/detail/position_controller_status__type_support.h\n'}
[2.154167] (px4_msgs) StdoutLine: {'line': b'-- Up-to-date symlink: /home/prathamkelkar/ros2_ws/install/px4_msgs/include/px4_msgs/px4_msgs/msg/detail/position_setpoint__functions.h\n'}
[2.154367] (px4_msgs) StdoutLine: {'line': b'-- Up-to-date symlink: /home/prathamkelkar/ros2_ws/install/px4_msgs/include/px4_msgs/px4_msgs/msg/detail/position_setpoint__struct.h\n'}
[2.154571] (px4_msgs) StdoutLine: {'line': b'-- Up-to-date symlink: /home/prathamkelkar/ros2_ws/install/px4_msgs/include/px4_msgs/px4_msgs/msg/detail/position_setpoint__type_support.h\n'}
[2.154792] (px4_msgs) StdoutLine: {'line': b'-- Up-to-date symlink: /home/prathamkelkar/ros2_ws/install/px4_msgs/include/px4_msgs/px4_msgs/msg/detail/position_setpoint_triplet__functions.h\n'}
[2.155000] (px4_msgs) StdoutLine: {'line': b'-- Up-to-date symlink: /home/prathamkelkar/ros2_ws/install/px4_msgs/include/px4_msgs/px4_msgs/msg/detail/position_setpoint_triplet__struct.h\n'}
[2.155271] (px4_msgs) StdoutLine: {'line': b'-- Up-to-date symlink: /home/prathamkelkar/ros2_ws/install/px4_msgs/include/px4_msgs/px4_msgs/msg/detail/position_setpoint_triplet__type_support.h\n'}
[2.155566] (px4_msgs) StdoutLine: {'line': b'-- Up-to-date symlink: /home/prathamkelkar/ros2_ws/install/px4_msgs/include/px4_msgs/px4_msgs/msg/detail/power_button_state__functions.h\n'}
[2.155992] (px4_msgs) StdoutLine: {'line': b'-- Up-to-date symlink: /home/prathamkelkar/ros2_ws/install/px4_msgs/include/px4_msgs/px4_msgs/msg/detail/power_button_state__struct.h\n'}
[2.156359] (px4_msgs) StdoutLine: {'line': b'-- Up-to-date symlink: /home/prathamkelkar/ros2_ws/install/px4_msgs/include/px4_msgs/px4_msgs/msg/detail/power_button_state__type_support.h\n'}
[2.156586] (px4_msgs) StdoutLine: {'line': b'-- Up-to-date symlink: /home/prathamkelkar/ros2_ws/install/px4_msgs/include/px4_msgs/px4_msgs/msg/detail/power_monitor__functions.h\n'}
[2.156799] (px4_msgs) StdoutLine: {'line': b'-- Up-to-date symlink: /home/prathamkelkar/ros2_ws/install/px4_msgs/include/px4_msgs/px4_msgs/msg/detail/power_monitor__struct.h\n'}
[2.156977] (px4_msgs) StdoutLine: {'line': b'-- Up-to-date symlink: /home/prathamkelkar/ros2_ws/install/px4_msgs/include/px4_msgs/px4_msgs/msg/detail/power_monitor__type_support.h\n'}
[2.157150] (px4_msgs) StdoutLine: {'line': b'-- Up-to-date symlink: /home/prathamkelkar/ros2_ws/install/px4_msgs/include/px4_msgs/px4_msgs/msg/detail/pps_capture__functions.h\n'}
[2.157539] (px4_msgs) StdoutLine: {'line': b'-- Up-to-date symlink: /home/prathamkelkar/ros2_ws/install/px4_msgs/include/px4_msgs/px4_msgs/msg/detail/pps_capture__struct.h\n'}
[2.157818] (px4_msgs) StdoutLine: {'line': b'-- Up-to-date symlink: /home/prathamkelkar/ros2_ws/install/px4_msgs/include/px4_msgs/px4_msgs/msg/detail/pps_capture__type_support.h\n'}
[2.158012] (px4_msgs) StdoutLine: {'line': b'-- Up-to-date symlink: /home/prathamkelkar/ros2_ws/install/px4_msgs/include/px4_msgs/px4_msgs/msg/detail/pwm_input__functions.h\n'}
[2.158199] (px4_msgs) StdoutLine: {'line': b'-- Up-to-date symlink: /home/prathamkelkar/ros2_ws/install/px4_msgs/include/px4_msgs/px4_msgs/msg/detail/pwm_input__struct.h\n'}
[2.158381] (px4_msgs) StdoutLine: {'line': b'-- Up-to-date symlink: /home/prathamkelkar/ros2_ws/install/px4_msgs/include/px4_msgs/px4_msgs/msg/detail/pwm_input__type_support.h\n'}
[2.158593] (px4_msgs) StdoutLine: {'line': b'-- Up-to-date symlink: /home/prathamkelkar/ros2_ws/install/px4_msgs/include/px4_msgs/px4_msgs/msg/detail/px4io_status__functions.h\n'}
[2.158843] (px4_msgs) StdoutLine: {'line': b'-- Up-to-date symlink: /home/prathamkelkar/ros2_ws/install/px4_msgs/include/px4_msgs/px4_msgs/msg/detail/px4io_status__struct.h\n'}
[2.159033] (px4_msgs) StdoutLine: {'line': b'-- Up-to-date symlink: /home/prathamkelkar/ros2_ws/install/px4_msgs/include/px4_msgs/px4_msgs/msg/detail/px4io_status__type_support.h\n'}
[2.159242] (px4_msgs) StdoutLine: {'line': b'-- Up-to-date symlink: /home/prathamkelkar/ros2_ws/install/px4_msgs/include/px4_msgs/px4_msgs/msg/detail/qshell_req__functions.h\n'}
[2.159800] (px4_msgs) StdoutLine: {'line': b'-- Up-to-date symlink: /home/prathamkelkar/ros2_ws/install/px4_msgs/include/px4_msgs/px4_msgs/msg/detail/qshell_req__struct.h\n'}
[2.160140] (px4_msgs) StdoutLine: {'line': b'-- Up-to-date symlink: /home/prathamkelkar/ros2_ws/install/px4_msgs/include/px4_msgs/px4_msgs/msg/detail/qshell_req__type_support.h\n'}
[2.160302] (px4_msgs) StdoutLine: {'line': b'-- Up-to-date symlink: /home/prathamkelkar/ros2_ws/install/px4_msgs/include/px4_msgs/px4_msgs/msg/detail/qshell_retval__functions.h\n'}
[2.160470] (px4_msgs) StdoutLine: {'line': b'-- Up-to-date symlink: /home/prathamkelkar/ros2_ws/install/px4_msgs/include/px4_msgs/px4_msgs/msg/detail/qshell_retval__struct.h\n'}
[2.161176] (px4_msgs) StdoutLine: {'line': b'-- Up-to-date symlink: /home/prathamkelkar/ros2_ws/install/px4_msgs/include/px4_msgs/px4_msgs/msg/detail/qshell_retval__type_support.h\n'}
[2.161907] (px4_msgs) StdoutLine: {'line': b'-- Up-to-date symlink: /home/prathamkelkar/ros2_ws/install/px4_msgs/include/px4_msgs/px4_msgs/msg/detail/radio_status__functions.h\n'}
[2.162491] (px4_msgs) StdoutLine: {'line': b'-- Up-to-date symlink: /home/prathamkelkar/ros2_ws/install/px4_msgs/include/px4_msgs/px4_msgs/msg/detail/radio_status__struct.h\n'}
[2.163437] (px4_msgs) StdoutLine: {'line': b'-- Up-to-date symlink: /home/prathamkelkar/ros2_ws/install/px4_msgs/include/px4_msgs/px4_msgs/msg/detail/radio_status__type_support.h\n'}
[2.164039] (px4_msgs) StdoutLine: {'line': b'-- Up-to-date symlink: /home/prathamkelkar/ros2_ws/install/px4_msgs/include/px4_msgs/px4_msgs/msg/detail/rate_ctrl_status__functions.h\n'}
[2.164914] (px4_msgs) StdoutLine: {'line': b'-- Up-to-date symlink: /home/prathamkelkar/ros2_ws/install/px4_msgs/include/px4_msgs/px4_msgs/msg/detail/rate_ctrl_status__struct.h\n'}
[2.165356] (px4_msgs) StdoutLine: {'line': b'-- Up-to-date symlink: /home/prathamkelkar/ros2_ws/install/px4_msgs/include/px4_msgs/px4_msgs/msg/detail/rate_ctrl_status__type_support.h\n'}
[2.165838] (px4_msgs) StdoutLine: {'line': b'-- Up-to-date symlink: /home/prathamkelkar/ros2_ws/install/px4_msgs/include/px4_msgs/px4_msgs/msg/detail/rc_channels__functions.h\n'}
[2.166337] (px4_msgs) StdoutLine: {'line': b'-- Up-to-date symlink: /home/prathamkelkar/ros2_ws/install/px4_msgs/include/px4_msgs/px4_msgs/msg/detail/rc_channels__struct.h\n'}
[2.166807] (px4_msgs) StdoutLine: {'line': b'-- Up-to-date symlink: /home/prathamkelkar/ros2_ws/install/px4_msgs/include/px4_msgs/px4_msgs/msg/detail/rc_channels__type_support.h\n'}
[2.167304] (px4_msgs) StdoutLine: {'line': b'-- Up-to-date symlink: /home/prathamkelkar/ros2_ws/install/px4_msgs/include/px4_msgs/px4_msgs/msg/detail/rc_parameter_map__functions.h\n'}
[2.167621] (px4_msgs) StdoutLine: {'line': b'-- Up-to-date symlink: /home/prathamkelkar/ros2_ws/install/px4_msgs/include/px4_msgs/px4_msgs/msg/detail/rc_parameter_map__struct.h\n'}
[2.167871] (px4_msgs) StdoutLine: {'line': b'-- Up-to-date symlink: /home/prathamkelkar/ros2_ws/install/px4_msgs/include/px4_msgs/px4_msgs/msg/detail/rc_parameter_map__type_support.h\n'}
[2.168087] (px4_msgs) StdoutLine: {'line': b'-- Up-to-date symlink: /home/prathamkelkar/ros2_ws/install/px4_msgs/include/px4_msgs/px4_msgs/msg/detail/register_ext_component_reply__functions.h\n'}
[2.168315] (px4_msgs) StdoutLine: {'line': b'-- Up-to-date symlink: /home/prathamkelkar/ros2_ws/install/px4_msgs/include/px4_msgs/px4_msgs/msg/detail/register_ext_component_reply__struct.h\n'}
[2.168774] (px4_msgs) StdoutLine: {'line': b'-- Up-to-date symlink: /home/prathamkelkar/ros2_ws/install/px4_msgs/include/px4_msgs/px4_msgs/msg/detail/register_ext_component_reply__type_support.h\n'}
[2.169079] (px4_msgs) StdoutLine: {'line': b'-- Up-to-date symlink: /home/prathamkelkar/ros2_ws/install/px4_msgs/include/px4_msgs/px4_msgs/msg/detail/register_ext_component_request__functions.h\n'}
[2.169398] (px4_msgs) StdoutLine: {'line': b'-- Up-to-date symlink: /home/prathamkelkar/ros2_ws/install/px4_msgs/include/px4_msgs/px4_msgs/msg/detail/register_ext_component_request__struct.h\n'}
[2.169651] (px4_msgs) StdoutLine: {'line': b'-- Up-to-date symlink: /home/prathamkelkar/ros2_ws/install/px4_msgs/include/px4_msgs/px4_msgs/msg/detail/register_ext_component_request__type_support.h\n'}
[2.169887] (px4_msgs) StdoutLine: {'line': b'-- Up-to-date symlink: /home/prathamkelkar/ros2_ws/install/px4_msgs/include/px4_msgs/px4_msgs/msg/detail/rpm__functions.h\n'}
[2.170166] (px4_msgs) StdoutLine: {'line': b'-- Up-to-date symlink: /home/prathamkelkar/ros2_ws/install/px4_msgs/include/px4_msgs/px4_msgs/msg/detail/rpm__struct.h\n'}
[2.170426] (px4_msgs) StdoutLine: {'line': b'-- Up-to-date symlink: /home/prathamkelkar/ros2_ws/install/px4_msgs/include/px4_msgs/px4_msgs/msg/detail/rpm__type_support.h\n'}
[2.170727] (px4_msgs) StdoutLine: {'line': b'-- Up-to-date symlink: /home/prathamkelkar/ros2_ws/install/px4_msgs/include/px4_msgs/px4_msgs/msg/detail/rtl_status__functions.h\n'}
[2.171009] (px4_msgs) StdoutLine: {'line': b'-- Up-to-date symlink: /home/prathamkelkar/ros2_ws/install/px4_msgs/include/px4_msgs/px4_msgs/msg/detail/rtl_status__struct.h\n'}
[2.171298] (px4_msgs) StdoutLine: {'line': b'-- Up-to-date symlink: /home/prathamkelkar/ros2_ws/install/px4_msgs/include/px4_msgs/px4_msgs/msg/detail/rtl_status__type_support.h\n'}
[2.171641] (px4_msgs) StdoutLine: {'line': b'-- Up-to-date symlink: /home/prathamkelkar/ros2_ws/install/px4_msgs/include/px4_msgs/px4_msgs/msg/detail/rtl_time_estimate__functions.h\n'}
[2.171931] (px4_msgs) StdoutLine: {'line': b'-- Up-to-date symlink: /home/prathamkelkar/ros2_ws/install/px4_msgs/include/px4_msgs/px4_msgs/msg/detail/rtl_time_estimate__struct.h\n'}
[2.172156] (px4_msgs) StdoutLine: {'line': b'-- Up-to-date symlink: /home/prathamkelkar/ros2_ws/install/px4_msgs/include/px4_msgs/px4_msgs/msg/detail/rtl_time_estimate__type_support.h\n'}
[2.172514] (px4_msgs) StdoutLine: {'line': b'-- Up-to-date symlink: /home/prathamkelkar/ros2_ws/install/px4_msgs/include/px4_msgs/px4_msgs/msg/detail/satellite_info__functions.h\n'}
[2.172783] (px4_msgs) StdoutLine: {'line': b'-- Up-to-date symlink: /home/prathamkelkar/ros2_ws/install/px4_msgs/include/px4_msgs/px4_msgs/msg/detail/satellite_info__struct.h\n'}
[2.173027] (px4_msgs) StdoutLine: {'line': b'-- Up-to-date symlink: /home/prathamkelkar/ros2_ws/install/px4_msgs/include/px4_msgs/px4_msgs/msg/detail/satellite_info__type_support.h\n'}
[2.173285] (px4_msgs) StdoutLine: {'line': b'-- Up-to-date symlink: /home/prathamkelkar/ros2_ws/install/px4_msgs/include/px4_msgs/px4_msgs/msg/detail/sensor_accel__functions.h\n'}
[2.173547] (px4_msgs) StdoutLine: {'line': b'-- Up-to-date symlink: /home/prathamkelkar/ros2_ws/install/px4_msgs/include/px4_msgs/px4_msgs/msg/detail/sensor_accel__struct.h\n'}
[2.173825] (px4_msgs) StdoutLine: {'line': b'-- Up-to-date symlink: /home/prathamkelkar/ros2_ws/install/px4_msgs/include/px4_msgs/px4_msgs/msg/detail/sensor_accel__type_support.h\n'}
[2.174078] (px4_msgs) StdoutLine: {'line': b'-- Up-to-date symlink: /home/prathamkelkar/ros2_ws/install/px4_msgs/include/px4_msgs/px4_msgs/msg/detail/sensor_accel_fifo__functions.h\n'}
[2.174323] (px4_msgs) StdoutLine: {'line': b'-- Up-to-date symlink: /home/prathamkelkar/ros2_ws/install/px4_msgs/include/px4_msgs/px4_msgs/msg/detail/sensor_accel_fifo__struct.h\n'}
[2.174526] (px4_msgs) StdoutLine: {'line': b'-- Up-to-date symlink: /home/prathamkelkar/ros2_ws/install/px4_msgs/include/px4_msgs/px4_msgs/msg/detail/sensor_accel_fifo__type_support.h\n'}
[2.175331] (px4_msgs) StdoutLine: {'line': b'-- Up-to-date symlink: /home/prathamkelkar/ros2_ws/install/px4_msgs/include/px4_msgs/px4_msgs/msg/detail/sensor_airflow__functions.h\n'}
[2.176096] (px4_msgs) StdoutLine: {'line': b'-- Up-to-date symlink: /home/prathamkelkar/ros2_ws/install/px4_msgs/include/px4_msgs/px4_msgs/msg/detail/sensor_airflow__struct.h\n'}
[2.176456] (px4_msgs) StdoutLine: {'line': b'-- Up-to-date symlink: /home/prathamkelkar/ros2_ws/install/px4_msgs/include/px4_msgs/px4_msgs/msg/detail/sensor_airflow__type_support.h\n'}
[2.176754] (px4_msgs) StdoutLine: {'line': b'-- Up-to-date symlink: /home/prathamkelkar/ros2_ws/install/px4_msgs/include/px4_msgs/px4_msgs/msg/detail/sensor_baro__functions.h\n'}
[2.176978] (px4_msgs) StdoutLine: {'line': b'-- Up-to-date symlink: /home/prathamkelkar/ros2_ws/install/px4_msgs/include/px4_msgs/px4_msgs/msg/detail/sensor_baro__struct.h\n'}
[2.177191] (px4_msgs) StdoutLine: {'line': b'-- Up-to-date symlink: /home/prathamkelkar/ros2_ws/install/px4_msgs/include/px4_msgs/px4_msgs/msg/detail/sensor_baro__type_support.h\n'}
[2.177439] (px4_msgs) StdoutLine: {'line': b'-- Up-to-date symlink: /home/prathamkelkar/ros2_ws/install/px4_msgs/include/px4_msgs/px4_msgs/msg/detail/sensor_combined__functions.h\n'}
[2.177658] (px4_msgs) StdoutLine: {'line': b'-- Up-to-date symlink: /home/prathamkelkar/ros2_ws/install/px4_msgs/include/px4_msgs/px4_msgs/msg/detail/sensor_combined__struct.h\n'}
[2.177885] (px4_msgs) StdoutLine: {'line': b'-- Up-to-date symlink: /home/prathamkelkar/ros2_ws/install/px4_msgs/include/px4_msgs/px4_msgs/msg/detail/sensor_combined__type_support.h\n'}
[2.178081] (px4_msgs) StdoutLine: {'line': b'-- Up-to-date symlink: /home/prathamkelkar/ros2_ws/install/px4_msgs/include/px4_msgs/px4_msgs/msg/detail/sensor_correction__functions.h\n'}
[2.178291] (px4_msgs) StdoutLine: {'line': b'-- Up-to-date symlink: /home/prathamkelkar/ros2_ws/install/px4_msgs/include/px4_msgs/px4_msgs/msg/detail/sensor_correction__struct.h\n'}
[2.178492] (px4_msgs) StdoutLine: {'line': b'-- Up-to-date symlink: /home/prathamkelkar/ros2_ws/install/px4_msgs/include/px4_msgs/px4_msgs/msg/detail/sensor_correction__type_support.h\n'}
[2.178806] (px4_msgs) StdoutLine: {'line': b'-- Up-to-date symlink: /home/prathamkelkar/ros2_ws/install/px4_msgs/include/px4_msgs/px4_msgs/msg/detail/sensor_gnss_relative__functions.h\n'}
[2.179018] (px4_msgs) StdoutLine: {'line': b'-- Up-to-date symlink: /home/prathamkelkar/ros2_ws/install/px4_msgs/include/px4_msgs/px4_msgs/msg/detail/sensor_gnss_relative__struct.h\n'}
[2.179241] (px4_msgs) StdoutLine: {'line': b'-- Up-to-date symlink: /home/prathamkelkar/ros2_ws/install/px4_msgs/include/px4_msgs/px4_msgs/msg/detail/sensor_gnss_relative__type_support.h\n'}
[2.179448] (px4_msgs) StdoutLine: {'line': b'-- Up-to-date symlink: /home/prathamkelkar/ros2_ws/install/px4_msgs/include/px4_msgs/px4_msgs/msg/detail/sensor_gps__functions.h\n'}
[2.179711] (px4_msgs) StdoutLine: {'line': b'-- Up-to-date symlink: /home/prathamkelkar/ros2_ws/install/px4_msgs/include/px4_msgs/px4_msgs/msg/detail/sensor_gps__struct.h\n'}
[2.179938] (px4_msgs) StdoutLine: {'line': b'-- Up-to-date symlink: /home/prathamkelkar/ros2_ws/install/px4_msgs/include/px4_msgs/px4_msgs/msg/detail/sensor_gps__type_support.h\n'}
[2.180128] (px4_msgs) StdoutLine: {'line': b'-- Up-to-date symlink: /home/prathamkelkar/ros2_ws/install/px4_msgs/include/px4_msgs/px4_msgs/msg/detail/sensor_gyro__functions.h\n'}
[2.180325] (px4_msgs) StdoutLine: {'line': b'-- Up-to-date symlink: /home/prathamkelkar/ros2_ws/install/px4_msgs/include/px4_msgs/px4_msgs/msg/detail/sensor_gyro__struct.h\n'}
[2.180516] (px4_msgs) StdoutLine: {'line': b'-- Up-to-date symlink: /home/prathamkelkar/ros2_ws/install/px4_msgs/include/px4_msgs/px4_msgs/msg/detail/sensor_gyro__type_support.h\n'}
[2.180719] (px4_msgs) StdoutLine: {'line': b'-- Up-to-date symlink: /home/prathamkelkar/ros2_ws/install/px4_msgs/include/px4_msgs/px4_msgs/msg/detail/sensor_gyro_fft__functions.h\n'}
[2.180909] (px4_msgs) StdoutLine: {'line': b'-- Up-to-date symlink: /home/prathamkelkar/ros2_ws/install/px4_msgs/include/px4_msgs/px4_msgs/msg/detail/sensor_gyro_fft__struct.h\n'}
[2.181110] (px4_msgs) StdoutLine: {'line': b'-- Up-to-date symlink: /home/prathamkelkar/ros2_ws/install/px4_msgs/include/px4_msgs/px4_msgs/msg/detail/sensor_gyro_fft__type_support.h\n'}
[2.181335] (px4_msgs) StdoutLine: {'line': b'-- Up-to-date symlink: /home/prathamkelkar/ros2_ws/install/px4_msgs/include/px4_msgs/px4_msgs/msg/detail/sensor_gyro_fifo__functions.h\n'}
[2.181717] (px4_msgs) StdoutLine: {'line': b'-- Up-to-date symlink: /home/prathamkelkar/ros2_ws/install/px4_msgs/include/px4_msgs/px4_msgs/msg/detail/sensor_gyro_fifo__struct.h\n'}
[2.182037] (px4_msgs) StdoutLine: {'line': b'-- Up-to-date symlink: /home/prathamkelkar/ros2_ws/install/px4_msgs/include/px4_msgs/px4_msgs/msg/detail/sensor_gyro_fifo__type_support.h\n'}
[2.182337] (px4_msgs) StdoutLine: {'line': b'-- Up-to-date symlink: /home/prathamkelkar/ros2_ws/install/px4_msgs/include/px4_msgs/px4_msgs/msg/detail/sensor_hygrometer__functions.h\n'}
[2.182597] (px4_msgs) StdoutLine: {'line': b'-- Up-to-date symlink: /home/prathamkelkar/ros2_ws/install/px4_msgs/include/px4_msgs/px4_msgs/msg/detail/sensor_hygrometer__struct.h\n'}
[2.182871] (px4_msgs) StdoutLine: {'line': b'-- Up-to-date symlink: /home/prathamkelkar/ros2_ws/install/px4_msgs/include/px4_msgs/px4_msgs/msg/detail/sensor_hygrometer__type_support.h\n'}
[2.183090] (px4_msgs) StdoutLine: {'line': b'-- Up-to-date symlink: /home/prathamkelkar/ros2_ws/install/px4_msgs/include/px4_msgs/px4_msgs/msg/detail/sensor_mag__functions.h\n'}
[2.183314] (px4_msgs) StdoutLine: {'line': b'-- Up-to-date symlink: /home/prathamkelkar/ros2_ws/install/px4_msgs/include/px4_msgs/px4_msgs/msg/detail/sensor_mag__struct.h\n'}
[2.183695] (px4_msgs) StdoutLine: {'line': b'-- Up-to-date symlink: /home/prathamkelkar/ros2_ws/install/px4_msgs/include/px4_msgs/px4_msgs/msg/detail/sensor_mag__type_support.h\n'}
[2.184075] (px4_msgs) StdoutLine: {'line': b'-- Up-to-date symlink: /home/prathamkelkar/ros2_ws/install/px4_msgs/include/px4_msgs/px4_msgs/msg/detail/sensor_optical_flow__functions.h\n'}
[2.184981] (px4_msgs) StdoutLine: {'line': b'-- Up-to-date symlink: /home/prathamkelkar/ros2_ws/install/px4_msgs/include/px4_msgs/px4_msgs/msg/detail/sensor_optical_flow__struct.h\n'}
[2.185487] (px4_msgs) StdoutLine: {'line': b'-- Up-to-date symlink: /home/prathamkelkar/ros2_ws/install/px4_msgs/include/px4_msgs/px4_msgs/msg/detail/sensor_optical_flow__type_support.h\n'}
[2.186096] (px4_msgs) StdoutLine: {'line': b'-- Up-to-date symlink: /home/prathamkelkar/ros2_ws/install/px4_msgs/include/px4_msgs/px4_msgs/msg/detail/sensor_preflight_mag__functions.h\n'}
[2.186549] (px4_msgs) StdoutLine: {'line': b'-- Up-to-date symlink: /home/prathamkelkar/ros2_ws/install/px4_msgs/include/px4_msgs/px4_msgs/msg/detail/sensor_preflight_mag__struct.h\n'}
[2.187130] (px4_msgs) StdoutLine: {'line': b'-- Up-to-date symlink: /home/prathamkelkar/ros2_ws/install/px4_msgs/include/px4_msgs/px4_msgs/msg/detail/sensor_preflight_mag__type_support.h\n'}
[2.187600] (px4_msgs) StdoutLine: {'line': b'-- Up-to-date symlink: /home/prathamkelkar/ros2_ws/install/px4_msgs/include/px4_msgs/px4_msgs/msg/detail/sensor_selection__functions.h\n'}
[2.187926] (px4_msgs) StdoutLine: {'line': b'-- Up-to-date symlink: /home/prathamkelkar/ros2_ws/install/px4_msgs/include/px4_msgs/px4_msgs/msg/detail/sensor_selection__struct.h\n'}
[2.188232] (px4_msgs) StdoutLine: {'line': b'-- Up-to-date symlink: /home/prathamkelkar/ros2_ws/install/px4_msgs/include/px4_msgs/px4_msgs/msg/detail/sensor_selection__type_support.h\n'}
[2.188593] (px4_msgs) StdoutLine: {'line': b'-- Up-to-date symlink: /home/prathamkelkar/ros2_ws/install/px4_msgs/include/px4_msgs/px4_msgs/msg/detail/sensor_uwb__functions.h\n'}
[2.188930] (px4_msgs) StdoutLine: {'line': b'-- Up-to-date symlink: /home/prathamkelkar/ros2_ws/install/px4_msgs/include/px4_msgs/px4_msgs/msg/detail/sensor_uwb__struct.h\n'}
[2.189336] (px4_msgs) StdoutLine: {'line': b'-- Up-to-date symlink: /home/prathamkelkar/ros2_ws/install/px4_msgs/include/px4_msgs/px4_msgs/msg/detail/sensor_uwb__type_support.h\n'}
[2.189851] (px4_msgs) StdoutLine: {'line': b'-- Up-to-date symlink: /home/prathamkelkar/ros2_ws/install/px4_msgs/include/px4_msgs/px4_msgs/msg/detail/sensors_status__functions.h\n'}
[2.190395] (px4_msgs) StdoutLine: {'line': b'-- Up-to-date symlink: /home/prathamkelkar/ros2_ws/install/px4_msgs/include/px4_msgs/px4_msgs/msg/detail/sensors_status__struct.h\n'}
[2.190819] (px4_msgs) StdoutLine: {'line': b'-- Up-to-date symlink: /home/prathamkelkar/ros2_ws/install/px4_msgs/include/px4_msgs/px4_msgs/msg/detail/sensors_status__type_support.h\n'}
[2.191260] (px4_msgs) StdoutLine: {'line': b'-- Up-to-date symlink: /home/prathamkelkar/ros2_ws/install/px4_msgs/include/px4_msgs/px4_msgs/msg/detail/sensors_status_imu__functions.h\n'}
[2.191861] (px4_msgs) StdoutLine: {'line': b'-- Up-to-date symlink: /home/prathamkelkar/ros2_ws/install/px4_msgs/include/px4_msgs/px4_msgs/msg/detail/sensors_status_imu__struct.h\n'}
[2.192251] (px4_msgs) StdoutLine: {'line': b'-- Up-to-date symlink: /home/prathamkelkar/ros2_ws/install/px4_msgs/include/px4_msgs/px4_msgs/msg/detail/sensors_status_imu__type_support.h\n'}
[2.192519] (px4_msgs) StdoutLine: {'line': b'-- Up-to-date symlink: /home/prathamkelkar/ros2_ws/install/px4_msgs/include/px4_msgs/px4_msgs/msg/detail/system_power__functions.h\n'}
[2.193103] (px4_msgs) StdoutLine: {'line': b'-- Up-to-date symlink: /home/prathamkelkar/ros2_ws/install/px4_msgs/include/px4_msgs/px4_msgs/msg/detail/system_power__struct.h\n'}
[2.193692] (px4_msgs) StdoutLine: {'line': b'-- Up-to-date symlink: /home/prathamkelkar/ros2_ws/install/px4_msgs/include/px4_msgs/px4_msgs/msg/detail/system_power__type_support.h\n'}
[2.195173] (px4_msgs) StdoutLine: {'line': b'-- Up-to-date symlink: /home/prathamkelkar/ros2_ws/install/px4_msgs/include/px4_msgs/px4_msgs/msg/detail/takeoff_status__functions.h\n'}
[2.196974] (px4_msgs) StdoutLine: {'line': b'-- Up-to-date symlink: /home/prathamkelkar/ros2_ws/install/px4_msgs/include/px4_msgs/px4_msgs/msg/detail/takeoff_status__struct.h\n'}
[2.197120] (px4_msgs) StdoutLine: {'line': b'-- Up-to-date symlink: /home/prathamkelkar/ros2_ws/install/px4_msgs/include/px4_msgs/px4_msgs/msg/detail/takeoff_status__type_support.h\n'}
[2.197198] (px4_msgs) StdoutLine: {'line': b'-- Up-to-date symlink: /home/prathamkelkar/ros2_ws/install/px4_msgs/include/px4_msgs/px4_msgs/msg/detail/task_stack_info__functions.h\n'}
[2.197267] (px4_msgs) StdoutLine: {'line': b'-- Up-to-date symlink: /home/prathamkelkar/ros2_ws/install/px4_msgs/include/px4_msgs/px4_msgs/msg/detail/task_stack_info__struct.h\n'}
[2.197350] (px4_msgs) StdoutLine: {'line': b'-- Up-to-date symlink: /home/prathamkelkar/ros2_ws/install/px4_msgs/include/px4_msgs/px4_msgs/msg/detail/task_stack_info__type_support.h\n'}
[2.197416] (px4_msgs) StdoutLine: {'line': b'-- Up-to-date symlink: /home/prathamkelkar/ros2_ws/install/px4_msgs/include/px4_msgs/px4_msgs/msg/detail/tecs_status__functions.h\n'}
[2.197481] (px4_msgs) StdoutLine: {'line': b'-- Up-to-date symlink: /home/prathamkelkar/ros2_ws/install/px4_msgs/include/px4_msgs/px4_msgs/msg/detail/tecs_status__struct.h\n'}
[2.197545] (px4_msgs) StdoutLine: {'line': b'-- Up-to-date symlink: /home/prathamkelkar/ros2_ws/install/px4_msgs/include/px4_msgs/px4_msgs/msg/detail/tecs_status__type_support.h\n'}
[2.197605] (px4_msgs) StdoutLine: {'line': b'-- Up-to-date symlink: /home/prathamkelkar/ros2_ws/install/px4_msgs/include/px4_msgs/px4_msgs/msg/detail/telemetry_status__functions.h\n'}
[2.197666] (px4_msgs) StdoutLine: {'line': b'-- Up-to-date symlink: /home/prathamkelkar/ros2_ws/install/px4_msgs/include/px4_msgs/px4_msgs/msg/detail/telemetry_status__struct.h\n'}
[2.197734] (px4_msgs) StdoutLine: {'line': b'-- Up-to-date symlink: /home/prathamkelkar/ros2_ws/install/px4_msgs/include/px4_msgs/px4_msgs/msg/detail/telemetry_status__type_support.h\n'}
[2.197796] (px4_msgs) StdoutLine: {'line': b'-- Up-to-date symlink: /home/prathamkelkar/ros2_ws/install/px4_msgs/include/px4_msgs/px4_msgs/msg/detail/tiltrotor_extra_controls__functions.h\n'}
[2.197926] (px4_msgs) StdoutLine: {'line': b'-- Up-to-date symlink: /home/prathamkelkar/ros2_ws/install/px4_msgs/include/px4_msgs/px4_msgs/msg/detail/tiltrotor_extra_controls__struct.h\n'}
[2.197986] (px4_msgs) StdoutLine: {'line': b'-- Up-to-date symlink: /home/prathamkelkar/ros2_ws/install/px4_msgs/include/px4_msgs/px4_msgs/msg/detail/tiltrotor_extra_controls__type_support.h\n'}
[2.198048] (px4_msgs) StdoutLine: {'line': b'-- Up-to-date symlink: /home/prathamkelkar/ros2_ws/install/px4_msgs/include/px4_msgs/px4_msgs/msg/detail/timesync_status__functions.h\n'}
[2.198109] (px4_msgs) StdoutLine: {'line': b'-- Up-to-date symlink: /home/prathamkelkar/ros2_ws/install/px4_msgs/include/px4_msgs/px4_msgs/msg/detail/timesync_status__struct.h\n'}
[2.198166] (px4_msgs) StdoutLine: {'line': b'-- Up-to-date symlink: /home/prathamkelkar/ros2_ws/install/px4_msgs/include/px4_msgs/px4_msgs/msg/detail/timesync_status__type_support.h\n'}
[2.198221] (px4_msgs) StdoutLine: {'line': b'-- Up-to-date symlink: /home/prathamkelkar/ros2_ws/install/px4_msgs/include/px4_msgs/px4_msgs/msg/detail/trajectory_bezier__functions.h\n'}
[2.198843] (px4_msgs) StdoutLine: {'line': b'-- Up-to-date symlink: /home/prathamkelkar/ros2_ws/install/px4_msgs/include/px4_msgs/px4_msgs/msg/detail/trajectory_bezier__struct.h\n'}
[2.199573] (px4_msgs) StdoutLine: {'line': b'-- Up-to-date symlink: /home/prathamkelkar/ros2_ws/install/px4_msgs/include/px4_msgs/px4_msgs/msg/detail/trajectory_bezier__type_support.h\n'}
[2.201456] (px4_msgs) StdoutLine: {'line': b'-- Up-to-date symlink: /home/prathamkelkar/ros2_ws/install/px4_msgs/include/px4_msgs/px4_msgs/msg/detail/trajectory_setpoint__functions.h\n'}
[2.201957] (px4_msgs) StdoutLine: {'line': b'-- Up-to-date symlink: /home/prathamkelkar/ros2_ws/install/px4_msgs/include/px4_msgs/px4_msgs/msg/detail/trajectory_setpoint__struct.h\n'}
[2.202778] (px4_msgs) StdoutLine: {'line': b'-- Up-to-date symlink: /home/prathamkelkar/ros2_ws/install/px4_msgs/include/px4_msgs/px4_msgs/msg/detail/trajectory_setpoint__type_support.h\n'}
[2.203365] (px4_msgs) StdoutLine: {'line': b'-- Up-to-date symlink: /home/prathamkelkar/ros2_ws/install/px4_msgs/include/px4_msgs/px4_msgs/msg/detail/trajectory_waypoint__functions.h\n'}
[2.204273] (px4_msgs) StdoutLine: {'line': b'-- Up-to-date symlink: /home/prathamkelkar/ros2_ws/install/px4_msgs/include/px4_msgs/px4_msgs/msg/detail/trajectory_waypoint__struct.h\n'}
[2.204568] (px4_msgs) StdoutLine: {'line': b'-- Up-to-date symlink: /home/prathamkelkar/ros2_ws/install/px4_msgs/include/px4_msgs/px4_msgs/msg/detail/trajectory_waypoint__type_support.h\n'}
[2.204852] (px4_msgs) StdoutLine: {'line': b'-- Up-to-date symlink: /home/prathamkelkar/ros2_ws/install/px4_msgs/include/px4_msgs/px4_msgs/msg/detail/transponder_report__functions.h\n'}
[2.207311] (px4_msgs) StdoutLine: {'line': b'-- Up-to-date symlink: /home/prathamkelkar/ros2_ws/install/px4_msgs/include/px4_msgs/px4_msgs/msg/detail/transponder_report__struct.h\n'}
[2.208028] (px4_msgs) StdoutLine: {'line': b'-- Up-to-date symlink: /home/prathamkelkar/ros2_ws/install/px4_msgs/include/px4_msgs/px4_msgs/msg/detail/transponder_report__type_support.h\n'}
[2.208587] (px4_msgs) StdoutLine: {'line': b'-- Up-to-date symlink: /home/prathamkelkar/ros2_ws/install/px4_msgs/include/px4_msgs/px4_msgs/msg/detail/tune_control__functions.h\n'}
[2.209398] (-) TimerEvent: {}
[2.209700] (px4_msgs) StdoutLine: {'line': b'-- Up-to-date symlink: /home/prathamkelkar/ros2_ws/install/px4_msgs/include/px4_msgs/px4_msgs/msg/detail/tune_control__struct.h\n'}
[2.210863] (px4_msgs) StdoutLine: {'line': b'-- Up-to-date symlink: /home/prathamkelkar/ros2_ws/install/px4_msgs/include/px4_msgs/px4_msgs/msg/detail/tune_control__type_support.h\n'}
[2.211562] (px4_msgs) StdoutLine: {'line': b'-- Up-to-date symlink: /home/prathamkelkar/ros2_ws/install/px4_msgs/include/px4_msgs/px4_msgs/msg/detail/uavcan_parameter_request__functions.h\n'}
[2.211776] (px4_msgs) StdoutLine: {'line': b'-- Up-to-date symlink: /home/prathamkelkar/ros2_ws/install/px4_msgs/include/px4_msgs/px4_msgs/msg/detail/uavcan_parameter_request__struct.h\n'}
[2.212286] (px4_msgs) StdoutLine: {'line': b'-- Up-to-date symlink: /home/prathamkelkar/ros2_ws/install/px4_msgs/include/px4_msgs/px4_msgs/msg/detail/uavcan_parameter_request__type_support.h\n'}
[2.212423] (px4_msgs) StdoutLine: {'line': b'-- Up-to-date symlink: /home/prathamkelkar/ros2_ws/install/px4_msgs/include/px4_msgs/px4_msgs/msg/detail/uavcan_parameter_value__functions.h\n'}
[2.212524] (px4_msgs) StdoutLine: {'line': b'-- Up-to-date symlink: /home/prathamkelkar/ros2_ws/install/px4_msgs/include/px4_msgs/px4_msgs/msg/detail/uavcan_parameter_value__struct.h\n'}
[2.212670] (px4_msgs) StdoutLine: {'line': b'-- Up-to-date symlink: /home/prathamkelkar/ros2_ws/install/px4_msgs/include/px4_msgs/px4_msgs/msg/detail/uavcan_parameter_value__type_support.h\n'}
[2.212794] (px4_msgs) StdoutLine: {'line': b'-- Up-to-date symlink: /home/prathamkelkar/ros2_ws/install/px4_msgs/include/px4_msgs/px4_msgs/msg/detail/ulog_stream__functions.h\n'}
[2.212890] (px4_msgs) StdoutLine: {'line': b'-- Up-to-date symlink: /home/prathamkelkar/ros2_ws/install/px4_msgs/include/px4_msgs/px4_msgs/msg/detail/ulog_stream__struct.h\n'}
[2.213107] (px4_msgs) StdoutLine: {'line': b'-- Up-to-date symlink: /home/prathamkelkar/ros2_ws/install/px4_msgs/include/px4_msgs/px4_msgs/msg/detail/ulog_stream__type_support.h\n'}
[2.213554] (px4_msgs) StdoutLine: {'line': b'-- Up-to-date symlink: /home/prathamkelkar/ros2_ws/install/px4_msgs/include/px4_msgs/px4_msgs/msg/detail/ulog_stream_ack__functions.h\n'}
[2.214344] (px4_msgs) StdoutLine: {'line': b'-- Up-to-date symlink: /home/prathamkelkar/ros2_ws/install/px4_msgs/include/px4_msgs/px4_msgs/msg/detail/ulog_stream_ack__struct.h\n'}
[2.214427] (px4_msgs) StdoutLine: {'line': b'-- Up-to-date symlink: /home/prathamkelkar/ros2_ws/install/px4_msgs/include/px4_msgs/px4_msgs/msg/detail/ulog_stream_ack__type_support.h\n'}
[2.214503] (px4_msgs) StdoutLine: {'line': b'-- Up-to-date symlink: /home/prathamkelkar/ros2_ws/install/px4_msgs/include/px4_msgs/px4_msgs/msg/detail/unregister_ext_component__functions.h\n'}
[2.214752] (px4_msgs) StdoutLine: {'line': b'-- Up-to-date symlink: /home/prathamkelkar/ros2_ws/install/px4_msgs/include/px4_msgs/px4_msgs/msg/detail/unregister_ext_component__struct.h\n'}
[2.215831] (px4_msgs) StdoutLine: {'line': b'-- Up-to-date symlink: /home/prathamkelkar/ros2_ws/install/px4_msgs/include/px4_msgs/px4_msgs/msg/detail/unregister_ext_component__type_support.h\n'}
[2.216068] (px4_msgs) StdoutLine: {'line': b'-- Up-to-date symlink: /home/prathamkelkar/ros2_ws/install/px4_msgs/include/px4_msgs/px4_msgs/msg/detail/vehicle_acceleration__functions.h\n'}
[2.217489] (px4_msgs) StdoutLine: {'line': b'-- Up-to-date symlink: /home/prathamkelkar/ros2_ws/install/px4_msgs/include/px4_msgs/px4_msgs/msg/detail/vehicle_acceleration__struct.h\n'}
[2.218075] (px4_msgs) StdoutLine: {'line': b'-- Up-to-date symlink: /home/prathamkelkar/ros2_ws/install/px4_msgs/include/px4_msgs/px4_msgs/msg/detail/vehicle_acceleration__type_support.h\n'}
[2.218341] (px4_msgs) StdoutLine: {'line': b'-- Up-to-date symlink: /home/prathamkelkar/ros2_ws/install/px4_msgs/include/px4_msgs/px4_msgs/msg/detail/vehicle_air_data__functions.h\n'}
[2.218524] (px4_msgs) StdoutLine: {'line': b'-- Up-to-date symlink: /home/prathamkelkar/ros2_ws/install/px4_msgs/include/px4_msgs/px4_msgs/msg/detail/vehicle_air_data__struct.h\n'}
[2.218651] (px4_msgs) StdoutLine: {'line': b'-- Up-to-date symlink: /home/prathamkelkar/ros2_ws/install/px4_msgs/include/px4_msgs/px4_msgs/msg/detail/vehicle_air_data__type_support.h\n'}
[2.218761] (px4_msgs) StdoutLine: {'line': b'-- Up-to-date symlink: /home/prathamkelkar/ros2_ws/install/px4_msgs/include/px4_msgs/px4_msgs/msg/detail/vehicle_angular_acceleration_setpoint__functions.h\n'}
[2.218865] (px4_msgs) StdoutLine: {'line': b'-- Up-to-date symlink: /home/prathamkelkar/ros2_ws/install/px4_msgs/include/px4_msgs/px4_msgs/msg/detail/vehicle_angular_acceleration_setpoint__struct.h\n'}
[2.218980] (px4_msgs) StdoutLine: {'line': b'-- Up-to-date symlink: /home/prathamkelkar/ros2_ws/install/px4_msgs/include/px4_msgs/px4_msgs/msg/detail/vehicle_angular_acceleration_setpoint__type_support.h\n'}
[2.219610] (px4_msgs) StdoutLine: {'line': b'-- Up-to-date symlink: /home/prathamkelkar/ros2_ws/install/px4_msgs/include/px4_msgs/px4_msgs/msg/detail/vehicle_angular_velocity__functions.h\n'}
[2.219823] (px4_msgs) StdoutLine: {'line': b'-- Up-to-date symlink: /home/prathamkelkar/ros2_ws/install/px4_msgs/include/px4_msgs/px4_msgs/msg/detail/vehicle_angular_velocity__struct.h\n'}
[2.219926] (px4_msgs) StdoutLine: {'line': b'-- Up-to-date symlink: /home/prathamkelkar/ros2_ws/install/px4_msgs/include/px4_msgs/px4_msgs/msg/detail/vehicle_angular_velocity__type_support.h\n'}
[2.220021] (px4_msgs) StdoutLine: {'line': b'-- Up-to-date symlink: /home/prathamkelkar/ros2_ws/install/px4_msgs/include/px4_msgs/px4_msgs/msg/detail/vehicle_attitude__functions.h\n'}
[2.220110] (px4_msgs) StdoutLine: {'line': b'-- Up-to-date symlink: /home/prathamkelkar/ros2_ws/install/px4_msgs/include/px4_msgs/px4_msgs/msg/detail/vehicle_attitude__struct.h\n'}
[2.220239] (px4_msgs) StdoutLine: {'line': b'-- Up-to-date symlink: /home/prathamkelkar/ros2_ws/install/px4_msgs/include/px4_msgs/px4_msgs/msg/detail/vehicle_attitude__type_support.h\n'}
[2.220327] (px4_msgs) StdoutLine: {'line': b'-- Up-to-date symlink: /home/prathamkelkar/ros2_ws/install/px4_msgs/include/px4_msgs/px4_msgs/msg/detail/vehicle_attitude_setpoint__functions.h\n'}
[2.220414] (px4_msgs) StdoutLine: {'line': b'-- Up-to-date symlink: /home/prathamkelkar/ros2_ws/install/px4_msgs/include/px4_msgs/px4_msgs/msg/detail/vehicle_attitude_setpoint__struct.h\n'}
[2.220498] (simple_quadcopter_teleop) StdoutLine: {'line': b"reading manifest file 'simple_quadcopter_teleop.egg-info/SOURCES.txt'\n"}
[2.220725] (px4_msgs) StdoutLine: {'line': b'-- Up-to-date symlink: /home/prathamkelkar/ros2_ws/install/px4_msgs/include/px4_msgs/px4_msgs/msg/detail/vehicle_attitude_setpoint__type_support.h\n'}
[2.220815] (px4_msgs) StdoutLine: {'line': b'-- Up-to-date symlink: /home/prathamkelkar/ros2_ws/install/px4_msgs/include/px4_msgs/px4_msgs/msg/detail/vehicle_command__functions.h\n'}
[2.220899] (px4_msgs) StdoutLine: {'line': b'-- Up-to-date symlink: /home/prathamkelkar/ros2_ws/install/px4_msgs/include/px4_msgs/px4_msgs/msg/detail/vehicle_command__struct.h\n'}
[2.220982] (px4_msgs) StdoutLine: {'line': b'-- Up-to-date symlink: /home/prathamkelkar/ros2_ws/install/px4_msgs/include/px4_msgs/px4_msgs/msg/detail/vehicle_command__type_support.h\n'}
[2.221611] (px4_msgs) StdoutLine: {'line': b'-- Up-to-date symlink: /home/prathamkelkar/ros2_ws/install/px4_msgs/include/px4_msgs/px4_msgs/msg/detail/vehicle_command_ack__functions.h\n'}
[2.221707] (px4_msgs) StdoutLine: {'line': b'-- Up-to-date symlink: /home/prathamkelkar/ros2_ws/install/px4_msgs/include/px4_msgs/px4_msgs/msg/detail/vehicle_command_ack__struct.h\n'}
[2.221791] (px4_msgs) StdoutLine: {'line': b'-- Up-to-date symlink: /home/prathamkelkar/ros2_ws/install/px4_msgs/include/px4_msgs/px4_msgs/msg/detail/vehicle_command_ack__type_support.h\n'}
[2.221871] (simple_quadcopter_teleop) StdoutLine: {'line': b"writing manifest file 'simple_quadcopter_teleop.egg-info/SOURCES.txt'\n"}
[2.221958] (px4_msgs) StdoutLine: {'line': b'-- Up-to-date symlink: /home/prathamkelkar/ros2_ws/install/px4_msgs/include/px4_msgs/px4_msgs/msg/detail/vehicle_constraints__functions.h\n'}
[2.222037] (px4_msgs) StdoutLine: {'line': b'-- Up-to-date symlink: /home/prathamkelkar/ros2_ws/install/px4_msgs/include/px4_msgs/px4_msgs/msg/detail/vehicle_constraints__struct.h\n'}
[2.222198] (px4_msgs) StdoutLine: {'line': b'-- Up-to-date symlink: /home/prathamkelkar/ros2_ws/install/px4_msgs/include/px4_msgs/px4_msgs/msg/detail/vehicle_constraints__type_support.h\n'}
[2.222698] (px4_msgs) StdoutLine: {'line': b'-- Up-to-date symlink: /home/prathamkelkar/ros2_ws/install/px4_msgs/include/px4_msgs/px4_msgs/msg/detail/vehicle_control_mode__functions.h\n'}
[2.223121] (px4_msgs) StdoutLine: {'line': b'-- Up-to-date symlink: /home/prathamkelkar/ros2_ws/install/px4_msgs/include/px4_msgs/px4_msgs/msg/detail/vehicle_control_mode__struct.h\n'}
[2.223325] (px4_msgs) StdoutLine: {'line': b'-- Up-to-date symlink: /home/prathamkelkar/ros2_ws/install/px4_msgs/include/px4_msgs/px4_msgs/msg/detail/vehicle_control_mode__type_support.h\n'}
[2.223430] (px4_msgs) StdoutLine: {'line': b'-- Up-to-date symlink: /home/prathamkelkar/ros2_ws/install/px4_msgs/include/px4_msgs/px4_msgs/msg/detail/vehicle_global_position__functions.h\n'}
[2.223517] (px4_msgs) StdoutLine: {'line': b'-- Up-to-date symlink: /home/prathamkelkar/ros2_ws/install/px4_msgs/include/px4_msgs/px4_msgs/msg/detail/vehicle_global_position__struct.h\n'}
[2.223604] (px4_msgs) StdoutLine: {'line': b'-- Up-to-date symlink: /home/prathamkelkar/ros2_ws/install/px4_msgs/include/px4_msgs/px4_msgs/msg/detail/vehicle_global_position__type_support.h\n'}
[2.223701] (px4_msgs) StdoutLine: {'line': b'-- Up-to-date symlink: /home/prathamkelkar/ros2_ws/install/px4_msgs/include/px4_msgs/px4_msgs/msg/detail/vehicle_imu__functions.h\n'}
[2.223793] (px4_msgs) StdoutLine: {'line': b'-- Up-to-date symlink: /home/prathamkelkar/ros2_ws/install/px4_msgs/include/px4_msgs/px4_msgs/msg/detail/vehicle_imu__struct.h\n'}
[2.223878] (px4_msgs) StdoutLine: {'line': b'-- Up-to-date symlink: /home/prathamkelkar/ros2_ws/install/px4_msgs/include/px4_msgs/px4_msgs/msg/detail/vehicle_imu__type_support.h\n'}
[2.223959] (px4_msgs) StdoutLine: {'line': b'-- Up-to-date symlink: /home/prathamkelkar/ros2_ws/install/px4_msgs/include/px4_msgs/px4_msgs/msg/detail/vehicle_imu_status__functions.h\n'}
[2.224041] (px4_msgs) StdoutLine: {'line': b'-- Up-to-date symlink: /home/prathamkelkar/ros2_ws/install/px4_msgs/include/px4_msgs/px4_msgs/msg/detail/vehicle_imu_status__struct.h\n'}
[2.224124] (px4_msgs) StdoutLine: {'line': b'-- Up-to-date symlink: /home/prathamkelkar/ros2_ws/install/px4_msgs/include/px4_msgs/px4_msgs/msg/detail/vehicle_imu_status__type_support.h\n'}
[2.224205] (px4_msgs) StdoutLine: {'line': b'-- Up-to-date symlink: /home/prathamkelkar/ros2_ws/install/px4_msgs/include/px4_msgs/px4_msgs/msg/detail/vehicle_land_detected__functions.h\n'}
[2.224284] (px4_msgs) StdoutLine: {'line': b'-- Up-to-date symlink: /home/prathamkelkar/ros2_ws/install/px4_msgs/include/px4_msgs/px4_msgs/msg/detail/vehicle_land_detected__struct.h\n'}
[2.224362] (px4_msgs) StdoutLine: {'line': b'-- Up-to-date symlink: /home/prathamkelkar/ros2_ws/install/px4_msgs/include/px4_msgs/px4_msgs/msg/detail/vehicle_land_detected__type_support.h\n'}
[2.224439] (px4_msgs) StdoutLine: {'line': b'-- Up-to-date symlink: /home/prathamkelkar/ros2_ws/install/px4_msgs/include/px4_msgs/px4_msgs/msg/detail/vehicle_local_position__functions.h\n'}
[2.224520] (px4_msgs) StdoutLine: {'line': b'-- Up-to-date symlink: /home/prathamkelkar/ros2_ws/install/px4_msgs/include/px4_msgs/px4_msgs/msg/detail/vehicle_local_position__struct.h\n'}
[2.224595] (px4_msgs) StdoutLine: {'line': b'-- Up-to-date symlink: /home/prathamkelkar/ros2_ws/install/px4_msgs/include/px4_msgs/px4_msgs/msg/detail/vehicle_local_position__type_support.h\n'}
[2.224682] (px4_msgs) StdoutLine: {'line': b'-- Up-to-date symlink: /home/prathamkelkar/ros2_ws/install/px4_msgs/include/px4_msgs/px4_msgs/msg/detail/vehicle_local_position_setpoint__functions.h\n'}
[2.224763] (px4_msgs) StdoutLine: {'line': b'-- Up-to-date symlink: /home/prathamkelkar/ros2_ws/install/px4_msgs/include/px4_msgs/px4_msgs/msg/detail/vehicle_local_position_setpoint__struct.h\n'}
[2.224840] (px4_msgs) StdoutLine: {'line': b'-- Up-to-date symlink: /home/prathamkelkar/ros2_ws/install/px4_msgs/include/px4_msgs/px4_msgs/msg/detail/vehicle_local_position_setpoint__type_support.h\n'}
[2.224918] (px4_msgs) StdoutLine: {'line': b'-- Up-to-date symlink: /home/prathamkelkar/ros2_ws/install/px4_msgs/include/px4_msgs/px4_msgs/msg/detail/vehicle_magnetometer__functions.h\n'}
[2.224994] (px4_msgs) StdoutLine: {'line': b'-- Up-to-date symlink: /home/prathamkelkar/ros2_ws/install/px4_msgs/include/px4_msgs/px4_msgs/msg/detail/vehicle_magnetometer__struct.h\n'}
[2.225073] (px4_msgs) StdoutLine: {'line': b'-- Up-to-date symlink: /home/prathamkelkar/ros2_ws/install/px4_msgs/include/px4_msgs/px4_msgs/msg/detail/vehicle_magnetometer__type_support.h\n'}
[2.225259] (px4_msgs) StdoutLine: {'line': b'-- Up-to-date symlink: /home/prathamkelkar/ros2_ws/install/px4_msgs/include/px4_msgs/px4_msgs/msg/detail/vehicle_odometry__functions.h\n'}
[2.225336] (px4_msgs) StdoutLine: {'line': b'-- Up-to-date symlink: /home/prathamkelkar/ros2_ws/install/px4_msgs/include/px4_msgs/px4_msgs/msg/detail/vehicle_odometry__struct.h\n'}
[2.225414] (px4_msgs) StdoutLine: {'line': b'-- Up-to-date symlink: /home/prathamkelkar/ros2_ws/install/px4_msgs/include/px4_msgs/px4_msgs/msg/detail/vehicle_odometry__type_support.h\n'}
[2.225666] (px4_msgs) StdoutLine: {'line': b'-- Up-to-date symlink: /home/prathamkelkar/ros2_ws/install/px4_msgs/include/px4_msgs/px4_msgs/msg/detail/vehicle_optical_flow__functions.h\n'}
[2.225907] (px4_msgs) StdoutLine: {'line': b'-- Up-to-date symlink: /home/prathamkelkar/ros2_ws/install/px4_msgs/include/px4_msgs/px4_msgs/msg/detail/vehicle_optical_flow__struct.h\n'}
[2.226050] (px4_msgs) StdoutLine: {'line': b'-- Up-to-date symlink: /home/prathamkelkar/ros2_ws/install/px4_msgs/include/px4_msgs/px4_msgs/msg/detail/vehicle_optical_flow__type_support.h\n'}
[2.226329] (px4_msgs) StdoutLine: {'line': b'-- Up-to-date symlink: /home/prathamkelkar/ros2_ws/install/px4_msgs/include/px4_msgs/px4_msgs/msg/detail/vehicle_optical_flow_vel__functions.h\n'}
[2.226409] (px4_msgs) StdoutLine: {'line': b'-- Up-to-date symlink: /home/prathamkelkar/ros2_ws/install/px4_msgs/include/px4_msgs/px4_msgs/msg/detail/vehicle_optical_flow_vel__struct.h\n'}
[2.226504] (px4_msgs) StdoutLine: {'line': b'-- Up-to-date symlink: /home/prathamkelkar/ros2_ws/install/px4_msgs/include/px4_msgs/px4_msgs/msg/detail/vehicle_optical_flow_vel__type_support.h\n'}
[2.226597] (px4_msgs) StdoutLine: {'line': b'-- Up-to-date symlink: /home/prathamkelkar/ros2_ws/install/px4_msgs/include/px4_msgs/px4_msgs/msg/detail/vehicle_rates_setpoint__functions.h\n'}
[2.226695] (px4_msgs) StdoutLine: {'line': b'-- Up-to-date symlink: /home/prathamkelkar/ros2_ws/install/px4_msgs/include/px4_msgs/px4_msgs/msg/detail/vehicle_rates_setpoint__struct.h\n'}
[2.227202] (px4_msgs) StdoutLine: {'line': b'-- Up-to-date symlink: /home/prathamkelkar/ros2_ws/install/px4_msgs/include/px4_msgs/px4_msgs/msg/detail/vehicle_rates_setpoint__type_support.h\n'}
[2.227540] (px4_msgs) StdoutLine: {'line': b'-- Up-to-date symlink: /home/prathamkelkar/ros2_ws/install/px4_msgs/include/px4_msgs/px4_msgs/msg/detail/vehicle_roi__functions.h\n'}
[2.228241] (px4_msgs) StdoutLine: {'line': b'-- Up-to-date symlink: /home/prathamkelkar/ros2_ws/install/px4_msgs/include/px4_msgs/px4_msgs/msg/detail/vehicle_roi__struct.h\n'}
[2.228327] (px4_msgs) StdoutLine: {'line': b'-- Up-to-date symlink: /home/prathamkelkar/ros2_ws/install/px4_msgs/include/px4_msgs/px4_msgs/msg/detail/vehicle_roi__type_support.h\n'}
[2.228411] (px4_msgs) StdoutLine: {'line': b'-- Up-to-date symlink: /home/prathamkelkar/ros2_ws/install/px4_msgs/include/px4_msgs/px4_msgs/msg/detail/vehicle_status__functions.h\n'}
[2.228525] (px4_msgs) StdoutLine: {'line': b'-- Up-to-date symlink: /home/prathamkelkar/ros2_ws/install/px4_msgs/include/px4_msgs/px4_msgs/msg/detail/vehicle_status__struct.h\n'}
[2.228611] (px4_msgs) StdoutLine: {'line': b'-- Up-to-date symlink: /home/prathamkelkar/ros2_ws/install/px4_msgs/include/px4_msgs/px4_msgs/msg/detail/vehicle_status__type_support.h\n'}
[2.228713] (px4_msgs) StdoutLine: {'line': b'-- Up-to-date symlink: /home/prathamkelkar/ros2_ws/install/px4_msgs/include/px4_msgs/px4_msgs/msg/detail/vehicle_thrust_setpoint__functions.h\n'}
[2.228870] (px4_msgs) StdoutLine: {'line': b'-- Up-to-date symlink: /home/prathamkelkar/ros2_ws/install/px4_msgs/include/px4_msgs/px4_msgs/msg/detail/vehicle_thrust_setpoint__struct.h\n'}
[2.229062] (px4_msgs) StdoutLine: {'line': b'-- Up-to-date symlink: /home/prathamkelkar/ros2_ws/install/px4_msgs/include/px4_msgs/px4_msgs/msg/detail/vehicle_thrust_setpoint__type_support.h\n'}
[2.229144] (px4_msgs) StdoutLine: {'line': b'-- Up-to-date symlink: /home/prathamkelkar/ros2_ws/install/px4_msgs/include/px4_msgs/px4_msgs/msg/detail/vehicle_torque_setpoint__functions.h\n'}
[2.229321] (px4_msgs) StdoutLine: {'line': b'-- Up-to-date symlink: /home/prathamkelkar/ros2_ws/install/px4_msgs/include/px4_msgs/px4_msgs/msg/detail/vehicle_torque_setpoint__struct.h\n'}
[2.229402] (px4_msgs) StdoutLine: {'line': b'-- Up-to-date symlink: /home/prathamkelkar/ros2_ws/install/px4_msgs/include/px4_msgs/px4_msgs/msg/detail/vehicle_torque_setpoint__type_support.h\n'}
[2.229481] (px4_msgs) StdoutLine: {'line': b'-- Up-to-date symlink: /home/prathamkelkar/ros2_ws/install/px4_msgs/include/px4_msgs/px4_msgs/msg/detail/vehicle_trajectory_bezier__functions.h\n'}
[2.229563] (px4_msgs) StdoutLine: {'line': b'-- Up-to-date symlink: /home/prathamkelkar/ros2_ws/install/px4_msgs/include/px4_msgs/px4_msgs/msg/detail/vehicle_trajectory_bezier__struct.h\n'}
[2.229642] (px4_msgs) StdoutLine: {'line': b'-- Up-to-date symlink: /home/prathamkelkar/ros2_ws/install/px4_msgs/include/px4_msgs/px4_msgs/msg/detail/vehicle_trajectory_bezier__type_support.h\n'}
[2.229729] (px4_msgs) StdoutLine: {'line': b'-- Up-to-date symlink: /home/prathamkelkar/ros2_ws/install/px4_msgs/include/px4_msgs/px4_msgs/msg/detail/vehicle_trajectory_waypoint__functions.h\n'}
[2.229809] (px4_msgs) StdoutLine: {'line': b'-- Up-to-date symlink: /home/prathamkelkar/ros2_ws/install/px4_msgs/include/px4_msgs/px4_msgs/msg/detail/vehicle_trajectory_waypoint__struct.h\n'}
[2.229896] (px4_msgs) StdoutLine: {'line': b'-- Up-to-date symlink: /home/prathamkelkar/ros2_ws/install/px4_msgs/include/px4_msgs/px4_msgs/msg/detail/vehicle_trajectory_waypoint__type_support.h\n'}
[2.229981] (px4_msgs) StdoutLine: {'line': b'-- Up-to-date symlink: /home/prathamkelkar/ros2_ws/install/px4_msgs/include/px4_msgs/px4_msgs/msg/detail/velocity_limits__functions.h\n'}
[2.230058] (px4_msgs) StdoutLine: {'line': b'-- Up-to-date symlink: /home/prathamkelkar/ros2_ws/install/px4_msgs/include/px4_msgs/px4_msgs/msg/detail/velocity_limits__struct.h\n'}
[2.230138] (px4_msgs) StdoutLine: {'line': b'-- Up-to-date symlink: /home/prathamkelkar/ros2_ws/install/px4_msgs/include/px4_msgs/px4_msgs/msg/detail/velocity_limits__type_support.h\n'}
[2.230340] (px4_msgs) StdoutLine: {'line': b'-- Up-to-date symlink: /home/prathamkelkar/ros2_ws/install/px4_msgs/include/px4_msgs/px4_msgs/msg/detail/vtol_vehicle_status__functions.h\n'}
[2.230461] (px4_msgs) StdoutLine: {'line': b'-- Up-to-date symlink: /home/prathamkelkar/ros2_ws/install/px4_msgs/include/px4_msgs/px4_msgs/msg/detail/vtol_vehicle_status__struct.h\n'}
[2.230899] (px4_msgs) StdoutLine: {'line': b'-- Up-to-date symlink: /home/prathamkelkar/ros2_ws/install/px4_msgs/include/px4_msgs/px4_msgs/msg/detail/vtol_vehicle_status__type_support.h\n'}
[2.231122] (px4_msgs) StdoutLine: {'line': b'-- Up-to-date symlink: /home/prathamkelkar/ros2_ws/install/px4_msgs/include/px4_msgs/px4_msgs/msg/detail/wheel_encoders__functions.h\n'}
[2.231206] (px4_msgs) StdoutLine: {'line': b'-- Up-to-date symlink: /home/prathamkelkar/ros2_ws/install/px4_msgs/include/px4_msgs/px4_msgs/msg/detail/wheel_encoders__struct.h\n'}
[2.232316] (px4_msgs) StdoutLine: {'line': b'-- Up-to-date symlink: /home/prathamkelkar/ros2_ws/install/px4_msgs/include/px4_msgs/px4_msgs/msg/detail/wheel_encoders__type_support.h\n'}
[2.232657] (px4_msgs) StdoutLine: {'line': b'-- Up-to-date symlink: /home/prathamkelkar/ros2_ws/install/px4_msgs/include/px4_msgs/px4_msgs/msg/detail/wind__functions.h\n'}
[2.235517] (px4_msgs) StdoutLine: {'line': b'-- Up-to-date symlink: /home/prathamkelkar/ros2_ws/install/px4_msgs/include/px4_msgs/px4_msgs/msg/detail/wind__struct.h\n'}
[2.237712] (px4_msgs) StdoutLine: {'line': b'-- Up-to-date symlink: /home/prathamkelkar/ros2_ws/install/px4_msgs/include/px4_msgs/px4_msgs/msg/detail/wind__type_support.h\n'}
[2.238417] (px4_msgs) StdoutLine: {'line': b'-- Up-to-date symlink: /home/prathamkelkar/ros2_ws/install/px4_msgs/include/px4_msgs/px4_msgs/msg/detail/yaw_estimator_status__functions.h\n'}
[2.240295] (px4_msgs) StdoutLine: {'line': b'-- Up-to-date symlink: /home/prathamkelkar/ros2_ws/install/px4_msgs/include/px4_msgs/px4_msgs/msg/detail/yaw_estimator_status__struct.h\n'}
[2.240702] (px4_msgs) StdoutLine: {'line': b'-- Up-to-date symlink: /home/prathamkelkar/ros2_ws/install/px4_msgs/include/px4_msgs/px4_msgs/msg/detail/yaw_estimator_status__type_support.h\n'}
[2.240814] (px4_msgs) StdoutLine: {'line': b'-- Up-to-date symlink: /home/prathamkelkar/ros2_ws/install/px4_msgs/include/px4_msgs/px4_msgs/msg/differential_drive_setpoint.h\n'}
[2.240912] (px4_msgs) StdoutLine: {'line': b'-- Up-to-date symlink: /home/prathamkelkar/ros2_ws/install/px4_msgs/include/px4_msgs/px4_msgs/msg/differential_pressure.h\n'}
[2.241005] (px4_msgs) StdoutLine: {'line': b'-- Up-to-date symlink: /home/prathamkelkar/ros2_ws/install/px4_msgs/include/px4_msgs/px4_msgs/msg/distance_sensor.h\n'}
[2.241096] (px4_msgs) StdoutLine: {'line': b'-- Up-to-date symlink: /home/prathamkelkar/ros2_ws/install/px4_msgs/include/px4_msgs/px4_msgs/msg/ekf2_timestamps.h\n'}
[2.241184] (px4_msgs) StdoutLine: {'line': b'-- Up-to-date symlink: /home/prathamkelkar/ros2_ws/install/px4_msgs/include/px4_msgs/px4_msgs/msg/esc_report.h\n'}
[2.241269] (px4_msgs) StdoutLine: {'line': b'-- Up-to-date symlink: /home/prathamkelkar/ros2_ws/install/px4_msgs/include/px4_msgs/px4_msgs/msg/esc_status.h\n'}
[2.241354] (px4_msgs) StdoutLine: {'line': b'-- Up-to-date symlink: /home/prathamkelkar/ros2_ws/install/px4_msgs/include/px4_msgs/px4_msgs/msg/estimator_aid_source1d.h\n'}
[2.241439] (px4_msgs) StdoutLine: {'line': b'-- Up-to-date symlink: /home/prathamkelkar/ros2_ws/install/px4_msgs/include/px4_msgs/px4_msgs/msg/estimator_aid_source2d.h\n'}
[2.241524] (px4_msgs) StdoutLine: {'line': b'-- Up-to-date symlink: /home/prathamkelkar/ros2_ws/install/px4_msgs/include/px4_msgs/px4_msgs/msg/estimator_aid_source3d.h\n'}
[2.241704] (px4_msgs) StdoutLine: {'line': b'-- Up-to-date symlink: /home/prathamkelkar/ros2_ws/install/px4_msgs/include/px4_msgs/px4_msgs/msg/estimator_bias.h\n'}
[2.241787] (px4_msgs) StdoutLine: {'line': b'-- Up-to-date symlink: /home/prathamkelkar/ros2_ws/install/px4_msgs/include/px4_msgs/px4_msgs/msg/estimator_bias3d.h\n'}
[2.241869] (px4_msgs) StdoutLine: {'line': b'-- Up-to-date symlink: /home/prathamkelkar/ros2_ws/install/px4_msgs/include/px4_msgs/px4_msgs/msg/estimator_event_flags.h\n'}
[2.241965] (px4_msgs) StdoutLine: {'line': b'-- Up-to-date symlink: /home/prathamkelkar/ros2_ws/install/px4_msgs/include/px4_msgs/px4_msgs/msg/estimator_gps_status.h\n'}
[2.242046] (px4_msgs) StdoutLine: {'line': b'-- Up-to-date symlink: /home/prathamkelkar/ros2_ws/install/px4_msgs/include/px4_msgs/px4_msgs/msg/estimator_innovations.h\n'}
[2.242318] (px4_msgs) StdoutLine: {'line': b'-- Up-to-date symlink: /home/prathamkelkar/ros2_ws/install/px4_msgs/include/px4_msgs/px4_msgs/msg/estimator_selector_status.h\n'}
[2.242406] (px4_msgs) StdoutLine: {'line': b'-- Up-to-date symlink: /home/prathamkelkar/ros2_ws/install/px4_msgs/include/px4_msgs/px4_msgs/msg/estimator_sensor_bias.h\n'}
[2.242495] (px4_msgs) StdoutLine: {'line': b'-- Up-to-date symlink: /home/prathamkelkar/ros2_ws/install/px4_msgs/include/px4_msgs/px4_msgs/msg/estimator_states.h\n'}
[2.242635] (px4_msgs) StdoutLine: {'line': b'-- Up-to-date symlink: /home/prathamkelkar/ros2_ws/install/px4_msgs/include/px4_msgs/px4_msgs/msg/estimator_status.h\n'}
[2.242762] (px4_msgs) StdoutLine: {'line': b'-- Up-to-date symlink: /home/prathamkelkar/ros2_ws/install/px4_msgs/include/px4_msgs/px4_msgs/msg/estimator_status_flags.h\n'}
[2.243308] (px4_msgs) StdoutLine: {'line': b'-- Up-to-date symlink: /home/prathamkelkar/ros2_ws/install/px4_msgs/include/px4_msgs/px4_msgs/msg/event.h\n'}
[2.243415] (px4_msgs) StdoutLine: {'line': b'-- Up-to-date symlink: /home/prathamkelkar/ros2_ws/install/px4_msgs/include/px4_msgs/px4_msgs/msg/failsafe_flags.h\n'}
[2.243534] (px4_msgs) StdoutLine: {'line': b'-- Up-to-date symlink: /home/prathamkelkar/ros2_ws/install/px4_msgs/include/px4_msgs/px4_msgs/msg/failure_detector_status.h\n'}
[2.243621] (px4_msgs) StdoutLine: {'line': b'-- Up-to-date symlink: /home/prathamkelkar/ros2_ws/install/px4_msgs/include/px4_msgs/px4_msgs/msg/figure_eight_status.h\n'}
[2.243875] (px4_msgs) StdoutLine: {'line': b'-- Up-to-date symlink: /home/prathamkelkar/ros2_ws/install/px4_msgs/include/px4_msgs/px4_msgs/msg/flight_phase_estimation.h\n'}
[2.244015] (px4_msgs) StdoutLine: {'line': b'-- Up-to-date symlink: /home/prathamkelkar/ros2_ws/install/px4_msgs/include/px4_msgs/px4_msgs/msg/follow_target.h\n'}
[2.244208] (px4_msgs) StdoutLine: {'line': b'-- Up-to-date symlink: /home/prathamkelkar/ros2_ws/install/px4_msgs/include/px4_msgs/px4_msgs/msg/follow_target_estimator.h\n'}
[2.244302] (px4_msgs) StdoutLine: {'line': b'-- Up-to-date symlink: /home/prathamkelkar/ros2_ws/install/px4_msgs/include/px4_msgs/px4_msgs/msg/follow_target_status.h\n'}
[2.244630] (px4_msgs) StdoutLine: {'line': b'-- Up-to-date symlink: /home/prathamkelkar/ros2_ws/install/px4_msgs/include/px4_msgs/px4_msgs/msg/generator_status.h\n'}
[2.244824] (px4_msgs) StdoutLine: {'line': b'-- Up-to-date symlink: /home/prathamkelkar/ros2_ws/install/px4_msgs/include/px4_msgs/px4_msgs/msg/geofence_result.h\n'}
[2.244904] (px4_msgs) StdoutLine: {'line': b'-- Up-to-date symlink: /home/prathamkelkar/ros2_ws/install/px4_msgs/include/px4_msgs/px4_msgs/msg/geofence_status.h\n'}
[2.244974] (px4_msgs) StdoutLine: {'line': b'-- Up-to-date symlink: /home/prathamkelkar/ros2_ws/install/px4_msgs/include/px4_msgs/px4_msgs/msg/gimbal_controls.h\n'}
[2.245043] (px4_msgs) StdoutLine: {'line': b'-- Up-to-date symlink: /home/prathamkelkar/ros2_ws/install/px4_msgs/include/px4_msgs/px4_msgs/msg/gimbal_device_attitude_status.h\n'}
[2.245119] (px4_msgs) StdoutLine: {'line': b'-- Up-to-date symlink: /home/prathamkelkar/ros2_ws/install/px4_msgs/include/px4_msgs/px4_msgs/msg/gimbal_device_information.h\n'}
[2.245184] (px4_msgs) StdoutLine: {'line': b'-- Up-to-date symlink: /home/prathamkelkar/ros2_ws/install/px4_msgs/include/px4_msgs/px4_msgs/msg/gimbal_device_set_attitude.h\n'}
[2.245254] (px4_msgs) StdoutLine: {'line': b'-- Up-to-date symlink: /home/prathamkelkar/ros2_ws/install/px4_msgs/include/px4_msgs/px4_msgs/msg/gimbal_manager_information.h\n'}
[2.245792] (px4_msgs) StdoutLine: {'line': b'-- Up-to-date symlink: /home/prathamkelkar/ros2_ws/install/px4_msgs/include/px4_msgs/px4_msgs/msg/gimbal_manager_set_attitude.h\n'}
[2.245854] (px4_msgs) StdoutLine: {'line': b'-- Up-to-date symlink: /home/prathamkelkar/ros2_ws/install/px4_msgs/include/px4_msgs/px4_msgs/msg/gimbal_manager_set_manual_control.h\n'}
[2.246028] (px4_msgs) StdoutLine: {'line': b'-- Up-to-date symlink: /home/prathamkelkar/ros2_ws/install/px4_msgs/include/px4_msgs/px4_msgs/msg/gimbal_manager_status.h\n'}
[2.246240] (px4_msgs) StdoutLine: {'line': b'-- Up-to-date symlink: /home/prathamkelkar/ros2_ws/install/px4_msgs/include/px4_msgs/px4_msgs/msg/goto_setpoint.h\n'}
[2.246301] (px4_msgs) StdoutLine: {'line': b'-- Up-to-date symlink: /home/prathamkelkar/ros2_ws/install/px4_msgs/include/px4_msgs/px4_msgs/msg/gpio_config.h\n'}
[2.246363] (px4_msgs) StdoutLine: {'line': b'-- Up-to-date symlink: /home/prathamkelkar/ros2_ws/install/px4_msgs/include/px4_msgs/px4_msgs/msg/gpio_in.h\n'}
[2.246424] (px4_msgs) StdoutLine: {'line': b'-- Up-to-date symlink: /home/prathamkelkar/ros2_ws/install/px4_msgs/include/px4_msgs/px4_msgs/msg/gpio_out.h\n'}
[2.246484] (px4_msgs) StdoutLine: {'line': b'-- Up-to-date symlink: /home/prathamkelkar/ros2_ws/install/px4_msgs/include/px4_msgs/px4_msgs/msg/gpio_request.h\n'}
[2.246542] (px4_msgs) StdoutLine: {'line': b'-- Up-to-date symlink: /home/prathamkelkar/ros2_ws/install/px4_msgs/include/px4_msgs/px4_msgs/msg/gps_dump.h\n'}
[2.246602] (px4_msgs) StdoutLine: {'line': b'-- Up-to-date symlink: /home/prathamkelkar/ros2_ws/install/px4_msgs/include/px4_msgs/px4_msgs/msg/gps_inject_data.h\n'}
[2.246657] (px4_msgs) StdoutLine: {'line': b'-- Up-to-date symlink: /home/prathamkelkar/ros2_ws/install/px4_msgs/include/px4_msgs/px4_msgs/msg/gripper.h\n'}
[2.246723] (px4_msgs) StdoutLine: {'line': b'-- Up-to-date symlink: /home/prathamkelkar/ros2_ws/install/px4_msgs/include/px4_msgs/px4_msgs/msg/health_report.h\n'}
[2.246786] (px4_msgs) StdoutLine: {'line': b'-- Up-to-date symlink: /home/prathamkelkar/ros2_ws/install/px4_msgs/include/px4_msgs/px4_msgs/msg/heater_status.h\n'}
[2.246919] (px4_msgs) StdoutLine: {'line': b'-- Up-to-date symlink: /home/prathamkelkar/ros2_ws/install/px4_msgs/include/px4_msgs/px4_msgs/msg/home_position.h\n'}
[2.246992] (px4_msgs) StdoutLine: {'line': b'-- Up-to-date symlink: /home/prathamkelkar/ros2_ws/install/px4_msgs/include/px4_msgs/px4_msgs/msg/hover_thrust_estimate.h\n'}
[2.247053] (px4_msgs) StdoutLine: {'line': b'-- Up-to-date symlink: /home/prathamkelkar/ros2_ws/install/px4_msgs/include/px4_msgs/px4_msgs/msg/input_rc.h\n'}
[2.247115] (px4_msgs) StdoutLine: {'line': b'-- Up-to-date symlink: /home/prathamkelkar/ros2_ws/install/px4_msgs/include/px4_msgs/px4_msgs/msg/internal_combustion_engine_status.h\n'}
[2.247176] (px4_msgs) StdoutLine: {'line': b'-- Up-to-date symlink: /home/prathamkelkar/ros2_ws/install/px4_msgs/include/px4_msgs/px4_msgs/msg/iridiumsbd_status.h\n'}
[2.247239] (px4_msgs) StdoutLine: {'line': b'-- Up-to-date symlink: /home/prathamkelkar/ros2_ws/install/px4_msgs/include/px4_msgs/px4_msgs/msg/irlock_report.h\n'}
[2.247551] (px4_msgs) StdoutLine: {'line': b'-- Up-to-date symlink: /home/prathamkelkar/ros2_ws/install/px4_msgs/include/px4_msgs/px4_msgs/msg/landing_gear.h\n'}
[2.247619] (px4_msgs) StdoutLine: {'line': b'-- Up-to-date symlink: /home/prathamkelkar/ros2_ws/install/px4_msgs/include/px4_msgs/px4_msgs/msg/landing_gear_wheel.h\n'}
[2.247697] (px4_msgs) StdoutLine: {'line': b'-- Up-to-date symlink: /home/prathamkelkar/ros2_ws/install/px4_msgs/include/px4_msgs/px4_msgs/msg/landing_target_innovations.h\n'}
[2.247844] (px4_msgs) StdoutLine: {'line': b'-- Up-to-date symlink: /home/prathamkelkar/ros2_ws/install/px4_msgs/include/px4_msgs/px4_msgs/msg/landing_target_pose.h\n'}
[2.247913] (px4_msgs) StdoutLine: {'line': b'-- Up-to-date symlink: /home/prathamkelkar/ros2_ws/install/px4_msgs/include/px4_msgs/px4_msgs/msg/launch_detection_status.h\n'}
[2.247977] (px4_msgs) StdoutLine: {'line': b'-- Up-to-date symlink: /home/prathamkelkar/ros2_ws/install/px4_msgs/include/px4_msgs/px4_msgs/msg/led_control.h\n'}
[2.248220] (px4_msgs) StdoutLine: {'line': b'-- Up-to-date symlink: /home/prathamkelkar/ros2_ws/install/px4_msgs/include/px4_msgs/px4_msgs/msg/log_message.h\n'}
[2.248390] (px4_msgs) StdoutLine: {'line': b'-- Up-to-date symlink: /home/prathamkelkar/ros2_ws/install/px4_msgs/include/px4_msgs/px4_msgs/msg/logger_status.h\n'}
[2.248476] (px4_msgs) StdoutLine: {'line': b'-- Up-to-date symlink: /home/prathamkelkar/ros2_ws/install/px4_msgs/include/px4_msgs/px4_msgs/msg/mag_worker_data.h\n'}
[2.248553] (px4_msgs) StdoutLine: {'line': b'-- Up-to-date symlink: /home/prathamkelkar/ros2_ws/install/px4_msgs/include/px4_msgs/px4_msgs/msg/magnetometer_bias_estimate.h\n'}
[2.248750] (px4_msgs) StdoutLine: {'line': b'-- Up-to-date symlink: /home/prathamkelkar/ros2_ws/install/px4_msgs/include/px4_msgs/px4_msgs/msg/manual_control_setpoint.h\n'}
[2.248963] (px4_msgs) StdoutLine: {'line': b'-- Up-to-date symlink: /home/prathamkelkar/ros2_ws/install/px4_msgs/include/px4_msgs/px4_msgs/msg/manual_control_switches.h\n'}
[2.249126] (px4_msgs) StdoutLine: {'line': b'-- Up-to-date symlink: /home/prathamkelkar/ros2_ws/install/px4_msgs/include/px4_msgs/px4_msgs/msg/mavlink_log.h\n'}
[2.249201] (px4_msgs) StdoutLine: {'line': b'-- Up-to-date symlink: /home/prathamkelkar/ros2_ws/install/px4_msgs/include/px4_msgs/px4_msgs/msg/mavlink_tunnel.h\n'}
[2.249273] (px4_msgs) StdoutLine: {'line': b'-- Up-to-date symlink: /home/prathamkelkar/ros2_ws/install/px4_msgs/include/px4_msgs/px4_msgs/msg/message_format_request.h\n'}
[2.249343] (px4_msgs) StdoutLine: {'line': b'-- Up-to-date symlink: /home/prathamkelkar/ros2_ws/install/px4_msgs/include/px4_msgs/px4_msgs/msg/message_format_response.h\n'}
[2.249417] (px4_msgs) StdoutLine: {'line': b'-- Up-to-date symlink: /home/prathamkelkar/ros2_ws/install/px4_msgs/include/px4_msgs/px4_msgs/msg/mission.h\n'}
[2.249593] (px4_msgs) StdoutLine: {'line': b'-- Up-to-date symlink: /home/prathamkelkar/ros2_ws/install/px4_msgs/include/px4_msgs/px4_msgs/msg/mission_result.h\n'}
[2.249686] (px4_msgs) StdoutLine: {'line': b'-- Up-to-date symlink: /home/prathamkelkar/ros2_ws/install/px4_msgs/include/px4_msgs/px4_msgs/msg/mode_completed.h\n'}
[2.249885] (px4_msgs) StdoutLine: {'line': b'-- Up-to-date symlink: /home/prathamkelkar/ros2_ws/install/px4_msgs/include/px4_msgs/px4_msgs/msg/mount_orientation.h\n'}
[2.249980] (px4_msgs) StdoutLine: {'line': b'-- Up-to-date symlink: /home/prathamkelkar/ros2_ws/install/px4_msgs/include/px4_msgs/px4_msgs/msg/navigator_mission_item.h\n'}
[2.250049] (px4_msgs) StdoutLine: {'line': b'-- Up-to-date symlink: /home/prathamkelkar/ros2_ws/install/px4_msgs/include/px4_msgs/px4_msgs/msg/normalized_unsigned_setpoint.h\n'}
[2.250193] (px4_msgs) StdoutLine: {'line': b'-- Up-to-date symlink: /home/prathamkelkar/ros2_ws/install/px4_msgs/include/px4_msgs/px4_msgs/msg/npfg_status.h\n'}
[2.250266] (px4_msgs) StdoutLine: {'line': b'-- Up-to-date symlink: /home/prathamkelkar/ros2_ws/install/px4_msgs/include/px4_msgs/px4_msgs/msg/obstacle_distance.h\n'}
[2.250334] (px4_msgs) StdoutLine: {'line': b'-- Up-to-date symlink: /home/prathamkelkar/ros2_ws/install/px4_msgs/include/px4_msgs/px4_msgs/msg/offboard_control_mode.h\n'}
[2.250492] (px4_msgs) StdoutLine: {'line': b'-- Up-to-date symlink: /home/prathamkelkar/ros2_ws/install/px4_msgs/include/px4_msgs/px4_msgs/msg/onboard_computer_status.h\n'}
[2.250580] (px4_msgs) StdoutLine: {'line': b'-- Up-to-date symlink: /home/prathamkelkar/ros2_ws/install/px4_msgs/include/px4_msgs/px4_msgs/msg/orb_test.h\n'}
[2.250781] (px4_msgs) StdoutLine: {'line': b'-- Up-to-date symlink: /home/prathamkelkar/ros2_ws/install/px4_msgs/include/px4_msgs/px4_msgs/msg/orb_test_large.h\n'}
[2.250998] (px4_msgs) StdoutLine: {'line': b'-- Up-to-date symlink: /home/prathamkelkar/ros2_ws/install/px4_msgs/include/px4_msgs/px4_msgs/msg/orb_test_medium.h\n'}
[2.251608] (px4_msgs) StdoutLine: {'line': b'-- Up-to-date symlink: /home/prathamkelkar/ros2_ws/install/px4_msgs/include/px4_msgs/px4_msgs/msg/orbit_status.h\n'}
[2.252248] (px4_msgs) StdoutLine: {'line': b'-- Up-to-date symlink: /home/prathamkelkar/ros2_ws/install/px4_msgs/include/px4_msgs/px4_msgs/msg/parameter_reset_request.h\n'}
[2.252799] (px4_msgs) StdoutLine: {'line': b'-- Up-to-date symlink: /home/prathamkelkar/ros2_ws/install/px4_msgs/include/px4_msgs/px4_msgs/msg/parameter_set_used_request.h\n'}
[2.253402] (px4_msgs) StdoutLine: {'line': b'-- Up-to-date symlink: /home/prathamkelkar/ros2_ws/install/px4_msgs/include/px4_msgs/px4_msgs/msg/parameter_set_value_request.h\n'}
[2.253796] (px4_msgs) StdoutLine: {'line': b'-- Up-to-date symlink: /home/prathamkelkar/ros2_ws/install/px4_msgs/include/px4_msgs/px4_msgs/msg/parameter_set_value_response.h\n'}
[2.254186] (px4_msgs) StdoutLine: {'line': b'-- Up-to-date symlink: /home/prathamkelkar/ros2_ws/install/px4_msgs/include/px4_msgs/px4_msgs/msg/parameter_update.h\n'}
[2.254450] (px4_msgs) StdoutLine: {'line': b'-- Up-to-date symlink: /home/prathamkelkar/ros2_ws/install/px4_msgs/include/px4_msgs/px4_msgs/msg/ping.h\n'}
[2.255665] (px4_msgs) StdoutLine: {'line': b'-- Up-to-date symlink: /home/prathamkelkar/ros2_ws/install/px4_msgs/include/px4_msgs/px4_msgs/msg/position_controller_landing_status.h\n'}
[2.256330] (px4_msgs) StdoutLine: {'line': b'-- Up-to-date symlink: /home/prathamkelkar/ros2_ws/install/px4_msgs/include/px4_msgs/px4_msgs/msg/position_controller_status.h\n'}
[2.257292] (px4_msgs) StdoutLine: {'line': b'-- Up-to-date symlink: /home/prathamkelkar/ros2_ws/install/px4_msgs/include/px4_msgs/px4_msgs/msg/position_setpoint.h\n'}
[2.257513] (px4_msgs) StdoutLine: {'line': b'-- Up-to-date symlink: /home/prathamkelkar/ros2_ws/install/px4_msgs/include/px4_msgs/px4_msgs/msg/position_setpoint_triplet.h\n'}
[2.259536] (px4_msgs) StdoutLine: {'line': b'-- Up-to-date symlink: /home/prathamkelkar/ros2_ws/install/px4_msgs/include/px4_msgs/px4_msgs/msg/power_button_state.h\n'}
[2.263549] (px4_msgs) StdoutLine: {'line': b'-- Up-to-date symlink: /home/prathamkelkar/ros2_ws/install/px4_msgs/include/px4_msgs/px4_msgs/msg/power_monitor.h\n'}
[2.264298] (px4_msgs) StdoutLine: {'line': b'-- Up-to-date symlink: /home/prathamkelkar/ros2_ws/install/px4_msgs/include/px4_msgs/px4_msgs/msg/pps_capture.h\n'}
[2.264796] (px4_msgs) StdoutLine: {'line': b'-- Up-to-date symlink: /home/prathamkelkar/ros2_ws/install/px4_msgs/include/px4_msgs/px4_msgs/msg/pwm_input.h\n'}
[2.265533] (px4_msgs) StdoutLine: {'line': b'-- Up-to-date symlink: /home/prathamkelkar/ros2_ws/install/px4_msgs/include/px4_msgs/px4_msgs/msg/px4io_status.h\n'}
[2.265719] (px4_msgs) StdoutLine: {'line': b'-- Up-to-date symlink: /home/prathamkelkar/ros2_ws/install/px4_msgs/include/px4_msgs/px4_msgs/msg/qshell_req.h\n'}
[2.266664] (px4_msgs) StdoutLine: {'line': b'-- Up-to-date symlink: /home/prathamkelkar/ros2_ws/install/px4_msgs/include/px4_msgs/px4_msgs/msg/qshell_retval.h\n'}
[2.267868] (px4_msgs) StdoutLine: {'line': b'-- Up-to-date symlink: /home/prathamkelkar/ros2_ws/install/px4_msgs/include/px4_msgs/px4_msgs/msg/radio_status.h\n'}
[2.268066] (px4_msgs) StdoutLine: {'line': b'-- Up-to-date symlink: /home/prathamkelkar/ros2_ws/install/px4_msgs/include/px4_msgs/px4_msgs/msg/rate_ctrl_status.h\n'}
[2.268374] (px4_msgs) StdoutLine: {'line': b'-- Up-to-date symlink: /home/prathamkelkar/ros2_ws/install/px4_msgs/include/px4_msgs/px4_msgs/msg/rc_channels.h\n'}
[2.268489] (px4_msgs) StdoutLine: {'line': b'-- Up-to-date symlink: /home/prathamkelkar/ros2_ws/install/px4_msgs/include/px4_msgs/px4_msgs/msg/rc_parameter_map.h\n'}
[2.270573] (px4_msgs) StdoutLine: {'line': b'-- Up-to-date symlink: /home/prathamkelkar/ros2_ws/install/px4_msgs/include/px4_msgs/px4_msgs/msg/register_ext_component_reply.h\n'}
[2.271872] (px4_msgs) StdoutLine: {'line': b'-- Up-to-date symlink: /home/prathamkelkar/ros2_ws/install/px4_msgs/include/px4_msgs/px4_msgs/msg/register_ext_component_request.h\n'}
[2.272158] (px4_msgs) StdoutLine: {'line': b'-- Up-to-date symlink: /home/prathamkelkar/ros2_ws/install/px4_msgs/include/px4_msgs/px4_msgs/msg/rosidl_generator_c__visibility_control.h\n'}
[2.272312] (px4_msgs) StdoutLine: {'line': b'-- Up-to-date symlink: /home/prathamkelkar/ros2_ws/install/px4_msgs/include/px4_msgs/px4_msgs/msg/rpm.h\n'}
[2.272505] (px4_msgs) StdoutLine: {'line': b'-- Up-to-date symlink: /home/prathamkelkar/ros2_ws/install/px4_msgs/include/px4_msgs/px4_msgs/msg/rtl_status.h\n'}
[2.273725] (px4_msgs) StdoutLine: {'line': b'-- Up-to-date symlink: /home/prathamkelkar/ros2_ws/install/px4_msgs/include/px4_msgs/px4_msgs/msg/rtl_time_estimate.h\n'}
[2.273972] (px4_msgs) StdoutLine: {'line': b'-- Up-to-date symlink: /home/prathamkelkar/ros2_ws/install/px4_msgs/include/px4_msgs/px4_msgs/msg/satellite_info.h\n'}
[2.274082] (px4_msgs) StdoutLine: {'line': b'-- Up-to-date symlink: /home/prathamkelkar/ros2_ws/install/px4_msgs/include/px4_msgs/px4_msgs/msg/sensor_accel.h\n'}
[2.275286] (px4_msgs) StdoutLine: {'line': b'-- Up-to-date symlink: /home/prathamkelkar/ros2_ws/install/px4_msgs/include/px4_msgs/px4_msgs/msg/sensor_accel_fifo.h\n'}
[2.275707] (px4_msgs) StdoutLine: {'line': b'-- Up-to-date symlink: /home/prathamkelkar/ros2_ws/install/px4_msgs/include/px4_msgs/px4_msgs/msg/sensor_airflow.h\n'}
[2.275864] (px4_msgs) StdoutLine: {'line': b'-- Up-to-date symlink: /home/prathamkelkar/ros2_ws/install/px4_msgs/include/px4_msgs/px4_msgs/msg/sensor_baro.h\n'}
[2.276159] (px4_msgs) StdoutLine: {'line': b'-- Up-to-date symlink: /home/prathamkelkar/ros2_ws/install/px4_msgs/include/px4_msgs/px4_msgs/msg/sensor_combined.h\n'}
[2.277117] (px4_msgs) StdoutLine: {'line': b'-- Up-to-date symlink: /home/prathamkelkar/ros2_ws/install/px4_msgs/include/px4_msgs/px4_msgs/msg/sensor_correction.h\n'}
[2.278102] (px4_msgs) StdoutLine: {'line': b'-- Up-to-date symlink: /home/prathamkelkar/ros2_ws/install/px4_msgs/include/px4_msgs/px4_msgs/msg/sensor_gnss_relative.h\n'}
[2.279475] (px4_msgs) StdoutLine: {'line': b'-- Up-to-date symlink: /home/prathamkelkar/ros2_ws/install/px4_msgs/include/px4_msgs/px4_msgs/msg/sensor_gps.h\n'}
[2.280927] (px4_msgs) StdoutLine: {'line': b'-- Up-to-date symlink: /home/prathamkelkar/ros2_ws/install/px4_msgs/include/px4_msgs/px4_msgs/msg/sensor_gyro.h\n'}
[2.281296] (px4_msgs) StdoutLine: {'line': b'-- Up-to-date symlink: /home/prathamkelkar/ros2_ws/install/px4_msgs/include/px4_msgs/px4_msgs/msg/sensor_gyro_fft.h\n'}
[2.281427] (px4_msgs) StdoutLine: {'line': b'-- Up-to-date symlink: /home/prathamkelkar/ros2_ws/install/px4_msgs/include/px4_msgs/px4_msgs/msg/sensor_gyro_fifo.h\n'}
[2.281530] (px4_msgs) StdoutLine: {'line': b'-- Up-to-date symlink: /home/prathamkelkar/ros2_ws/install/px4_msgs/include/px4_msgs/px4_msgs/msg/sensor_hygrometer.h\n'}
[2.281625] (px4_msgs) StdoutLine: {'line': b'-- Up-to-date symlink: /home/prathamkelkar/ros2_ws/install/px4_msgs/include/px4_msgs/px4_msgs/msg/sensor_mag.h\n'}
[2.281751] (px4_msgs) StdoutLine: {'line': b'-- Up-to-date symlink: /home/prathamkelkar/ros2_ws/install/px4_msgs/include/px4_msgs/px4_msgs/msg/sensor_optical_flow.h\n'}
[2.281842] (px4_msgs) StdoutLine: {'line': b'-- Up-to-date symlink: /home/prathamkelkar/ros2_ws/install/px4_msgs/include/px4_msgs/px4_msgs/msg/sensor_preflight_mag.h\n'}
[2.281926] (px4_msgs) StdoutLine: {'line': b'-- Up-to-date symlink: /home/prathamkelkar/ros2_ws/install/px4_msgs/include/px4_msgs/px4_msgs/msg/sensor_selection.h\n'}
[2.282013] (px4_msgs) StdoutLine: {'line': b'-- Up-to-date symlink: /home/prathamkelkar/ros2_ws/install/px4_msgs/include/px4_msgs/px4_msgs/msg/sensor_uwb.h\n'}
[2.282100] (px4_msgs) StdoutLine: {'line': b'-- Up-to-date symlink: /home/prathamkelkar/ros2_ws/install/px4_msgs/include/px4_msgs/px4_msgs/msg/sensors_status.h\n'}
[2.282184] (px4_msgs) StdoutLine: {'line': b'-- Up-to-date symlink: /home/prathamkelkar/ros2_ws/install/px4_msgs/include/px4_msgs/px4_msgs/msg/sensors_status_imu.h\n'}
[2.283913] (px4_msgs) StdoutLine: {'line': b'-- Up-to-date symlink: /home/prathamkelkar/ros2_ws/install/px4_msgs/include/px4_msgs/px4_msgs/msg/system_power.h\n'}
[2.284500] (px4_msgs) StdoutLine: {'line': b'-- Up-to-date symlink: /home/prathamkelkar/ros2_ws/install/px4_msgs/include/px4_msgs/px4_msgs/msg/takeoff_status.h\n'}
[2.285001] (px4_msgs) StdoutLine: {'line': b'-- Up-to-date symlink: /home/prathamkelkar/ros2_ws/install/px4_msgs/include/px4_msgs/px4_msgs/msg/task_stack_info.h\n'}
[2.285228] (px4_msgs) StdoutLine: {'line': b'-- Up-to-date symlink: /home/prathamkelkar/ros2_ws/install/px4_msgs/include/px4_msgs/px4_msgs/msg/tecs_status.h\n'}
[2.285612] (px4_msgs) StdoutLine: {'line': b'-- Up-to-date symlink: /home/prathamkelkar/ros2_ws/install/px4_msgs/include/px4_msgs/px4_msgs/msg/telemetry_status.h\n'}
[2.286035] (px4_msgs) StdoutLine: {'line': b'-- Up-to-date symlink: /home/prathamkelkar/ros2_ws/install/px4_msgs/include/px4_msgs/px4_msgs/msg/tiltrotor_extra_controls.h\n'}
[2.286260] (px4_msgs) StdoutLine: {'line': b'-- Up-to-date symlink: /home/prathamkelkar/ros2_ws/install/px4_msgs/include/px4_msgs/px4_msgs/msg/timesync_status.h\n'}
[2.286613] (px4_msgs) StdoutLine: {'line': b'-- Up-to-date symlink: /home/prathamkelkar/ros2_ws/install/px4_msgs/include/px4_msgs/px4_msgs/msg/trajectory_bezier.h\n'}
[2.286962] (px4_msgs) StdoutLine: {'line': b'-- Up-to-date symlink: /home/prathamkelkar/ros2_ws/install/px4_msgs/include/px4_msgs/px4_msgs/msg/trajectory_setpoint.h\n'}
[2.287515] (px4_msgs) StdoutLine: {'line': b'-- Up-to-date symlink: /home/prathamkelkar/ros2_ws/install/px4_msgs/include/px4_msgs/px4_msgs/msg/trajectory_waypoint.h\n'}
[2.287936] (px4_msgs) StdoutLine: {'line': b'-- Up-to-date symlink: /home/prathamkelkar/ros2_ws/install/px4_msgs/include/px4_msgs/px4_msgs/msg/transponder_report.h\n'}
[2.288320] (px4_msgs) StdoutLine: {'line': b'-- Up-to-date symlink: /home/prathamkelkar/ros2_ws/install/px4_msgs/include/px4_msgs/px4_msgs/msg/tune_control.h\n'}
[2.288645] (px4_msgs) StdoutLine: {'line': b'-- Up-to-date symlink: /home/prathamkelkar/ros2_ws/install/px4_msgs/include/px4_msgs/px4_msgs/msg/uavcan_parameter_request.h\n'}
[2.288992] (px4_msgs) StdoutLine: {'line': b'-- Up-to-date symlink: /home/prathamkelkar/ros2_ws/install/px4_msgs/include/px4_msgs/px4_msgs/msg/uavcan_parameter_value.h\n'}
[2.289376] (px4_msgs) StdoutLine: {'line': b'-- Up-to-date symlink: /home/prathamkelkar/ros2_ws/install/px4_msgs/include/px4_msgs/px4_msgs/msg/ulog_stream.h\n'}
[2.289610] (px4_msgs) StdoutLine: {'line': b'-- Up-to-date symlink: /home/prathamkelkar/ros2_ws/install/px4_msgs/include/px4_msgs/px4_msgs/msg/ulog_stream_ack.h\n'}
[2.289809] (px4_msgs) StdoutLine: {'line': b'-- Up-to-date symlink: /home/prathamkelkar/ros2_ws/install/px4_msgs/include/px4_msgs/px4_msgs/msg/unregister_ext_component.h\n'}
[2.289989] (px4_msgs) StdoutLine: {'line': b'-- Up-to-date symlink: /home/prathamkelkar/ros2_ws/install/px4_msgs/include/px4_msgs/px4_msgs/msg/vehicle_acceleration.h\n'}
[2.290166] (px4_msgs) StdoutLine: {'line': b'-- Up-to-date symlink: /home/prathamkelkar/ros2_ws/install/px4_msgs/include/px4_msgs/px4_msgs/msg/vehicle_air_data.h\n'}
[2.290343] (px4_msgs) StdoutLine: {'line': b'-- Up-to-date symlink: /home/prathamkelkar/ros2_ws/install/px4_msgs/include/px4_msgs/px4_msgs/msg/vehicle_angular_acceleration_setpoint.h\n'}
[2.290545] (px4_msgs) StdoutLine: {'line': b'-- Up-to-date symlink: /home/prathamkelkar/ros2_ws/install/px4_msgs/include/px4_msgs/px4_msgs/msg/vehicle_angular_velocity.h\n'}
[2.290766] (px4_msgs) StdoutLine: {'line': b'-- Up-to-date symlink: /home/prathamkelkar/ros2_ws/install/px4_msgs/include/px4_msgs/px4_msgs/msg/vehicle_attitude.h\n'}
[2.290974] (px4_msgs) StdoutLine: {'line': b'-- Up-to-date symlink: /home/prathamkelkar/ros2_ws/install/px4_msgs/include/px4_msgs/px4_msgs/msg/vehicle_attitude_setpoint.h\n'}
[2.291179] (px4_msgs) StdoutLine: {'line': b'-- Up-to-date symlink: /home/prathamkelkar/ros2_ws/install/px4_msgs/include/px4_msgs/px4_msgs/msg/vehicle_command.h\n'}
[2.291421] (px4_msgs) StdoutLine: {'line': b'-- Up-to-date symlink: /home/prathamkelkar/ros2_ws/install/px4_msgs/include/px4_msgs/px4_msgs/msg/vehicle_command_ack.h\n'}
[2.291915] (simple_quadcopter_teleop) StdoutLine: {'line': b'running build_ext\n'}
[2.292345] (simple_quadcopter_teleop) StdoutLine: {'line': b'Creating /home/prathamkelkar/ros2_ws/install/simple_quadcopter_teleop/lib/python3.12/site-packages/simple-quadcopter-teleop.egg-link (link to .)\n'}
[2.292486] (px4_msgs) StdoutLine: {'line': b'-- Up-to-date symlink: /home/prathamkelkar/ros2_ws/install/px4_msgs/include/px4_msgs/px4_msgs/msg/vehicle_constraints.h\n'}
[2.292605] (px4_msgs) StdoutLine: {'line': b'-- Up-to-date symlink: /home/prathamkelkar/ros2_ws/install/px4_msgs/include/px4_msgs/px4_msgs/msg/vehicle_control_mode.h\n'}
[2.292725] (px4_msgs) StdoutLine: {'line': b'-- Up-to-date symlink: /home/prathamkelkar/ros2_ws/install/px4_msgs/include/px4_msgs/px4_msgs/msg/vehicle_global_position.h\n'}
[2.292845] (px4_msgs) StdoutLine: {'line': b'-- Up-to-date symlink: /home/prathamkelkar/ros2_ws/install/px4_msgs/include/px4_msgs/px4_msgs/msg/vehicle_imu.h\n'}
[2.292976] (px4_msgs) StdoutLine: {'line': b'-- Up-to-date symlink: /home/prathamkelkar/ros2_ws/install/px4_msgs/include/px4_msgs/px4_msgs/msg/vehicle_imu_status.h\n'}
[2.293097] (px4_msgs) StdoutLine: {'line': b'-- Up-to-date symlink: /home/prathamkelkar/ros2_ws/install/px4_msgs/include/px4_msgs/px4_msgs/msg/vehicle_land_detected.h\n'}
[2.293207] (px4_msgs) StdoutLine: {'line': b'-- Up-to-date symlink: /home/prathamkelkar/ros2_ws/install/px4_msgs/include/px4_msgs/px4_msgs/msg/vehicle_local_position.h\n'}
[2.293306] (px4_msgs) StdoutLine: {'line': b'-- Up-to-date symlink: /home/prathamkelkar/ros2_ws/install/px4_msgs/include/px4_msgs/px4_msgs/msg/vehicle_local_position_setpoint.h\n'}
[2.293502] (px4_msgs) StdoutLine: {'line': b'-- Up-to-date symlink: /home/prathamkelkar/ros2_ws/install/px4_msgs/include/px4_msgs/px4_msgs/msg/vehicle_magnetometer.h\n'}
[2.293706] (px4_msgs) StdoutLine: {'line': b'-- Up-to-date symlink: /home/prathamkelkar/ros2_ws/install/px4_msgs/include/px4_msgs/px4_msgs/msg/vehicle_odometry.h\n'}
[2.293828] (simple_quadcopter_teleop) StdoutLine: {'line': b'Installing teleop_node script to /home/prathamkelkar/ros2_ws/install/simple_quadcopter_teleop/lib/simple_quadcopter_teleop\n'}
[2.293987] (px4_msgs) StdoutLine: {'line': b'-- Up-to-date symlink: /home/prathamkelkar/ros2_ws/install/px4_msgs/include/px4_msgs/px4_msgs/msg/vehicle_optical_flow.h\n'}
[2.294097] (px4_msgs) StdoutLine: {'line': b'-- Up-to-date symlink: /home/prathamkelkar/ros2_ws/install/px4_msgs/include/px4_msgs/px4_msgs/msg/vehicle_optical_flow_vel.h\n'}
[2.294199] (px4_msgs) StdoutLine: {'line': b'-- Up-to-date symlink: /home/prathamkelkar/ros2_ws/install/px4_msgs/include/px4_msgs/px4_msgs/msg/vehicle_rates_setpoint.h\n'}
[2.294296] (px4_msgs) StdoutLine: {'line': b'-- Up-to-date symlink: /home/prathamkelkar/ros2_ws/install/px4_msgs/include/px4_msgs/px4_msgs/msg/vehicle_roi.h\n'}
[2.294396] (simple_quadcopter_teleop) StdoutLine: {'line': b'\n'}
[2.294544] (simple_quadcopter_teleop) StdoutLine: {'line': b'Installed /home/prathamkelkar/ros2_ws/build/simple_quadcopter_teleop\n'}
[2.294713] (simple_quadcopter_teleop) StdoutLine: {'line': b'running symlink_data\n'}
[2.294839] (px4_msgs) StdoutLine: {'line': b'-- Up-to-date symlink: /home/prathamkelkar/ros2_ws/install/px4_msgs/include/px4_msgs/px4_msgs/msg/vehicle_status.h\n'}
[2.294961] (px4_msgs) StdoutLine: {'line': b'-- Up-to-date symlink: /home/prathamkelkar/ros2_ws/install/px4_msgs/include/px4_msgs/px4_msgs/msg/vehicle_thrust_setpoint.h\n'}
[2.295075] (px4_msgs) StdoutLine: {'line': b'-- Up-to-date symlink: /home/prathamkelkar/ros2_ws/install/px4_msgs/include/px4_msgs/px4_msgs/msg/vehicle_torque_setpoint.h\n'}
[2.295582] (px4_msgs) StdoutLine: {'line': b'-- Up-to-date symlink: /home/prathamkelkar/ros2_ws/install/px4_msgs/include/px4_msgs/px4_msgs/msg/vehicle_trajectory_bezier.h\n'}
[2.295739] (px4_msgs) StdoutLine: {'line': b'-- Up-to-date symlink: /home/prathamkelkar/ros2_ws/install/px4_msgs/include/px4_msgs/px4_msgs/msg/vehicle_trajectory_waypoint.h\n'}
[2.295846] (px4_msgs) StdoutLine: {'line': b'-- Up-to-date symlink: /home/prathamkelkar/ros2_ws/install/px4_msgs/include/px4_msgs/px4_msgs/msg/velocity_limits.h\n'}
[2.295954] (px4_msgs) StdoutLine: {'line': b'-- Up-to-date symlink: /home/prathamkelkar/ros2_ws/install/px4_msgs/include/px4_msgs/px4_msgs/msg/vtol_vehicle_status.h\n'}
[2.296078] (px4_msgs) StdoutLine: {'line': b'-- Up-to-date symlink: /home/prathamkelkar/ros2_ws/install/px4_msgs/include/px4_msgs/px4_msgs/msg/wheel_encoders.h\n'}
[2.296184] (px4_msgs) StdoutLine: {'line': b'-- Up-to-date symlink: /home/prathamkelkar/ros2_ws/install/px4_msgs/include/px4_msgs/px4_msgs/msg/wind.h\n'}
[2.296289] (px4_msgs) StdoutLine: {'line': b'-- Up-to-date symlink: /home/prathamkelkar/ros2_ws/install/px4_msgs/include/px4_msgs/px4_msgs/msg/yaw_estimator_status.h\n'}
[2.296387] (px4_msgs) StdoutLine: {'line': b'-- Up-to-date symlink: /home/prathamkelkar/ros2_ws/install/px4_msgs/include/px4_msgs/px4_msgs/srv/detail/vehicle_command__functions.h\n'}
[2.296482] (px4_msgs) StdoutLine: {'line': b'-- Up-to-date symlink: /home/prathamkelkar/ros2_ws/install/px4_msgs/include/px4_msgs/px4_msgs/srv/detail/vehicle_command__struct.h\n'}
[2.296581] (px4_msgs) StdoutLine: {'line': b'-- Up-to-date symlink: /home/prathamkelkar/ros2_ws/install/px4_msgs/include/px4_msgs/px4_msgs/srv/detail/vehicle_command__type_support.h\n'}
[2.296733] (px4_msgs) StdoutLine: {'line': b'-- Up-to-date symlink: /home/prathamkelkar/ros2_ws/install/px4_msgs/include/px4_msgs/px4_msgs/srv/vehicle_command.h\n'}
[2.296849] (px4_msgs) StdoutLine: {'line': b'-- Up-to-date symlink: /home/prathamkelkar/ros2_ws/install/px4_msgs/share/px4_msgs/environment/library_path.sh\n'}
[2.296962] (px4_msgs) StdoutLine: {'line': b'-- Up-to-date symlink: /home/prathamkelkar/ros2_ws/install/px4_msgs/share/px4_msgs/environment/library_path.dsv\n'}
[2.297061] (px4_msgs) StdoutLine: {'line': b'-- Up-to-date symlink: /home/prathamkelkar/ros2_ws/install/px4_msgs/include/px4_msgs/px4_msgs/msg/detail/action_request__rosidl_typesupport_fastrtps_c.h\n'}
[2.297169] (px4_msgs) StdoutLine: {'line': b'-- Up-to-date symlink: /home/prathamkelkar/ros2_ws/install/px4_msgs/include/px4_msgs/px4_msgs/msg/detail/actuator_armed__rosidl_typesupport_fastrtps_c.h\n'}
[2.297269] (px4_msgs) StdoutLine: {'line': b'-- Up-to-date symlink: /home/prathamkelkar/ros2_ws/install/px4_msgs/include/px4_msgs/px4_msgs/msg/detail/actuator_controls_status__rosidl_typesupport_fastrtps_c.h\n'}
[2.297377] (px4_msgs) StdoutLine: {'line': b'-- Up-to-date symlink: /home/prathamkelkar/ros2_ws/install/px4_msgs/include/px4_msgs/px4_msgs/msg/detail/actuator_motors__rosidl_typesupport_fastrtps_c.h\n'}
[2.297477] (px4_msgs) StdoutLine: {'line': b'-- Up-to-date symlink: /home/prathamkelkar/ros2_ws/install/px4_msgs/include/px4_msgs/px4_msgs/msg/detail/actuator_outputs__rosidl_typesupport_fastrtps_c.h\n'}
[2.297576] (px4_msgs) StdoutLine: {'line': b'-- Up-to-date symlink: /home/prathamkelkar/ros2_ws/install/px4_msgs/include/px4_msgs/px4_msgs/msg/detail/actuator_servos__rosidl_typesupport_fastrtps_c.h\n'}
[2.297682] (px4_msgs) StdoutLine: {'line': b'-- Up-to-date symlink: /home/prathamkelkar/ros2_ws/install/px4_msgs/include/px4_msgs/px4_msgs/msg/detail/actuator_servos_trim__rosidl_typesupport_fastrtps_c.h\n'}
[2.297780] (px4_msgs) StdoutLine: {'line': b'-- Up-to-date symlink: /home/prathamkelkar/ros2_ws/install/px4_msgs/include/px4_msgs/px4_msgs/msg/detail/actuator_test__rosidl_typesupport_fastrtps_c.h\n'}
[2.297887] (px4_msgs) StdoutLine: {'line': b'-- Up-to-date symlink: /home/prathamkelkar/ros2_ws/install/px4_msgs/include/px4_msgs/px4_msgs/msg/detail/adc_report__rosidl_typesupport_fastrtps_c.h\n'}
[2.297983] (px4_msgs) StdoutLine: {'line': b'-- Up-to-date symlink: /home/prathamkelkar/ros2_ws/install/px4_msgs/include/px4_msgs/px4_msgs/msg/detail/airspeed__rosidl_typesupport_fastrtps_c.h\n'}
[2.298094] (px4_msgs) StdoutLine: {'line': b'-- Up-to-date symlink: /home/prathamkelkar/ros2_ws/install/px4_msgs/include/px4_msgs/px4_msgs/msg/detail/airspeed_validated__rosidl_typesupport_fastrtps_c.h\n'}
[2.298190] (px4_msgs) StdoutLine: {'line': b'-- Up-to-date symlink: /home/prathamkelkar/ros2_ws/install/px4_msgs/include/px4_msgs/px4_msgs/msg/detail/airspeed_wind__rosidl_typesupport_fastrtps_c.h\n'}
[2.298287] (px4_msgs) StdoutLine: {'line': b'-- Up-to-date symlink: /home/prathamkelkar/ros2_ws/install/px4_msgs/include/px4_msgs/px4_msgs/msg/detail/arming_check_reply__rosidl_typesupport_fastrtps_c.h\n'}
[2.298383] (px4_msgs) StdoutLine: {'line': b'-- Up-to-date symlink: /home/prathamkelkar/ros2_ws/install/px4_msgs/include/px4_msgs/px4_msgs/msg/detail/arming_check_request__rosidl_typesupport_fastrtps_c.h\n'}
[2.298481] (px4_msgs) StdoutLine: {'line': b'-- Up-to-date symlink: /home/prathamkelkar/ros2_ws/install/px4_msgs/include/px4_msgs/px4_msgs/msg/detail/autotune_attitude_control_status__rosidl_typesupport_fastrtps_c.h\n'}
[2.298593] (px4_msgs) StdoutLine: {'line': b'-- Up-to-date symlink: /home/prathamkelkar/ros2_ws/install/px4_msgs/include/px4_msgs/px4_msgs/msg/detail/battery_status__rosidl_typesupport_fastrtps_c.h\n'}
[2.298751] (px4_msgs) StdoutLine: {'line': b'-- Up-to-date symlink: /home/prathamkelkar/ros2_ws/install/px4_msgs/include/px4_msgs/px4_msgs/msg/detail/buffer128__rosidl_typesupport_fastrtps_c.h\n'}
[2.299067] (px4_msgs) StdoutLine: {'line': b'-- Up-to-date symlink: /home/prathamkelkar/ros2_ws/install/px4_msgs/include/px4_msgs/px4_msgs/msg/detail/button_event__rosidl_typesupport_fastrtps_c.h\n'}
[2.300195] (px4_msgs) StdoutLine: {'line': b'-- Up-to-date symlink: /home/prathamkelkar/ros2_ws/install/px4_msgs/include/px4_msgs/px4_msgs/msg/detail/camera_capture__rosidl_typesupport_fastrtps_c.h\n'}
[2.300387] (px4_msgs) StdoutLine: {'line': b'-- Up-to-date symlink: /home/prathamkelkar/ros2_ws/install/px4_msgs/include/px4_msgs/px4_msgs/msg/detail/camera_status__rosidl_typesupport_fastrtps_c.h\n'}
[2.300516] (px4_msgs) StdoutLine: {'line': b'-- Up-to-date symlink: /home/prathamkelkar/ros2_ws/install/px4_msgs/include/px4_msgs/px4_msgs/msg/detail/camera_trigger__rosidl_typesupport_fastrtps_c.h\n'}
[2.300753] (px4_msgs) StdoutLine: {'line': b'-- Up-to-date symlink: /home/prathamkelkar/ros2_ws/install/px4_msgs/include/px4_msgs/px4_msgs/msg/detail/can_interface_status__rosidl_typesupport_fastrtps_c.h\n'}
[2.300882] (px4_msgs) StdoutLine: {'line': b'-- Up-to-date symlink: /home/prathamkelkar/ros2_ws/install/px4_msgs/include/px4_msgs/px4_msgs/msg/detail/cellular_status__rosidl_typesupport_fastrtps_c.h\n'}
[2.301091] (px4_msgs) StdoutLine: {'line': b'-- Up-to-date symlink: /home/prathamkelkar/ros2_ws/install/px4_msgs/include/px4_msgs/px4_msgs/msg/detail/collision_constraints__rosidl_typesupport_fastrtps_c.h\n'}
[2.301301] (px4_msgs) StdoutLine: {'line': b'-- Up-to-date symlink: /home/prathamkelkar/ros2_ws/install/px4_msgs/include/px4_msgs/px4_msgs/msg/detail/collision_report__rosidl_typesupport_fastrtps_c.h\n'}
[2.301430] (px4_msgs) StdoutLine: {'line': b'-- Up-to-date symlink: /home/prathamkelkar/ros2_ws/install/px4_msgs/include/px4_msgs/px4_msgs/msg/detail/config_overrides__rosidl_typesupport_fastrtps_c.h\n'}
[2.301558] (px4_msgs) StdoutLine: {'line': b'-- Up-to-date symlink: /home/prathamkelkar/ros2_ws/install/px4_msgs/include/px4_msgs/px4_msgs/msg/detail/control_allocator_status__rosidl_typesupport_fastrtps_c.h\n'}
[2.301701] (px4_msgs) StdoutLine: {'line': b'-- Up-to-date symlink: /home/prathamkelkar/ros2_ws/install/px4_msgs/include/px4_msgs/px4_msgs/msg/detail/cpuload__rosidl_typesupport_fastrtps_c.h\n'}
[2.301818] (px4_msgs) StdoutLine: {'line': b'-- Up-to-date symlink: /home/prathamkelkar/ros2_ws/install/px4_msgs/include/px4_msgs/px4_msgs/msg/detail/dataman_request__rosidl_typesupport_fastrtps_c.h\n'}
[2.301930] (px4_msgs) StdoutLine: {'line': b'-- Up-to-date symlink: /home/prathamkelkar/ros2_ws/install/px4_msgs/include/px4_msgs/px4_msgs/msg/detail/dataman_response__rosidl_typesupport_fastrtps_c.h\n'}
[2.302125] (px4_msgs) StdoutLine: {'line': b'-- Up-to-date symlink: /home/prathamkelkar/ros2_ws/install/px4_msgs/include/px4_msgs/px4_msgs/msg/detail/debug_array__rosidl_typesupport_fastrtps_c.h\n'}
[2.302234] (px4_msgs) StdoutLine: {'line': b'-- Up-to-date symlink: /home/prathamkelkar/ros2_ws/install/px4_msgs/include/px4_msgs/px4_msgs/msg/detail/debug_key_value__rosidl_typesupport_fastrtps_c.h\n'}
[2.302371] (px4_msgs) StdoutLine: {'line': b'-- Up-to-date symlink: /home/prathamkelkar/ros2_ws/install/px4_msgs/include/px4_msgs/px4_msgs/msg/detail/debug_value__rosidl_typesupport_fastrtps_c.h\n'}
[2.302491] (px4_msgs) StdoutLine: {'line': b'-- Up-to-date symlink: /home/prathamkelkar/ros2_ws/install/px4_msgs/include/px4_msgs/px4_msgs/msg/detail/debug_vect__rosidl_typesupport_fastrtps_c.h\n'}
[2.302629] (px4_msgs) StdoutLine: {'line': b'-- Up-to-date symlink: /home/prathamkelkar/ros2_ws/install/px4_msgs/include/px4_msgs/px4_msgs/msg/detail/differential_drive_setpoint__rosidl_typesupport_fastrtps_c.h\n'}
[2.302753] (px4_msgs) StdoutLine: {'line': b'-- Up-to-date symlink: /home/prathamkelkar/ros2_ws/install/px4_msgs/include/px4_msgs/px4_msgs/msg/detail/differential_pressure__rosidl_typesupport_fastrtps_c.h\n'}
[2.302883] (px4_msgs) StdoutLine: {'line': b'-- Up-to-date symlink: /home/prathamkelkar/ros2_ws/install/px4_msgs/include/px4_msgs/px4_msgs/msg/detail/distance_sensor__rosidl_typesupport_fastrtps_c.h\n'}
[2.303003] (px4_msgs) StdoutLine: {'line': b'-- Up-to-date symlink: /home/prathamkelkar/ros2_ws/install/px4_msgs/include/px4_msgs/px4_msgs/msg/detail/ekf2_timestamps__rosidl_typesupport_fastrtps_c.h\n'}
[2.303119] (px4_msgs) StdoutLine: {'line': b'-- Up-to-date symlink: /home/prathamkelkar/ros2_ws/install/px4_msgs/include/px4_msgs/px4_msgs/msg/detail/esc_report__rosidl_typesupport_fastrtps_c.h\n'}
[2.303251] (px4_msgs) StdoutLine: {'line': b'-- Up-to-date symlink: /home/prathamkelkar/ros2_ws/install/px4_msgs/include/px4_msgs/px4_msgs/msg/detail/esc_status__rosidl_typesupport_fastrtps_c.h\n'}
[2.303365] (px4_msgs) StdoutLine: {'line': b'-- Up-to-date symlink: /home/prathamkelkar/ros2_ws/install/px4_msgs/include/px4_msgs/px4_msgs/msg/detail/estimator_aid_source1d__rosidl_typesupport_fastrtps_c.h\n'}
[2.303478] (px4_msgs) StdoutLine: {'line': b'-- Up-to-date symlink: /home/prathamkelkar/ros2_ws/install/px4_msgs/include/px4_msgs/px4_msgs/msg/detail/estimator_aid_source2d__rosidl_typesupport_fastrtps_c.h\n'}
[2.303592] (px4_msgs) StdoutLine: {'line': b'-- Up-to-date symlink: /home/prathamkelkar/ros2_ws/install/px4_msgs/include/px4_msgs/px4_msgs/msg/detail/estimator_aid_source3d__rosidl_typesupport_fastrtps_c.h\n'}
[2.303710] (px4_msgs) StdoutLine: {'line': b'-- Up-to-date symlink: /home/prathamkelkar/ros2_ws/install/px4_msgs/include/px4_msgs/px4_msgs/msg/detail/estimator_bias3d__rosidl_typesupport_fastrtps_c.h\n'}
[2.304283] (px4_msgs) StdoutLine: {'line': b'-- Up-to-date symlink: /home/prathamkelkar/ros2_ws/install/px4_msgs/include/px4_msgs/px4_msgs/msg/detail/estimator_bias__rosidl_typesupport_fastrtps_c.h\n'}
[2.304653] (px4_msgs) StdoutLine: {'line': b'-- Up-to-date symlink: /home/prathamkelkar/ros2_ws/install/px4_msgs/include/px4_msgs/px4_msgs/msg/detail/estimator_event_flags__rosidl_typesupport_fastrtps_c.h\n'}
[2.304925] (px4_msgs) StdoutLine: {'line': b'-- Up-to-date symlink: /home/prathamkelkar/ros2_ws/install/px4_msgs/include/px4_msgs/px4_msgs/msg/detail/estimator_gps_status__rosidl_typesupport_fastrtps_c.h\n'}
[2.305161] (px4_msgs) StdoutLine: {'line': b'-- Up-to-date symlink: /home/prathamkelkar/ros2_ws/install/px4_msgs/include/px4_msgs/px4_msgs/msg/detail/estimator_innovations__rosidl_typesupport_fastrtps_c.h\n'}
[2.305398] (px4_msgs) StdoutLine: {'line': b'-- Up-to-date symlink: /home/prathamkelkar/ros2_ws/install/px4_msgs/include/px4_msgs/px4_msgs/msg/detail/estimator_selector_status__rosidl_typesupport_fastrtps_c.h\n'}
[2.305650] (px4_msgs) StdoutLine: {'line': b'-- Up-to-date symlink: /home/prathamkelkar/ros2_ws/install/px4_msgs/include/px4_msgs/px4_msgs/msg/detail/estimator_sensor_bias__rosidl_typesupport_fastrtps_c.h\n'}
[2.305887] (px4_msgs) StdoutLine: {'line': b'-- Up-to-date symlink: /home/prathamkelkar/ros2_ws/install/px4_msgs/include/px4_msgs/px4_msgs/msg/detail/estimator_states__rosidl_typesupport_fastrtps_c.h\n'}
[2.306097] (px4_msgs) StdoutLine: {'line': b'-- Up-to-date symlink: /home/prathamkelkar/ros2_ws/install/px4_msgs/include/px4_msgs/px4_msgs/msg/detail/estimator_status__rosidl_typesupport_fastrtps_c.h\n'}
[2.306303] (px4_msgs) StdoutLine: {'line': b'-- Up-to-date symlink: /home/prathamkelkar/ros2_ws/install/px4_msgs/include/px4_msgs/px4_msgs/msg/detail/estimator_status_flags__rosidl_typesupport_fastrtps_c.h\n'}
[2.306514] (px4_msgs) StdoutLine: {'line': b'-- Up-to-date symlink: /home/prathamkelkar/ros2_ws/install/px4_msgs/include/px4_msgs/px4_msgs/msg/detail/event__rosidl_typesupport_fastrtps_c.h\n'}
[2.306747] (px4_msgs) StdoutLine: {'line': b'-- Up-to-date symlink: /home/prathamkelkar/ros2_ws/install/px4_msgs/include/px4_msgs/px4_msgs/msg/detail/failsafe_flags__rosidl_typesupport_fastrtps_c.h\n'}
[2.306948] (px4_msgs) StdoutLine: {'line': b'-- Up-to-date symlink: /home/prathamkelkar/ros2_ws/install/px4_msgs/include/px4_msgs/px4_msgs/msg/detail/failure_detector_status__rosidl_typesupport_fastrtps_c.h\n'}
[2.307174] (px4_msgs) StdoutLine: {'line': b'-- Up-to-date symlink: /home/prathamkelkar/ros2_ws/install/px4_msgs/include/px4_msgs/px4_msgs/msg/detail/figure_eight_status__rosidl_typesupport_fastrtps_c.h\n'}
[2.307852] (px4_msgs) StdoutLine: {'line': b'-- Up-to-date symlink: /home/prathamkelkar/ros2_ws/install/px4_msgs/include/px4_msgs/px4_msgs/msg/detail/flight_phase_estimation__rosidl_typesupport_fastrtps_c.h\n'}
[2.308075] (px4_msgs) StdoutLine: {'line': b'-- Up-to-date symlink: /home/prathamkelkar/ros2_ws/install/px4_msgs/include/px4_msgs/px4_msgs/msg/detail/follow_target__rosidl_typesupport_fastrtps_c.h\n'}
[2.308208] (px4_msgs) StdoutLine: {'line': b'-- Up-to-date symlink: /home/prathamkelkar/ros2_ws/install/px4_msgs/include/px4_msgs/px4_msgs/msg/detail/follow_target_estimator__rosidl_typesupport_fastrtps_c.h\n'}
[2.308301] (px4_msgs) StdoutLine: {'line': b'-- Up-to-date symlink: /home/prathamkelkar/ros2_ws/install/px4_msgs/include/px4_msgs/px4_msgs/msg/detail/follow_target_status__rosidl_typesupport_fastrtps_c.h\n'}
[2.308422] (px4_msgs) StdoutLine: {'line': b'-- Up-to-date symlink: /home/prathamkelkar/ros2_ws/install/px4_msgs/include/px4_msgs/px4_msgs/msg/detail/generator_status__rosidl_typesupport_fastrtps_c.h\n'}
[2.308561] (px4_msgs) StdoutLine: {'line': b'-- Up-to-date symlink: /home/prathamkelkar/ros2_ws/install/px4_msgs/include/px4_msgs/px4_msgs/msg/detail/geofence_result__rosidl_typesupport_fastrtps_c.h\n'}
[2.308935] (px4_msgs) StdoutLine: {'line': b'-- Up-to-date symlink: /home/prathamkelkar/ros2_ws/install/px4_msgs/include/px4_msgs/px4_msgs/msg/detail/geofence_status__rosidl_typesupport_fastrtps_c.h\n'}
[2.309060] (px4_msgs) StdoutLine: {'line': b'-- Up-to-date symlink: /home/prathamkelkar/ros2_ws/install/px4_msgs/include/px4_msgs/px4_msgs/msg/detail/gimbal_controls__rosidl_typesupport_fastrtps_c.h\n'}
[2.309162] (px4_msgs) StdoutLine: {'line': b'-- Up-to-date symlink: /home/prathamkelkar/ros2_ws/install/px4_msgs/include/px4_msgs/px4_msgs/msg/detail/gimbal_device_attitude_status__rosidl_typesupport_fastrtps_c.h\n'}
[2.309328] (px4_msgs) StdoutLine: {'line': b'-- Up-to-date symlink: /home/prathamkelkar/ros2_ws/install/px4_msgs/include/px4_msgs/px4_msgs/msg/detail/gimbal_device_information__rosidl_typesupport_fastrtps_c.h\n'}
[2.309497] (-) TimerEvent: {}
[2.309705] (px4_msgs) StdoutLine: {'line': b'-- Up-to-date symlink: /home/prathamkelkar/ros2_ws/install/px4_msgs/include/px4_msgs/px4_msgs/msg/detail/gimbal_device_set_attitude__rosidl_typesupport_fastrtps_c.h\n'}
[2.309856] (px4_msgs) StdoutLine: {'line': b'-- Up-to-date symlink: /home/prathamkelkar/ros2_ws/install/px4_msgs/include/px4_msgs/px4_msgs/msg/detail/gimbal_manager_information__rosidl_typesupport_fastrtps_c.h\n'}
[2.309972] (px4_msgs) StdoutLine: {'line': b'-- Up-to-date symlink: /home/prathamkelkar/ros2_ws/install/px4_msgs/include/px4_msgs/px4_msgs/msg/detail/gimbal_manager_set_attitude__rosidl_typesupport_fastrtps_c.h\n'}
[2.310164] (px4_msgs) StdoutLine: {'line': b'-- Up-to-date symlink: /home/prathamkelkar/ros2_ws/install/px4_msgs/include/px4_msgs/px4_msgs/msg/detail/gimbal_manager_set_manual_control__rosidl_typesupport_fastrtps_c.h\n'}
[2.310252] (px4_msgs) StdoutLine: {'line': b'-- Up-to-date symlink: /home/prathamkelkar/ros2_ws/install/px4_msgs/include/px4_msgs/px4_msgs/msg/detail/gimbal_manager_status__rosidl_typesupport_fastrtps_c.h\n'}
[2.310449] (px4_msgs) StdoutLine: {'line': b'-- Up-to-date symlink: /home/prathamkelkar/ros2_ws/install/px4_msgs/include/px4_msgs/px4_msgs/msg/detail/goto_setpoint__rosidl_typesupport_fastrtps_c.h\n'}
[2.310577] (px4_msgs) StdoutLine: {'line': b'-- Up-to-date symlink: /home/prathamkelkar/ros2_ws/install/px4_msgs/include/px4_msgs/px4_msgs/msg/detail/gpio_config__rosidl_typesupport_fastrtps_c.h\n'}
[2.310657] (px4_msgs) StdoutLine: {'line': b'-- Up-to-date symlink: /home/prathamkelkar/ros2_ws/install/px4_msgs/include/px4_msgs/px4_msgs/msg/detail/gpio_in__rosidl_typesupport_fastrtps_c.h\n'}
[2.310747] (px4_msgs) StdoutLine: {'line': b'-- Up-to-date symlink: /home/prathamkelkar/ros2_ws/install/px4_msgs/include/px4_msgs/px4_msgs/msg/detail/gpio_out__rosidl_typesupport_fastrtps_c.h\n'}
[2.310826] (px4_msgs) StdoutLine: {'line': b'-- Up-to-date symlink: /home/prathamkelkar/ros2_ws/install/px4_msgs/include/px4_msgs/px4_msgs/msg/detail/gpio_request__rosidl_typesupport_fastrtps_c.h\n'}
[2.310907] (px4_msgs) StdoutLine: {'line': b'-- Up-to-date symlink: /home/prathamkelkar/ros2_ws/install/px4_msgs/include/px4_msgs/px4_msgs/msg/detail/gps_dump__rosidl_typesupport_fastrtps_c.h\n'}
[2.310990] (px4_msgs) StdoutLine: {'line': b'-- Up-to-date symlink: /home/prathamkelkar/ros2_ws/install/px4_msgs/include/px4_msgs/px4_msgs/msg/detail/gps_inject_data__rosidl_typesupport_fastrtps_c.h\n'}
[2.311062] (px4_msgs) StdoutLine: {'line': b'-- Up-to-date symlink: /home/prathamkelkar/ros2_ws/install/px4_msgs/include/px4_msgs/px4_msgs/msg/detail/gripper__rosidl_typesupport_fastrtps_c.h\n'}
[2.311138] (px4_msgs) StdoutLine: {'line': b'-- Up-to-date symlink: /home/prathamkelkar/ros2_ws/install/px4_msgs/include/px4_msgs/px4_msgs/msg/detail/health_report__rosidl_typesupport_fastrtps_c.h\n'}
[2.311211] (px4_msgs) StdoutLine: {'line': b'-- Up-to-date symlink: /home/prathamkelkar/ros2_ws/install/px4_msgs/include/px4_msgs/px4_msgs/msg/detail/heater_status__rosidl_typesupport_fastrtps_c.h\n'}
[2.311285] (px4_msgs) StdoutLine: {'line': b'-- Up-to-date symlink: /home/prathamkelkar/ros2_ws/install/px4_msgs/include/px4_msgs/px4_msgs/msg/detail/home_position__rosidl_typesupport_fastrtps_c.h\n'}
[2.311363] (px4_msgs) StdoutLine: {'line': b'-- Up-to-date symlink: /home/prathamkelkar/ros2_ws/install/px4_msgs/include/px4_msgs/px4_msgs/msg/detail/hover_thrust_estimate__rosidl_typesupport_fastrtps_c.h\n'}
[2.311432] (px4_msgs) StdoutLine: {'line': b'-- Up-to-date symlink: /home/prathamkelkar/ros2_ws/install/px4_msgs/include/px4_msgs/px4_msgs/msg/detail/input_rc__rosidl_typesupport_fastrtps_c.h\n'}
[2.311505] (px4_msgs) StdoutLine: {'line': b'-- Up-to-date symlink: /home/prathamkelkar/ros2_ws/install/px4_msgs/include/px4_msgs/px4_msgs/msg/detail/internal_combustion_engine_status__rosidl_typesupport_fastrtps_c.h\n'}
[2.311578] (px4_msgs) StdoutLine: {'line': b'-- Up-to-date symlink: /home/prathamkelkar/ros2_ws/install/px4_msgs/include/px4_msgs/px4_msgs/msg/detail/iridiumsbd_status__rosidl_typesupport_fastrtps_c.h\n'}
[2.311649] (px4_msgs) StdoutLine: {'line': b'-- Up-to-date symlink: /home/prathamkelkar/ros2_ws/install/px4_msgs/include/px4_msgs/px4_msgs/msg/detail/irlock_report__rosidl_typesupport_fastrtps_c.h\n'}
[2.311728] (px4_msgs) StdoutLine: {'line': b'-- Up-to-date symlink: /home/prathamkelkar/ros2_ws/install/px4_msgs/include/px4_msgs/px4_msgs/msg/detail/landing_gear__rosidl_typesupport_fastrtps_c.h\n'}
[2.311812] (px4_msgs) StdoutLine: {'line': b'-- Up-to-date symlink: /home/prathamkelkar/ros2_ws/install/px4_msgs/include/px4_msgs/px4_msgs/msg/detail/landing_gear_wheel__rosidl_typesupport_fastrtps_c.h\n'}
[2.311888] (px4_msgs) StdoutLine: {'line': b'-- Up-to-date symlink: /home/prathamkelkar/ros2_ws/install/px4_msgs/include/px4_msgs/px4_msgs/msg/detail/landing_target_innovations__rosidl_typesupport_fastrtps_c.h\n'}
[2.311966] (px4_msgs) StdoutLine: {'line': b'-- Up-to-date symlink: /home/prathamkelkar/ros2_ws/install/px4_msgs/include/px4_msgs/px4_msgs/msg/detail/landing_target_pose__rosidl_typesupport_fastrtps_c.h\n'}
[2.312038] (px4_msgs) StdoutLine: {'line': b'-- Up-to-date symlink: /home/prathamkelkar/ros2_ws/install/px4_msgs/include/px4_msgs/px4_msgs/msg/detail/launch_detection_status__rosidl_typesupport_fastrtps_c.h\n'}
[2.312114] (px4_msgs) StdoutLine: {'line': b'-- Up-to-date symlink: /home/prathamkelkar/ros2_ws/install/px4_msgs/include/px4_msgs/px4_msgs/msg/detail/led_control__rosidl_typesupport_fastrtps_c.h\n'}
[2.312187] (px4_msgs) StdoutLine: {'line': b'-- Up-to-date symlink: /home/prathamkelkar/ros2_ws/install/px4_msgs/include/px4_msgs/px4_msgs/msg/detail/log_message__rosidl_typesupport_fastrtps_c.h\n'}
[2.312255] (px4_msgs) StdoutLine: {'line': b'-- Up-to-date symlink: /home/prathamkelkar/ros2_ws/install/px4_msgs/include/px4_msgs/px4_msgs/msg/detail/logger_status__rosidl_typesupport_fastrtps_c.h\n'}
[2.312324] (px4_msgs) StdoutLine: {'line': b'-- Up-to-date symlink: /home/prathamkelkar/ros2_ws/install/px4_msgs/include/px4_msgs/px4_msgs/msg/detail/mag_worker_data__rosidl_typesupport_fastrtps_c.h\n'}
[2.312391] (px4_msgs) StdoutLine: {'line': b'-- Up-to-date symlink: /home/prathamkelkar/ros2_ws/install/px4_msgs/include/px4_msgs/px4_msgs/msg/detail/magnetometer_bias_estimate__rosidl_typesupport_fastrtps_c.h\n'}
[2.312459] (px4_msgs) StdoutLine: {'line': b'-- Up-to-date symlink: /home/prathamkelkar/ros2_ws/install/px4_msgs/include/px4_msgs/px4_msgs/msg/detail/manual_control_setpoint__rosidl_typesupport_fastrtps_c.h\n'}
[2.312526] (px4_msgs) StdoutLine: {'line': b'-- Up-to-date symlink: /home/prathamkelkar/ros2_ws/install/px4_msgs/include/px4_msgs/px4_msgs/msg/detail/manual_control_switches__rosidl_typesupport_fastrtps_c.h\n'}
[2.312598] (px4_msgs) StdoutLine: {'line': b'-- Up-to-date symlink: /home/prathamkelkar/ros2_ws/install/px4_msgs/include/px4_msgs/px4_msgs/msg/detail/mavlink_log__rosidl_typesupport_fastrtps_c.h\n'}
[2.312664] (px4_msgs) StdoutLine: {'line': b'-- Up-to-date symlink: /home/prathamkelkar/ros2_ws/install/px4_msgs/include/px4_msgs/px4_msgs/msg/detail/mavlink_tunnel__rosidl_typesupport_fastrtps_c.h\n'}
[2.312741] (px4_msgs) StdoutLine: {'line': b'-- Up-to-date symlink: /home/prathamkelkar/ros2_ws/install/px4_msgs/include/px4_msgs/px4_msgs/msg/detail/message_format_request__rosidl_typesupport_fastrtps_c.h\n'}
[2.312819] (px4_msgs) StdoutLine: {'line': b'-- Up-to-date symlink: /home/prathamkelkar/ros2_ws/install/px4_msgs/include/px4_msgs/px4_msgs/msg/detail/message_format_response__rosidl_typesupport_fastrtps_c.h\n'}
[2.312886] (px4_msgs) StdoutLine: {'line': b'-- Up-to-date symlink: /home/prathamkelkar/ros2_ws/install/px4_msgs/include/px4_msgs/px4_msgs/msg/detail/mission__rosidl_typesupport_fastrtps_c.h\n'}
[2.312962] (px4_msgs) StdoutLine: {'line': b'-- Up-to-date symlink: /home/prathamkelkar/ros2_ws/install/px4_msgs/include/px4_msgs/px4_msgs/msg/detail/mission_result__rosidl_typesupport_fastrtps_c.h\n'}
[2.313029] (px4_msgs) StdoutLine: {'line': b'-- Up-to-date symlink: /home/prathamkelkar/ros2_ws/install/px4_msgs/include/px4_msgs/px4_msgs/msg/detail/mode_completed__rosidl_typesupport_fastrtps_c.h\n'}
[2.313099] (px4_msgs) StdoutLine: {'line': b'-- Up-to-date symlink: /home/prathamkelkar/ros2_ws/install/px4_msgs/include/px4_msgs/px4_msgs/msg/detail/mount_orientation__rosidl_typesupport_fastrtps_c.h\n'}
[2.313254] (px4_msgs) StdoutLine: {'line': b'-- Up-to-date symlink: /home/prathamkelkar/ros2_ws/install/px4_msgs/include/px4_msgs/px4_msgs/msg/detail/navigator_mission_item__rosidl_typesupport_fastrtps_c.h\n'}
[2.313331] (px4_msgs) StdoutLine: {'line': b'-- Up-to-date symlink: /home/prathamkelkar/ros2_ws/install/px4_msgs/include/px4_msgs/px4_msgs/msg/detail/normalized_unsigned_setpoint__rosidl_typesupport_fastrtps_c.h\n'}
[2.313406] (px4_msgs) StdoutLine: {'line': b'-- Up-to-date symlink: /home/prathamkelkar/ros2_ws/install/px4_msgs/include/px4_msgs/px4_msgs/msg/detail/npfg_status__rosidl_typesupport_fastrtps_c.h\n'}
[2.313482] (px4_msgs) StdoutLine: {'line': b'-- Up-to-date symlink: /home/prathamkelkar/ros2_ws/install/px4_msgs/include/px4_msgs/px4_msgs/msg/detail/obstacle_distance__rosidl_typesupport_fastrtps_c.h\n'}
[2.313559] (px4_msgs) StdoutLine: {'line': b'-- Up-to-date symlink: /home/prathamkelkar/ros2_ws/install/px4_msgs/include/px4_msgs/px4_msgs/msg/detail/offboard_control_mode__rosidl_typesupport_fastrtps_c.h\n'}
[2.313634] (px4_msgs) StdoutLine: {'line': b'-- Up-to-date symlink: /home/prathamkelkar/ros2_ws/install/px4_msgs/include/px4_msgs/px4_msgs/msg/detail/onboard_computer_status__rosidl_typesupport_fastrtps_c.h\n'}
[2.313719] (px4_msgs) StdoutLine: {'line': b'-- Up-to-date symlink: /home/prathamkelkar/ros2_ws/install/px4_msgs/include/px4_msgs/px4_msgs/msg/detail/orb_test__rosidl_typesupport_fastrtps_c.h\n'}
[2.313885] (px4_msgs) StdoutLine: {'line': b'-- Up-to-date symlink: /home/prathamkelkar/ros2_ws/install/px4_msgs/include/px4_msgs/px4_msgs/msg/detail/orb_test_large__rosidl_typesupport_fastrtps_c.h\n'}
[2.313957] (px4_msgs) StdoutLine: {'line': b'-- Up-to-date symlink: /home/prathamkelkar/ros2_ws/install/px4_msgs/include/px4_msgs/px4_msgs/msg/detail/orb_test_medium__rosidl_typesupport_fastrtps_c.h\n'}
[2.314051] (px4_msgs) StdoutLine: {'line': b'-- Up-to-date symlink: /home/prathamkelkar/ros2_ws/install/px4_msgs/include/px4_msgs/px4_msgs/msg/detail/orbit_status__rosidl_typesupport_fastrtps_c.h\n'}
[2.314126] (px4_msgs) StdoutLine: {'line': b'-- Up-to-date symlink: /home/prathamkelkar/ros2_ws/install/px4_msgs/include/px4_msgs/px4_msgs/msg/detail/parameter_reset_request__rosidl_typesupport_fastrtps_c.h\n'}
[2.314197] (px4_msgs) StdoutLine: {'line': b'-- Up-to-date symlink: /home/prathamkelkar/ros2_ws/install/px4_msgs/include/px4_msgs/px4_msgs/msg/detail/parameter_set_used_request__rosidl_typesupport_fastrtps_c.h\n'}
[2.314267] (px4_msgs) StdoutLine: {'line': b'-- Up-to-date symlink: /home/prathamkelkar/ros2_ws/install/px4_msgs/include/px4_msgs/px4_msgs/msg/detail/parameter_set_value_request__rosidl_typesupport_fastrtps_c.h\n'}
[2.314346] (px4_msgs) StdoutLine: {'line': b'-- Up-to-date symlink: /home/prathamkelkar/ros2_ws/install/px4_msgs/include/px4_msgs/px4_msgs/msg/detail/parameter_set_value_response__rosidl_typesupport_fastrtps_c.h\n'}
[2.314542] (px4_msgs) StdoutLine: {'line': b'-- Up-to-date symlink: /home/prathamkelkar/ros2_ws/install/px4_msgs/include/px4_msgs/px4_msgs/msg/detail/parameter_update__rosidl_typesupport_fastrtps_c.h\n'}
[2.314673] (px4_msgs) StdoutLine: {'line': b'-- Up-to-date symlink: /home/prathamkelkar/ros2_ws/install/px4_msgs/include/px4_msgs/px4_msgs/msg/detail/ping__rosidl_typesupport_fastrtps_c.h\n'}
[2.314770] (px4_msgs) StdoutLine: {'line': b'-- Up-to-date symlink: /home/prathamkelkar/ros2_ws/install/px4_msgs/include/px4_msgs/px4_msgs/msg/detail/position_controller_landing_status__rosidl_typesupport_fastrtps_c.h\n'}
[2.314864] (px4_msgs) StdoutLine: {'line': b'-- Up-to-date symlink: /home/prathamkelkar/ros2_ws/install/px4_msgs/include/px4_msgs/px4_msgs/msg/detail/position_controller_status__rosidl_typesupport_fastrtps_c.h\n'}
[2.314946] (px4_msgs) StdoutLine: {'line': b'-- Up-to-date symlink: /home/prathamkelkar/ros2_ws/install/px4_msgs/include/px4_msgs/px4_msgs/msg/detail/position_setpoint__rosidl_typesupport_fastrtps_c.h\n'}
[2.315025] (px4_msgs) StdoutLine: {'line': b'-- Up-to-date symlink: /home/prathamkelkar/ros2_ws/install/px4_msgs/include/px4_msgs/px4_msgs/msg/detail/position_setpoint_triplet__rosidl_typesupport_fastrtps_c.h\n'}
[2.315112] (px4_msgs) StdoutLine: {'line': b'-- Up-to-date symlink: /home/prathamkelkar/ros2_ws/install/px4_msgs/include/px4_msgs/px4_msgs/msg/detail/power_button_state__rosidl_typesupport_fastrtps_c.h\n'}
[2.315186] (px4_msgs) StdoutLine: {'line': b'-- Up-to-date symlink: /home/prathamkelkar/ros2_ws/install/px4_msgs/include/px4_msgs/px4_msgs/msg/detail/power_monitor__rosidl_typesupport_fastrtps_c.h\n'}
[2.315378] (px4_msgs) StdoutLine: {'line': b'-- Up-to-date symlink: /home/prathamkelkar/ros2_ws/install/px4_msgs/include/px4_msgs/px4_msgs/msg/detail/pps_capture__rosidl_typesupport_fastrtps_c.h\n'}
[2.315458] (px4_msgs) StdoutLine: {'line': b'-- Up-to-date symlink: /home/prathamkelkar/ros2_ws/install/px4_msgs/include/px4_msgs/px4_msgs/msg/detail/pwm_input__rosidl_typesupport_fastrtps_c.h\n'}
[2.315832] (px4_msgs) StdoutLine: {'line': b'-- Up-to-date symlink: /home/prathamkelkar/ros2_ws/install/px4_msgs/include/px4_msgs/px4_msgs/msg/detail/px4io_status__rosidl_typesupport_fastrtps_c.h\n'}
[2.315959] (px4_msgs) StdoutLine: {'line': b'-- Up-to-date symlink: /home/prathamkelkar/ros2_ws/install/px4_msgs/include/px4_msgs/px4_msgs/msg/detail/qshell_req__rosidl_typesupport_fastrtps_c.h\n'}
[2.316126] (px4_msgs) StdoutLine: {'line': b'-- Up-to-date symlink: /home/prathamkelkar/ros2_ws/install/px4_msgs/include/px4_msgs/px4_msgs/msg/detail/qshell_retval__rosidl_typesupport_fastrtps_c.h\n'}
[2.316223] (px4_msgs) StdoutLine: {'line': b'-- Up-to-date symlink: /home/prathamkelkar/ros2_ws/install/px4_msgs/include/px4_msgs/px4_msgs/msg/detail/radio_status__rosidl_typesupport_fastrtps_c.h\n'}
[2.316318] (px4_msgs) StdoutLine: {'line': b'-- Up-to-date symlink: /home/prathamkelkar/ros2_ws/install/px4_msgs/include/px4_msgs/px4_msgs/msg/detail/rate_ctrl_status__rosidl_typesupport_fastrtps_c.h\n'}
[2.316486] (px4_msgs) StdoutLine: {'line': b'-- Up-to-date symlink: /home/prathamkelkar/ros2_ws/install/px4_msgs/include/px4_msgs/px4_msgs/msg/detail/rc_channels__rosidl_typesupport_fastrtps_c.h\n'}
[2.316586] (px4_msgs) StdoutLine: {'line': b'-- Up-to-date symlink: /home/prathamkelkar/ros2_ws/install/px4_msgs/include/px4_msgs/px4_msgs/msg/detail/rc_parameter_map__rosidl_typesupport_fastrtps_c.h\n'}
[2.316663] (px4_msgs) StdoutLine: {'line': b'-- Up-to-date symlink: /home/prathamkelkar/ros2_ws/install/px4_msgs/include/px4_msgs/px4_msgs/msg/detail/register_ext_component_reply__rosidl_typesupport_fastrtps_c.h\n'}
[2.316755] (px4_msgs) StdoutLine: {'line': b'-- Up-to-date symlink: /home/prathamkelkar/ros2_ws/install/px4_msgs/include/px4_msgs/px4_msgs/msg/detail/register_ext_component_request__rosidl_typesupport_fastrtps_c.h\n'}
[2.316876] (px4_msgs) StdoutLine: {'line': b'-- Up-to-date symlink: /home/prathamkelkar/ros2_ws/install/px4_msgs/include/px4_msgs/px4_msgs/msg/detail/rpm__rosidl_typesupport_fastrtps_c.h\n'}
[2.317037] (px4_msgs) StdoutLine: {'line': b'-- Up-to-date symlink: /home/prathamkelkar/ros2_ws/install/px4_msgs/include/px4_msgs/px4_msgs/msg/detail/rtl_status__rosidl_typesupport_fastrtps_c.h\n'}
[2.317133] (px4_msgs) StdoutLine: {'line': b'-- Up-to-date symlink: /home/prathamkelkar/ros2_ws/install/px4_msgs/include/px4_msgs/px4_msgs/msg/detail/rtl_time_estimate__rosidl_typesupport_fastrtps_c.h\n'}
[2.317212] (px4_msgs) StdoutLine: {'line': b'-- Up-to-date symlink: /home/prathamkelkar/ros2_ws/install/px4_msgs/include/px4_msgs/px4_msgs/msg/detail/satellite_info__rosidl_typesupport_fastrtps_c.h\n'}
[2.317302] (px4_msgs) StdoutLine: {'line': b'-- Up-to-date symlink: /home/prathamkelkar/ros2_ws/install/px4_msgs/include/px4_msgs/px4_msgs/msg/detail/sensor_accel__rosidl_typesupport_fastrtps_c.h\n'}
[2.317387] (px4_msgs) StdoutLine: {'line': b'-- Up-to-date symlink: /home/prathamkelkar/ros2_ws/install/px4_msgs/include/px4_msgs/px4_msgs/msg/detail/sensor_accel_fifo__rosidl_typesupport_fastrtps_c.h\n'}
[2.317474] (px4_msgs) StdoutLine: {'line': b'-- Up-to-date symlink: /home/prathamkelkar/ros2_ws/install/px4_msgs/include/px4_msgs/px4_msgs/msg/detail/sensor_airflow__rosidl_typesupport_fastrtps_c.h\n'}
[2.317562] (px4_msgs) StdoutLine: {'line': b'-- Up-to-date symlink: /home/prathamkelkar/ros2_ws/install/px4_msgs/include/px4_msgs/px4_msgs/msg/detail/sensor_baro__rosidl_typesupport_fastrtps_c.h\n'}
[2.317649] (px4_msgs) StdoutLine: {'line': b'-- Up-to-date symlink: /home/prathamkelkar/ros2_ws/install/px4_msgs/include/px4_msgs/px4_msgs/msg/detail/sensor_combined__rosidl_typesupport_fastrtps_c.h\n'}
[2.317827] (px4_msgs) StdoutLine: {'line': b'-- Up-to-date symlink: /home/prathamkelkar/ros2_ws/install/px4_msgs/include/px4_msgs/px4_msgs/msg/detail/sensor_correction__rosidl_typesupport_fastrtps_c.h\n'}
[2.317915] (px4_msgs) StdoutLine: {'line': b'-- Up-to-date symlink: /home/prathamkelkar/ros2_ws/install/px4_msgs/include/px4_msgs/px4_msgs/msg/detail/sensor_gnss_relative__rosidl_typesupport_fastrtps_c.h\n'}
[2.318000] (px4_msgs) StdoutLine: {'line': b'-- Up-to-date symlink: /home/prathamkelkar/ros2_ws/install/px4_msgs/include/px4_msgs/px4_msgs/msg/detail/sensor_gps__rosidl_typesupport_fastrtps_c.h\n'}
[2.318088] (px4_msgs) StdoutLine: {'line': b'-- Up-to-date symlink: /home/prathamkelkar/ros2_ws/install/px4_msgs/include/px4_msgs/px4_msgs/msg/detail/sensor_gyro__rosidl_typesupport_fastrtps_c.h\n'}
[2.318172] (px4_msgs) StdoutLine: {'line': b'-- Up-to-date symlink: /home/prathamkelkar/ros2_ws/install/px4_msgs/include/px4_msgs/px4_msgs/msg/detail/sensor_gyro_fft__rosidl_typesupport_fastrtps_c.h\n'}
[2.318254] (px4_msgs) StdoutLine: {'line': b'-- Up-to-date symlink: /home/prathamkelkar/ros2_ws/install/px4_msgs/include/px4_msgs/px4_msgs/msg/detail/sensor_gyro_fifo__rosidl_typesupport_fastrtps_c.h\n'}
[2.318338] (px4_msgs) StdoutLine: {'line': b'-- Up-to-date symlink: /home/prathamkelkar/ros2_ws/install/px4_msgs/include/px4_msgs/px4_msgs/msg/detail/sensor_hygrometer__rosidl_typesupport_fastrtps_c.h\n'}
[2.318425] (px4_msgs) StdoutLine: {'line': b'-- Up-to-date symlink: /home/prathamkelkar/ros2_ws/install/px4_msgs/include/px4_msgs/px4_msgs/msg/detail/sensor_mag__rosidl_typesupport_fastrtps_c.h\n'}
[2.318565] (px4_msgs) StdoutLine: {'line': b'-- Up-to-date symlink: /home/prathamkelkar/ros2_ws/install/px4_msgs/include/px4_msgs/px4_msgs/msg/detail/sensor_optical_flow__rosidl_typesupport_fastrtps_c.h\n'}
[2.318650] (px4_msgs) StdoutLine: {'line': b'-- Up-to-date symlink: /home/prathamkelkar/ros2_ws/install/px4_msgs/include/px4_msgs/px4_msgs/msg/detail/sensor_preflight_mag__rosidl_typesupport_fastrtps_c.h\n'}
[2.318737] (px4_msgs) StdoutLine: {'line': b'-- Up-to-date symlink: /home/prathamkelkar/ros2_ws/install/px4_msgs/include/px4_msgs/px4_msgs/msg/detail/sensor_selection__rosidl_typesupport_fastrtps_c.h\n'}
[2.318824] (px4_msgs) StdoutLine: {'line': b'-- Up-to-date symlink: /home/prathamkelkar/ros2_ws/install/px4_msgs/include/px4_msgs/px4_msgs/msg/detail/sensor_uwb__rosidl_typesupport_fastrtps_c.h\n'}
[2.318913] (px4_msgs) StdoutLine: {'line': b'-- Up-to-date symlink: /home/prathamkelkar/ros2_ws/install/px4_msgs/include/px4_msgs/px4_msgs/msg/detail/sensors_status__rosidl_typesupport_fastrtps_c.h\n'}
[2.319002] (px4_msgs) StdoutLine: {'line': b'-- Up-to-date symlink: /home/prathamkelkar/ros2_ws/install/px4_msgs/include/px4_msgs/px4_msgs/msg/detail/sensors_status_imu__rosidl_typesupport_fastrtps_c.h\n'}
[2.319093] (px4_msgs) StdoutLine: {'line': b'-- Up-to-date symlink: /home/prathamkelkar/ros2_ws/install/px4_msgs/include/px4_msgs/px4_msgs/msg/detail/system_power__rosidl_typesupport_fastrtps_c.h\n'}
[2.319181] (px4_msgs) StdoutLine: {'line': b'-- Up-to-date symlink: /home/prathamkelkar/ros2_ws/install/px4_msgs/include/px4_msgs/px4_msgs/msg/detail/takeoff_status__rosidl_typesupport_fastrtps_c.h\n'}
[2.319264] (px4_msgs) StdoutLine: {'line': b'-- Up-to-date symlink: /home/prathamkelkar/ros2_ws/install/px4_msgs/include/px4_msgs/px4_msgs/msg/detail/task_stack_info__rosidl_typesupport_fastrtps_c.h\n'}
[2.319364] (px4_msgs) StdoutLine: {'line': b'-- Up-to-date symlink: /home/prathamkelkar/ros2_ws/install/px4_msgs/include/px4_msgs/px4_msgs/msg/detail/tecs_status__rosidl_typesupport_fastrtps_c.h\n'}
[2.319735] (px4_msgs) StdoutLine: {'line': b'-- Up-to-date symlink: /home/prathamkelkar/ros2_ws/install/px4_msgs/include/px4_msgs/px4_msgs/msg/detail/telemetry_status__rosidl_typesupport_fastrtps_c.h\n'}
[2.319885] (px4_msgs) StdoutLine: {'line': b'-- Up-to-date symlink: /home/prathamkelkar/ros2_ws/install/px4_msgs/include/px4_msgs/px4_msgs/msg/detail/tiltrotor_extra_controls__rosidl_typesupport_fastrtps_c.h\n'}
[2.320001] (px4_msgs) StdoutLine: {'line': b'-- Up-to-date symlink: /home/prathamkelkar/ros2_ws/install/px4_msgs/include/px4_msgs/px4_msgs/msg/detail/timesync_status__rosidl_typesupport_fastrtps_c.h\n'}
[2.320111] (px4_msgs) StdoutLine: {'line': b'-- Up-to-date symlink: /home/prathamkelkar/ros2_ws/install/px4_msgs/include/px4_msgs/px4_msgs/msg/detail/trajectory_bezier__rosidl_typesupport_fastrtps_c.h\n'}
[2.320198] (px4_msgs) StdoutLine: {'line': b'-- Up-to-date symlink: /home/prathamkelkar/ros2_ws/install/px4_msgs/include/px4_msgs/px4_msgs/msg/detail/trajectory_setpoint__rosidl_typesupport_fastrtps_c.h\n'}
[2.320278] (px4_msgs) StdoutLine: {'line': b'-- Up-to-date symlink: /home/prathamkelkar/ros2_ws/install/px4_msgs/include/px4_msgs/px4_msgs/msg/detail/trajectory_waypoint__rosidl_typesupport_fastrtps_c.h\n'}
[2.320355] (px4_msgs) StdoutLine: {'line': b'-- Up-to-date symlink: /home/prathamkelkar/ros2_ws/install/px4_msgs/include/px4_msgs/px4_msgs/msg/detail/transponder_report__rosidl_typesupport_fastrtps_c.h\n'}
[2.320431] (px4_msgs) StdoutLine: {'line': b'-- Up-to-date symlink: /home/prathamkelkar/ros2_ws/install/px4_msgs/include/px4_msgs/px4_msgs/msg/detail/tune_control__rosidl_typesupport_fastrtps_c.h\n'}
[2.320505] (px4_msgs) StdoutLine: {'line': b'-- Up-to-date symlink: /home/prathamkelkar/ros2_ws/install/px4_msgs/include/px4_msgs/px4_msgs/msg/detail/uavcan_parameter_request__rosidl_typesupport_fastrtps_c.h\n'}
[2.320578] (px4_msgs) StdoutLine: {'line': b'-- Up-to-date symlink: /home/prathamkelkar/ros2_ws/install/px4_msgs/include/px4_msgs/px4_msgs/msg/detail/uavcan_parameter_value__rosidl_typesupport_fastrtps_c.h\n'}
[2.320651] (px4_msgs) StdoutLine: {'line': b'-- Up-to-date symlink: /home/prathamkelkar/ros2_ws/install/px4_msgs/include/px4_msgs/px4_msgs/msg/detail/ulog_stream__rosidl_typesupport_fastrtps_c.h\n'}
[2.320733] (px4_msgs) StdoutLine: {'line': b'-- Up-to-date symlink: /home/prathamkelkar/ros2_ws/install/px4_msgs/include/px4_msgs/px4_msgs/msg/detail/ulog_stream_ack__rosidl_typesupport_fastrtps_c.h\n'}
[2.320801] (px4_msgs) StdoutLine: {'line': b'-- Up-to-date symlink: /home/prathamkelkar/ros2_ws/install/px4_msgs/include/px4_msgs/px4_msgs/msg/detail/unregister_ext_component__rosidl_typesupport_fastrtps_c.h\n'}
[2.320871] (px4_msgs) StdoutLine: {'line': b'-- Up-to-date symlink: /home/prathamkelkar/ros2_ws/install/px4_msgs/include/px4_msgs/px4_msgs/msg/detail/vehicle_acceleration__rosidl_typesupport_fastrtps_c.h\n'}
[2.320942] (px4_msgs) StdoutLine: {'line': b'-- Up-to-date symlink: /home/prathamkelkar/ros2_ws/install/px4_msgs/include/px4_msgs/px4_msgs/msg/detail/vehicle_air_data__rosidl_typesupport_fastrtps_c.h\n'}
[2.321059] (px4_msgs) StdoutLine: {'line': b'-- Up-to-date symlink: /home/prathamkelkar/ros2_ws/install/px4_msgs/include/px4_msgs/px4_msgs/msg/detail/vehicle_angular_acceleration_setpoint__rosidl_typesupport_fastrtps_c.h\n'}
[2.321195] (px4_msgs) StdoutLine: {'line': b'-- Up-to-date symlink: /home/prathamkelkar/ros2_ws/install/px4_msgs/include/px4_msgs/px4_msgs/msg/detail/vehicle_angular_velocity__rosidl_typesupport_fastrtps_c.h\n'}
[2.321264] (px4_msgs) StdoutLine: {'line': b'-- Up-to-date symlink: /home/prathamkelkar/ros2_ws/install/px4_msgs/include/px4_msgs/px4_msgs/msg/detail/vehicle_attitude__rosidl_typesupport_fastrtps_c.h\n'}
[2.321332] (px4_msgs) StdoutLine: {'line': b'-- Up-to-date symlink: /home/prathamkelkar/ros2_ws/install/px4_msgs/include/px4_msgs/px4_msgs/msg/detail/vehicle_attitude_setpoint__rosidl_typesupport_fastrtps_c.h\n'}
[2.321401] (px4_msgs) StdoutLine: {'line': b'-- Up-to-date symlink: /home/prathamkelkar/ros2_ws/install/px4_msgs/include/px4_msgs/px4_msgs/msg/detail/vehicle_command__rosidl_typesupport_fastrtps_c.h\n'}
[2.321470] (px4_msgs) StdoutLine: {'line': b'-- Up-to-date symlink: /home/prathamkelkar/ros2_ws/install/px4_msgs/include/px4_msgs/px4_msgs/msg/detail/vehicle_command_ack__rosidl_typesupport_fastrtps_c.h\n'}
[2.321537] (px4_msgs) StdoutLine: {'line': b'-- Up-to-date symlink: /home/prathamkelkar/ros2_ws/install/px4_msgs/include/px4_msgs/px4_msgs/msg/detail/vehicle_constraints__rosidl_typesupport_fastrtps_c.h\n'}
[2.321606] (px4_msgs) StdoutLine: {'line': b'-- Up-to-date symlink: /home/prathamkelkar/ros2_ws/install/px4_msgs/include/px4_msgs/px4_msgs/msg/detail/vehicle_control_mode__rosidl_typesupport_fastrtps_c.h\n'}
[2.321683] (px4_msgs) StdoutLine: {'line': b'-- Up-to-date symlink: /home/prathamkelkar/ros2_ws/install/px4_msgs/include/px4_msgs/px4_msgs/msg/detail/vehicle_global_position__rosidl_typesupport_fastrtps_c.h\n'}
[2.321803] (px4_msgs) StdoutLine: {'line': b'-- Up-to-date symlink: /home/prathamkelkar/ros2_ws/install/px4_msgs/include/px4_msgs/px4_msgs/msg/detail/vehicle_imu__rosidl_typesupport_fastrtps_c.h\n'}
[2.321876] (px4_msgs) StdoutLine: {'line': b'-- Up-to-date symlink: /home/prathamkelkar/ros2_ws/install/px4_msgs/include/px4_msgs/px4_msgs/msg/detail/vehicle_imu_status__rosidl_typesupport_fastrtps_c.h\n'}
[2.321973] (px4_msgs) StdoutLine: {'line': b'-- Up-to-date symlink: /home/prathamkelkar/ros2_ws/install/px4_msgs/include/px4_msgs/px4_msgs/msg/detail/vehicle_land_detected__rosidl_typesupport_fastrtps_c.h\n'}
[2.322043] (px4_msgs) StdoutLine: {'line': b'-- Up-to-date symlink: /home/prathamkelkar/ros2_ws/install/px4_msgs/include/px4_msgs/px4_msgs/msg/detail/vehicle_local_position__rosidl_typesupport_fastrtps_c.h\n'}
[2.322105] (px4_msgs) StdoutLine: {'line': b'-- Up-to-date symlink: /home/prathamkelkar/ros2_ws/install/px4_msgs/include/px4_msgs/px4_msgs/msg/detail/vehicle_local_position_setpoint__rosidl_typesupport_fastrtps_c.h\n'}
[2.322210] (px4_msgs) StdoutLine: {'line': b'-- Up-to-date symlink: /home/prathamkelkar/ros2_ws/install/px4_msgs/include/px4_msgs/px4_msgs/msg/detail/vehicle_magnetometer__rosidl_typesupport_fastrtps_c.h\n'}
[2.322316] (px4_msgs) StdoutLine: {'line': b'-- Up-to-date symlink: /home/prathamkelkar/ros2_ws/install/px4_msgs/include/px4_msgs/px4_msgs/msg/detail/vehicle_odometry__rosidl_typesupport_fastrtps_c.h\n'}
[2.322389] (px4_msgs) StdoutLine: {'line': b'-- Up-to-date symlink: /home/prathamkelkar/ros2_ws/install/px4_msgs/include/px4_msgs/px4_msgs/msg/detail/vehicle_optical_flow__rosidl_typesupport_fastrtps_c.h\n'}
[2.322459] (px4_msgs) StdoutLine: {'line': b'-- Up-to-date symlink: /home/prathamkelkar/ros2_ws/install/px4_msgs/include/px4_msgs/px4_msgs/msg/detail/vehicle_optical_flow_vel__rosidl_typesupport_fastrtps_c.h\n'}
[2.322529] (px4_msgs) StdoutLine: {'line': b'-- Up-to-date symlink: /home/prathamkelkar/ros2_ws/install/px4_msgs/include/px4_msgs/px4_msgs/msg/detail/vehicle_rates_setpoint__rosidl_typesupport_fastrtps_c.h\n'}
[2.322638] (px4_msgs) StdoutLine: {'line': b'-- Up-to-date symlink: /home/prathamkelkar/ros2_ws/install/px4_msgs/include/px4_msgs/px4_msgs/msg/detail/vehicle_roi__rosidl_typesupport_fastrtps_c.h\n'}
[2.322716] (px4_msgs) StdoutLine: {'line': b'-- Up-to-date symlink: /home/prathamkelkar/ros2_ws/install/px4_msgs/include/px4_msgs/px4_msgs/msg/detail/vehicle_status__rosidl_typesupport_fastrtps_c.h\n'}
[2.322792] (px4_msgs) StdoutLine: {'line': b'-- Up-to-date symlink: /home/prathamkelkar/ros2_ws/install/px4_msgs/include/px4_msgs/px4_msgs/msg/detail/vehicle_thrust_setpoint__rosidl_typesupport_fastrtps_c.h\n'}
[2.323157] (px4_msgs) StdoutLine: {'line': b'-- Up-to-date symlink: /home/prathamkelkar/ros2_ws/install/px4_msgs/include/px4_msgs/px4_msgs/msg/detail/vehicle_torque_setpoint__rosidl_typesupport_fastrtps_c.h\n'}
[2.323286] (px4_msgs) StdoutLine: {'line': b'-- Up-to-date symlink: /home/prathamkelkar/ros2_ws/install/px4_msgs/include/px4_msgs/px4_msgs/msg/detail/vehicle_trajectory_bezier__rosidl_typesupport_fastrtps_c.h\n'}
[2.323801] (px4_msgs) StdoutLine: {'line': b'-- Up-to-date symlink: /home/prathamkelkar/ros2_ws/install/px4_msgs/include/px4_msgs/px4_msgs/msg/detail/vehicle_trajectory_waypoint__rosidl_typesupport_fastrtps_c.h\n'}
[2.324190] (px4_msgs) StdoutLine: {'line': b'-- Up-to-date symlink: /home/prathamkelkar/ros2_ws/install/px4_msgs/include/px4_msgs/px4_msgs/msg/detail/velocity_limits__rosidl_typesupport_fastrtps_c.h\n'}
[2.324459] (px4_msgs) StdoutLine: {'line': b'-- Up-to-date symlink: /home/prathamkelkar/ros2_ws/install/px4_msgs/include/px4_msgs/px4_msgs/msg/detail/vtol_vehicle_status__rosidl_typesupport_fastrtps_c.h\n'}
[2.324804] (px4_msgs) StdoutLine: {'line': b'-- Up-to-date symlink: /home/prathamkelkar/ros2_ws/install/px4_msgs/include/px4_msgs/px4_msgs/msg/detail/wheel_encoders__rosidl_typesupport_fastrtps_c.h\n'}
[2.325120] (px4_msgs) StdoutLine: {'line': b'-- Up-to-date symlink: /home/prathamkelkar/ros2_ws/install/px4_msgs/include/px4_msgs/px4_msgs/msg/detail/wind__rosidl_typesupport_fastrtps_c.h\n'}
[2.325245] (px4_msgs) StdoutLine: {'line': b'-- Up-to-date symlink: /home/prathamkelkar/ros2_ws/install/px4_msgs/include/px4_msgs/px4_msgs/msg/detail/yaw_estimator_status__rosidl_typesupport_fastrtps_c.h\n'}
[2.325344] (px4_msgs) StdoutLine: {'line': b'-- Up-to-date symlink: /home/prathamkelkar/ros2_ws/install/px4_msgs/include/px4_msgs/px4_msgs/msg/rosidl_typesupport_fastrtps_c__visibility_control.h\n'}
[2.325434] (px4_msgs) StdoutLine: {'line': b'-- Up-to-date symlink: /home/prathamkelkar/ros2_ws/install/px4_msgs/include/px4_msgs/px4_msgs/srv/detail/vehicle_command__rosidl_typesupport_fastrtps_c.h\n'}
[2.325603] (px4_msgs) StdoutLine: {'line': b'-- Up-to-date symlink: /home/prathamkelkar/ros2_ws/install/px4_msgs/include/px4_msgs/px4_msgs/msg/action_request.hpp\n'}
[2.325695] (px4_msgs) StdoutLine: {'line': b'-- Up-to-date symlink: /home/prathamkelkar/ros2_ws/install/px4_msgs/include/px4_msgs/px4_msgs/msg/actuator_armed.hpp\n'}
[2.325791] (px4_msgs) StdoutLine: {'line': b'-- Up-to-date symlink: /home/prathamkelkar/ros2_ws/install/px4_msgs/include/px4_msgs/px4_msgs/msg/actuator_controls_status.hpp\n'}
[2.325877] (px4_msgs) StdoutLine: {'line': b'-- Up-to-date symlink: /home/prathamkelkar/ros2_ws/install/px4_msgs/include/px4_msgs/px4_msgs/msg/actuator_motors.hpp\n'}
[2.325961] (px4_msgs) StdoutLine: {'line': b'-- Up-to-date symlink: /home/prathamkelkar/ros2_ws/install/px4_msgs/include/px4_msgs/px4_msgs/msg/actuator_outputs.hpp\n'}
[2.326040] (px4_msgs) StdoutLine: {'line': b'-- Up-to-date symlink: /home/prathamkelkar/ros2_ws/install/px4_msgs/include/px4_msgs/px4_msgs/msg/actuator_servos.hpp\n'}
[2.326135] (px4_msgs) StdoutLine: {'line': b'-- Up-to-date symlink: /home/prathamkelkar/ros2_ws/install/px4_msgs/include/px4_msgs/px4_msgs/msg/actuator_servos_trim.hpp\n'}
[2.326209] (px4_msgs) StdoutLine: {'line': b'-- Up-to-date symlink: /home/prathamkelkar/ros2_ws/install/px4_msgs/include/px4_msgs/px4_msgs/msg/actuator_test.hpp\n'}
[2.326280] (px4_msgs) StdoutLine: {'line': b'-- Up-to-date symlink: /home/prathamkelkar/ros2_ws/install/px4_msgs/include/px4_msgs/px4_msgs/msg/adc_report.hpp\n'}
[2.326376] (px4_msgs) StdoutLine: {'line': b'-- Up-to-date symlink: /home/prathamkelkar/ros2_ws/install/px4_msgs/include/px4_msgs/px4_msgs/msg/airspeed.hpp\n'}
[2.326457] (px4_msgs) StdoutLine: {'line': b'-- Up-to-date symlink: /home/prathamkelkar/ros2_ws/install/px4_msgs/include/px4_msgs/px4_msgs/msg/airspeed_validated.hpp\n'}
[2.327005] (px4_msgs) StdoutLine: {'line': b'-- Up-to-date symlink: /home/prathamkelkar/ros2_ws/install/px4_msgs/include/px4_msgs/px4_msgs/msg/airspeed_wind.hpp\n'}
[2.327514] (px4_msgs) StdoutLine: {'line': b'-- Up-to-date symlink: /home/prathamkelkar/ros2_ws/install/px4_msgs/include/px4_msgs/px4_msgs/msg/arming_check_reply.hpp\n'}
[2.327866] (px4_msgs) StdoutLine: {'line': b'-- Up-to-date symlink: /home/prathamkelkar/ros2_ws/install/px4_msgs/include/px4_msgs/px4_msgs/msg/arming_check_request.hpp\n'}
[2.328149] (px4_msgs) StdoutLine: {'line': b'-- Up-to-date symlink: /home/prathamkelkar/ros2_ws/install/px4_msgs/include/px4_msgs/px4_msgs/msg/autotune_attitude_control_status.hpp\n'}
[2.328384] (px4_msgs) StdoutLine: {'line': b'-- Up-to-date symlink: /home/prathamkelkar/ros2_ws/install/px4_msgs/include/px4_msgs/px4_msgs/msg/battery_status.hpp\n'}
[2.328638] (px4_msgs) StdoutLine: {'line': b'-- Up-to-date symlink: /home/prathamkelkar/ros2_ws/install/px4_msgs/include/px4_msgs/px4_msgs/msg/buffer128.hpp\n'}
[2.328914] (px4_msgs) StdoutLine: {'line': b'-- Up-to-date symlink: /home/prathamkelkar/ros2_ws/install/px4_msgs/include/px4_msgs/px4_msgs/msg/button_event.hpp\n'}
[2.329099] (px4_msgs) StdoutLine: {'line': b'-- Up-to-date symlink: /home/prathamkelkar/ros2_ws/install/px4_msgs/include/px4_msgs/px4_msgs/msg/camera_capture.hpp\n'}
[2.329305] (px4_msgs) StdoutLine: {'line': b'-- Up-to-date symlink: /home/prathamkelkar/ros2_ws/install/px4_msgs/include/px4_msgs/px4_msgs/msg/camera_status.hpp\n'}
[2.329469] (px4_msgs) StdoutLine: {'line': b'-- Up-to-date symlink: /home/prathamkelkar/ros2_ws/install/px4_msgs/include/px4_msgs/px4_msgs/msg/camera_trigger.hpp\n'}
[2.329670] (px4_msgs) StdoutLine: {'line': b'-- Up-to-date symlink: /home/prathamkelkar/ros2_ws/install/px4_msgs/include/px4_msgs/px4_msgs/msg/can_interface_status.hpp\n'}
[2.329828] (px4_msgs) StdoutLine: {'line': b'-- Up-to-date symlink: /home/prathamkelkar/ros2_ws/install/px4_msgs/include/px4_msgs/px4_msgs/msg/cellular_status.hpp\n'}
[2.330122] (px4_msgs) StdoutLine: {'line': b'-- Up-to-date symlink: /home/prathamkelkar/ros2_ws/install/px4_msgs/include/px4_msgs/px4_msgs/msg/collision_constraints.hpp\n'}
[2.330290] (px4_msgs) StdoutLine: {'line': b'-- Up-to-date symlink: /home/prathamkelkar/ros2_ws/install/px4_msgs/include/px4_msgs/px4_msgs/msg/collision_report.hpp\n'}
[2.330626] (px4_msgs) StdoutLine: {'line': b'-- Up-to-date symlink: /home/prathamkelkar/ros2_ws/install/px4_msgs/include/px4_msgs/px4_msgs/msg/config_overrides.hpp\n'}
[2.330787] (px4_msgs) StdoutLine: {'line': b'-- Up-to-date symlink: /home/prathamkelkar/ros2_ws/install/px4_msgs/include/px4_msgs/px4_msgs/msg/control_allocator_status.hpp\n'}
[2.330911] (px4_msgs) StdoutLine: {'line': b'-- Up-to-date symlink: /home/prathamkelkar/ros2_ws/install/px4_msgs/include/px4_msgs/px4_msgs/msg/cpuload.hpp\n'}
[2.331029] (px4_msgs) StdoutLine: {'line': b'-- Up-to-date symlink: /home/prathamkelkar/ros2_ws/install/px4_msgs/include/px4_msgs/px4_msgs/msg/dataman_request.hpp\n'}
[2.331137] (px4_msgs) StdoutLine: {'line': b'-- Up-to-date symlink: /home/prathamkelkar/ros2_ws/install/px4_msgs/include/px4_msgs/px4_msgs/msg/dataman_response.hpp\n'}
[2.331237] (px4_msgs) StdoutLine: {'line': b'-- Up-to-date symlink: /home/prathamkelkar/ros2_ws/install/px4_msgs/include/px4_msgs/px4_msgs/msg/debug_array.hpp\n'}
[2.331324] (px4_msgs) StdoutLine: {'line': b'-- Up-to-date symlink: /home/prathamkelkar/ros2_ws/install/px4_msgs/include/px4_msgs/px4_msgs/msg/debug_key_value.hpp\n'}
[2.331411] (px4_msgs) StdoutLine: {'line': b'-- Up-to-date symlink: /home/prathamkelkar/ros2_ws/install/px4_msgs/include/px4_msgs/px4_msgs/msg/debug_value.hpp\n'}
[2.331532] (px4_msgs) StdoutLine: {'line': b'-- Up-to-date symlink: /home/prathamkelkar/ros2_ws/install/px4_msgs/include/px4_msgs/px4_msgs/msg/debug_vect.hpp\n'}
[2.331639] (px4_msgs) StdoutLine: {'line': b'-- Up-to-date symlink: /home/prathamkelkar/ros2_ws/install/px4_msgs/include/px4_msgs/px4_msgs/msg/detail/action_request__builder.hpp\n'}
[2.331778] (px4_msgs) StdoutLine: {'line': b'-- Up-to-date symlink: /home/prathamkelkar/ros2_ws/install/px4_msgs/include/px4_msgs/px4_msgs/msg/detail/action_request__struct.hpp\n'}
[2.331874] (px4_msgs) StdoutLine: {'line': b'-- Up-to-date symlink: /home/prathamkelkar/ros2_ws/install/px4_msgs/include/px4_msgs/px4_msgs/msg/detail/action_request__traits.hpp\n'}
[2.331965] (px4_msgs) StdoutLine: {'line': b'-- Up-to-date symlink: /home/prathamkelkar/ros2_ws/install/px4_msgs/include/px4_msgs/px4_msgs/msg/detail/action_request__type_support.hpp\n'}
[2.332052] (px4_msgs) StdoutLine: {'line': b'-- Up-to-date symlink: /home/prathamkelkar/ros2_ws/install/px4_msgs/include/px4_msgs/px4_msgs/msg/detail/actuator_armed__builder.hpp\n'}
[2.332136] (px4_msgs) StdoutLine: {'line': b'-- Up-to-date symlink: /home/prathamkelkar/ros2_ws/install/px4_msgs/include/px4_msgs/px4_msgs/msg/detail/actuator_armed__struct.hpp\n'}
[2.332232] (px4_msgs) StdoutLine: {'line': b'-- Up-to-date symlink: /home/prathamkelkar/ros2_ws/install/px4_msgs/include/px4_msgs/px4_msgs/msg/detail/actuator_armed__traits.hpp\n'}
[2.332323] (px4_msgs) StdoutLine: {'line': b'-- Up-to-date symlink: /home/prathamkelkar/ros2_ws/install/px4_msgs/include/px4_msgs/px4_msgs/msg/detail/actuator_armed__type_support.hpp\n'}
[2.332407] (px4_msgs) StdoutLine: {'line': b'-- Up-to-date symlink: /home/prathamkelkar/ros2_ws/install/px4_msgs/include/px4_msgs/px4_msgs/msg/detail/actuator_controls_status__builder.hpp\n'}
[2.332492] (px4_msgs) StdoutLine: {'line': b'-- Up-to-date symlink: /home/prathamkelkar/ros2_ws/install/px4_msgs/include/px4_msgs/px4_msgs/msg/detail/actuator_controls_status__struct.hpp\n'}
[2.332572] (px4_msgs) StdoutLine: {'line': b'-- Up-to-date symlink: /home/prathamkelkar/ros2_ws/install/px4_msgs/include/px4_msgs/px4_msgs/msg/detail/actuator_controls_status__traits.hpp\n'}
[2.332653] (px4_msgs) StdoutLine: {'line': b'-- Up-to-date symlink: /home/prathamkelkar/ros2_ws/install/px4_msgs/include/px4_msgs/px4_msgs/msg/detail/actuator_controls_status__type_support.hpp\n'}
[2.332797] (px4_msgs) StdoutLine: {'line': b'-- Up-to-date symlink: /home/prathamkelkar/ros2_ws/install/px4_msgs/include/px4_msgs/px4_msgs/msg/detail/actuator_motors__builder.hpp\n'}
[2.332890] (px4_msgs) StdoutLine: {'line': b'-- Up-to-date symlink: /home/prathamkelkar/ros2_ws/install/px4_msgs/include/px4_msgs/px4_msgs/msg/detail/actuator_motors__struct.hpp\n'}
[2.332993] (px4_msgs) StdoutLine: {'line': b'-- Up-to-date symlink: /home/prathamkelkar/ros2_ws/install/px4_msgs/include/px4_msgs/px4_msgs/msg/detail/actuator_motors__traits.hpp\n'}
[2.333097] (px4_msgs) StdoutLine: {'line': b'-- Up-to-date symlink: /home/prathamkelkar/ros2_ws/install/px4_msgs/include/px4_msgs/px4_msgs/msg/detail/actuator_motors__type_support.hpp\n'}
[2.333221] (px4_msgs) StdoutLine: {'line': b'-- Up-to-date symlink: /home/prathamkelkar/ros2_ws/install/px4_msgs/include/px4_msgs/px4_msgs/msg/detail/actuator_outputs__builder.hpp\n'}
[2.333319] (px4_msgs) StdoutLine: {'line': b'-- Up-to-date symlink: /home/prathamkelkar/ros2_ws/install/px4_msgs/include/px4_msgs/px4_msgs/msg/detail/actuator_outputs__struct.hpp\n'}
[2.333424] (px4_msgs) StdoutLine: {'line': b'-- Up-to-date symlink: /home/prathamkelkar/ros2_ws/install/px4_msgs/include/px4_msgs/px4_msgs/msg/detail/actuator_outputs__traits.hpp\n'}
[2.333523] (px4_msgs) StdoutLine: {'line': b'-- Up-to-date symlink: /home/prathamkelkar/ros2_ws/install/px4_msgs/include/px4_msgs/px4_msgs/msg/detail/actuator_outputs__type_support.hpp\n'}
[2.333619] (px4_msgs) StdoutLine: {'line': b'-- Up-to-date symlink: /home/prathamkelkar/ros2_ws/install/px4_msgs/include/px4_msgs/px4_msgs/msg/detail/actuator_servos__builder.hpp\n'}
[2.333726] (px4_msgs) StdoutLine: {'line': b'-- Up-to-date symlink: /home/prathamkelkar/ros2_ws/install/px4_msgs/include/px4_msgs/px4_msgs/msg/detail/actuator_servos__struct.hpp\n'}
[2.333818] (px4_msgs) StdoutLine: {'line': b'-- Up-to-date symlink: /home/prathamkelkar/ros2_ws/install/px4_msgs/include/px4_msgs/px4_msgs/msg/detail/actuator_servos__traits.hpp\n'}
[2.333914] (px4_msgs) StdoutLine: {'line': b'-- Up-to-date symlink: /home/prathamkelkar/ros2_ws/install/px4_msgs/include/px4_msgs/px4_msgs/msg/detail/actuator_servos__type_support.hpp\n'}
[2.333995] (px4_msgs) StdoutLine: {'line': b'-- Up-to-date symlink: /home/prathamkelkar/ros2_ws/install/px4_msgs/include/px4_msgs/px4_msgs/msg/detail/actuator_servos_trim__builder.hpp\n'}
[2.334084] (px4_msgs) StdoutLine: {'line': b'-- Up-to-date symlink: /home/prathamkelkar/ros2_ws/install/px4_msgs/include/px4_msgs/px4_msgs/msg/detail/actuator_servos_trim__struct.hpp\n'}
[2.334183] (px4_msgs) StdoutLine: {'line': b'-- Up-to-date symlink: /home/prathamkelkar/ros2_ws/install/px4_msgs/include/px4_msgs/px4_msgs/msg/detail/actuator_servos_trim__traits.hpp\n'}
[2.334291] (px4_msgs) StdoutLine: {'line': b'-- Up-to-date symlink: /home/prathamkelkar/ros2_ws/install/px4_msgs/include/px4_msgs/px4_msgs/msg/detail/actuator_servos_trim__type_support.hpp\n'}
[2.334413] (px4_msgs) StdoutLine: {'line': b'-- Up-to-date symlink: /home/prathamkelkar/ros2_ws/install/px4_msgs/include/px4_msgs/px4_msgs/msg/detail/actuator_test__builder.hpp\n'}
[2.334517] (px4_msgs) StdoutLine: {'line': b'-- Up-to-date symlink: /home/prathamkelkar/ros2_ws/install/px4_msgs/include/px4_msgs/px4_msgs/msg/detail/actuator_test__struct.hpp\n'}
[2.334616] (px4_msgs) StdoutLine: {'line': b'-- Up-to-date symlink: /home/prathamkelkar/ros2_ws/install/px4_msgs/include/px4_msgs/px4_msgs/msg/detail/actuator_test__traits.hpp\n'}
[2.334721] (px4_msgs) StdoutLine: {'line': b'-- Up-to-date symlink: /home/prathamkelkar/ros2_ws/install/px4_msgs/include/px4_msgs/px4_msgs/msg/detail/actuator_test__type_support.hpp\n'}
[2.334815] (px4_msgs) StdoutLine: {'line': b'-- Up-to-date symlink: /home/prathamkelkar/ros2_ws/install/px4_msgs/include/px4_msgs/px4_msgs/msg/detail/adc_report__builder.hpp\n'}
[2.334902] (px4_msgs) StdoutLine: {'line': b'-- Up-to-date symlink: /home/prathamkelkar/ros2_ws/install/px4_msgs/include/px4_msgs/px4_msgs/msg/detail/adc_report__struct.hpp\n'}
[2.334980] (px4_msgs) StdoutLine: {'line': b'-- Up-to-date symlink: /home/prathamkelkar/ros2_ws/install/px4_msgs/include/px4_msgs/px4_msgs/msg/detail/adc_report__traits.hpp\n'}
[2.335063] (px4_msgs) StdoutLine: {'line': b'-- Up-to-date symlink: /home/prathamkelkar/ros2_ws/install/px4_msgs/include/px4_msgs/px4_msgs/msg/detail/adc_report__type_support.hpp\n'}
[2.335177] (px4_msgs) StdoutLine: {'line': b'-- Up-to-date symlink: /home/prathamkelkar/ros2_ws/install/px4_msgs/include/px4_msgs/px4_msgs/msg/detail/airspeed__builder.hpp\n'}
[2.335293] (px4_msgs) StdoutLine: {'line': b'-- Up-to-date symlink: /home/prathamkelkar/ros2_ws/install/px4_msgs/include/px4_msgs/px4_msgs/msg/detail/airspeed__struct.hpp\n'}
[2.335396] (px4_msgs) StdoutLine: {'line': b'-- Up-to-date symlink: /home/prathamkelkar/ros2_ws/install/px4_msgs/include/px4_msgs/px4_msgs/msg/detail/airspeed__traits.hpp\n'}
[2.335481] (px4_msgs) StdoutLine: {'line': b'-- Up-to-date symlink: /home/prathamkelkar/ros2_ws/install/px4_msgs/include/px4_msgs/px4_msgs/msg/detail/airspeed__type_support.hpp\n'}
[2.335575] (px4_msgs) StdoutLine: {'line': b'-- Up-to-date symlink: /home/prathamkelkar/ros2_ws/install/px4_msgs/include/px4_msgs/px4_msgs/msg/detail/airspeed_validated__builder.hpp\n'}
[2.335694] (px4_msgs) StdoutLine: {'line': b'-- Up-to-date symlink: /home/prathamkelkar/ros2_ws/install/px4_msgs/include/px4_msgs/px4_msgs/msg/detail/airspeed_validated__struct.hpp\n'}
[2.335798] (px4_msgs) StdoutLine: {'line': b'-- Up-to-date symlink: /home/prathamkelkar/ros2_ws/install/px4_msgs/include/px4_msgs/px4_msgs/msg/detail/airspeed_validated__traits.hpp\n'}
[2.335881] (px4_msgs) StdoutLine: {'line': b'-- Up-to-date symlink: /home/prathamkelkar/ros2_ws/install/px4_msgs/include/px4_msgs/px4_msgs/msg/detail/airspeed_validated__type_support.hpp\n'}
[2.335977] (px4_msgs) StdoutLine: {'line': b'-- Up-to-date symlink: /home/prathamkelkar/ros2_ws/install/px4_msgs/include/px4_msgs/px4_msgs/msg/detail/airspeed_wind__builder.hpp\n'}
[2.336069] (px4_msgs) StdoutLine: {'line': b'-- Up-to-date symlink: /home/prathamkelkar/ros2_ws/install/px4_msgs/include/px4_msgs/px4_msgs/msg/detail/airspeed_wind__struct.hpp\n'}
[2.336267] (px4_msgs) StdoutLine: {'line': b'-- Up-to-date symlink: /home/prathamkelkar/ros2_ws/install/px4_msgs/include/px4_msgs/px4_msgs/msg/detail/airspeed_wind__traits.hpp\n'}
[2.336408] (px4_msgs) StdoutLine: {'line': b'-- Up-to-date symlink: /home/prathamkelkar/ros2_ws/install/px4_msgs/include/px4_msgs/px4_msgs/msg/detail/airspeed_wind__type_support.hpp\n'}
[2.336505] (px4_msgs) StdoutLine: {'line': b'-- Up-to-date symlink: /home/prathamkelkar/ros2_ws/install/px4_msgs/include/px4_msgs/px4_msgs/msg/detail/arming_check_reply__builder.hpp\n'}
[2.336620] (px4_msgs) StdoutLine: {'line': b'-- Up-to-date symlink: /home/prathamkelkar/ros2_ws/install/px4_msgs/include/px4_msgs/px4_msgs/msg/detail/arming_check_reply__struct.hpp\n'}
[2.336731] (px4_msgs) StdoutLine: {'line': b'-- Up-to-date symlink: /home/prathamkelkar/ros2_ws/install/px4_msgs/include/px4_msgs/px4_msgs/msg/detail/arming_check_reply__traits.hpp\n'}
[2.336808] (px4_msgs) StdoutLine: {'line': b'-- Up-to-date symlink: /home/prathamkelkar/ros2_ws/install/px4_msgs/include/px4_msgs/px4_msgs/msg/detail/arming_check_reply__type_support.hpp\n'}
[2.336891] (px4_msgs) StdoutLine: {'line': b'-- Up-to-date symlink: /home/prathamkelkar/ros2_ws/install/px4_msgs/include/px4_msgs/px4_msgs/msg/detail/arming_check_request__builder.hpp\n'}
[2.337004] (px4_msgs) StdoutLine: {'line': b'-- Up-to-date symlink: /home/prathamkelkar/ros2_ws/install/px4_msgs/include/px4_msgs/px4_msgs/msg/detail/arming_check_request__struct.hpp\n'}
[2.337081] (px4_msgs) StdoutLine: {'line': b'-- Up-to-date symlink: /home/prathamkelkar/ros2_ws/install/px4_msgs/include/px4_msgs/px4_msgs/msg/detail/arming_check_request__traits.hpp\n'}
[2.337152] (px4_msgs) StdoutLine: {'line': b'-- Up-to-date symlink: /home/prathamkelkar/ros2_ws/install/px4_msgs/include/px4_msgs/px4_msgs/msg/detail/arming_check_request__type_support.hpp\n'}
[2.337279] (px4_msgs) StdoutLine: {'line': b'-- Up-to-date symlink: /home/prathamkelkar/ros2_ws/install/px4_msgs/include/px4_msgs/px4_msgs/msg/detail/autotune_attitude_control_status__builder.hpp\n'}
[2.337411] (px4_msgs) StdoutLine: {'line': b'-- Up-to-date symlink: /home/prathamkelkar/ros2_ws/install/px4_msgs/include/px4_msgs/px4_msgs/msg/detail/autotune_attitude_control_status__struct.hpp\n'}
[2.337510] (px4_msgs) StdoutLine: {'line': b'-- Up-to-date symlink: /home/prathamkelkar/ros2_ws/install/px4_msgs/include/px4_msgs/px4_msgs/msg/detail/autotune_attitude_control_status__traits.hpp\n'}
[2.337608] (px4_msgs) StdoutLine: {'line': b'-- Up-to-date symlink: /home/prathamkelkar/ros2_ws/install/px4_msgs/include/px4_msgs/px4_msgs/msg/detail/autotune_attitude_control_status__type_support.hpp\n'}
[2.337701] (px4_msgs) StdoutLine: {'line': b'-- Up-to-date symlink: /home/prathamkelkar/ros2_ws/install/px4_msgs/include/px4_msgs/px4_msgs/msg/detail/battery_status__builder.hpp\n'}
[2.337793] (px4_msgs) StdoutLine: {'line': b'-- Up-to-date symlink: /home/prathamkelkar/ros2_ws/install/px4_msgs/include/px4_msgs/px4_msgs/msg/detail/battery_status__struct.hpp\n'}
[2.337889] (px4_msgs) StdoutLine: {'line': b'-- Up-to-date symlink: /home/prathamkelkar/ros2_ws/install/px4_msgs/include/px4_msgs/px4_msgs/msg/detail/battery_status__traits.hpp\n'}
[2.337967] (px4_msgs) StdoutLine: {'line': b'-- Up-to-date symlink: /home/prathamkelkar/ros2_ws/install/px4_msgs/include/px4_msgs/px4_msgs/msg/detail/battery_status__type_support.hpp\n'}
[2.338068] (px4_msgs) StdoutLine: {'line': b'-- Up-to-date symlink: /home/prathamkelkar/ros2_ws/install/px4_msgs/include/px4_msgs/px4_msgs/msg/detail/buffer128__builder.hpp\n'}
[2.338159] (px4_msgs) StdoutLine: {'line': b'-- Up-to-date symlink: /home/prathamkelkar/ros2_ws/install/px4_msgs/include/px4_msgs/px4_msgs/msg/detail/buffer128__struct.hpp\n'}
[2.338253] (px4_msgs) StdoutLine: {'line': b'-- Up-to-date symlink: /home/prathamkelkar/ros2_ws/install/px4_msgs/include/px4_msgs/px4_msgs/msg/detail/buffer128__traits.hpp\n'}
[2.338345] (px4_msgs) StdoutLine: {'line': b'-- Up-to-date symlink: /home/prathamkelkar/ros2_ws/install/px4_msgs/include/px4_msgs/px4_msgs/msg/detail/buffer128__type_support.hpp\n'}
[2.338418] (px4_msgs) StdoutLine: {'line': b'-- Up-to-date symlink: /home/prathamkelkar/ros2_ws/install/px4_msgs/include/px4_msgs/px4_msgs/msg/detail/button_event__builder.hpp\n'}
[2.338513] (px4_msgs) StdoutLine: {'line': b'-- Up-to-date symlink: /home/prathamkelkar/ros2_ws/install/px4_msgs/include/px4_msgs/px4_msgs/msg/detail/button_event__struct.hpp\n'}
[2.338587] (px4_msgs) StdoutLine: {'line': b'-- Up-to-date symlink: /home/prathamkelkar/ros2_ws/install/px4_msgs/include/px4_msgs/px4_msgs/msg/detail/button_event__traits.hpp\n'}
[2.338698] (px4_msgs) StdoutLine: {'line': b'-- Up-to-date symlink: /home/prathamkelkar/ros2_ws/install/px4_msgs/include/px4_msgs/px4_msgs/msg/detail/button_event__type_support.hpp\n'}
[2.338775] (px4_msgs) StdoutLine: {'line': b'-- Up-to-date symlink: /home/prathamkelkar/ros2_ws/install/px4_msgs/include/px4_msgs/px4_msgs/msg/detail/camera_capture__builder.hpp\n'}
[2.338872] (px4_msgs) StdoutLine: {'line': b'-- Up-to-date symlink: /home/prathamkelkar/ros2_ws/install/px4_msgs/include/px4_msgs/px4_msgs/msg/detail/camera_capture__struct.hpp\n'}
[2.338946] (px4_msgs) StdoutLine: {'line': b'-- Up-to-date symlink: /home/prathamkelkar/ros2_ws/install/px4_msgs/include/px4_msgs/px4_msgs/msg/detail/camera_capture__traits.hpp\n'}
[2.339047] (px4_msgs) StdoutLine: {'line': b'-- Up-to-date symlink: /home/prathamkelkar/ros2_ws/install/px4_msgs/include/px4_msgs/px4_msgs/msg/detail/camera_capture__type_support.hpp\n'}
[2.339122] (px4_msgs) StdoutLine: {'line': b'-- Up-to-date symlink: /home/prathamkelkar/ros2_ws/install/px4_msgs/include/px4_msgs/px4_msgs/msg/detail/camera_status__builder.hpp\n'}
[2.339199] (px4_msgs) StdoutLine: {'line': b'-- Up-to-date symlink: /home/prathamkelkar/ros2_ws/install/px4_msgs/include/px4_msgs/px4_msgs/msg/detail/camera_status__struct.hpp\n'}
[2.339316] (px4_msgs) StdoutLine: {'line': b'-- Up-to-date symlink: /home/prathamkelkar/ros2_ws/install/px4_msgs/include/px4_msgs/px4_msgs/msg/detail/camera_status__traits.hpp\n'}
[2.339397] (px4_msgs) StdoutLine: {'line': b'-- Up-to-date symlink: /home/prathamkelkar/ros2_ws/install/px4_msgs/include/px4_msgs/px4_msgs/msg/detail/camera_status__type_support.hpp\n'}
[2.339478] (px4_msgs) StdoutLine: {'line': b'-- Up-to-date symlink: /home/prathamkelkar/ros2_ws/install/px4_msgs/include/px4_msgs/px4_msgs/msg/detail/camera_trigger__builder.hpp\n'}
[2.339584] (px4_msgs) StdoutLine: {'line': b'-- Up-to-date symlink: /home/prathamkelkar/ros2_ws/install/px4_msgs/include/px4_msgs/px4_msgs/msg/detail/camera_trigger__struct.hpp\n'}
[2.339661] (px4_msgs) StdoutLine: {'line': b'-- Up-to-date symlink: /home/prathamkelkar/ros2_ws/install/px4_msgs/include/px4_msgs/px4_msgs/msg/detail/camera_trigger__traits.hpp\n'}
[2.339755] (px4_msgs) StdoutLine: {'line': b'-- Up-to-date symlink: /home/prathamkelkar/ros2_ws/install/px4_msgs/include/px4_msgs/px4_msgs/msg/detail/camera_trigger__type_support.hpp\n'}
[2.339835] (px4_msgs) StdoutLine: {'line': b'-- Up-to-date symlink: /home/prathamkelkar/ros2_ws/install/px4_msgs/include/px4_msgs/px4_msgs/msg/detail/can_interface_status__builder.hpp\n'}
[2.340110] (px4_msgs) StdoutLine: {'line': b'-- Up-to-date symlink: /home/prathamkelkar/ros2_ws/install/px4_msgs/include/px4_msgs/px4_msgs/msg/detail/can_interface_status__struct.hpp\n'}
[2.340191] (px4_msgs) StdoutLine: {'line': b'-- Up-to-date symlink: /home/prathamkelkar/ros2_ws/install/px4_msgs/include/px4_msgs/px4_msgs/msg/detail/can_interface_status__traits.hpp\n'}
[2.340272] (px4_msgs) StdoutLine: {'line': b'-- Up-to-date symlink: /home/prathamkelkar/ros2_ws/install/px4_msgs/include/px4_msgs/px4_msgs/msg/detail/can_interface_status__type_support.hpp\n'}
[2.340349] (px4_msgs) StdoutLine: {'line': b'-- Up-to-date symlink: /home/prathamkelkar/ros2_ws/install/px4_msgs/include/px4_msgs/px4_msgs/msg/detail/cellular_status__builder.hpp\n'}
[2.340421] (px4_msgs) StdoutLine: {'line': b'-- Up-to-date symlink: /home/prathamkelkar/ros2_ws/install/px4_msgs/include/px4_msgs/px4_msgs/msg/detail/cellular_status__struct.hpp\n'}
[2.340492] (px4_msgs) StdoutLine: {'line': b'-- Up-to-date symlink: /home/prathamkelkar/ros2_ws/install/px4_msgs/include/px4_msgs/px4_msgs/msg/detail/cellular_status__traits.hpp\n'}
[2.340565] (px4_msgs) StdoutLine: {'line': b'-- Up-to-date symlink: /home/prathamkelkar/ros2_ws/install/px4_msgs/include/px4_msgs/px4_msgs/msg/detail/cellular_status__type_support.hpp\n'}
[2.340635] (px4_msgs) StdoutLine: {'line': b'-- Up-to-date symlink: /home/prathamkelkar/ros2_ws/install/px4_msgs/include/px4_msgs/px4_msgs/msg/detail/collision_constraints__builder.hpp\n'}
[2.340712] (px4_msgs) StdoutLine: {'line': b'-- Up-to-date symlink: /home/prathamkelkar/ros2_ws/install/px4_msgs/include/px4_msgs/px4_msgs/msg/detail/collision_constraints__struct.hpp\n'}
[2.340780] (px4_msgs) StdoutLine: {'line': b'-- Up-to-date symlink: /home/prathamkelkar/ros2_ws/install/px4_msgs/include/px4_msgs/px4_msgs/msg/detail/collision_constraints__traits.hpp\n'}
[2.340846] (px4_msgs) StdoutLine: {'line': b'-- Up-to-date symlink: /home/prathamkelkar/ros2_ws/install/px4_msgs/include/px4_msgs/px4_msgs/msg/detail/collision_constraints__type_support.hpp\n'}
[2.340914] (px4_msgs) StdoutLine: {'line': b'-- Up-to-date symlink: /home/prathamkelkar/ros2_ws/install/px4_msgs/include/px4_msgs/px4_msgs/msg/detail/collision_report__builder.hpp\n'}
[2.340992] (px4_msgs) StdoutLine: {'line': b'-- Up-to-date symlink: /home/prathamkelkar/ros2_ws/install/px4_msgs/include/px4_msgs/px4_msgs/msg/detail/collision_report__struct.hpp\n'}
[2.341066] (simple_quadcopter_teleop) CommandEnded: {'returncode': 0}
[2.341415] (px4_msgs) StdoutLine: {'line': b'-- Up-to-date symlink: /home/prathamkelkar/ros2_ws/install/px4_msgs/include/px4_msgs/px4_msgs/msg/detail/collision_report__traits.hpp\n'}
[2.341523] (px4_msgs) StdoutLine: {'line': b'-- Up-to-date symlink: /home/prathamkelkar/ros2_ws/install/px4_msgs/include/px4_msgs/px4_msgs/msg/detail/collision_report__type_support.hpp\n'}
[2.341603] (px4_msgs) StdoutLine: {'line': b'-- Up-to-date symlink: /home/prathamkelkar/ros2_ws/install/px4_msgs/include/px4_msgs/px4_msgs/msg/detail/config_overrides__builder.hpp\n'}
[2.341685] (px4_msgs) StdoutLine: {'line': b'-- Up-to-date symlink: /home/prathamkelkar/ros2_ws/install/px4_msgs/include/px4_msgs/px4_msgs/msg/detail/config_overrides__struct.hpp\n'}
[2.341762] (px4_msgs) StdoutLine: {'line': b'-- Up-to-date symlink: /home/prathamkelkar/ros2_ws/install/px4_msgs/include/px4_msgs/px4_msgs/msg/detail/config_overrides__traits.hpp\n'}
[2.341839] (px4_msgs) StdoutLine: {'line': b'-- Up-to-date symlink: /home/prathamkelkar/ros2_ws/install/px4_msgs/include/px4_msgs/px4_msgs/msg/detail/config_overrides__type_support.hpp\n'}
[2.341909] (px4_msgs) StdoutLine: {'line': b'-- Up-to-date symlink: /home/prathamkelkar/ros2_ws/install/px4_msgs/include/px4_msgs/px4_msgs/msg/detail/control_allocator_status__builder.hpp\n'}
[2.341979] (px4_msgs) StdoutLine: {'line': b'-- Up-to-date symlink: /home/prathamkelkar/ros2_ws/install/px4_msgs/include/px4_msgs/px4_msgs/msg/detail/control_allocator_status__struct.hpp\n'}
[2.342050] (px4_msgs) StdoutLine: {'line': b'-- Up-to-date symlink: /home/prathamkelkar/ros2_ws/install/px4_msgs/include/px4_msgs/px4_msgs/msg/detail/control_allocator_status__traits.hpp\n'}
[2.342125] (px4_msgs) StdoutLine: {'line': b'-- Up-to-date symlink: /home/prathamkelkar/ros2_ws/install/px4_msgs/include/px4_msgs/px4_msgs/msg/detail/control_allocator_status__type_support.hpp\n'}
[2.342195] (px4_msgs) StdoutLine: {'line': b'-- Up-to-date symlink: /home/prathamkelkar/ros2_ws/install/px4_msgs/include/px4_msgs/px4_msgs/msg/detail/cpuload__builder.hpp\n'}
[2.342267] (px4_msgs) StdoutLine: {'line': b'-- Up-to-date symlink: /home/prathamkelkar/ros2_ws/install/px4_msgs/include/px4_msgs/px4_msgs/msg/detail/cpuload__struct.hpp\n'}
[2.342343] (px4_msgs) StdoutLine: {'line': b'-- Up-to-date symlink: /home/prathamkelkar/ros2_ws/install/px4_msgs/include/px4_msgs/px4_msgs/msg/detail/cpuload__traits.hpp\n'}
[2.342415] (px4_msgs) StdoutLine: {'line': b'-- Up-to-date symlink: /home/prathamkelkar/ros2_ws/install/px4_msgs/include/px4_msgs/px4_msgs/msg/detail/cpuload__type_support.hpp\n'}
[2.342491] (px4_msgs) StdoutLine: {'line': b'-- Up-to-date symlink: /home/prathamkelkar/ros2_ws/install/px4_msgs/include/px4_msgs/px4_msgs/msg/detail/dataman_request__builder.hpp\n'}
[2.342574] (px4_msgs) StdoutLine: {'line': b'-- Up-to-date symlink: /home/prathamkelkar/ros2_ws/install/px4_msgs/include/px4_msgs/px4_msgs/msg/detail/dataman_request__struct.hpp\n'}
[2.342659] (px4_msgs) StdoutLine: {'line': b'-- Up-to-date symlink: /home/prathamkelkar/ros2_ws/install/px4_msgs/include/px4_msgs/px4_msgs/msg/detail/dataman_request__traits.hpp\n'}
[2.342747] (px4_msgs) StdoutLine: {'line': b'-- Up-to-date symlink: /home/prathamkelkar/ros2_ws/install/px4_msgs/include/px4_msgs/px4_msgs/msg/detail/dataman_request__type_support.hpp\n'}
[2.342849] (px4_msgs) StdoutLine: {'line': b'-- Up-to-date symlink: /home/prathamkelkar/ros2_ws/install/px4_msgs/include/px4_msgs/px4_msgs/msg/detail/dataman_response__builder.hpp\n'}
[2.342926] (px4_msgs) StdoutLine: {'line': b'-- Up-to-date symlink: /home/prathamkelkar/ros2_ws/install/px4_msgs/include/px4_msgs/px4_msgs/msg/detail/dataman_response__struct.hpp\n'}
[2.343012] (px4_msgs) StdoutLine: {'line': b'-- Up-to-date symlink: /home/prathamkelkar/ros2_ws/install/px4_msgs/include/px4_msgs/px4_msgs/msg/detail/dataman_response__traits.hpp\n'}
[2.343094] (px4_msgs) StdoutLine: {'line': b'-- Up-to-date symlink: /home/prathamkelkar/ros2_ws/install/px4_msgs/include/px4_msgs/px4_msgs/msg/detail/dataman_response__type_support.hpp\n'}
[2.343175] (px4_msgs) StdoutLine: {'line': b'-- Up-to-date symlink: /home/prathamkelkar/ros2_ws/install/px4_msgs/include/px4_msgs/px4_msgs/msg/detail/debug_array__builder.hpp\n'}
[2.343261] (px4_msgs) StdoutLine: {'line': b'-- Up-to-date symlink: /home/prathamkelkar/ros2_ws/install/px4_msgs/include/px4_msgs/px4_msgs/msg/detail/debug_array__struct.hpp\n'}
[2.343339] (px4_msgs) StdoutLine: {'line': b'-- Up-to-date symlink: /home/prathamkelkar/ros2_ws/install/px4_msgs/include/px4_msgs/px4_msgs/msg/detail/debug_array__traits.hpp\n'}
[2.343413] (px4_msgs) StdoutLine: {'line': b'-- Up-to-date symlink: /home/prathamkelkar/ros2_ws/install/px4_msgs/include/px4_msgs/px4_msgs/msg/detail/debug_array__type_support.hpp\n'}
[2.343485] (px4_msgs) StdoutLine: {'line': b'-- Up-to-date symlink: /home/prathamkelkar/ros2_ws/install/px4_msgs/include/px4_msgs/px4_msgs/msg/detail/debug_key_value__builder.hpp\n'}
[2.343570] (px4_msgs) StdoutLine: {'line': b'-- Up-to-date symlink: /home/prathamkelkar/ros2_ws/install/px4_msgs/include/px4_msgs/px4_msgs/msg/detail/debug_key_value__struct.hpp\n'}
[2.343647] (px4_msgs) StdoutLine: {'line': b'-- Up-to-date symlink: /home/prathamkelkar/ros2_ws/install/px4_msgs/include/px4_msgs/px4_msgs/msg/detail/debug_key_value__traits.hpp\n'}
[2.343771] (px4_msgs) StdoutLine: {'line': b'-- Up-to-date symlink: /home/prathamkelkar/ros2_ws/install/px4_msgs/include/px4_msgs/px4_msgs/msg/detail/debug_key_value__type_support.hpp\n'}
[2.343855] (px4_msgs) StdoutLine: {'line': b'-- Up-to-date symlink: /home/prathamkelkar/ros2_ws/install/px4_msgs/include/px4_msgs/px4_msgs/msg/detail/debug_value__builder.hpp\n'}
[2.344290] (px4_msgs) StdoutLine: {'line': b'-- Up-to-date symlink: /home/prathamkelkar/ros2_ws/install/px4_msgs/include/px4_msgs/px4_msgs/msg/detail/debug_value__struct.hpp\n'}
[2.344443] (px4_msgs) StdoutLine: {'line': b'-- Up-to-date symlink: /home/prathamkelkar/ros2_ws/install/px4_msgs/include/px4_msgs/px4_msgs/msg/detail/debug_value__traits.hpp\n'}
[2.344541] (px4_msgs) StdoutLine: {'line': b'-- Up-to-date symlink: /home/prathamkelkar/ros2_ws/install/px4_msgs/include/px4_msgs/px4_msgs/msg/detail/debug_value__type_support.hpp\n'}
[2.344645] (px4_msgs) StdoutLine: {'line': b'-- Up-to-date symlink: /home/prathamkelkar/ros2_ws/install/px4_msgs/include/px4_msgs/px4_msgs/msg/detail/debug_vect__builder.hpp\n'}
[2.344740] (px4_msgs) StdoutLine: {'line': b'-- Up-to-date symlink: /home/prathamkelkar/ros2_ws/install/px4_msgs/include/px4_msgs/px4_msgs/msg/detail/debug_vect__struct.hpp\n'}
[2.344824] (px4_msgs) StdoutLine: {'line': b'-- Up-to-date symlink: /home/prathamkelkar/ros2_ws/install/px4_msgs/include/px4_msgs/px4_msgs/msg/detail/debug_vect__traits.hpp\n'}
[2.345002] (px4_msgs) StdoutLine: {'line': b'-- Up-to-date symlink: /home/prathamkelkar/ros2_ws/install/px4_msgs/include/px4_msgs/px4_msgs/msg/detail/debug_vect__type_support.hpp\n'}
[2.345092] (px4_msgs) StdoutLine: {'line': b'-- Up-to-date symlink: /home/prathamkelkar/ros2_ws/install/px4_msgs/include/px4_msgs/px4_msgs/msg/detail/differential_drive_setpoint__builder.hpp\n'}
[2.345177] (px4_msgs) StdoutLine: {'line': b'-- Up-to-date symlink: /home/prathamkelkar/ros2_ws/install/px4_msgs/include/px4_msgs/px4_msgs/msg/detail/differential_drive_setpoint__struct.hpp\n'}
[2.345330] (px4_msgs) StdoutLine: {'line': b'-- Up-to-date symlink: /home/prathamkelkar/ros2_ws/install/px4_msgs/include/px4_msgs/px4_msgs/msg/detail/differential_drive_setpoint__traits.hpp\n'}
[2.345453] (px4_msgs) StdoutLine: {'line': b'-- Up-to-date symlink: /home/prathamkelkar/ros2_ws/install/px4_msgs/include/px4_msgs/px4_msgs/msg/detail/differential_drive_setpoint__type_support.hpp\n'}
[2.345569] (px4_msgs) StdoutLine: {'line': b'-- Up-to-date symlink: /home/prathamkelkar/ros2_ws/install/px4_msgs/include/px4_msgs/px4_msgs/msg/detail/differential_pressure__builder.hpp\n'}
[2.345649] (px4_msgs) StdoutLine: {'line': b'-- Up-to-date symlink: /home/prathamkelkar/ros2_ws/install/px4_msgs/include/px4_msgs/px4_msgs/msg/detail/differential_pressure__struct.hpp\n'}
[2.345767] (px4_msgs) StdoutLine: {'line': b'-- Up-to-date symlink: /home/prathamkelkar/ros2_ws/install/px4_msgs/include/px4_msgs/px4_msgs/msg/detail/differential_pressure__traits.hpp\n'}
[2.345893] (px4_msgs) StdoutLine: {'line': b'-- Up-to-date symlink: /home/prathamkelkar/ros2_ws/install/px4_msgs/include/px4_msgs/px4_msgs/msg/detail/differential_pressure__type_support.hpp\n'}
[2.345980] (px4_msgs) StdoutLine: {'line': b'-- Up-to-date symlink: /home/prathamkelkar/ros2_ws/install/px4_msgs/include/px4_msgs/px4_msgs/msg/detail/distance_sensor__builder.hpp\n'}
[2.346095] (px4_msgs) StdoutLine: {'line': b'-- Up-to-date symlink: /home/prathamkelkar/ros2_ws/install/px4_msgs/include/px4_msgs/px4_msgs/msg/detail/distance_sensor__struct.hpp\n'}
[2.346184] (px4_msgs) StdoutLine: {'line': b'-- Up-to-date symlink: /home/prathamkelkar/ros2_ws/install/px4_msgs/include/px4_msgs/px4_msgs/msg/detail/distance_sensor__traits.hpp\n'}
[2.346267] (px4_msgs) StdoutLine: {'line': b'-- Up-to-date symlink: /home/prathamkelkar/ros2_ws/install/px4_msgs/include/px4_msgs/px4_msgs/msg/detail/distance_sensor__type_support.hpp\n'}
[2.346381] (px4_msgs) StdoutLine: {'line': b'-- Up-to-date symlink: /home/prathamkelkar/ros2_ws/install/px4_msgs/include/px4_msgs/px4_msgs/msg/detail/ekf2_timestamps__builder.hpp\n'}
[2.346474] (px4_msgs) StdoutLine: {'line': b'-- Up-to-date symlink: /home/prathamkelkar/ros2_ws/install/px4_msgs/include/px4_msgs/px4_msgs/msg/detail/ekf2_timestamps__struct.hpp\n'}
[2.346572] (px4_msgs) StdoutLine: {'line': b'-- Up-to-date symlink: /home/prathamkelkar/ros2_ws/install/px4_msgs/include/px4_msgs/px4_msgs/msg/detail/ekf2_timestamps__traits.hpp\n'}
[2.346655] (px4_msgs) StdoutLine: {'line': b'-- Up-to-date symlink: /home/prathamkelkar/ros2_ws/install/px4_msgs/include/px4_msgs/px4_msgs/msg/detail/ekf2_timestamps__type_support.hpp\n'}
[2.346750] (px4_msgs) StdoutLine: {'line': b'-- Up-to-date symlink: /home/prathamkelkar/ros2_ws/install/px4_msgs/include/px4_msgs/px4_msgs/msg/detail/esc_report__builder.hpp\n'}
[2.346842] (px4_msgs) StdoutLine: {'line': b'-- Up-to-date symlink: /home/prathamkelkar/ros2_ws/install/px4_msgs/include/px4_msgs/px4_msgs/msg/detail/esc_report__struct.hpp\n'}
[2.346916] (px4_msgs) StdoutLine: {'line': b'-- Up-to-date symlink: /home/prathamkelkar/ros2_ws/install/px4_msgs/include/px4_msgs/px4_msgs/msg/detail/esc_report__traits.hpp\n'}
[2.347003] (px4_msgs) StdoutLine: {'line': b'-- Up-to-date symlink: /home/prathamkelkar/ros2_ws/install/px4_msgs/include/px4_msgs/px4_msgs/msg/detail/esc_report__type_support.hpp\n'}
[2.347247] (px4_msgs) StdoutLine: {'line': b'-- Up-to-date symlink: /home/prathamkelkar/ros2_ws/install/px4_msgs/include/px4_msgs/px4_msgs/msg/detail/esc_status__builder.hpp\n'}
[2.347336] (px4_msgs) StdoutLine: {'line': b'-- Up-to-date symlink: /home/prathamkelkar/ros2_ws/install/px4_msgs/include/px4_msgs/px4_msgs/msg/detail/esc_status__struct.hpp\n'}
[2.347412] (px4_msgs) StdoutLine: {'line': b'-- Up-to-date symlink: /home/prathamkelkar/ros2_ws/install/px4_msgs/include/px4_msgs/px4_msgs/msg/detail/esc_status__traits.hpp\n'}
[2.347485] (px4_msgs) StdoutLine: {'line': b'-- Up-to-date symlink: /home/prathamkelkar/ros2_ws/install/px4_msgs/include/px4_msgs/px4_msgs/msg/detail/esc_status__type_support.hpp\n'}
[2.347570] (px4_msgs) StdoutLine: {'line': b'-- Up-to-date symlink: /home/prathamkelkar/ros2_ws/install/px4_msgs/include/px4_msgs/px4_msgs/msg/detail/estimator_aid_source1d__builder.hpp\n'}
[2.347653] (px4_msgs) StdoutLine: {'line': b'-- Up-to-date symlink: /home/prathamkelkar/ros2_ws/install/px4_msgs/include/px4_msgs/px4_msgs/msg/detail/estimator_aid_source1d__struct.hpp\n'}
[2.347736] (px4_msgs) StdoutLine: {'line': b'-- Up-to-date symlink: /home/prathamkelkar/ros2_ws/install/px4_msgs/include/px4_msgs/px4_msgs/msg/detail/estimator_aid_source1d__traits.hpp\n'}
[2.347909] (px4_msgs) StdoutLine: {'line': b'-- Up-to-date symlink: /home/prathamkelkar/ros2_ws/install/px4_msgs/include/px4_msgs/px4_msgs/msg/detail/estimator_aid_source1d__type_support.hpp\n'}
[2.347996] (px4_msgs) StdoutLine: {'line': b'-- Up-to-date symlink: /home/prathamkelkar/ros2_ws/install/px4_msgs/include/px4_msgs/px4_msgs/msg/detail/estimator_aid_source2d__builder.hpp\n'}
[2.348803] (px4_msgs) StdoutLine: {'line': b'-- Up-to-date symlink: /home/prathamkelkar/ros2_ws/install/px4_msgs/include/px4_msgs/px4_msgs/msg/detail/estimator_aid_source2d__struct.hpp\n'}
[2.349156] (px4_msgs) StdoutLine: {'line': b'-- Up-to-date symlink: /home/prathamkelkar/ros2_ws/install/px4_msgs/include/px4_msgs/px4_msgs/msg/detail/estimator_aid_source2d__traits.hpp\n'}
[2.349604] (px4_msgs) StdoutLine: {'line': b'-- Up-to-date symlink: /home/prathamkelkar/ros2_ws/install/px4_msgs/include/px4_msgs/px4_msgs/msg/detail/estimator_aid_source2d__type_support.hpp\n'}
[2.349861] (px4_msgs) StdoutLine: {'line': b'-- Up-to-date symlink: /home/prathamkelkar/ros2_ws/install/px4_msgs/include/px4_msgs/px4_msgs/msg/detail/estimator_aid_source3d__builder.hpp\n'}
[2.350111] (px4_msgs) StdoutLine: {'line': b'-- Up-to-date symlink: /home/prathamkelkar/ros2_ws/install/px4_msgs/include/px4_msgs/px4_msgs/msg/detail/estimator_aid_source3d__struct.hpp\n'}
[2.350371] (px4_msgs) StdoutLine: {'line': b'-- Up-to-date symlink: /home/prathamkelkar/ros2_ws/install/px4_msgs/include/px4_msgs/px4_msgs/msg/detail/estimator_aid_source3d__traits.hpp\n'}
[2.350627] (px4_msgs) StdoutLine: {'line': b'-- Up-to-date symlink: /home/prathamkelkar/ros2_ws/install/px4_msgs/include/px4_msgs/px4_msgs/msg/detail/estimator_aid_source3d__type_support.hpp\n'}
[2.350831] (px4_msgs) StdoutLine: {'line': b'-- Up-to-date symlink: /home/prathamkelkar/ros2_ws/install/px4_msgs/include/px4_msgs/px4_msgs/msg/detail/estimator_bias3d__builder.hpp\n'}
[2.351010] (px4_msgs) StdoutLine: {'line': b'-- Up-to-date symlink: /home/prathamkelkar/ros2_ws/install/px4_msgs/include/px4_msgs/px4_msgs/msg/detail/estimator_bias3d__struct.hpp\n'}
[2.351207] (px4_msgs) StdoutLine: {'line': b'-- Up-to-date symlink: /home/prathamkelkar/ros2_ws/install/px4_msgs/include/px4_msgs/px4_msgs/msg/detail/estimator_bias3d__traits.hpp\n'}
[2.351625] (px4_msgs) StdoutLine: {'line': b'-- Up-to-date symlink: /home/prathamkelkar/ros2_ws/install/px4_msgs/include/px4_msgs/px4_msgs/msg/detail/estimator_bias3d__type_support.hpp\n'}
[2.351853] (px4_msgs) StdoutLine: {'line': b'-- Up-to-date symlink: /home/prathamkelkar/ros2_ws/install/px4_msgs/include/px4_msgs/px4_msgs/msg/detail/estimator_bias__builder.hpp\n'}
[2.352646] (px4_msgs) StdoutLine: {'line': b'-- Up-to-date symlink: /home/prathamkelkar/ros2_ws/install/px4_msgs/include/px4_msgs/px4_msgs/msg/detail/estimator_bias__struct.hpp\n'}
[2.353125] (px4_msgs) StdoutLine: {'line': b'-- Up-to-date symlink: /home/prathamkelkar/ros2_ws/install/px4_msgs/include/px4_msgs/px4_msgs/msg/detail/estimator_bias__traits.hpp\n'}
[2.353647] (px4_msgs) StdoutLine: {'line': b'-- Up-to-date symlink: /home/prathamkelkar/ros2_ws/install/px4_msgs/include/px4_msgs/px4_msgs/msg/detail/estimator_bias__type_support.hpp\n'}
[2.354170] (px4_msgs) StdoutLine: {'line': b'-- Up-to-date symlink: /home/prathamkelkar/ros2_ws/install/px4_msgs/include/px4_msgs/px4_msgs/msg/detail/estimator_event_flags__builder.hpp\n'}
[2.354409] (px4_msgs) StdoutLine: {'line': b'-- Up-to-date symlink: /home/prathamkelkar/ros2_ws/install/px4_msgs/include/px4_msgs/px4_msgs/msg/detail/estimator_event_flags__struct.hpp\n'}
[2.354606] (px4_msgs) StdoutLine: {'line': b'-- Up-to-date symlink: /home/prathamkelkar/ros2_ws/install/px4_msgs/include/px4_msgs/px4_msgs/msg/detail/estimator_event_flags__traits.hpp\n'}
[2.354809] (px4_msgs) StdoutLine: {'line': b'-- Up-to-date symlink: /home/prathamkelkar/ros2_ws/install/px4_msgs/include/px4_msgs/px4_msgs/msg/detail/estimator_event_flags__type_support.hpp\n'}
[2.355001] (px4_msgs) StdoutLine: {'line': b'-- Up-to-date symlink: /home/prathamkelkar/ros2_ws/install/px4_msgs/include/px4_msgs/px4_msgs/msg/detail/estimator_gps_status__builder.hpp\n'}
[2.355403] (px4_msgs) StdoutLine: {'line': b'-- Up-to-date symlink: /home/prathamkelkar/ros2_ws/install/px4_msgs/include/px4_msgs/px4_msgs/msg/detail/estimator_gps_status__struct.hpp\n'}
[2.355651] (px4_msgs) StdoutLine: {'line': b'-- Up-to-date symlink: /home/prathamkelkar/ros2_ws/install/px4_msgs/include/px4_msgs/px4_msgs/msg/detail/estimator_gps_status__traits.hpp\n'}
[2.355912] (px4_msgs) StdoutLine: {'line': b'-- Up-to-date symlink: /home/prathamkelkar/ros2_ws/install/px4_msgs/include/px4_msgs/px4_msgs/msg/detail/estimator_gps_status__type_support.hpp\n'}
[2.356116] (px4_msgs) StdoutLine: {'line': b'-- Up-to-date symlink: /home/prathamkelkar/ros2_ws/install/px4_msgs/include/px4_msgs/px4_msgs/msg/detail/estimator_innovations__builder.hpp\n'}
[2.356319] (px4_msgs) StdoutLine: {'line': b'-- Up-to-date symlink: /home/prathamkelkar/ros2_ws/install/px4_msgs/include/px4_msgs/px4_msgs/msg/detail/estimator_innovations__struct.hpp\n'}
[2.356504] (px4_msgs) StdoutLine: {'line': b'-- Up-to-date symlink: /home/prathamkelkar/ros2_ws/install/px4_msgs/include/px4_msgs/px4_msgs/msg/detail/estimator_innovations__traits.hpp\n'}
[2.356669] (px4_msgs) StdoutLine: {'line': b'-- Up-to-date symlink: /home/prathamkelkar/ros2_ws/install/px4_msgs/include/px4_msgs/px4_msgs/msg/detail/estimator_innovations__type_support.hpp\n'}
[2.356871] (px4_msgs) StdoutLine: {'line': b'-- Up-to-date symlink: /home/prathamkelkar/ros2_ws/install/px4_msgs/include/px4_msgs/px4_msgs/msg/detail/estimator_selector_status__builder.hpp\n'}
[2.357068] (px4_msgs) StdoutLine: {'line': b'-- Up-to-date symlink: /home/prathamkelkar/ros2_ws/install/px4_msgs/include/px4_msgs/px4_msgs/msg/detail/estimator_selector_status__struct.hpp\n'}
[2.357301] (px4_msgs) StdoutLine: {'line': b'-- Up-to-date symlink: /home/prathamkelkar/ros2_ws/install/px4_msgs/include/px4_msgs/px4_msgs/msg/detail/estimator_selector_status__traits.hpp\n'}
[2.357555] (px4_msgs) StdoutLine: {'line': b'-- Up-to-date symlink: /home/prathamkelkar/ros2_ws/install/px4_msgs/include/px4_msgs/px4_msgs/msg/detail/estimator_selector_status__type_support.hpp\n'}
[2.357803] (px4_msgs) StdoutLine: {'line': b'-- Up-to-date symlink: /home/prathamkelkar/ros2_ws/install/px4_msgs/include/px4_msgs/px4_msgs/msg/detail/estimator_sensor_bias__builder.hpp\n'}
[2.358008] (px4_msgs) StdoutLine: {'line': b'-- Up-to-date symlink: /home/prathamkelkar/ros2_ws/install/px4_msgs/include/px4_msgs/px4_msgs/msg/detail/estimator_sensor_bias__struct.hpp\n'}
[2.358233] (px4_msgs) StdoutLine: {'line': b'-- Up-to-date symlink: /home/prathamkelkar/ros2_ws/install/px4_msgs/include/px4_msgs/px4_msgs/msg/detail/estimator_sensor_bias__traits.hpp\n'}
[2.358515] (px4_msgs) StdoutLine: {'line': b'-- Up-to-date symlink: /home/prathamkelkar/ros2_ws/install/px4_msgs/include/px4_msgs/px4_msgs/msg/detail/estimator_sensor_bias__type_support.hpp\n'}
[2.358748] (px4_msgs) StdoutLine: {'line': b'-- Up-to-date symlink: /home/prathamkelkar/ros2_ws/install/px4_msgs/include/px4_msgs/px4_msgs/msg/detail/estimator_states__builder.hpp\n'}
[2.358919] (px4_msgs) StdoutLine: {'line': b'-- Up-to-date symlink: /home/prathamkelkar/ros2_ws/install/px4_msgs/include/px4_msgs/px4_msgs/msg/detail/estimator_states__struct.hpp\n'}
[2.359081] (px4_msgs) StdoutLine: {'line': b'-- Up-to-date symlink: /home/prathamkelkar/ros2_ws/install/px4_msgs/include/px4_msgs/px4_msgs/msg/detail/estimator_states__traits.hpp\n'}
[2.359246] (px4_msgs) StdoutLine: {'line': b'-- Up-to-date symlink: /home/prathamkelkar/ros2_ws/install/px4_msgs/include/px4_msgs/px4_msgs/msg/detail/estimator_states__type_support.hpp\n'}
[2.359488] (px4_msgs) StdoutLine: {'line': b'-- Up-to-date symlink: /home/prathamkelkar/ros2_ws/install/px4_msgs/include/px4_msgs/px4_msgs/msg/detail/estimator_status__builder.hpp\n'}
[2.359742] (px4_msgs) StdoutLine: {'line': b'-- Up-to-date symlink: /home/prathamkelkar/ros2_ws/install/px4_msgs/include/px4_msgs/px4_msgs/msg/detail/estimator_status__struct.hpp\n'}
[2.359906] (px4_msgs) StdoutLine: {'line': b'-- Up-to-date symlink: /home/prathamkelkar/ros2_ws/install/px4_msgs/include/px4_msgs/px4_msgs/msg/detail/estimator_status__traits.hpp\n'}
[2.360056] (px4_msgs) StdoutLine: {'line': b'-- Up-to-date symlink: /home/prathamkelkar/ros2_ws/install/px4_msgs/include/px4_msgs/px4_msgs/msg/detail/estimator_status__type_support.hpp\n'}
[2.360451] (px4_msgs) StdoutLine: {'line': b'-- Up-to-date symlink: /home/prathamkelkar/ros2_ws/install/px4_msgs/include/px4_msgs/px4_msgs/msg/detail/estimator_status_flags__builder.hpp\n'}
[2.360780] (px4_msgs) StdoutLine: {'line': b'-- Up-to-date symlink: /home/prathamkelkar/ros2_ws/install/px4_msgs/include/px4_msgs/px4_msgs/msg/detail/estimator_status_flags__struct.hpp\n'}
[2.360992] (px4_msgs) StdoutLine: {'line': b'-- Up-to-date symlink: /home/prathamkelkar/ros2_ws/install/px4_msgs/include/px4_msgs/px4_msgs/msg/detail/estimator_status_flags__traits.hpp\n'}
[2.361196] (px4_msgs) StdoutLine: {'line': b'-- Up-to-date symlink: /home/prathamkelkar/ros2_ws/install/px4_msgs/include/px4_msgs/px4_msgs/msg/detail/estimator_status_flags__type_support.hpp\n'}
[2.361406] (px4_msgs) StdoutLine: {'line': b'-- Up-to-date symlink: /home/prathamkelkar/ros2_ws/install/px4_msgs/include/px4_msgs/px4_msgs/msg/detail/event__builder.hpp\n'}
[2.361763] (px4_msgs) StdoutLine: {'line': b'-- Up-to-date symlink: /home/prathamkelkar/ros2_ws/install/px4_msgs/include/px4_msgs/px4_msgs/msg/detail/event__struct.hpp\n'}
[2.361909] (px4_msgs) StdoutLine: {'line': b'-- Up-to-date symlink: /home/prathamkelkar/ros2_ws/install/px4_msgs/include/px4_msgs/px4_msgs/msg/detail/event__traits.hpp\n'}
[2.362052] (px4_msgs) StdoutLine: {'line': b'-- Up-to-date symlink: /home/prathamkelkar/ros2_ws/install/px4_msgs/include/px4_msgs/px4_msgs/msg/detail/event__type_support.hpp\n'}
[2.362201] (px4_msgs) StdoutLine: {'line': b'-- Up-to-date symlink: /home/prathamkelkar/ros2_ws/install/px4_msgs/include/px4_msgs/px4_msgs/msg/detail/failsafe_flags__builder.hpp\n'}
[2.362494] (px4_msgs) StdoutLine: {'line': b'-- Up-to-date symlink: /home/prathamkelkar/ros2_ws/install/px4_msgs/include/px4_msgs/px4_msgs/msg/detail/failsafe_flags__struct.hpp\n'}
[2.362877] (px4_msgs) StdoutLine: {'line': b'-- Up-to-date symlink: /home/prathamkelkar/ros2_ws/install/px4_msgs/include/px4_msgs/px4_msgs/msg/detail/failsafe_flags__traits.hpp\n'}
[2.363027] (px4_msgs) StdoutLine: {'line': b'-- Up-to-date symlink: /home/prathamkelkar/ros2_ws/install/px4_msgs/include/px4_msgs/px4_msgs/msg/detail/failsafe_flags__type_support.hpp\n'}
[2.363229] (px4_msgs) StdoutLine: {'line': b'-- Up-to-date symlink: /home/prathamkelkar/ros2_ws/install/px4_msgs/include/px4_msgs/px4_msgs/msg/detail/failure_detector_status__builder.hpp\n'}
[2.363351] (px4_msgs) StdoutLine: {'line': b'-- Up-to-date symlink: /home/prathamkelkar/ros2_ws/install/px4_msgs/include/px4_msgs/px4_msgs/msg/detail/failure_detector_status__struct.hpp\n'}
[2.363450] (px4_msgs) StdoutLine: {'line': b'-- Up-to-date symlink: /home/prathamkelkar/ros2_ws/install/px4_msgs/include/px4_msgs/px4_msgs/msg/detail/failure_detector_status__traits.hpp\n'}
[2.363605] (px4_msgs) StdoutLine: {'line': b'-- Up-to-date symlink: /home/prathamkelkar/ros2_ws/install/px4_msgs/include/px4_msgs/px4_msgs/msg/detail/failure_detector_status__type_support.hpp\n'}
[2.363713] (px4_msgs) StdoutLine: {'line': b'-- Up-to-date symlink: /home/prathamkelkar/ros2_ws/install/px4_msgs/include/px4_msgs/px4_msgs/msg/detail/figure_eight_status__builder.hpp\n'}
[2.363805] (px4_msgs) StdoutLine: {'line': b'-- Up-to-date symlink: /home/prathamkelkar/ros2_ws/install/px4_msgs/include/px4_msgs/px4_msgs/msg/detail/figure_eight_status__struct.hpp\n'}
[2.363917] (px4_msgs) StdoutLine: {'line': b'-- Up-to-date symlink: /home/prathamkelkar/ros2_ws/install/px4_msgs/include/px4_msgs/px4_msgs/msg/detail/figure_eight_status__traits.hpp\n'}
[2.364010] (px4_msgs) StdoutLine: {'line': b'-- Up-to-date symlink: /home/prathamkelkar/ros2_ws/install/px4_msgs/include/px4_msgs/px4_msgs/msg/detail/figure_eight_status__type_support.hpp\n'}
[2.364101] (px4_msgs) StdoutLine: {'line': b'-- Up-to-date symlink: /home/prathamkelkar/ros2_ws/install/px4_msgs/include/px4_msgs/px4_msgs/msg/detail/flight_phase_estimation__builder.hpp\n'}
[2.364193] (px4_msgs) StdoutLine: {'line': b'-- Up-to-date symlink: /home/prathamkelkar/ros2_ws/install/px4_msgs/include/px4_msgs/px4_msgs/msg/detail/flight_phase_estimation__struct.hpp\n'}
[2.364423] (px4_msgs) StdoutLine: {'line': b'-- Up-to-date symlink: /home/prathamkelkar/ros2_ws/install/px4_msgs/include/px4_msgs/px4_msgs/msg/detail/flight_phase_estimation__traits.hpp\n'}
[2.364537] (px4_msgs) StdoutLine: {'line': b'-- Up-to-date symlink: /home/prathamkelkar/ros2_ws/install/px4_msgs/include/px4_msgs/px4_msgs/msg/detail/flight_phase_estimation__type_support.hpp\n'}
[2.364649] (px4_msgs) StdoutLine: {'line': b'-- Up-to-date symlink: /home/prathamkelkar/ros2_ws/install/px4_msgs/include/px4_msgs/px4_msgs/msg/detail/follow_target__builder.hpp\n'}
[2.364775] (px4_msgs) StdoutLine: {'line': b'-- Up-to-date symlink: /home/prathamkelkar/ros2_ws/install/px4_msgs/include/px4_msgs/px4_msgs/msg/detail/follow_target__struct.hpp\n'}
[2.364886] (px4_msgs) StdoutLine: {'line': b'-- Up-to-date symlink: /home/prathamkelkar/ros2_ws/install/px4_msgs/include/px4_msgs/px4_msgs/msg/detail/follow_target__traits.hpp\n'}
[2.364995] (px4_msgs) StdoutLine: {'line': b'-- Up-to-date symlink: /home/prathamkelkar/ros2_ws/install/px4_msgs/include/px4_msgs/px4_msgs/msg/detail/follow_target__type_support.hpp\n'}
[2.365103] (px4_msgs) StdoutLine: {'line': b'-- Up-to-date symlink: /home/prathamkelkar/ros2_ws/install/px4_msgs/include/px4_msgs/px4_msgs/msg/detail/follow_target_estimator__builder.hpp\n'}
[2.365300] (px4_msgs) StdoutLine: {'line': b'-- Up-to-date symlink: /home/prathamkelkar/ros2_ws/install/px4_msgs/include/px4_msgs/px4_msgs/msg/detail/follow_target_estimator__struct.hpp\n'}
[2.365466] (px4_msgs) StdoutLine: {'line': b'-- Up-to-date symlink: /home/prathamkelkar/ros2_ws/install/px4_msgs/include/px4_msgs/px4_msgs/msg/detail/follow_target_estimator__traits.hpp\n'}
[2.365598] (px4_msgs) StdoutLine: {'line': b'-- Up-to-date symlink: /home/prathamkelkar/ros2_ws/install/px4_msgs/include/px4_msgs/px4_msgs/msg/detail/follow_target_estimator__type_support.hpp\n'}
[2.365735] (px4_msgs) StdoutLine: {'line': b'-- Up-to-date symlink: /home/prathamkelkar/ros2_ws/install/px4_msgs/include/px4_msgs/px4_msgs/msg/detail/follow_target_status__builder.hpp\n'}
[2.365858] (px4_msgs) StdoutLine: {'line': b'-- Up-to-date symlink: /home/prathamkelkar/ros2_ws/install/px4_msgs/include/px4_msgs/px4_msgs/msg/detail/follow_target_status__struct.hpp\n'}
[2.365994] (px4_msgs) StdoutLine: {'line': b'-- Up-to-date symlink: /home/prathamkelkar/ros2_ws/install/px4_msgs/include/px4_msgs/px4_msgs/msg/detail/follow_target_status__traits.hpp\n'}
[2.366106] (px4_msgs) StdoutLine: {'line': b'-- Up-to-date symlink: /home/prathamkelkar/ros2_ws/install/px4_msgs/include/px4_msgs/px4_msgs/msg/detail/follow_target_status__type_support.hpp\n'}
[2.366232] (px4_msgs) StdoutLine: {'line': b'-- Up-to-date symlink: /home/prathamkelkar/ros2_ws/install/px4_msgs/include/px4_msgs/px4_msgs/msg/detail/generator_status__builder.hpp\n'}
[2.366355] (px4_msgs) StdoutLine: {'line': b'-- Up-to-date symlink: /home/prathamkelkar/ros2_ws/install/px4_msgs/include/px4_msgs/px4_msgs/msg/detail/generator_status__struct.hpp\n'}
[2.366486] (px4_msgs) StdoutLine: {'line': b'-- Up-to-date symlink: /home/prathamkelkar/ros2_ws/install/px4_msgs/include/px4_msgs/px4_msgs/msg/detail/generator_status__traits.hpp\n'}
[2.366601] (px4_msgs) StdoutLine: {'line': b'-- Up-to-date symlink: /home/prathamkelkar/ros2_ws/install/px4_msgs/include/px4_msgs/px4_msgs/msg/detail/generator_status__type_support.hpp\n'}
[2.366794] (px4_msgs) StdoutLine: {'line': b'-- Up-to-date symlink: /home/prathamkelkar/ros2_ws/install/px4_msgs/include/px4_msgs/px4_msgs/msg/detail/geofence_result__builder.hpp\n'}
[2.366911] (px4_msgs) StdoutLine: {'line': b'-- Up-to-date symlink: /home/prathamkelkar/ros2_ws/install/px4_msgs/include/px4_msgs/px4_msgs/msg/detail/geofence_result__struct.hpp\n'}
[2.367040] (px4_msgs) StdoutLine: {'line': b'-- Up-to-date symlink: /home/prathamkelkar/ros2_ws/install/px4_msgs/include/px4_msgs/px4_msgs/msg/detail/geofence_result__traits.hpp\n'}
[2.367179] (px4_msgs) StdoutLine: {'line': b'-- Up-to-date symlink: /home/prathamkelkar/ros2_ws/install/px4_msgs/include/px4_msgs/px4_msgs/msg/detail/geofence_result__type_support.hpp\n'}
[2.367401] (px4_msgs) StdoutLine: {'line': b'-- Up-to-date symlink: /home/prathamkelkar/ros2_ws/install/px4_msgs/include/px4_msgs/px4_msgs/msg/detail/geofence_status__builder.hpp\n'}
[2.367559] (px4_msgs) StdoutLine: {'line': b'-- Up-to-date symlink: /home/prathamkelkar/ros2_ws/install/px4_msgs/include/px4_msgs/px4_msgs/msg/detail/geofence_status__struct.hpp\n'}
[2.367711] (px4_msgs) StdoutLine: {'line': b'-- Up-to-date symlink: /home/prathamkelkar/ros2_ws/install/px4_msgs/include/px4_msgs/px4_msgs/msg/detail/geofence_status__traits.hpp\n'}
[2.367820] (px4_msgs) StdoutLine: {'line': b'-- Up-to-date symlink: /home/prathamkelkar/ros2_ws/install/px4_msgs/include/px4_msgs/px4_msgs/msg/detail/geofence_status__type_support.hpp\n'}
[2.367928] (px4_msgs) StdoutLine: {'line': b'-- Up-to-date symlink: /home/prathamkelkar/ros2_ws/install/px4_msgs/include/px4_msgs/px4_msgs/msg/detail/gimbal_controls__builder.hpp\n'}
[2.368084] (px4_msgs) StdoutLine: {'line': b'-- Up-to-date symlink: /home/prathamkelkar/ros2_ws/install/px4_msgs/include/px4_msgs/px4_msgs/msg/detail/gimbal_controls__struct.hpp\n'}
[2.368181] (px4_msgs) StdoutLine: {'line': b'-- Up-to-date symlink: /home/prathamkelkar/ros2_ws/install/px4_msgs/include/px4_msgs/px4_msgs/msg/detail/gimbal_controls__traits.hpp\n'}
[2.368276] (px4_msgs) StdoutLine: {'line': b'-- Up-to-date symlink: /home/prathamkelkar/ros2_ws/install/px4_msgs/include/px4_msgs/px4_msgs/msg/detail/gimbal_controls__type_support.hpp\n'}
[2.368393] (px4_msgs) StdoutLine: {'line': b'-- Up-to-date symlink: /home/prathamkelkar/ros2_ws/install/px4_msgs/include/px4_msgs/px4_msgs/msg/detail/gimbal_device_attitude_status__builder.hpp\n'}
[2.368494] (px4_msgs) StdoutLine: {'line': b'-- Up-to-date symlink: /home/prathamkelkar/ros2_ws/install/px4_msgs/include/px4_msgs/px4_msgs/msg/detail/gimbal_device_attitude_status__struct.hpp\n'}
[2.368607] (px4_msgs) StdoutLine: {'line': b'-- Up-to-date symlink: /home/prathamkelkar/ros2_ws/install/px4_msgs/include/px4_msgs/px4_msgs/msg/detail/gimbal_device_attitude_status__traits.hpp\n'}
[2.368719] (px4_msgs) StdoutLine: {'line': b'-- Up-to-date symlink: /home/prathamkelkar/ros2_ws/install/px4_msgs/include/px4_msgs/px4_msgs/msg/detail/gimbal_device_attitude_status__type_support.hpp\n'}
[2.368815] (px4_msgs) StdoutLine: {'line': b'-- Up-to-date symlink: /home/prathamkelkar/ros2_ws/install/px4_msgs/include/px4_msgs/px4_msgs/msg/detail/gimbal_device_information__builder.hpp\n'}
[2.368905] (px4_msgs) StdoutLine: {'line': b'-- Up-to-date symlink: /home/prathamkelkar/ros2_ws/install/px4_msgs/include/px4_msgs/px4_msgs/msg/detail/gimbal_device_information__struct.hpp\n'}
[2.369087] (px4_msgs) StdoutLine: {'line': b'-- Up-to-date symlink: /home/prathamkelkar/ros2_ws/install/px4_msgs/include/px4_msgs/px4_msgs/msg/detail/gimbal_device_information__traits.hpp\n'}
[2.369178] (px4_msgs) StdoutLine: {'line': b'-- Up-to-date symlink: /home/prathamkelkar/ros2_ws/install/px4_msgs/include/px4_msgs/px4_msgs/msg/detail/gimbal_device_information__type_support.hpp\n'}
[2.369265] (px4_msgs) StdoutLine: {'line': b'-- Up-to-date symlink: /home/prathamkelkar/ros2_ws/install/px4_msgs/include/px4_msgs/px4_msgs/msg/detail/gimbal_device_set_attitude__builder.hpp\n'}
[2.369360] (px4_msgs) StdoutLine: {'line': b'-- Up-to-date symlink: /home/prathamkelkar/ros2_ws/install/px4_msgs/include/px4_msgs/px4_msgs/msg/detail/gimbal_device_set_attitude__struct.hpp\n'}
[2.369449] (px4_msgs) StdoutLine: {'line': b'-- Up-to-date symlink: /home/prathamkelkar/ros2_ws/install/px4_msgs/include/px4_msgs/px4_msgs/msg/detail/gimbal_device_set_attitude__traits.hpp\n'}
[2.369623] (px4_msgs) StdoutLine: {'line': b'-- Up-to-date symlink: /home/prathamkelkar/ros2_ws/install/px4_msgs/include/px4_msgs/px4_msgs/msg/detail/gimbal_device_set_attitude__type_support.hpp\n'}
[2.369795] (px4_msgs) StdoutLine: {'line': b'-- Up-to-date symlink: /home/prathamkelkar/ros2_ws/install/px4_msgs/include/px4_msgs/px4_msgs/msg/detail/gimbal_manager_information__builder.hpp\n'}
[2.369895] (px4_msgs) StdoutLine: {'line': b'-- Up-to-date symlink: /home/prathamkelkar/ros2_ws/install/px4_msgs/include/px4_msgs/px4_msgs/msg/detail/gimbal_manager_information__struct.hpp\n'}
[2.370084] (px4_msgs) StdoutLine: {'line': b'-- Up-to-date symlink: /home/prathamkelkar/ros2_ws/install/px4_msgs/include/px4_msgs/px4_msgs/msg/detail/gimbal_manager_information__traits.hpp\n'}
[2.370193] (px4_msgs) StdoutLine: {'line': b'-- Up-to-date symlink: /home/prathamkelkar/ros2_ws/install/px4_msgs/include/px4_msgs/px4_msgs/msg/detail/gimbal_manager_information__type_support.hpp\n'}
[2.370288] (px4_msgs) StdoutLine: {'line': b'-- Up-to-date symlink: /home/prathamkelkar/ros2_ws/install/px4_msgs/include/px4_msgs/px4_msgs/msg/detail/gimbal_manager_set_attitude__builder.hpp\n'}
[2.370454] (px4_msgs) StdoutLine: {'line': b'-- Up-to-date symlink: /home/prathamkelkar/ros2_ws/install/px4_msgs/include/px4_msgs/px4_msgs/msg/detail/gimbal_manager_set_attitude__struct.hpp\n'}
[2.370576] (px4_msgs) StdoutLine: {'line': b'-- Up-to-date symlink: /home/prathamkelkar/ros2_ws/install/px4_msgs/include/px4_msgs/px4_msgs/msg/detail/gimbal_manager_set_attitude__traits.hpp\n'}
[2.370672] (px4_msgs) StdoutLine: {'line': b'-- Up-to-date symlink: /home/prathamkelkar/ros2_ws/install/px4_msgs/include/px4_msgs/px4_msgs/msg/detail/gimbal_manager_set_attitude__type_support.hpp\n'}
[2.370806] (px4_msgs) StdoutLine: {'line': b'-- Up-to-date symlink: /home/prathamkelkar/ros2_ws/install/px4_msgs/include/px4_msgs/px4_msgs/msg/detail/gimbal_manager_set_manual_control__builder.hpp\n'}
[2.371045] (px4_msgs) StdoutLine: {'line': b'-- Up-to-date symlink: /home/prathamkelkar/ros2_ws/install/px4_msgs/include/px4_msgs/px4_msgs/msg/detail/gimbal_manager_set_manual_control__struct.hpp\n'}
[2.371167] (px4_msgs) StdoutLine: {'line': b'-- Up-to-date symlink: /home/prathamkelkar/ros2_ws/install/px4_msgs/include/px4_msgs/px4_msgs/msg/detail/gimbal_manager_set_manual_control__traits.hpp\n'}
[2.371273] (px4_msgs) StdoutLine: {'line': b'-- Up-to-date symlink: /home/prathamkelkar/ros2_ws/install/px4_msgs/include/px4_msgs/px4_msgs/msg/detail/gimbal_manager_set_manual_control__type_support.hpp\n'}
[2.371378] (px4_msgs) StdoutLine: {'line': b'-- Up-to-date symlink: /home/prathamkelkar/ros2_ws/install/px4_msgs/include/px4_msgs/px4_msgs/msg/detail/gimbal_manager_status__builder.hpp\n'}
[2.371574] (px4_msgs) StdoutLine: {'line': b'-- Up-to-date symlink: /home/prathamkelkar/ros2_ws/install/px4_msgs/include/px4_msgs/px4_msgs/msg/detail/gimbal_manager_status__struct.hpp\n'}
[2.371775] (px4_msgs) StdoutLine: {'line': b'-- Up-to-date symlink: /home/prathamkelkar/ros2_ws/install/px4_msgs/include/px4_msgs/px4_msgs/msg/detail/gimbal_manager_status__traits.hpp\n'}
[2.371904] (px4_msgs) StdoutLine: {'line': b'-- Up-to-date symlink: /home/prathamkelkar/ros2_ws/install/px4_msgs/include/px4_msgs/px4_msgs/msg/detail/gimbal_manager_status__type_support.hpp\n'}
[2.372019] (px4_msgs) StdoutLine: {'line': b'-- Up-to-date symlink: /home/prathamkelkar/ros2_ws/install/px4_msgs/include/px4_msgs/px4_msgs/msg/detail/goto_setpoint__builder.hpp\n'}
[2.372110] (px4_msgs) StdoutLine: {'line': b'-- Up-to-date symlink: /home/prathamkelkar/ros2_ws/install/px4_msgs/include/px4_msgs/px4_msgs/msg/detail/goto_setpoint__struct.hpp\n'}
[2.372218] (px4_msgs) StdoutLine: {'line': b'-- Up-to-date symlink: /home/prathamkelkar/ros2_ws/install/px4_msgs/include/px4_msgs/px4_msgs/msg/detail/goto_setpoint__traits.hpp\n'}
[2.372328] (px4_msgs) StdoutLine: {'line': b'-- Up-to-date symlink: /home/prathamkelkar/ros2_ws/install/px4_msgs/include/px4_msgs/px4_msgs/msg/detail/goto_setpoint__type_support.hpp\n'}
[2.372417] (px4_msgs) StdoutLine: {'line': b'-- Up-to-date symlink: /home/prathamkelkar/ros2_ws/install/px4_msgs/include/px4_msgs/px4_msgs/msg/detail/gpio_config__builder.hpp\n'}
[2.372528] (px4_msgs) StdoutLine: {'line': b'-- Up-to-date symlink: /home/prathamkelkar/ros2_ws/install/px4_msgs/include/px4_msgs/px4_msgs/msg/detail/gpio_config__struct.hpp\n'}
[2.372645] (px4_msgs) StdoutLine: {'line': b'-- Up-to-date symlink: /home/prathamkelkar/ros2_ws/install/px4_msgs/include/px4_msgs/px4_msgs/msg/detail/gpio_config__traits.hpp\n'}
[2.372761] (px4_msgs) StdoutLine: {'line': b'-- Up-to-date symlink: /home/prathamkelkar/ros2_ws/install/px4_msgs/include/px4_msgs/px4_msgs/msg/detail/gpio_config__type_support.hpp\n'}
[2.372858] (px4_msgs) StdoutLine: {'line': b'-- Up-to-date symlink: /home/prathamkelkar/ros2_ws/install/px4_msgs/include/px4_msgs/px4_msgs/msg/detail/gpio_in__builder.hpp\n'}
[2.372974] (px4_msgs) StdoutLine: {'line': b'-- Up-to-date symlink: /home/prathamkelkar/ros2_ws/install/px4_msgs/include/px4_msgs/px4_msgs/msg/detail/gpio_in__struct.hpp\n'}
[2.373089] (px4_msgs) StdoutLine: {'line': b'-- Up-to-date symlink: /home/prathamkelkar/ros2_ws/install/px4_msgs/include/px4_msgs/px4_msgs/msg/detail/gpio_in__traits.hpp\n'}
[2.373200] (px4_msgs) StdoutLine: {'line': b'-- Up-to-date symlink: /home/prathamkelkar/ros2_ws/install/px4_msgs/include/px4_msgs/px4_msgs/msg/detail/gpio_in__type_support.hpp\n'}
[2.373313] (px4_msgs) StdoutLine: {'line': b'-- Up-to-date symlink: /home/prathamkelkar/ros2_ws/install/px4_msgs/include/px4_msgs/px4_msgs/msg/detail/gpio_out__builder.hpp\n'}
[2.373424] (px4_msgs) StdoutLine: {'line': b'-- Up-to-date symlink: /home/prathamkelkar/ros2_ws/install/px4_msgs/include/px4_msgs/px4_msgs/msg/detail/gpio_out__struct.hpp\n'}
[2.373542] (px4_msgs) StdoutLine: {'line': b'-- Up-to-date symlink: /home/prathamkelkar/ros2_ws/install/px4_msgs/include/px4_msgs/px4_msgs/msg/detail/gpio_out__traits.hpp\n'}
[2.373753] (px4_msgs) StdoutLine: {'line': b'-- Up-to-date symlink: /home/prathamkelkar/ros2_ws/install/px4_msgs/include/px4_msgs/px4_msgs/msg/detail/gpio_out__type_support.hpp\n'}
[2.373897] (px4_msgs) StdoutLine: {'line': b'-- Up-to-date symlink: /home/prathamkelkar/ros2_ws/install/px4_msgs/include/px4_msgs/px4_msgs/msg/detail/gpio_request__builder.hpp\n'}
[2.374062] (px4_msgs) StdoutLine: {'line': b'-- Up-to-date symlink: /home/prathamkelkar/ros2_ws/install/px4_msgs/include/px4_msgs/px4_msgs/msg/detail/gpio_request__struct.hpp\n'}
[2.374197] (px4_msgs) StdoutLine: {'line': b'-- Up-to-date symlink: /home/prathamkelkar/ros2_ws/install/px4_msgs/include/px4_msgs/px4_msgs/msg/detail/gpio_request__traits.hpp\n'}
[2.374297] (px4_msgs) StdoutLine: {'line': b'-- Up-to-date symlink: /home/prathamkelkar/ros2_ws/install/px4_msgs/include/px4_msgs/px4_msgs/msg/detail/gpio_request__type_support.hpp\n'}
[2.374408] (px4_msgs) StdoutLine: {'line': b'-- Up-to-date symlink: /home/prathamkelkar/ros2_ws/install/px4_msgs/include/px4_msgs/px4_msgs/msg/detail/gps_dump__builder.hpp\n'}
[2.374507] (px4_msgs) StdoutLine: {'line': b'-- Up-to-date symlink: /home/prathamkelkar/ros2_ws/install/px4_msgs/include/px4_msgs/px4_msgs/msg/detail/gps_dump__struct.hpp\n'}
[2.374759] (px4_msgs) StdoutLine: {'line': b'-- Up-to-date symlink: /home/prathamkelkar/ros2_ws/install/px4_msgs/include/px4_msgs/px4_msgs/msg/detail/gps_dump__traits.hpp\n'}
[2.375266] (px4_msgs) StdoutLine: {'line': b'-- Up-to-date symlink: /home/prathamkelkar/ros2_ws/install/px4_msgs/include/px4_msgs/px4_msgs/msg/detail/gps_dump__type_support.hpp\n'}
[2.375412] (px4_msgs) StdoutLine: {'line': b'-- Up-to-date symlink: /home/prathamkelkar/ros2_ws/install/px4_msgs/include/px4_msgs/px4_msgs/msg/detail/gps_inject_data__builder.hpp\n'}
[2.375535] (px4_msgs) StdoutLine: {'line': b'-- Up-to-date symlink: /home/prathamkelkar/ros2_ws/install/px4_msgs/include/px4_msgs/px4_msgs/msg/detail/gps_inject_data__struct.hpp\n'}
[2.375646] (px4_msgs) StdoutLine: {'line': b'-- Up-to-date symlink: /home/prathamkelkar/ros2_ws/install/px4_msgs/include/px4_msgs/px4_msgs/msg/detail/gps_inject_data__traits.hpp\n'}
[2.375770] (px4_msgs) StdoutLine: {'line': b'-- Up-to-date symlink: /home/prathamkelkar/ros2_ws/install/px4_msgs/include/px4_msgs/px4_msgs/msg/detail/gps_inject_data__type_support.hpp\n'}
[2.375890] (px4_msgs) StdoutLine: {'line': b'-- Up-to-date symlink: /home/prathamkelkar/ros2_ws/install/px4_msgs/include/px4_msgs/px4_msgs/msg/detail/gripper__builder.hpp\n'}
[2.375997] (px4_msgs) StdoutLine: {'line': b'-- Up-to-date symlink: /home/prathamkelkar/ros2_ws/install/px4_msgs/include/px4_msgs/px4_msgs/msg/detail/gripper__struct.hpp\n'}
[2.376110] (px4_msgs) StdoutLine: {'line': b'-- Up-to-date symlink: /home/prathamkelkar/ros2_ws/install/px4_msgs/include/px4_msgs/px4_msgs/msg/detail/gripper__traits.hpp\n'}
[2.376199] (px4_msgs) StdoutLine: {'line': b'-- Up-to-date symlink: /home/prathamkelkar/ros2_ws/install/px4_msgs/include/px4_msgs/px4_msgs/msg/detail/gripper__type_support.hpp\n'}
[2.376439] (px4_msgs) StdoutLine: {'line': b'-- Up-to-date symlink: /home/prathamkelkar/ros2_ws/install/px4_msgs/include/px4_msgs/px4_msgs/msg/detail/health_report__builder.hpp\n'}
[2.376549] (px4_msgs) StdoutLine: {'line': b'-- Up-to-date symlink: /home/prathamkelkar/ros2_ws/install/px4_msgs/include/px4_msgs/px4_msgs/msg/detail/health_report__struct.hpp\n'}
[2.376661] (px4_msgs) StdoutLine: {'line': b'-- Up-to-date symlink: /home/prathamkelkar/ros2_ws/install/px4_msgs/include/px4_msgs/px4_msgs/msg/detail/health_report__traits.hpp\n'}
[2.376750] (px4_msgs) StdoutLine: {'line': b'-- Up-to-date symlink: /home/prathamkelkar/ros2_ws/install/px4_msgs/include/px4_msgs/px4_msgs/msg/detail/health_report__type_support.hpp\n'}
[2.376831] (px4_msgs) StdoutLine: {'line': b'-- Up-to-date symlink: /home/prathamkelkar/ros2_ws/install/px4_msgs/include/px4_msgs/px4_msgs/msg/detail/heater_status__builder.hpp\n'}
[2.376915] (px4_msgs) StdoutLine: {'line': b'-- Up-to-date symlink: /home/prathamkelkar/ros2_ws/install/px4_msgs/include/px4_msgs/px4_msgs/msg/detail/heater_status__struct.hpp\n'}
[2.377026] (px4_msgs) StdoutLine: {'line': b'-- Up-to-date symlink: /home/prathamkelkar/ros2_ws/install/px4_msgs/include/px4_msgs/px4_msgs/msg/detail/heater_status__traits.hpp\n'}
[2.377122] (px4_msgs) StdoutLine: {'line': b'-- Up-to-date symlink: /home/prathamkelkar/ros2_ws/install/px4_msgs/include/px4_msgs/px4_msgs/msg/detail/heater_status__type_support.hpp\n'}
[2.377208] (px4_msgs) StdoutLine: {'line': b'-- Up-to-date symlink: /home/prathamkelkar/ros2_ws/install/px4_msgs/include/px4_msgs/px4_msgs/msg/detail/home_position__builder.hpp\n'}
[2.377285] (px4_msgs) StdoutLine: {'line': b'-- Up-to-date symlink: /home/prathamkelkar/ros2_ws/install/px4_msgs/include/px4_msgs/px4_msgs/msg/detail/home_position__struct.hpp\n'}
[2.377431] (px4_msgs) StdoutLine: {'line': b'-- Up-to-date symlink: /home/prathamkelkar/ros2_ws/install/px4_msgs/include/px4_msgs/px4_msgs/msg/detail/home_position__traits.hpp\n'}
[2.377515] (px4_msgs) StdoutLine: {'line': b'-- Up-to-date symlink: /home/prathamkelkar/ros2_ws/install/px4_msgs/include/px4_msgs/px4_msgs/msg/detail/home_position__type_support.hpp\n'}
[2.377630] (px4_msgs) StdoutLine: {'line': b'-- Up-to-date symlink: /home/prathamkelkar/ros2_ws/install/px4_msgs/include/px4_msgs/px4_msgs/msg/detail/hover_thrust_estimate__builder.hpp\n'}
[2.377735] (px4_msgs) StdoutLine: {'line': b'-- Up-to-date symlink: /home/prathamkelkar/ros2_ws/install/px4_msgs/include/px4_msgs/px4_msgs/msg/detail/hover_thrust_estimate__struct.hpp\n'}
[2.377813] (px4_msgs) StdoutLine: {'line': b'-- Up-to-date symlink: /home/prathamkelkar/ros2_ws/install/px4_msgs/include/px4_msgs/px4_msgs/msg/detail/hover_thrust_estimate__traits.hpp\n'}
[2.377898] (px4_msgs) StdoutLine: {'line': b'-- Up-to-date symlink: /home/prathamkelkar/ros2_ws/install/px4_msgs/include/px4_msgs/px4_msgs/msg/detail/hover_thrust_estimate__type_support.hpp\n'}
[2.377986] (px4_msgs) StdoutLine: {'line': b'-- Up-to-date symlink: /home/prathamkelkar/ros2_ws/install/px4_msgs/include/px4_msgs/px4_msgs/msg/detail/input_rc__builder.hpp\n'}
[2.378068] (px4_msgs) StdoutLine: {'line': b'-- Up-to-date symlink: /home/prathamkelkar/ros2_ws/install/px4_msgs/include/px4_msgs/px4_msgs/msg/detail/input_rc__struct.hpp\n'}
[2.378156] (px4_msgs) StdoutLine: {'line': b'-- Up-to-date symlink: /home/prathamkelkar/ros2_ws/install/px4_msgs/include/px4_msgs/px4_msgs/msg/detail/input_rc__traits.hpp\n'}
[2.378237] (px4_msgs) StdoutLine: {'line': b'-- Up-to-date symlink: /home/prathamkelkar/ros2_ws/install/px4_msgs/include/px4_msgs/px4_msgs/msg/detail/input_rc__type_support.hpp\n'}
[2.378355] (px4_msgs) StdoutLine: {'line': b'-- Up-to-date symlink: /home/prathamkelkar/ros2_ws/install/px4_msgs/include/px4_msgs/px4_msgs/msg/detail/internal_combustion_engine_status__builder.hpp\n'}
[2.378434] (px4_msgs) StdoutLine: {'line': b'-- Up-to-date symlink: /home/prathamkelkar/ros2_ws/install/px4_msgs/include/px4_msgs/px4_msgs/msg/detail/internal_combustion_engine_status__struct.hpp\n'}
[2.378521] (px4_msgs) StdoutLine: {'line': b'-- Up-to-date symlink: /home/prathamkelkar/ros2_ws/install/px4_msgs/include/px4_msgs/px4_msgs/msg/detail/internal_combustion_engine_status__traits.hpp\n'}
[2.378603] (px4_msgs) StdoutLine: {'line': b'-- Up-to-date symlink: /home/prathamkelkar/ros2_ws/install/px4_msgs/include/px4_msgs/px4_msgs/msg/detail/internal_combustion_engine_status__type_support.hpp\n'}
[2.378690] (px4_msgs) StdoutLine: {'line': b'-- Up-to-date symlink: /home/prathamkelkar/ros2_ws/install/px4_msgs/include/px4_msgs/px4_msgs/msg/detail/iridiumsbd_status__builder.hpp\n'}
[2.378772] (px4_msgs) StdoutLine: {'line': b'-- Up-to-date symlink: /home/prathamkelkar/ros2_ws/install/px4_msgs/include/px4_msgs/px4_msgs/msg/detail/iridiumsbd_status__struct.hpp\n'}
[2.378930] (px4_msgs) StdoutLine: {'line': b'-- Up-to-date symlink: /home/prathamkelkar/ros2_ws/install/px4_msgs/include/px4_msgs/px4_msgs/msg/detail/iridiumsbd_status__traits.hpp\n'}
[2.379005] (px4_msgs) StdoutLine: {'line': b'-- Up-to-date symlink: /home/prathamkelkar/ros2_ws/install/px4_msgs/include/px4_msgs/px4_msgs/msg/detail/iridiumsbd_status__type_support.hpp\n'}
[2.379076] (px4_msgs) StdoutLine: {'line': b'-- Up-to-date symlink: /home/prathamkelkar/ros2_ws/install/px4_msgs/include/px4_msgs/px4_msgs/msg/detail/irlock_report__builder.hpp\n'}
[2.379277] (px4_msgs) StdoutLine: {'line': b'-- Up-to-date symlink: /home/prathamkelkar/ros2_ws/install/px4_msgs/include/px4_msgs/px4_msgs/msg/detail/irlock_report__struct.hpp\n'}
[2.379372] (px4_msgs) StdoutLine: {'line': b'-- Up-to-date symlink: /home/prathamkelkar/ros2_ws/install/px4_msgs/include/px4_msgs/px4_msgs/msg/detail/irlock_report__traits.hpp\n'}
[2.379501] (px4_msgs) StdoutLine: {'line': b'-- Up-to-date symlink: /home/prathamkelkar/ros2_ws/install/px4_msgs/include/px4_msgs/px4_msgs/msg/detail/irlock_report__type_support.hpp\n'}
[2.379590] (px4_msgs) StdoutLine: {'line': b'-- Up-to-date symlink: /home/prathamkelkar/ros2_ws/install/px4_msgs/include/px4_msgs/px4_msgs/msg/detail/landing_gear__builder.hpp\n'}
[2.379682] (px4_msgs) StdoutLine: {'line': b'-- Up-to-date symlink: /home/prathamkelkar/ros2_ws/install/px4_msgs/include/px4_msgs/px4_msgs/msg/detail/landing_gear__struct.hpp\n'}
[2.379745] (px4_msgs) StdoutLine: {'line': b'-- Up-to-date symlink: /home/prathamkelkar/ros2_ws/install/px4_msgs/include/px4_msgs/px4_msgs/msg/detail/landing_gear__traits.hpp\n'}
[2.379810] (px4_msgs) StdoutLine: {'line': b'-- Up-to-date symlink: /home/prathamkelkar/ros2_ws/install/px4_msgs/include/px4_msgs/px4_msgs/msg/detail/landing_gear__type_support.hpp\n'}
[2.379870] (px4_msgs) StdoutLine: {'line': b'-- Up-to-date symlink: /home/prathamkelkar/ros2_ws/install/px4_msgs/include/px4_msgs/px4_msgs/msg/detail/landing_gear_wheel__builder.hpp\n'}
[2.379932] (px4_msgs) StdoutLine: {'line': b'-- Up-to-date symlink: /home/prathamkelkar/ros2_ws/install/px4_msgs/include/px4_msgs/px4_msgs/msg/detail/landing_gear_wheel__struct.hpp\n'}
[2.379994] (px4_msgs) StdoutLine: {'line': b'-- Up-to-date symlink: /home/prathamkelkar/ros2_ws/install/px4_msgs/include/px4_msgs/px4_msgs/msg/detail/landing_gear_wheel__traits.hpp\n'}
[2.380062] (px4_msgs) StdoutLine: {'line': b'-- Up-to-date symlink: /home/prathamkelkar/ros2_ws/install/px4_msgs/include/px4_msgs/px4_msgs/msg/detail/landing_gear_wheel__type_support.hpp\n'}
[2.380134] (px4_msgs) StdoutLine: {'line': b'-- Up-to-date symlink: /home/prathamkelkar/ros2_ws/install/px4_msgs/include/px4_msgs/px4_msgs/msg/detail/landing_target_innovations__builder.hpp\n'}
[2.380202] (px4_msgs) StdoutLine: {'line': b'-- Up-to-date symlink: /home/prathamkelkar/ros2_ws/install/px4_msgs/include/px4_msgs/px4_msgs/msg/detail/landing_target_innovations__struct.hpp\n'}
[2.380310] (px4_msgs) StdoutLine: {'line': b'-- Up-to-date symlink: /home/prathamkelkar/ros2_ws/install/px4_msgs/include/px4_msgs/px4_msgs/msg/detail/landing_target_innovations__traits.hpp\n'}
[2.380394] (px4_msgs) StdoutLine: {'line': b'-- Up-to-date symlink: /home/prathamkelkar/ros2_ws/install/px4_msgs/include/px4_msgs/px4_msgs/msg/detail/landing_target_innovations__type_support.hpp\n'}
[2.380466] (px4_msgs) StdoutLine: {'line': b'-- Up-to-date symlink: /home/prathamkelkar/ros2_ws/install/px4_msgs/include/px4_msgs/px4_msgs/msg/detail/landing_target_pose__builder.hpp\n'}
[2.380571] (px4_msgs) StdoutLine: {'line': b'-- Up-to-date symlink: /home/prathamkelkar/ros2_ws/install/px4_msgs/include/px4_msgs/px4_msgs/msg/detail/landing_target_pose__struct.hpp\n'}
[2.380664] (px4_msgs) StdoutLine: {'line': b'-- Up-to-date symlink: /home/prathamkelkar/ros2_ws/install/px4_msgs/include/px4_msgs/px4_msgs/msg/detail/landing_target_pose__traits.hpp\n'}
[2.380755] (px4_msgs) StdoutLine: {'line': b'-- Up-to-date symlink: /home/prathamkelkar/ros2_ws/install/px4_msgs/include/px4_msgs/px4_msgs/msg/detail/landing_target_pose__type_support.hpp\n'}
[2.380841] (px4_msgs) StdoutLine: {'line': b'-- Up-to-date symlink: /home/prathamkelkar/ros2_ws/install/px4_msgs/include/px4_msgs/px4_msgs/msg/detail/launch_detection_status__builder.hpp\n'}
[2.380928] (px4_msgs) StdoutLine: {'line': b'-- Up-to-date symlink: /home/prathamkelkar/ros2_ws/install/px4_msgs/include/px4_msgs/px4_msgs/msg/detail/launch_detection_status__struct.hpp\n'}
[2.380995] (px4_msgs) StdoutLine: {'line': b'-- Up-to-date symlink: /home/prathamkelkar/ros2_ws/install/px4_msgs/include/px4_msgs/px4_msgs/msg/detail/launch_detection_status__traits.hpp\n'}
[2.381067] (px4_msgs) StdoutLine: {'line': b'-- Up-to-date symlink: /home/prathamkelkar/ros2_ws/install/px4_msgs/include/px4_msgs/px4_msgs/msg/detail/launch_detection_status__type_support.hpp\n'}
[2.381171] (px4_msgs) StdoutLine: {'line': b'-- Up-to-date symlink: /home/prathamkelkar/ros2_ws/install/px4_msgs/include/px4_msgs/px4_msgs/msg/detail/led_control__builder.hpp\n'}
[2.381261] (px4_msgs) StdoutLine: {'line': b'-- Up-to-date symlink: /home/prathamkelkar/ros2_ws/install/px4_msgs/include/px4_msgs/px4_msgs/msg/detail/led_control__struct.hpp\n'}
[2.381357] (px4_msgs) StdoutLine: {'line': b'-- Up-to-date symlink: /home/prathamkelkar/ros2_ws/install/px4_msgs/include/px4_msgs/px4_msgs/msg/detail/led_control__traits.hpp\n'}
[2.381441] (px4_msgs) StdoutLine: {'line': b'-- Up-to-date symlink: /home/prathamkelkar/ros2_ws/install/px4_msgs/include/px4_msgs/px4_msgs/msg/detail/led_control__type_support.hpp\n'}
[2.381511] (px4_msgs) StdoutLine: {'line': b'-- Up-to-date symlink: /home/prathamkelkar/ros2_ws/install/px4_msgs/include/px4_msgs/px4_msgs/msg/detail/log_message__builder.hpp\n'}
[2.381594] (px4_msgs) StdoutLine: {'line': b'-- Up-to-date symlink: /home/prathamkelkar/ros2_ws/install/px4_msgs/include/px4_msgs/px4_msgs/msg/detail/log_message__struct.hpp\n'}
[2.381684] (px4_msgs) StdoutLine: {'line': b'-- Up-to-date symlink: /home/prathamkelkar/ros2_ws/install/px4_msgs/include/px4_msgs/px4_msgs/msg/detail/log_message__traits.hpp\n'}
[2.381765] (px4_msgs) StdoutLine: {'line': b'-- Up-to-date symlink: /home/prathamkelkar/ros2_ws/install/px4_msgs/include/px4_msgs/px4_msgs/msg/detail/log_message__type_support.hpp\n'}
[2.381860] (px4_msgs) StdoutLine: {'line': b'-- Up-to-date symlink: /home/prathamkelkar/ros2_ws/install/px4_msgs/include/px4_msgs/px4_msgs/msg/detail/logger_status__builder.hpp\n'}
[2.381950] (px4_msgs) StdoutLine: {'line': b'-- Up-to-date symlink: /home/prathamkelkar/ros2_ws/install/px4_msgs/include/px4_msgs/px4_msgs/msg/detail/logger_status__struct.hpp\n'}
[2.382024] (px4_msgs) StdoutLine: {'line': b'-- Up-to-date symlink: /home/prathamkelkar/ros2_ws/install/px4_msgs/include/px4_msgs/px4_msgs/msg/detail/logger_status__traits.hpp\n'}
[2.382119] (px4_msgs) StdoutLine: {'line': b'-- Up-to-date symlink: /home/prathamkelkar/ros2_ws/install/px4_msgs/include/px4_msgs/px4_msgs/msg/detail/logger_status__type_support.hpp\n'}
[2.382189] (px4_msgs) StdoutLine: {'line': b'-- Up-to-date symlink: /home/prathamkelkar/ros2_ws/install/px4_msgs/include/px4_msgs/px4_msgs/msg/detail/mag_worker_data__builder.hpp\n'}
[2.382266] (px4_msgs) StdoutLine: {'line': b'-- Up-to-date symlink: /home/prathamkelkar/ros2_ws/install/px4_msgs/include/px4_msgs/px4_msgs/msg/detail/mag_worker_data__struct.hpp\n'}
[2.382349] (px4_msgs) StdoutLine: {'line': b'-- Up-to-date symlink: /home/prathamkelkar/ros2_ws/install/px4_msgs/include/px4_msgs/px4_msgs/msg/detail/mag_worker_data__traits.hpp\n'}
[2.382550] (px4_msgs) StdoutLine: {'line': b'-- Up-to-date symlink: /home/prathamkelkar/ros2_ws/install/px4_msgs/include/px4_msgs/px4_msgs/msg/detail/mag_worker_data__type_support.hpp\n'}
[2.382690] (px4_msgs) StdoutLine: {'line': b'-- Up-to-date symlink: /home/prathamkelkar/ros2_ws/install/px4_msgs/include/px4_msgs/px4_msgs/msg/detail/magnetometer_bias_estimate__builder.hpp\n'}
[2.382794] (px4_msgs) StdoutLine: {'line': b'-- Up-to-date symlink: /home/prathamkelkar/ros2_ws/install/px4_msgs/include/px4_msgs/px4_msgs/msg/detail/magnetometer_bias_estimate__struct.hpp\n'}
[2.382937] (px4_msgs) StdoutLine: {'line': b'-- Up-to-date symlink: /home/prathamkelkar/ros2_ws/install/px4_msgs/include/px4_msgs/px4_msgs/msg/detail/magnetometer_bias_estimate__traits.hpp\n'}
[2.383105] (px4_msgs) StdoutLine: {'line': b'-- Up-to-date symlink: /home/prathamkelkar/ros2_ws/install/px4_msgs/include/px4_msgs/px4_msgs/msg/detail/magnetometer_bias_estimate__type_support.hpp\n'}
[2.383237] (px4_msgs) StdoutLine: {'line': b'-- Up-to-date symlink: /home/prathamkelkar/ros2_ws/install/px4_msgs/include/px4_msgs/px4_msgs/msg/detail/manual_control_setpoint__builder.hpp\n'}
[2.383333] (px4_msgs) StdoutLine: {'line': b'-- Up-to-date symlink: /home/prathamkelkar/ros2_ws/install/px4_msgs/include/px4_msgs/px4_msgs/msg/detail/manual_control_setpoint__struct.hpp\n'}
[2.383474] (px4_msgs) StdoutLine: {'line': b'-- Up-to-date symlink: /home/prathamkelkar/ros2_ws/install/px4_msgs/include/px4_msgs/px4_msgs/msg/detail/manual_control_setpoint__traits.hpp\n'}
[2.383601] (px4_msgs) StdoutLine: {'line': b'-- Up-to-date symlink: /home/prathamkelkar/ros2_ws/install/px4_msgs/include/px4_msgs/px4_msgs/msg/detail/manual_control_setpoint__type_support.hpp\n'}
[2.383776] (px4_msgs) StdoutLine: {'line': b'-- Up-to-date symlink: /home/prathamkelkar/ros2_ws/install/px4_msgs/include/px4_msgs/px4_msgs/msg/detail/manual_control_switches__builder.hpp\n'}
[2.383867] (px4_msgs) StdoutLine: {'line': b'-- Up-to-date symlink: /home/prathamkelkar/ros2_ws/install/px4_msgs/include/px4_msgs/px4_msgs/msg/detail/manual_control_switches__struct.hpp\n'}
[2.383975] (px4_msgs) StdoutLine: {'line': b'-- Up-to-date symlink: /home/prathamkelkar/ros2_ws/install/px4_msgs/include/px4_msgs/px4_msgs/msg/detail/manual_control_switches__traits.hpp\n'}
[2.384063] (px4_msgs) StdoutLine: {'line': b'-- Up-to-date symlink: /home/prathamkelkar/ros2_ws/install/px4_msgs/include/px4_msgs/px4_msgs/msg/detail/manual_control_switches__type_support.hpp\n'}
[2.384131] (px4_msgs) StdoutLine: {'line': b'-- Up-to-date symlink: /home/prathamkelkar/ros2_ws/install/px4_msgs/include/px4_msgs/px4_msgs/msg/detail/mavlink_log__builder.hpp\n'}
[2.384223] (px4_msgs) StdoutLine: {'line': b'-- Up-to-date symlink: /home/prathamkelkar/ros2_ws/install/px4_msgs/include/px4_msgs/px4_msgs/msg/detail/mavlink_log__struct.hpp\n'}
[2.384293] (px4_msgs) StdoutLine: {'line': b'-- Up-to-date symlink: /home/prathamkelkar/ros2_ws/install/px4_msgs/include/px4_msgs/px4_msgs/msg/detail/mavlink_log__traits.hpp\n'}
[2.384594] (px4_msgs) StdoutLine: {'line': b'-- Up-to-date symlink: /home/prathamkelkar/ros2_ws/install/px4_msgs/include/px4_msgs/px4_msgs/msg/detail/mavlink_log__type_support.hpp\n'}
[2.384805] (px4_msgs) StdoutLine: {'line': b'-- Up-to-date symlink: /home/prathamkelkar/ros2_ws/install/px4_msgs/include/px4_msgs/px4_msgs/msg/detail/mavlink_tunnel__builder.hpp\n'}
[2.384905] (px4_msgs) StdoutLine: {'line': b'-- Up-to-date symlink: /home/prathamkelkar/ros2_ws/install/px4_msgs/include/px4_msgs/px4_msgs/msg/detail/mavlink_tunnel__struct.hpp\n'}
[2.385028] (px4_msgs) StdoutLine: {'line': b'-- Up-to-date symlink: /home/prathamkelkar/ros2_ws/install/px4_msgs/include/px4_msgs/px4_msgs/msg/detail/mavlink_tunnel__traits.hpp\n'}
[2.385113] (px4_msgs) StdoutLine: {'line': b'-- Up-to-date symlink: /home/prathamkelkar/ros2_ws/install/px4_msgs/include/px4_msgs/px4_msgs/msg/detail/mavlink_tunnel__type_support.hpp\n'}
[2.385200] (px4_msgs) StdoutLine: {'line': b'-- Up-to-date symlink: /home/prathamkelkar/ros2_ws/install/px4_msgs/include/px4_msgs/px4_msgs/msg/detail/message_format_request__builder.hpp\n'}
[2.385289] (px4_msgs) StdoutLine: {'line': b'-- Up-to-date symlink: /home/prathamkelkar/ros2_ws/install/px4_msgs/include/px4_msgs/px4_msgs/msg/detail/message_format_request__struct.hpp\n'}
[2.385379] (px4_msgs) StdoutLine: {'line': b'-- Up-to-date symlink: /home/prathamkelkar/ros2_ws/install/px4_msgs/include/px4_msgs/px4_msgs/msg/detail/message_format_request__traits.hpp\n'}
[2.385466] (px4_msgs) StdoutLine: {'line': b'-- Up-to-date symlink: /home/prathamkelkar/ros2_ws/install/px4_msgs/include/px4_msgs/px4_msgs/msg/detail/message_format_request__type_support.hpp\n'}
[2.385536] (px4_msgs) StdoutLine: {'line': b'-- Up-to-date symlink: /home/prathamkelkar/ros2_ws/install/px4_msgs/include/px4_msgs/px4_msgs/msg/detail/message_format_response__builder.hpp\n'}
[2.385625] (px4_msgs) StdoutLine: {'line': b'-- Up-to-date symlink: /home/prathamkelkar/ros2_ws/install/px4_msgs/include/px4_msgs/px4_msgs/msg/detail/message_format_response__struct.hpp\n'}
[2.385723] (px4_msgs) StdoutLine: {'line': b'-- Up-to-date symlink: /home/prathamkelkar/ros2_ws/install/px4_msgs/include/px4_msgs/px4_msgs/msg/detail/message_format_response__traits.hpp\n'}
[2.385792] (px4_msgs) StdoutLine: {'line': b'-- Up-to-date symlink: /home/prathamkelkar/ros2_ws/install/px4_msgs/include/px4_msgs/px4_msgs/msg/detail/message_format_response__type_support.hpp\n'}
[2.385862] (px4_msgs) StdoutLine: {'line': b'-- Up-to-date symlink: /home/prathamkelkar/ros2_ws/install/px4_msgs/include/px4_msgs/px4_msgs/msg/detail/mission__builder.hpp\n'}
[2.385938] (px4_msgs) StdoutLine: {'line': b'-- Up-to-date symlink: /home/prathamkelkar/ros2_ws/install/px4_msgs/include/px4_msgs/px4_msgs/msg/detail/mission__struct.hpp\n'}
[2.386033] (px4_msgs) StdoutLine: {'line': b'-- Up-to-date symlink: /home/prathamkelkar/ros2_ws/install/px4_msgs/include/px4_msgs/px4_msgs/msg/detail/mission__traits.hpp\n'}
[2.386129] (px4_msgs) StdoutLine: {'line': b'-- Up-to-date symlink: /home/prathamkelkar/ros2_ws/install/px4_msgs/include/px4_msgs/px4_msgs/msg/detail/mission__type_support.hpp\n'}
[2.386199] (px4_msgs) StdoutLine: {'line': b'-- Up-to-date symlink: /home/prathamkelkar/ros2_ws/install/px4_msgs/include/px4_msgs/px4_msgs/msg/detail/mission_result__builder.hpp\n'}
[2.386280] (px4_msgs) StdoutLine: {'line': b'-- Up-to-date symlink: /home/prathamkelkar/ros2_ws/install/px4_msgs/include/px4_msgs/px4_msgs/msg/detail/mission_result__struct.hpp\n'}
[2.386351] (px4_msgs) StdoutLine: {'line': b'-- Up-to-date symlink: /home/prathamkelkar/ros2_ws/install/px4_msgs/include/px4_msgs/px4_msgs/msg/detail/mission_result__traits.hpp\n'}
[2.386503] (px4_msgs) StdoutLine: {'line': b'-- Up-to-date symlink: /home/prathamkelkar/ros2_ws/install/px4_msgs/include/px4_msgs/px4_msgs/msg/detail/mission_result__type_support.hpp\n'}
[2.386787] (px4_msgs) StdoutLine: {'line': b'-- Up-to-date symlink: /home/prathamkelkar/ros2_ws/install/px4_msgs/include/px4_msgs/px4_msgs/msg/detail/mode_completed__builder.hpp\n'}
[2.386923] (px4_msgs) StdoutLine: {'line': b'-- Up-to-date symlink: /home/prathamkelkar/ros2_ws/install/px4_msgs/include/px4_msgs/px4_msgs/msg/detail/mode_completed__struct.hpp\n'}
[2.387071] (px4_msgs) StdoutLine: {'line': b'-- Up-to-date symlink: /home/prathamkelkar/ros2_ws/install/px4_msgs/include/px4_msgs/px4_msgs/msg/detail/mode_completed__traits.hpp\n'}
[2.387184] (px4_msgs) StdoutLine: {'line': b'-- Up-to-date symlink: /home/prathamkelkar/ros2_ws/install/px4_msgs/include/px4_msgs/px4_msgs/msg/detail/mode_completed__type_support.hpp\n'}
[2.387303] (px4_msgs) StdoutLine: {'line': b'-- Up-to-date symlink: /home/prathamkelkar/ros2_ws/install/px4_msgs/include/px4_msgs/px4_msgs/msg/detail/mount_orientation__builder.hpp\n'}
[2.387445] (px4_msgs) StdoutLine: {'line': b'-- Up-to-date symlink: /home/prathamkelkar/ros2_ws/install/px4_msgs/include/px4_msgs/px4_msgs/msg/detail/mount_orientation__struct.hpp\n'}
[2.387566] (px4_msgs) StdoutLine: {'line': b'-- Up-to-date symlink: /home/prathamkelkar/ros2_ws/install/px4_msgs/include/px4_msgs/px4_msgs/msg/detail/mount_orientation__traits.hpp\n'}
[2.387673] (px4_msgs) StdoutLine: {'line': b'-- Up-to-date symlink: /home/prathamkelkar/ros2_ws/install/px4_msgs/include/px4_msgs/px4_msgs/msg/detail/mount_orientation__type_support.hpp\n'}
[2.387821] (px4_msgs) StdoutLine: {'line': b'-- Up-to-date symlink: /home/prathamkelkar/ros2_ws/install/px4_msgs/include/px4_msgs/px4_msgs/msg/detail/navigator_mission_item__builder.hpp\n'}
[2.387927] (px4_msgs) StdoutLine: {'line': b'-- Up-to-date symlink: /home/prathamkelkar/ros2_ws/install/px4_msgs/include/px4_msgs/px4_msgs/msg/detail/navigator_mission_item__struct.hpp\n'}
[2.388032] (px4_msgs) StdoutLine: {'line': b'-- Up-to-date symlink: /home/prathamkelkar/ros2_ws/install/px4_msgs/include/px4_msgs/px4_msgs/msg/detail/navigator_mission_item__traits.hpp\n'}
[2.388144] (px4_msgs) StdoutLine: {'line': b'-- Up-to-date symlink: /home/prathamkelkar/ros2_ws/install/px4_msgs/include/px4_msgs/px4_msgs/msg/detail/navigator_mission_item__type_support.hpp\n'}
[2.388256] (px4_msgs) StdoutLine: {'line': b'-- Up-to-date symlink: /home/prathamkelkar/ros2_ws/install/px4_msgs/include/px4_msgs/px4_msgs/msg/detail/normalized_unsigned_setpoint__builder.hpp\n'}
[2.388364] (px4_msgs) StdoutLine: {'line': b'-- Up-to-date symlink: /home/prathamkelkar/ros2_ws/install/px4_msgs/include/px4_msgs/px4_msgs/msg/detail/normalized_unsigned_setpoint__struct.hpp\n'}
[2.388468] (px4_msgs) StdoutLine: {'line': b'-- Up-to-date symlink: /home/prathamkelkar/ros2_ws/install/px4_msgs/include/px4_msgs/px4_msgs/msg/detail/normalized_unsigned_setpoint__traits.hpp\n'}
[2.388574] (px4_msgs) StdoutLine: {'line': b'-- Up-to-date symlink: /home/prathamkelkar/ros2_ws/install/px4_msgs/include/px4_msgs/px4_msgs/msg/detail/normalized_unsigned_setpoint__type_support.hpp\n'}
[2.388701] (px4_msgs) StdoutLine: {'line': b'-- Up-to-date symlink: /home/prathamkelkar/ros2_ws/install/px4_msgs/include/px4_msgs/px4_msgs/msg/detail/npfg_status__builder.hpp\n'}
[2.388802] (px4_msgs) StdoutLine: {'line': b'-- Up-to-date symlink: /home/prathamkelkar/ros2_ws/install/px4_msgs/include/px4_msgs/px4_msgs/msg/detail/npfg_status__struct.hpp\n'}
[2.388901] (px4_msgs) StdoutLine: {'line': b'-- Up-to-date symlink: /home/prathamkelkar/ros2_ws/install/px4_msgs/include/px4_msgs/px4_msgs/msg/detail/npfg_status__traits.hpp\n'}
[2.388999] (px4_msgs) StdoutLine: {'line': b'-- Up-to-date symlink: /home/prathamkelkar/ros2_ws/install/px4_msgs/include/px4_msgs/px4_msgs/msg/detail/npfg_status__type_support.hpp\n'}
[2.389100] (px4_msgs) StdoutLine: {'line': b'-- Up-to-date symlink: /home/prathamkelkar/ros2_ws/install/px4_msgs/include/px4_msgs/px4_msgs/msg/detail/obstacle_distance__builder.hpp\n'}
[2.389200] (px4_msgs) StdoutLine: {'line': b'-- Up-to-date symlink: /home/prathamkelkar/ros2_ws/install/px4_msgs/include/px4_msgs/px4_msgs/msg/detail/obstacle_distance__struct.hpp\n'}
[2.389301] (px4_msgs) StdoutLine: {'line': b'-- Up-to-date symlink: /home/prathamkelkar/ros2_ws/install/px4_msgs/include/px4_msgs/px4_msgs/msg/detail/obstacle_distance__traits.hpp\n'}
[2.389403] (px4_msgs) StdoutLine: {'line': b'-- Up-to-date symlink: /home/prathamkelkar/ros2_ws/install/px4_msgs/include/px4_msgs/px4_msgs/msg/detail/obstacle_distance__type_support.hpp\n'}
[2.389482] (px4_msgs) StdoutLine: {'line': b'-- Up-to-date symlink: /home/prathamkelkar/ros2_ws/install/px4_msgs/include/px4_msgs/px4_msgs/msg/detail/offboard_control_mode__builder.hpp\n'}
[2.389575] (px4_msgs) StdoutLine: {'line': b'-- Up-to-date symlink: /home/prathamkelkar/ros2_ws/install/px4_msgs/include/px4_msgs/px4_msgs/msg/detail/offboard_control_mode__struct.hpp\n'}
[2.389693] (px4_msgs) StdoutLine: {'line': b'-- Up-to-date symlink: /home/prathamkelkar/ros2_ws/install/px4_msgs/include/px4_msgs/px4_msgs/msg/detail/offboard_control_mode__traits.hpp\n'}
[2.389793] (px4_msgs) StdoutLine: {'line': b'-- Up-to-date symlink: /home/prathamkelkar/ros2_ws/install/px4_msgs/include/px4_msgs/px4_msgs/msg/detail/offboard_control_mode__type_support.hpp\n'}
[2.389884] (px4_msgs) StdoutLine: {'line': b'-- Up-to-date symlink: /home/prathamkelkar/ros2_ws/install/px4_msgs/include/px4_msgs/px4_msgs/msg/detail/onboard_computer_status__builder.hpp\n'}
[2.389969] (px4_msgs) StdoutLine: {'line': b'-- Up-to-date symlink: /home/prathamkelkar/ros2_ws/install/px4_msgs/include/px4_msgs/px4_msgs/msg/detail/onboard_computer_status__struct.hpp\n'}
[2.390071] (px4_msgs) StdoutLine: {'line': b'-- Up-to-date symlink: /home/prathamkelkar/ros2_ws/install/px4_msgs/include/px4_msgs/px4_msgs/msg/detail/onboard_computer_status__traits.hpp\n'}
[2.390175] (px4_msgs) StdoutLine: {'line': b'-- Up-to-date symlink: /home/prathamkelkar/ros2_ws/install/px4_msgs/include/px4_msgs/px4_msgs/msg/detail/onboard_computer_status__type_support.hpp\n'}
[2.390259] (px4_msgs) StdoutLine: {'line': b'-- Up-to-date symlink: /home/prathamkelkar/ros2_ws/install/px4_msgs/include/px4_msgs/px4_msgs/msg/detail/orb_test__builder.hpp\n'}
[2.390361] (px4_msgs) StdoutLine: {'line': b'-- Up-to-date symlink: /home/prathamkelkar/ros2_ws/install/px4_msgs/include/px4_msgs/px4_msgs/msg/detail/orb_test__struct.hpp\n'}
[2.390477] (px4_msgs) StdoutLine: {'line': b'-- Up-to-date symlink: /home/prathamkelkar/ros2_ws/install/px4_msgs/include/px4_msgs/px4_msgs/msg/detail/orb_test__traits.hpp\n'}
[2.390569] (px4_msgs) StdoutLine: {'line': b'-- Up-to-date symlink: /home/prathamkelkar/ros2_ws/install/px4_msgs/include/px4_msgs/px4_msgs/msg/detail/orb_test__type_support.hpp\n'}
[2.390656] (px4_msgs) StdoutLine: {'line': b'-- Up-to-date symlink: /home/prathamkelkar/ros2_ws/install/px4_msgs/include/px4_msgs/px4_msgs/msg/detail/orb_test_large__builder.hpp\n'}
[2.390767] (px4_msgs) StdoutLine: {'line': b'-- Up-to-date symlink: /home/prathamkelkar/ros2_ws/install/px4_msgs/include/px4_msgs/px4_msgs/msg/detail/orb_test_large__struct.hpp\n'}
[2.390967] (px4_msgs) StdoutLine: {'line': b'-- Up-to-date symlink: /home/prathamkelkar/ros2_ws/install/px4_msgs/include/px4_msgs/px4_msgs/msg/detail/orb_test_large__traits.hpp\n'}
[2.391048] (px4_msgs) StdoutLine: {'line': b'-- Up-to-date symlink: /home/prathamkelkar/ros2_ws/install/px4_msgs/include/px4_msgs/px4_msgs/msg/detail/orb_test_large__type_support.hpp\n'}
[2.391130] (px4_msgs) StdoutLine: {'line': b'-- Up-to-date symlink: /home/prathamkelkar/ros2_ws/install/px4_msgs/include/px4_msgs/px4_msgs/msg/detail/orb_test_medium__builder.hpp\n'}
[2.391211] (px4_msgs) StdoutLine: {'line': b'-- Up-to-date symlink: /home/prathamkelkar/ros2_ws/install/px4_msgs/include/px4_msgs/px4_msgs/msg/detail/orb_test_medium__struct.hpp\n'}
[2.391294] (px4_msgs) StdoutLine: {'line': b'-- Up-to-date symlink: /home/prathamkelkar/ros2_ws/install/px4_msgs/include/px4_msgs/px4_msgs/msg/detail/orb_test_medium__traits.hpp\n'}
[2.391378] (px4_msgs) StdoutLine: {'line': b'-- Up-to-date symlink: /home/prathamkelkar/ros2_ws/install/px4_msgs/include/px4_msgs/px4_msgs/msg/detail/orb_test_medium__type_support.hpp\n'}
[2.391460] (px4_msgs) StdoutLine: {'line': b'-- Up-to-date symlink: /home/prathamkelkar/ros2_ws/install/px4_msgs/include/px4_msgs/px4_msgs/msg/detail/orbit_status__builder.hpp\n'}
[2.391546] (px4_msgs) StdoutLine: {'line': b'-- Up-to-date symlink: /home/prathamkelkar/ros2_ws/install/px4_msgs/include/px4_msgs/px4_msgs/msg/detail/orbit_status__struct.hpp\n'}
[2.391698] (px4_msgs) StdoutLine: {'line': b'-- Up-to-date symlink: /home/prathamkelkar/ros2_ws/install/px4_msgs/include/px4_msgs/px4_msgs/msg/detail/orbit_status__traits.hpp\n'}
[2.392002] (px4_msgs) StdoutLine: {'line': b'-- Up-to-date symlink: /home/prathamkelkar/ros2_ws/install/px4_msgs/include/px4_msgs/px4_msgs/msg/detail/orbit_status__type_support.hpp\n'}
[2.392399] (px4_msgs) StdoutLine: {'line': b'-- Up-to-date symlink: /home/prathamkelkar/ros2_ws/install/px4_msgs/include/px4_msgs/px4_msgs/msg/detail/parameter_reset_request__builder.hpp\n'}
[2.392578] (px4_msgs) StdoutLine: {'line': b'-- Up-to-date symlink: /home/prathamkelkar/ros2_ws/install/px4_msgs/include/px4_msgs/px4_msgs/msg/detail/parameter_reset_request__struct.hpp\n'}
[2.392682] (px4_msgs) StdoutLine: {'line': b'-- Up-to-date symlink: /home/prathamkelkar/ros2_ws/install/px4_msgs/include/px4_msgs/px4_msgs/msg/detail/parameter_reset_request__traits.hpp\n'}
[2.392772] (px4_msgs) StdoutLine: {'line': b'-- Up-to-date symlink: /home/prathamkelkar/ros2_ws/install/px4_msgs/include/px4_msgs/px4_msgs/msg/detail/parameter_reset_request__type_support.hpp\n'}
[2.392864] (px4_msgs) StdoutLine: {'line': b'-- Up-to-date symlink: /home/prathamkelkar/ros2_ws/install/px4_msgs/include/px4_msgs/px4_msgs/msg/detail/parameter_set_used_request__builder.hpp\n'}
[2.393035] (px4_msgs) StdoutLine: {'line': b'-- Up-to-date symlink: /home/prathamkelkar/ros2_ws/install/px4_msgs/include/px4_msgs/px4_msgs/msg/detail/parameter_set_used_request__struct.hpp\n'}
[2.393140] (px4_msgs) StdoutLine: {'line': b'-- Up-to-date symlink: /home/prathamkelkar/ros2_ws/install/px4_msgs/include/px4_msgs/px4_msgs/msg/detail/parameter_set_used_request__traits.hpp\n'}
[2.393307] (px4_msgs) StdoutLine: {'line': b'-- Up-to-date symlink: /home/prathamkelkar/ros2_ws/install/px4_msgs/include/px4_msgs/px4_msgs/msg/detail/parameter_set_used_request__type_support.hpp\n'}
[2.393408] (px4_msgs) StdoutLine: {'line': b'-- Up-to-date symlink: /home/prathamkelkar/ros2_ws/install/px4_msgs/include/px4_msgs/px4_msgs/msg/detail/parameter_set_value_request__builder.hpp\n'}
[2.393529] (px4_msgs) StdoutLine: {'line': b'-- Up-to-date symlink: /home/prathamkelkar/ros2_ws/install/px4_msgs/include/px4_msgs/px4_msgs/msg/detail/parameter_set_value_request__struct.hpp\n'}
[2.393626] (px4_msgs) StdoutLine: {'line': b'-- Up-to-date symlink: /home/prathamkelkar/ros2_ws/install/px4_msgs/include/px4_msgs/px4_msgs/msg/detail/parameter_set_value_request__traits.hpp\n'}
[2.393755] (px4_msgs) StdoutLine: {'line': b'-- Up-to-date symlink: /home/prathamkelkar/ros2_ws/install/px4_msgs/include/px4_msgs/px4_msgs/msg/detail/parameter_set_value_request__type_support.hpp\n'}
[2.393846] (px4_msgs) StdoutLine: {'line': b'-- Up-to-date symlink: /home/prathamkelkar/ros2_ws/install/px4_msgs/include/px4_msgs/px4_msgs/msg/detail/parameter_set_value_response__builder.hpp\n'}
[2.393966] (px4_msgs) StdoutLine: {'line': b'-- Up-to-date symlink: /home/prathamkelkar/ros2_ws/install/px4_msgs/include/px4_msgs/px4_msgs/msg/detail/parameter_set_value_response__struct.hpp\n'}
[2.394047] (px4_msgs) StdoutLine: {'line': b'-- Up-to-date symlink: /home/prathamkelkar/ros2_ws/install/px4_msgs/include/px4_msgs/px4_msgs/msg/detail/parameter_set_value_response__traits.hpp\n'}
[2.394185] (px4_msgs) StdoutLine: {'line': b'-- Up-to-date symlink: /home/prathamkelkar/ros2_ws/install/px4_msgs/include/px4_msgs/px4_msgs/msg/detail/parameter_set_value_response__type_support.hpp\n'}
[2.394272] (px4_msgs) StdoutLine: {'line': b'-- Up-to-date symlink: /home/prathamkelkar/ros2_ws/install/px4_msgs/include/px4_msgs/px4_msgs/msg/detail/parameter_update__builder.hpp\n'}
[2.394354] (px4_msgs) StdoutLine: {'line': b'-- Up-to-date symlink: /home/prathamkelkar/ros2_ws/install/px4_msgs/include/px4_msgs/px4_msgs/msg/detail/parameter_update__struct.hpp\n'}
[2.394483] (px4_msgs) StdoutLine: {'line': b'-- Up-to-date symlink: /home/prathamkelkar/ros2_ws/install/px4_msgs/include/px4_msgs/px4_msgs/msg/detail/parameter_update__traits.hpp\n'}
[2.394578] (px4_msgs) StdoutLine: {'line': b'-- Up-to-date symlink: /home/prathamkelkar/ros2_ws/install/px4_msgs/include/px4_msgs/px4_msgs/msg/detail/parameter_update__type_support.hpp\n'}
[2.394660] (px4_msgs) StdoutLine: {'line': b'-- Up-to-date symlink: /home/prathamkelkar/ros2_ws/install/px4_msgs/include/px4_msgs/px4_msgs/msg/detail/ping__builder.hpp\n'}
[2.394753] (px4_msgs) StdoutLine: {'line': b'-- Up-to-date symlink: /home/prathamkelkar/ros2_ws/install/px4_msgs/include/px4_msgs/px4_msgs/msg/detail/ping__struct.hpp\n'}
[2.394880] (px4_msgs) StdoutLine: {'line': b'-- Up-to-date symlink: /home/prathamkelkar/ros2_ws/install/px4_msgs/include/px4_msgs/px4_msgs/msg/detail/ping__traits.hpp\n'}
[2.394984] (px4_msgs) StdoutLine: {'line': b'-- Up-to-date symlink: /home/prathamkelkar/ros2_ws/install/px4_msgs/include/px4_msgs/px4_msgs/msg/detail/ping__type_support.hpp\n'}
[2.395083] (px4_msgs) StdoutLine: {'line': b'-- Up-to-date symlink: /home/prathamkelkar/ros2_ws/install/px4_msgs/include/px4_msgs/px4_msgs/msg/detail/position_controller_landing_status__builder.hpp\n'}
[2.395187] (px4_msgs) StdoutLine: {'line': b'-- Up-to-date symlink: /home/prathamkelkar/ros2_ws/install/px4_msgs/include/px4_msgs/px4_msgs/msg/detail/position_controller_landing_status__struct.hpp\n'}
[2.395275] (px4_msgs) StdoutLine: {'line': b'-- Up-to-date symlink: /home/prathamkelkar/ros2_ws/install/px4_msgs/include/px4_msgs/px4_msgs/msg/detail/position_controller_landing_status__traits.hpp\n'}
[2.395365] (px4_msgs) StdoutLine: {'line': b'-- Up-to-date symlink: /home/prathamkelkar/ros2_ws/install/px4_msgs/include/px4_msgs/px4_msgs/msg/detail/position_controller_landing_status__type_support.hpp\n'}
[2.395526] (px4_msgs) StdoutLine: {'line': b'-- Up-to-date symlink: /home/prathamkelkar/ros2_ws/install/px4_msgs/include/px4_msgs/px4_msgs/msg/detail/position_controller_status__builder.hpp\n'}
[2.395664] (px4_msgs) StdoutLine: {'line': b'-- Up-to-date symlink: /home/prathamkelkar/ros2_ws/install/px4_msgs/include/px4_msgs/px4_msgs/msg/detail/position_controller_status__struct.hpp\n'}
[2.395766] (px4_msgs) StdoutLine: {'line': b'-- Up-to-date symlink: /home/prathamkelkar/ros2_ws/install/px4_msgs/include/px4_msgs/px4_msgs/msg/detail/position_controller_status__traits.hpp\n'}
[2.395858] (px4_msgs) StdoutLine: {'line': b'-- Up-to-date symlink: /home/prathamkelkar/ros2_ws/install/px4_msgs/include/px4_msgs/px4_msgs/msg/detail/position_controller_status__type_support.hpp\n'}
[2.395944] (px4_msgs) StdoutLine: {'line': b'-- Up-to-date symlink: /home/prathamkelkar/ros2_ws/install/px4_msgs/include/px4_msgs/px4_msgs/msg/detail/position_setpoint__builder.hpp\n'}
[2.396128] (px4_msgs) StdoutLine: {'line': b'-- Up-to-date symlink: /home/prathamkelkar/ros2_ws/install/px4_msgs/include/px4_msgs/px4_msgs/msg/detail/position_setpoint__struct.hpp\n'}
[2.396242] (px4_msgs) StdoutLine: {'line': b'-- Up-to-date symlink: /home/prathamkelkar/ros2_ws/install/px4_msgs/include/px4_msgs/px4_msgs/msg/detail/position_setpoint__traits.hpp\n'}
[2.396331] (px4_msgs) StdoutLine: {'line': b'-- Up-to-date symlink: /home/prathamkelkar/ros2_ws/install/px4_msgs/include/px4_msgs/px4_msgs/msg/detail/position_setpoint__type_support.hpp\n'}
[2.396506] (px4_msgs) StdoutLine: {'line': b'-- Up-to-date symlink: /home/prathamkelkar/ros2_ws/install/px4_msgs/include/px4_msgs/px4_msgs/msg/detail/position_setpoint_triplet__builder.hpp\n'}
[2.396605] (px4_msgs) StdoutLine: {'line': b'-- Up-to-date symlink: /home/prathamkelkar/ros2_ws/install/px4_msgs/include/px4_msgs/px4_msgs/msg/detail/position_setpoint_triplet__struct.hpp\n'}
[2.396706] (px4_msgs) StdoutLine: {'line': b'-- Up-to-date symlink: /home/prathamkelkar/ros2_ws/install/px4_msgs/include/px4_msgs/px4_msgs/msg/detail/position_setpoint_triplet__traits.hpp\n'}
[2.396836] (px4_msgs) StdoutLine: {'line': b'-- Up-to-date symlink: /home/prathamkelkar/ros2_ws/install/px4_msgs/include/px4_msgs/px4_msgs/msg/detail/position_setpoint_triplet__type_support.hpp\n'}
[2.396931] (px4_msgs) StdoutLine: {'line': b'-- Up-to-date symlink: /home/prathamkelkar/ros2_ws/install/px4_msgs/include/px4_msgs/px4_msgs/msg/detail/power_button_state__builder.hpp\n'}
[2.397015] (px4_msgs) StdoutLine: {'line': b'-- Up-to-date symlink: /home/prathamkelkar/ros2_ws/install/px4_msgs/include/px4_msgs/px4_msgs/msg/detail/power_button_state__struct.hpp\n'}
[2.397099] (px4_msgs) StdoutLine: {'line': b'-- Up-to-date symlink: /home/prathamkelkar/ros2_ws/install/px4_msgs/include/px4_msgs/px4_msgs/msg/detail/power_button_state__traits.hpp\n'}
[2.397232] (px4_msgs) StdoutLine: {'line': b'-- Up-to-date symlink: /home/prathamkelkar/ros2_ws/install/px4_msgs/include/px4_msgs/px4_msgs/msg/detail/power_button_state__type_support.hpp\n'}
[2.397311] (px4_msgs) StdoutLine: {'line': b'-- Up-to-date symlink: /home/prathamkelkar/ros2_ws/install/px4_msgs/include/px4_msgs/px4_msgs/msg/detail/power_monitor__builder.hpp\n'}
[2.397388] (px4_msgs) StdoutLine: {'line': b'-- Up-to-date symlink: /home/prathamkelkar/ros2_ws/install/px4_msgs/include/px4_msgs/px4_msgs/msg/detail/power_monitor__struct.hpp\n'}
[2.397465] (px4_msgs) StdoutLine: {'line': b'-- Up-to-date symlink: /home/prathamkelkar/ros2_ws/install/px4_msgs/include/px4_msgs/px4_msgs/msg/detail/power_monitor__traits.hpp\n'}
[2.397541] (px4_msgs) StdoutLine: {'line': b'-- Up-to-date symlink: /home/prathamkelkar/ros2_ws/install/px4_msgs/include/px4_msgs/px4_msgs/msg/detail/power_monitor__type_support.hpp\n'}
[2.397614] (px4_msgs) StdoutLine: {'line': b'-- Up-to-date symlink: /home/prathamkelkar/ros2_ws/install/px4_msgs/include/px4_msgs/px4_msgs/msg/detail/pps_capture__builder.hpp\n'}
[2.397696] (px4_msgs) StdoutLine: {'line': b'-- Up-to-date symlink: /home/prathamkelkar/ros2_ws/install/px4_msgs/include/px4_msgs/px4_msgs/msg/detail/pps_capture__struct.hpp\n'}
[2.397777] (px4_msgs) StdoutLine: {'line': b'-- Up-to-date symlink: /home/prathamkelkar/ros2_ws/install/px4_msgs/include/px4_msgs/px4_msgs/msg/detail/pps_capture__traits.hpp\n'}
[2.397863] (px4_msgs) StdoutLine: {'line': b'-- Up-to-date symlink: /home/prathamkelkar/ros2_ws/install/px4_msgs/include/px4_msgs/px4_msgs/msg/detail/pps_capture__type_support.hpp\n'}
[2.397943] (px4_msgs) StdoutLine: {'line': b'-- Up-to-date symlink: /home/prathamkelkar/ros2_ws/install/px4_msgs/include/px4_msgs/px4_msgs/msg/detail/pwm_input__builder.hpp\n'}
[2.398025] (px4_msgs) StdoutLine: {'line': b'-- Up-to-date symlink: /home/prathamkelkar/ros2_ws/install/px4_msgs/include/px4_msgs/px4_msgs/msg/detail/pwm_input__struct.hpp\n'}
[2.398172] (px4_msgs) StdoutLine: {'line': b'-- Up-to-date symlink: /home/prathamkelkar/ros2_ws/install/px4_msgs/include/px4_msgs/px4_msgs/msg/detail/pwm_input__traits.hpp\n'}
[2.398245] (px4_msgs) StdoutLine: {'line': b'-- Up-to-date symlink: /home/prathamkelkar/ros2_ws/install/px4_msgs/include/px4_msgs/px4_msgs/msg/detail/pwm_input__type_support.hpp\n'}
[2.398325] (px4_msgs) StdoutLine: {'line': b'-- Up-to-date symlink: /home/prathamkelkar/ros2_ws/install/px4_msgs/include/px4_msgs/px4_msgs/msg/detail/px4io_status__builder.hpp\n'}
[2.398404] (px4_msgs) StdoutLine: {'line': b'-- Up-to-date symlink: /home/prathamkelkar/ros2_ws/install/px4_msgs/include/px4_msgs/px4_msgs/msg/detail/px4io_status__struct.hpp\n'}
[2.398484] (px4_msgs) StdoutLine: {'line': b'-- Up-to-date symlink: /home/prathamkelkar/ros2_ws/install/px4_msgs/include/px4_msgs/px4_msgs/msg/detail/px4io_status__traits.hpp\n'}
[2.398567] (px4_msgs) StdoutLine: {'line': b'-- Up-to-date symlink: /home/prathamkelkar/ros2_ws/install/px4_msgs/include/px4_msgs/px4_msgs/msg/detail/px4io_status__type_support.hpp\n'}
[2.398650] (px4_msgs) StdoutLine: {'line': b'-- Up-to-date symlink: /home/prathamkelkar/ros2_ws/install/px4_msgs/include/px4_msgs/px4_msgs/msg/detail/qshell_req__builder.hpp\n'}
[2.398745] (px4_msgs) StdoutLine: {'line': b'-- Up-to-date symlink: /home/prathamkelkar/ros2_ws/install/px4_msgs/include/px4_msgs/px4_msgs/msg/detail/qshell_req__struct.hpp\n'}
[2.398906] (px4_msgs) StdoutLine: {'line': b'-- Up-to-date symlink: /home/prathamkelkar/ros2_ws/install/px4_msgs/include/px4_msgs/px4_msgs/msg/detail/qshell_req__traits.hpp\n'}
[2.398992] (px4_msgs) StdoutLine: {'line': b'-- Up-to-date symlink: /home/prathamkelkar/ros2_ws/install/px4_msgs/include/px4_msgs/px4_msgs/msg/detail/qshell_req__type_support.hpp\n'}
[2.399070] (px4_msgs) StdoutLine: {'line': b'-- Up-to-date symlink: /home/prathamkelkar/ros2_ws/install/px4_msgs/include/px4_msgs/px4_msgs/msg/detail/qshell_retval__builder.hpp\n'}
[2.399146] (px4_msgs) StdoutLine: {'line': b'-- Up-to-date symlink: /home/prathamkelkar/ros2_ws/install/px4_msgs/include/px4_msgs/px4_msgs/msg/detail/qshell_retval__struct.hpp\n'}
[2.399226] (px4_msgs) StdoutLine: {'line': b'-- Up-to-date symlink: /home/prathamkelkar/ros2_ws/install/px4_msgs/include/px4_msgs/px4_msgs/msg/detail/qshell_retval__traits.hpp\n'}
[2.399303] (px4_msgs) StdoutLine: {'line': b'-- Up-to-date symlink: /home/prathamkelkar/ros2_ws/install/px4_msgs/include/px4_msgs/px4_msgs/msg/detail/qshell_retval__type_support.hpp\n'}
[2.399376] (px4_msgs) StdoutLine: {'line': b'-- Up-to-date symlink: /home/prathamkelkar/ros2_ws/install/px4_msgs/include/px4_msgs/px4_msgs/msg/detail/radio_status__builder.hpp\n'}
[2.399458] (px4_msgs) StdoutLine: {'line': b'-- Up-to-date symlink: /home/prathamkelkar/ros2_ws/install/px4_msgs/include/px4_msgs/px4_msgs/msg/detail/radio_status__struct.hpp\n'}
[2.399549] (px4_msgs) StdoutLine: {'line': b'-- Up-to-date symlink: /home/prathamkelkar/ros2_ws/install/px4_msgs/include/px4_msgs/px4_msgs/msg/detail/radio_status__traits.hpp\n'}
[2.399633] (px4_msgs) StdoutLine: {'line': b'-- Up-to-date symlink: /home/prathamkelkar/ros2_ws/install/px4_msgs/include/px4_msgs/px4_msgs/msg/detail/radio_status__type_support.hpp\n'}
[2.399728] (px4_msgs) StdoutLine: {'line': b'-- Up-to-date symlink: /home/prathamkelkar/ros2_ws/install/px4_msgs/include/px4_msgs/px4_msgs/msg/detail/rate_ctrl_status__builder.hpp\n'}
[2.399996] (px4_msgs) StdoutLine: {'line': b'-- Up-to-date symlink: /home/prathamkelkar/ros2_ws/install/px4_msgs/include/px4_msgs/px4_msgs/msg/detail/rate_ctrl_status__struct.hpp\n'}
[2.400086] (px4_msgs) StdoutLine: {'line': b'-- Up-to-date symlink: /home/prathamkelkar/ros2_ws/install/px4_msgs/include/px4_msgs/px4_msgs/msg/detail/rate_ctrl_status__traits.hpp\n'}
[2.400171] (px4_msgs) StdoutLine: {'line': b'-- Up-to-date symlink: /home/prathamkelkar/ros2_ws/install/px4_msgs/include/px4_msgs/px4_msgs/msg/detail/rate_ctrl_status__type_support.hpp\n'}
[2.400252] (px4_msgs) StdoutLine: {'line': b'-- Up-to-date symlink: /home/prathamkelkar/ros2_ws/install/px4_msgs/include/px4_msgs/px4_msgs/msg/detail/rc_channels__builder.hpp\n'}
[2.400338] (px4_msgs) StdoutLine: {'line': b'-- Up-to-date symlink: /home/prathamkelkar/ros2_ws/install/px4_msgs/include/px4_msgs/px4_msgs/msg/detail/rc_channels__struct.hpp\n'}
[2.400700] (px4_msgs) StdoutLine: {'line': b'-- Up-to-date symlink: /home/prathamkelkar/ros2_ws/install/px4_msgs/include/px4_msgs/px4_msgs/msg/detail/rc_channels__traits.hpp\n'}
[2.400816] (px4_msgs) StdoutLine: {'line': b'-- Up-to-date symlink: /home/prathamkelkar/ros2_ws/install/px4_msgs/include/px4_msgs/px4_msgs/msg/detail/rc_channels__type_support.hpp\n'}
[2.400914] (px4_msgs) StdoutLine: {'line': b'-- Up-to-date symlink: /home/prathamkelkar/ros2_ws/install/px4_msgs/include/px4_msgs/px4_msgs/msg/detail/rc_parameter_map__builder.hpp\n'}
[2.401004] (px4_msgs) StdoutLine: {'line': b'-- Up-to-date symlink: /home/prathamkelkar/ros2_ws/install/px4_msgs/include/px4_msgs/px4_msgs/msg/detail/rc_parameter_map__struct.hpp\n'}
[2.401125] (px4_msgs) StdoutLine: {'line': b'-- Up-to-date symlink: /home/prathamkelkar/ros2_ws/install/px4_msgs/include/px4_msgs/px4_msgs/msg/detail/rc_parameter_map__traits.hpp\n'}
[2.401220] (px4_msgs) StdoutLine: {'line': b'-- Up-to-date symlink: /home/prathamkelkar/ros2_ws/install/px4_msgs/include/px4_msgs/px4_msgs/msg/detail/rc_parameter_map__type_support.hpp\n'}
[2.401310] (px4_msgs) StdoutLine: {'line': b'-- Up-to-date symlink: /home/prathamkelkar/ros2_ws/install/px4_msgs/include/px4_msgs/px4_msgs/msg/detail/register_ext_component_reply__builder.hpp\n'}
[2.401400] (px4_msgs) StdoutLine: {'line': b'-- Up-to-date symlink: /home/prathamkelkar/ros2_ws/install/px4_msgs/include/px4_msgs/px4_msgs/msg/detail/register_ext_component_reply__struct.hpp\n'}
[2.401487] (px4_msgs) StdoutLine: {'line': b'-- Up-to-date symlink: /home/prathamkelkar/ros2_ws/install/px4_msgs/include/px4_msgs/px4_msgs/msg/detail/register_ext_component_reply__traits.hpp\n'}
[2.401570] (px4_msgs) StdoutLine: {'line': b'-- Up-to-date symlink: /home/prathamkelkar/ros2_ws/install/px4_msgs/include/px4_msgs/px4_msgs/msg/detail/register_ext_component_reply__type_support.hpp\n'}
[2.401651] (px4_msgs) StdoutLine: {'line': b'-- Up-to-date symlink: /home/prathamkelkar/ros2_ws/install/px4_msgs/include/px4_msgs/px4_msgs/msg/detail/register_ext_component_request__builder.hpp\n'}
[2.401740] (px4_msgs) StdoutLine: {'line': b'-- Up-to-date symlink: /home/prathamkelkar/ros2_ws/install/px4_msgs/include/px4_msgs/px4_msgs/msg/detail/register_ext_component_request__struct.hpp\n'}
[2.401877] (px4_msgs) StdoutLine: {'line': b'-- Up-to-date symlink: /home/prathamkelkar/ros2_ws/install/px4_msgs/include/px4_msgs/px4_msgs/msg/detail/register_ext_component_request__traits.hpp\n'}
[2.401959] (px4_msgs) StdoutLine: {'line': b'-- Up-to-date symlink: /home/prathamkelkar/ros2_ws/install/px4_msgs/include/px4_msgs/px4_msgs/msg/detail/register_ext_component_request__type_support.hpp\n'}
[2.402039] (px4_msgs) StdoutLine: {'line': b'-- Up-to-date symlink: /home/prathamkelkar/ros2_ws/install/px4_msgs/include/px4_msgs/px4_msgs/msg/detail/rpm__builder.hpp\n'}
[2.402111] (px4_msgs) StdoutLine: {'line': b'-- Up-to-date symlink: /home/prathamkelkar/ros2_ws/install/px4_msgs/include/px4_msgs/px4_msgs/msg/detail/rpm__struct.hpp\n'}
[2.402256] (px4_msgs) StdoutLine: {'line': b'-- Up-to-date symlink: /home/prathamkelkar/ros2_ws/install/px4_msgs/include/px4_msgs/px4_msgs/msg/detail/rpm__traits.hpp\n'}
[2.402349] (px4_msgs) StdoutLine: {'line': b'-- Up-to-date symlink: /home/prathamkelkar/ros2_ws/install/px4_msgs/include/px4_msgs/px4_msgs/msg/detail/rpm__type_support.hpp\n'}
[2.402432] (px4_msgs) StdoutLine: {'line': b'-- Up-to-date symlink: /home/prathamkelkar/ros2_ws/install/px4_msgs/include/px4_msgs/px4_msgs/msg/detail/rtl_status__builder.hpp\n'}
[2.402514] (px4_msgs) StdoutLine: {'line': b'-- Up-to-date symlink: /home/prathamkelkar/ros2_ws/install/px4_msgs/include/px4_msgs/px4_msgs/msg/detail/rtl_status__struct.hpp\n'}
[2.402599] (px4_msgs) StdoutLine: {'line': b'-- Up-to-date symlink: /home/prathamkelkar/ros2_ws/install/px4_msgs/include/px4_msgs/px4_msgs/msg/detail/rtl_status__traits.hpp\n'}
[2.402693] (px4_msgs) StdoutLine: {'line': b'-- Up-to-date symlink: /home/prathamkelkar/ros2_ws/install/px4_msgs/include/px4_msgs/px4_msgs/msg/detail/rtl_status__type_support.hpp\n'}
[2.403170] (px4_msgs) StdoutLine: {'line': b'-- Up-to-date symlink: /home/prathamkelkar/ros2_ws/install/px4_msgs/include/px4_msgs/px4_msgs/msg/detail/rtl_time_estimate__builder.hpp\n'}
[2.403351] (px4_msgs) StdoutLine: {'line': b'-- Up-to-date symlink: /home/prathamkelkar/ros2_ws/install/px4_msgs/include/px4_msgs/px4_msgs/msg/detail/rtl_time_estimate__struct.hpp\n'}
[2.403455] (px4_msgs) StdoutLine: {'line': b'-- Up-to-date symlink: /home/prathamkelkar/ros2_ws/install/px4_msgs/include/px4_msgs/px4_msgs/msg/detail/rtl_time_estimate__traits.hpp\n'}
[2.403632] (px4_msgs) StdoutLine: {'line': b'-- Up-to-date symlink: /home/prathamkelkar/ros2_ws/install/px4_msgs/include/px4_msgs/px4_msgs/msg/detail/rtl_time_estimate__type_support.hpp\n'}
[2.403767] (px4_msgs) StdoutLine: {'line': b'-- Up-to-date symlink: /home/prathamkelkar/ros2_ws/install/px4_msgs/include/px4_msgs/px4_msgs/msg/detail/satellite_info__builder.hpp\n'}
[2.403893] (px4_msgs) StdoutLine: {'line': b'-- Up-to-date symlink: /home/prathamkelkar/ros2_ws/install/px4_msgs/include/px4_msgs/px4_msgs/msg/detail/satellite_info__struct.hpp\n'}
[2.404031] (px4_msgs) StdoutLine: {'line': b'-- Up-to-date symlink: /home/prathamkelkar/ros2_ws/install/px4_msgs/include/px4_msgs/px4_msgs/msg/detail/satellite_info__traits.hpp\n'}
[2.404115] (px4_msgs) StdoutLine: {'line': b'-- Up-to-date symlink: /home/prathamkelkar/ros2_ws/install/px4_msgs/include/px4_msgs/px4_msgs/msg/detail/satellite_info__type_support.hpp\n'}
[2.404212] (px4_msgs) StdoutLine: {'line': b'-- Up-to-date symlink: /home/prathamkelkar/ros2_ws/install/px4_msgs/include/px4_msgs/px4_msgs/msg/detail/sensor_accel__builder.hpp\n'}
[2.404338] (px4_msgs) StdoutLine: {'line': b'-- Up-to-date symlink: /home/prathamkelkar/ros2_ws/install/px4_msgs/include/px4_msgs/px4_msgs/msg/detail/sensor_accel__struct.hpp\n'}
[2.404425] (px4_msgs) StdoutLine: {'line': b'-- Up-to-date symlink: /home/prathamkelkar/ros2_ws/install/px4_msgs/include/px4_msgs/px4_msgs/msg/detail/sensor_accel__traits.hpp\n'}
[2.404520] (px4_msgs) StdoutLine: {'line': b'-- Up-to-date symlink: /home/prathamkelkar/ros2_ws/install/px4_msgs/include/px4_msgs/px4_msgs/msg/detail/sensor_accel__type_support.hpp\n'}
[2.404600] (px4_msgs) StdoutLine: {'line': b'-- Up-to-date symlink: /home/prathamkelkar/ros2_ws/install/px4_msgs/include/px4_msgs/px4_msgs/msg/detail/sensor_accel_fifo__builder.hpp\n'}
[2.404733] (px4_msgs) StdoutLine: {'line': b'-- Up-to-date symlink: /home/prathamkelkar/ros2_ws/install/px4_msgs/include/px4_msgs/px4_msgs/msg/detail/sensor_accel_fifo__struct.hpp\n'}
[2.404818] (px4_msgs) StdoutLine: {'line': b'-- Up-to-date symlink: /home/prathamkelkar/ros2_ws/install/px4_msgs/include/px4_msgs/px4_msgs/msg/detail/sensor_accel_fifo__traits.hpp\n'}
[2.404902] (px4_msgs) StdoutLine: {'line': b'-- Up-to-date symlink: /home/prathamkelkar/ros2_ws/install/px4_msgs/include/px4_msgs/px4_msgs/msg/detail/sensor_accel_fifo__type_support.hpp\n'}
[2.405001] (px4_msgs) StdoutLine: {'line': b'-- Up-to-date symlink: /home/prathamkelkar/ros2_ws/install/px4_msgs/include/px4_msgs/px4_msgs/msg/detail/sensor_airflow__builder.hpp\n'}
[2.405108] (px4_msgs) StdoutLine: {'line': b'-- Up-to-date symlink: /home/prathamkelkar/ros2_ws/install/px4_msgs/include/px4_msgs/px4_msgs/msg/detail/sensor_airflow__struct.hpp\n'}
[2.405186] (px4_msgs) StdoutLine: {'line': b'-- Up-to-date symlink: /home/prathamkelkar/ros2_ws/install/px4_msgs/include/px4_msgs/px4_msgs/msg/detail/sensor_airflow__traits.hpp\n'}
[2.405278] (px4_msgs) StdoutLine: {'line': b'-- Up-to-date symlink: /home/prathamkelkar/ros2_ws/install/px4_msgs/include/px4_msgs/px4_msgs/msg/detail/sensor_airflow__type_support.hpp\n'}
[2.405367] (px4_msgs) StdoutLine: {'line': b'-- Up-to-date symlink: /home/prathamkelkar/ros2_ws/install/px4_msgs/include/px4_msgs/px4_msgs/msg/detail/sensor_baro__builder.hpp\n'}
[2.405462] (px4_msgs) StdoutLine: {'line': b'-- Up-to-date symlink: /home/prathamkelkar/ros2_ws/install/px4_msgs/include/px4_msgs/px4_msgs/msg/detail/sensor_baro__struct.hpp\n'}
[2.405559] (px4_msgs) StdoutLine: {'line': b'-- Up-to-date symlink: /home/prathamkelkar/ros2_ws/install/px4_msgs/include/px4_msgs/px4_msgs/msg/detail/sensor_baro__traits.hpp\n'}
[2.405645] (px4_msgs) StdoutLine: {'line': b'-- Up-to-date symlink: /home/prathamkelkar/ros2_ws/install/px4_msgs/include/px4_msgs/px4_msgs/msg/detail/sensor_baro__type_support.hpp\n'}
[2.405756] (px4_msgs) StdoutLine: {'line': b'-- Up-to-date symlink: /home/prathamkelkar/ros2_ws/install/px4_msgs/include/px4_msgs/px4_msgs/msg/detail/sensor_combined__builder.hpp\n'}
[2.405841] (px4_msgs) StdoutLine: {'line': b'-- Up-to-date symlink: /home/prathamkelkar/ros2_ws/install/px4_msgs/include/px4_msgs/px4_msgs/msg/detail/sensor_combined__struct.hpp\n'}
[2.405917] (px4_msgs) StdoutLine: {'line': b'-- Up-to-date symlink: /home/prathamkelkar/ros2_ws/install/px4_msgs/include/px4_msgs/px4_msgs/msg/detail/sensor_combined__traits.hpp\n'}
[2.406009] (px4_msgs) StdoutLine: {'line': b'-- Up-to-date symlink: /home/prathamkelkar/ros2_ws/install/px4_msgs/include/px4_msgs/px4_msgs/msg/detail/sensor_combined__type_support.hpp\n'}
[2.406075] (px4_msgs) StdoutLine: {'line': b'-- Up-to-date symlink: /home/prathamkelkar/ros2_ws/install/px4_msgs/include/px4_msgs/px4_msgs/msg/detail/sensor_correction__builder.hpp\n'}
[2.406152] (px4_msgs) StdoutLine: {'line': b'-- Up-to-date symlink: /home/prathamkelkar/ros2_ws/install/px4_msgs/include/px4_msgs/px4_msgs/msg/detail/sensor_correction__struct.hpp\n'}
[2.406227] (px4_msgs) StdoutLine: {'line': b'-- Up-to-date symlink: /home/prathamkelkar/ros2_ws/install/px4_msgs/include/px4_msgs/px4_msgs/msg/detail/sensor_correction__traits.hpp\n'}
[2.406332] (px4_msgs) StdoutLine: {'line': b'-- Up-to-date symlink: /home/prathamkelkar/ros2_ws/install/px4_msgs/include/px4_msgs/px4_msgs/msg/detail/sensor_correction__type_support.hpp\n'}
[2.406406] (px4_msgs) StdoutLine: {'line': b'-- Up-to-date symlink: /home/prathamkelkar/ros2_ws/install/px4_msgs/include/px4_msgs/px4_msgs/msg/detail/sensor_gnss_relative__builder.hpp\n'}
[2.406495] (px4_msgs) StdoutLine: {'line': b'-- Up-to-date symlink: /home/prathamkelkar/ros2_ws/install/px4_msgs/include/px4_msgs/px4_msgs/msg/detail/sensor_gnss_relative__struct.hpp\n'}
[2.406581] (px4_msgs) StdoutLine: {'line': b'-- Up-to-date symlink: /home/prathamkelkar/ros2_ws/install/px4_msgs/include/px4_msgs/px4_msgs/msg/detail/sensor_gnss_relative__traits.hpp\n'}
[2.406653] (px4_msgs) StdoutLine: {'line': b'-- Up-to-date symlink: /home/prathamkelkar/ros2_ws/install/px4_msgs/include/px4_msgs/px4_msgs/msg/detail/sensor_gnss_relative__type_support.hpp\n'}
[2.406813] (px4_msgs) StdoutLine: {'line': b'-- Up-to-date symlink: /home/prathamkelkar/ros2_ws/install/px4_msgs/include/px4_msgs/px4_msgs/msg/detail/sensor_gps__builder.hpp\n'}
[2.406914] (px4_msgs) StdoutLine: {'line': b'-- Up-to-date symlink: /home/prathamkelkar/ros2_ws/install/px4_msgs/include/px4_msgs/px4_msgs/msg/detail/sensor_gps__struct.hpp\n'}
[2.407077] (px4_msgs) StdoutLine: {'line': b'-- Up-to-date symlink: /home/prathamkelkar/ros2_ws/install/px4_msgs/include/px4_msgs/px4_msgs/msg/detail/sensor_gps__traits.hpp\n'}
[2.407467] (px4_msgs) StdoutLine: {'line': b'-- Up-to-date symlink: /home/prathamkelkar/ros2_ws/install/px4_msgs/include/px4_msgs/px4_msgs/msg/detail/sensor_gps__type_support.hpp\n'}
[2.407822] (px4_msgs) StdoutLine: {'line': b'-- Up-to-date symlink: /home/prathamkelkar/ros2_ws/install/px4_msgs/include/px4_msgs/px4_msgs/msg/detail/sensor_gyro__builder.hpp\n'}
[2.408194] (px4_msgs) StdoutLine: {'line': b'-- Up-to-date symlink: /home/prathamkelkar/ros2_ws/install/px4_msgs/include/px4_msgs/px4_msgs/msg/detail/sensor_gyro__struct.hpp\n'}
[2.408457] (px4_msgs) StdoutLine: {'line': b'-- Up-to-date symlink: /home/prathamkelkar/ros2_ws/install/px4_msgs/include/px4_msgs/px4_msgs/msg/detail/sensor_gyro__traits.hpp\n'}
[2.408808] (px4_msgs) StdoutLine: {'line': b'-- Up-to-date symlink: /home/prathamkelkar/ros2_ws/install/px4_msgs/include/px4_msgs/px4_msgs/msg/detail/sensor_gyro__type_support.hpp\n'}
[2.408957] (px4_msgs) StdoutLine: {'line': b'-- Up-to-date symlink: /home/prathamkelkar/ros2_ws/install/px4_msgs/include/px4_msgs/px4_msgs/msg/detail/sensor_gyro_fft__builder.hpp\n'}
[2.409084] (px4_msgs) StdoutLine: {'line': b'-- Up-to-date symlink: /home/prathamkelkar/ros2_ws/install/px4_msgs/include/px4_msgs/px4_msgs/msg/detail/sensor_gyro_fft__struct.hpp\n'}
[2.409176] (px4_msgs) StdoutLine: {'line': b'-- Up-to-date symlink: /home/prathamkelkar/ros2_ws/install/px4_msgs/include/px4_msgs/px4_msgs/msg/detail/sensor_gyro_fft__traits.hpp\n'}
[2.409527] (-) TimerEvent: {}
[2.409734] (px4_msgs) StdoutLine: {'line': b'-- Up-to-date symlink: /home/prathamkelkar/ros2_ws/install/px4_msgs/include/px4_msgs/px4_msgs/msg/detail/sensor_gyro_fft__type_support.hpp\n'}
[2.409888] (px4_msgs) StdoutLine: {'line': b'-- Up-to-date symlink: /home/prathamkelkar/ros2_ws/install/px4_msgs/include/px4_msgs/px4_msgs/msg/detail/sensor_gyro_fifo__builder.hpp\n'}
[2.410007] (px4_msgs) StdoutLine: {'line': b'-- Up-to-date symlink: /home/prathamkelkar/ros2_ws/install/px4_msgs/include/px4_msgs/px4_msgs/msg/detail/sensor_gyro_fifo__struct.hpp\n'}
[2.410119] (px4_msgs) StdoutLine: {'line': b'-- Up-to-date symlink: /home/prathamkelkar/ros2_ws/install/px4_msgs/include/px4_msgs/px4_msgs/msg/detail/sensor_gyro_fifo__traits.hpp\n'}
[2.410232] (px4_msgs) StdoutLine: {'line': b'-- Up-to-date symlink: /home/prathamkelkar/ros2_ws/install/px4_msgs/include/px4_msgs/px4_msgs/msg/detail/sensor_gyro_fifo__type_support.hpp\n'}
[2.410324] (px4_msgs) StdoutLine: {'line': b'-- Up-to-date symlink: /home/prathamkelkar/ros2_ws/install/px4_msgs/include/px4_msgs/px4_msgs/msg/detail/sensor_hygrometer__builder.hpp\n'}
[2.410416] (px4_msgs) StdoutLine: {'line': b'-- Up-to-date symlink: /home/prathamkelkar/ros2_ws/install/px4_msgs/include/px4_msgs/px4_msgs/msg/detail/sensor_hygrometer__struct.hpp\n'}
[2.410555] (px4_msgs) StdoutLine: {'line': b'-- Up-to-date symlink: /home/prathamkelkar/ros2_ws/install/px4_msgs/include/px4_msgs/px4_msgs/msg/detail/sensor_hygrometer__traits.hpp\n'}
[2.410718] (px4_msgs) StdoutLine: {'line': b'-- Up-to-date symlink: /home/prathamkelkar/ros2_ws/install/px4_msgs/include/px4_msgs/px4_msgs/msg/detail/sensor_hygrometer__type_support.hpp\n'}
[2.410809] (px4_msgs) StdoutLine: {'line': b'-- Up-to-date symlink: /home/prathamkelkar/ros2_ws/install/px4_msgs/include/px4_msgs/px4_msgs/msg/detail/sensor_mag__builder.hpp\n'}
[2.410892] (px4_msgs) StdoutLine: {'line': b'-- Up-to-date symlink: /home/prathamkelkar/ros2_ws/install/px4_msgs/include/px4_msgs/px4_msgs/msg/detail/sensor_mag__struct.hpp\n'}
[2.410973] (px4_msgs) StdoutLine: {'line': b'-- Up-to-date symlink: /home/prathamkelkar/ros2_ws/install/px4_msgs/include/px4_msgs/px4_msgs/msg/detail/sensor_mag__traits.hpp\n'}
[2.411060] (px4_msgs) StdoutLine: {'line': b'-- Up-to-date symlink: /home/prathamkelkar/ros2_ws/install/px4_msgs/include/px4_msgs/px4_msgs/msg/detail/sensor_mag__type_support.hpp\n'}
[2.411135] (px4_msgs) StdoutLine: {'line': b'-- Up-to-date symlink: /home/prathamkelkar/ros2_ws/install/px4_msgs/include/px4_msgs/px4_msgs/msg/detail/sensor_optical_flow__builder.hpp\n'}
[2.411209] (px4_msgs) StdoutLine: {'line': b'-- Up-to-date symlink: /home/prathamkelkar/ros2_ws/install/px4_msgs/include/px4_msgs/px4_msgs/msg/detail/sensor_optical_flow__struct.hpp\n'}
[2.411334] (px4_msgs) StdoutLine: {'line': b'-- Up-to-date symlink: /home/prathamkelkar/ros2_ws/install/px4_msgs/include/px4_msgs/px4_msgs/msg/detail/sensor_optical_flow__traits.hpp\n'}
[2.411412] (px4_msgs) StdoutLine: {'line': b'-- Up-to-date symlink: /home/prathamkelkar/ros2_ws/install/px4_msgs/include/px4_msgs/px4_msgs/msg/detail/sensor_optical_flow__type_support.hpp\n'}
[2.411512] (px4_msgs) StdoutLine: {'line': b'-- Up-to-date symlink: /home/prathamkelkar/ros2_ws/install/px4_msgs/include/px4_msgs/px4_msgs/msg/detail/sensor_preflight_mag__builder.hpp\n'}
[2.411604] (px4_msgs) StdoutLine: {'line': b'-- Up-to-date symlink: /home/prathamkelkar/ros2_ws/install/px4_msgs/include/px4_msgs/px4_msgs/msg/detail/sensor_preflight_mag__struct.hpp\n'}
[2.411687] (px4_msgs) StdoutLine: {'line': b'-- Up-to-date symlink: /home/prathamkelkar/ros2_ws/install/px4_msgs/include/px4_msgs/px4_msgs/msg/detail/sensor_preflight_mag__traits.hpp\n'}
[2.411820] (px4_msgs) StdoutLine: {'line': b'-- Up-to-date symlink: /home/prathamkelkar/ros2_ws/install/px4_msgs/include/px4_msgs/px4_msgs/msg/detail/sensor_preflight_mag__type_support.hpp\n'}
[2.412052] (px4_msgs) StdoutLine: {'line': b'-- Up-to-date symlink: /home/prathamkelkar/ros2_ws/install/px4_msgs/include/px4_msgs/px4_msgs/msg/detail/sensor_selection__builder.hpp\n'}
[2.412233] (px4_msgs) StdoutLine: {'line': b'-- Up-to-date symlink: /home/prathamkelkar/ros2_ws/install/px4_msgs/include/px4_msgs/px4_msgs/msg/detail/sensor_selection__struct.hpp\n'}
[2.412368] (px4_msgs) StdoutLine: {'line': b'-- Up-to-date symlink: /home/prathamkelkar/ros2_ws/install/px4_msgs/include/px4_msgs/px4_msgs/msg/detail/sensor_selection__traits.hpp\n'}
[2.412501] (px4_msgs) StdoutLine: {'line': b'-- Up-to-date symlink: /home/prathamkelkar/ros2_ws/install/px4_msgs/include/px4_msgs/px4_msgs/msg/detail/sensor_selection__type_support.hpp\n'}
[2.412664] (px4_msgs) StdoutLine: {'line': b'-- Up-to-date symlink: /home/prathamkelkar/ros2_ws/install/px4_msgs/include/px4_msgs/px4_msgs/msg/detail/sensor_uwb__builder.hpp\n'}
[2.412831] (px4_msgs) StdoutLine: {'line': b'-- Up-to-date symlink: /home/prathamkelkar/ros2_ws/install/px4_msgs/include/px4_msgs/px4_msgs/msg/detail/sensor_uwb__struct.hpp\n'}
[2.412962] (px4_msgs) StdoutLine: {'line': b'-- Up-to-date symlink: /home/prathamkelkar/ros2_ws/install/px4_msgs/include/px4_msgs/px4_msgs/msg/detail/sensor_uwb__traits.hpp\n'}
[2.413139] (px4_msgs) StdoutLine: {'line': b'-- Up-to-date symlink: /home/prathamkelkar/ros2_ws/install/px4_msgs/include/px4_msgs/px4_msgs/msg/detail/sensor_uwb__type_support.hpp\n'}
[2.413272] (px4_msgs) StdoutLine: {'line': b'-- Up-to-date symlink: /home/prathamkelkar/ros2_ws/install/px4_msgs/include/px4_msgs/px4_msgs/msg/detail/sensors_status__builder.hpp\n'}
[2.413385] (px4_msgs) StdoutLine: {'line': b'-- Up-to-date symlink: /home/prathamkelkar/ros2_ws/install/px4_msgs/include/px4_msgs/px4_msgs/msg/detail/sensors_status__struct.hpp\n'}
[2.413512] (px4_msgs) StdoutLine: {'line': b'-- Up-to-date symlink: /home/prathamkelkar/ros2_ws/install/px4_msgs/include/px4_msgs/px4_msgs/msg/detail/sensors_status__traits.hpp\n'}
[2.413622] (px4_msgs) StdoutLine: {'line': b'-- Up-to-date symlink: /home/prathamkelkar/ros2_ws/install/px4_msgs/include/px4_msgs/px4_msgs/msg/detail/sensors_status__type_support.hpp\n'}
[2.413726] (px4_msgs) StdoutLine: {'line': b'-- Up-to-date symlink: /home/prathamkelkar/ros2_ws/install/px4_msgs/include/px4_msgs/px4_msgs/msg/detail/sensors_status_imu__builder.hpp\n'}
[2.413818] (px4_msgs) StdoutLine: {'line': b'-- Up-to-date symlink: /home/prathamkelkar/ros2_ws/install/px4_msgs/include/px4_msgs/px4_msgs/msg/detail/sensors_status_imu__struct.hpp\n'}
[2.413911] (px4_msgs) StdoutLine: {'line': b'-- Up-to-date symlink: /home/prathamkelkar/ros2_ws/install/px4_msgs/include/px4_msgs/px4_msgs/msg/detail/sensors_status_imu__traits.hpp\n'}
[2.414014] (px4_msgs) StdoutLine: {'line': b'-- Up-to-date symlink: /home/prathamkelkar/ros2_ws/install/px4_msgs/include/px4_msgs/px4_msgs/msg/detail/sensors_status_imu__type_support.hpp\n'}
[2.414117] (px4_msgs) StdoutLine: {'line': b'-- Up-to-date symlink: /home/prathamkelkar/ros2_ws/install/px4_msgs/include/px4_msgs/px4_msgs/msg/detail/system_power__builder.hpp\n'}
[2.414221] (px4_msgs) StdoutLine: {'line': b'-- Up-to-date symlink: /home/prathamkelkar/ros2_ws/install/px4_msgs/include/px4_msgs/px4_msgs/msg/detail/system_power__struct.hpp\n'}
[2.414325] (px4_msgs) StdoutLine: {'line': b'-- Up-to-date symlink: /home/prathamkelkar/ros2_ws/install/px4_msgs/include/px4_msgs/px4_msgs/msg/detail/system_power__traits.hpp\n'}
[2.414431] (px4_msgs) StdoutLine: {'line': b'-- Up-to-date symlink: /home/prathamkelkar/ros2_ws/install/px4_msgs/include/px4_msgs/px4_msgs/msg/detail/system_power__type_support.hpp\n'}
[2.414654] (px4_msgs) StdoutLine: {'line': b'-- Up-to-date symlink: /home/prathamkelkar/ros2_ws/install/px4_msgs/include/px4_msgs/px4_msgs/msg/detail/takeoff_status__builder.hpp\n'}
[2.414775] (px4_msgs) StdoutLine: {'line': b'-- Up-to-date symlink: /home/prathamkelkar/ros2_ws/install/px4_msgs/include/px4_msgs/px4_msgs/msg/detail/takeoff_status__struct.hpp\n'}
[2.414951] (px4_msgs) StdoutLine: {'line': b'-- Up-to-date symlink: /home/prathamkelkar/ros2_ws/install/px4_msgs/include/px4_msgs/px4_msgs/msg/detail/takeoff_status__traits.hpp\n'}
[2.415174] (px4_msgs) StdoutLine: {'line': b'-- Up-to-date symlink: /home/prathamkelkar/ros2_ws/install/px4_msgs/include/px4_msgs/px4_msgs/msg/detail/takeoff_status__type_support.hpp\n'}
[2.415290] (px4_msgs) StdoutLine: {'line': b'-- Up-to-date symlink: /home/prathamkelkar/ros2_ws/install/px4_msgs/include/px4_msgs/px4_msgs/msg/detail/task_stack_info__builder.hpp\n'}
[2.415414] (px4_msgs) StdoutLine: {'line': b'-- Up-to-date symlink: /home/prathamkelkar/ros2_ws/install/px4_msgs/include/px4_msgs/px4_msgs/msg/detail/task_stack_info__struct.hpp\n'}
[2.415561] (px4_msgs) StdoutLine: {'line': b'-- Up-to-date symlink: /home/prathamkelkar/ros2_ws/install/px4_msgs/include/px4_msgs/px4_msgs/msg/detail/task_stack_info__traits.hpp\n'}
[2.415674] (px4_msgs) StdoutLine: {'line': b'-- Up-to-date symlink: /home/prathamkelkar/ros2_ws/install/px4_msgs/include/px4_msgs/px4_msgs/msg/detail/task_stack_info__type_support.hpp\n'}
[2.415814] (px4_msgs) StdoutLine: {'line': b'-- Up-to-date symlink: /home/prathamkelkar/ros2_ws/install/px4_msgs/include/px4_msgs/px4_msgs/msg/detail/tecs_status__builder.hpp\n'}
[2.415914] (px4_msgs) StdoutLine: {'line': b'-- Up-to-date symlink: /home/prathamkelkar/ros2_ws/install/px4_msgs/include/px4_msgs/px4_msgs/msg/detail/tecs_status__struct.hpp\n'}
[2.416015] (px4_msgs) StdoutLine: {'line': b'-- Up-to-date symlink: /home/prathamkelkar/ros2_ws/install/px4_msgs/include/px4_msgs/px4_msgs/msg/detail/tecs_status__traits.hpp\n'}
[2.416114] (px4_msgs) StdoutLine: {'line': b'-- Up-to-date symlink: /home/prathamkelkar/ros2_ws/install/px4_msgs/include/px4_msgs/px4_msgs/msg/detail/tecs_status__type_support.hpp\n'}
[2.416212] (px4_msgs) StdoutLine: {'line': b'-- Up-to-date symlink: /home/prathamkelkar/ros2_ws/install/px4_msgs/include/px4_msgs/px4_msgs/msg/detail/telemetry_status__builder.hpp\n'}
[2.416314] (px4_msgs) StdoutLine: {'line': b'-- Up-to-date symlink: /home/prathamkelkar/ros2_ws/install/px4_msgs/include/px4_msgs/px4_msgs/msg/detail/telemetry_status__struct.hpp\n'}
[2.416415] (px4_msgs) StdoutLine: {'line': b'-- Up-to-date symlink: /home/prathamkelkar/ros2_ws/install/px4_msgs/include/px4_msgs/px4_msgs/msg/detail/telemetry_status__traits.hpp\n'}
[2.416511] (px4_msgs) StdoutLine: {'line': b'-- Up-to-date symlink: /home/prathamkelkar/ros2_ws/install/px4_msgs/include/px4_msgs/px4_msgs/msg/detail/telemetry_status__type_support.hpp\n'}
[2.416619] (px4_msgs) StdoutLine: {'line': b'-- Up-to-date symlink: /home/prathamkelkar/ros2_ws/install/px4_msgs/include/px4_msgs/px4_msgs/msg/detail/tiltrotor_extra_controls__builder.hpp\n'}
[2.416747] (px4_msgs) StdoutLine: {'line': b'-- Up-to-date symlink: /home/prathamkelkar/ros2_ws/install/px4_msgs/include/px4_msgs/px4_msgs/msg/detail/tiltrotor_extra_controls__struct.hpp\n'}
[2.416867] (px4_msgs) StdoutLine: {'line': b'-- Up-to-date symlink: /home/prathamkelkar/ros2_ws/install/px4_msgs/include/px4_msgs/px4_msgs/msg/detail/tiltrotor_extra_controls__traits.hpp\n'}
[2.416965] (px4_msgs) StdoutLine: {'line': b'-- Up-to-date symlink: /home/prathamkelkar/ros2_ws/install/px4_msgs/include/px4_msgs/px4_msgs/msg/detail/tiltrotor_extra_controls__type_support.hpp\n'}
[2.417062] (px4_msgs) StdoutLine: {'line': b'-- Up-to-date symlink: /home/prathamkelkar/ros2_ws/install/px4_msgs/include/px4_msgs/px4_msgs/msg/detail/timesync_status__builder.hpp\n'}
[2.417165] (px4_msgs) StdoutLine: {'line': b'-- Up-to-date symlink: /home/prathamkelkar/ros2_ws/install/px4_msgs/include/px4_msgs/px4_msgs/msg/detail/timesync_status__struct.hpp\n'}
[2.417262] (px4_msgs) StdoutLine: {'line': b'-- Up-to-date symlink: /home/prathamkelkar/ros2_ws/install/px4_msgs/include/px4_msgs/px4_msgs/msg/detail/timesync_status__traits.hpp\n'}
[2.417358] (px4_msgs) StdoutLine: {'line': b'-- Up-to-date symlink: /home/prathamkelkar/ros2_ws/install/px4_msgs/include/px4_msgs/px4_msgs/msg/detail/timesync_status__type_support.hpp\n'}
[2.417466] (px4_msgs) StdoutLine: {'line': b'-- Up-to-date symlink: /home/prathamkelkar/ros2_ws/install/px4_msgs/include/px4_msgs/px4_msgs/msg/detail/trajectory_bezier__builder.hpp\n'}
[2.417561] (px4_msgs) StdoutLine: {'line': b'-- Up-to-date symlink: /home/prathamkelkar/ros2_ws/install/px4_msgs/include/px4_msgs/px4_msgs/msg/detail/trajectory_bezier__struct.hpp\n'}
[2.417654] (px4_msgs) StdoutLine: {'line': b'-- Up-to-date symlink: /home/prathamkelkar/ros2_ws/install/px4_msgs/include/px4_msgs/px4_msgs/msg/detail/trajectory_bezier__traits.hpp\n'}
[2.417759] (px4_msgs) StdoutLine: {'line': b'-- Up-to-date symlink: /home/prathamkelkar/ros2_ws/install/px4_msgs/include/px4_msgs/px4_msgs/msg/detail/trajectory_bezier__type_support.hpp\n'}
[2.417855] (px4_msgs) StdoutLine: {'line': b'-- Up-to-date symlink: /home/prathamkelkar/ros2_ws/install/px4_msgs/include/px4_msgs/px4_msgs/msg/detail/trajectory_setpoint__builder.hpp\n'}
[2.417949] (px4_msgs) StdoutLine: {'line': b'-- Up-to-date symlink: /home/prathamkelkar/ros2_ws/install/px4_msgs/include/px4_msgs/px4_msgs/msg/detail/trajectory_setpoint__struct.hpp\n'}
[2.418047] (px4_msgs) StdoutLine: {'line': b'-- Up-to-date symlink: /home/prathamkelkar/ros2_ws/install/px4_msgs/include/px4_msgs/px4_msgs/msg/detail/trajectory_setpoint__traits.hpp\n'}
[2.418141] (px4_msgs) StdoutLine: {'line': b'-- Up-to-date symlink: /home/prathamkelkar/ros2_ws/install/px4_msgs/include/px4_msgs/px4_msgs/msg/detail/trajectory_setpoint__type_support.hpp\n'}
[2.418237] (px4_msgs) StdoutLine: {'line': b'-- Up-to-date symlink: /home/prathamkelkar/ros2_ws/install/px4_msgs/include/px4_msgs/px4_msgs/msg/detail/trajectory_waypoint__builder.hpp\n'}
[2.418331] (px4_msgs) StdoutLine: {'line': b'-- Up-to-date symlink: /home/prathamkelkar/ros2_ws/install/px4_msgs/include/px4_msgs/px4_msgs/msg/detail/trajectory_waypoint__struct.hpp\n'}
[2.418428] (px4_msgs) StdoutLine: {'line': b'-- Up-to-date symlink: /home/prathamkelkar/ros2_ws/install/px4_msgs/include/px4_msgs/px4_msgs/msg/detail/trajectory_waypoint__traits.hpp\n'}
[2.418528] (px4_msgs) StdoutLine: {'line': b'-- Up-to-date symlink: /home/prathamkelkar/ros2_ws/install/px4_msgs/include/px4_msgs/px4_msgs/msg/detail/trajectory_waypoint__type_support.hpp\n'}
[2.418644] (px4_msgs) StdoutLine: {'line': b'-- Up-to-date symlink: /home/prathamkelkar/ros2_ws/install/px4_msgs/include/px4_msgs/px4_msgs/msg/detail/transponder_report__builder.hpp\n'}
[2.418751] (px4_msgs) StdoutLine: {'line': b'-- Up-to-date symlink: /home/prathamkelkar/ros2_ws/install/px4_msgs/include/px4_msgs/px4_msgs/msg/detail/transponder_report__struct.hpp\n'}
[2.418848] (px4_msgs) StdoutLine: {'line': b'-- Up-to-date symlink: /home/prathamkelkar/ros2_ws/install/px4_msgs/include/px4_msgs/px4_msgs/msg/detail/transponder_report__traits.hpp\n'}
[2.418946] (px4_msgs) StdoutLine: {'line': b'-- Up-to-date symlink: /home/prathamkelkar/ros2_ws/install/px4_msgs/include/px4_msgs/px4_msgs/msg/detail/transponder_report__type_support.hpp\n'}
[2.419048] (px4_msgs) StdoutLine: {'line': b'-- Up-to-date symlink: /home/prathamkelkar/ros2_ws/install/px4_msgs/include/px4_msgs/px4_msgs/msg/detail/tune_control__builder.hpp\n'}
[2.419141] (px4_msgs) StdoutLine: {'line': b'-- Up-to-date symlink: /home/prathamkelkar/ros2_ws/install/px4_msgs/include/px4_msgs/px4_msgs/msg/detail/tune_control__struct.hpp\n'}
[2.419238] (px4_msgs) StdoutLine: {'line': b'-- Up-to-date symlink: /home/prathamkelkar/ros2_ws/install/px4_msgs/include/px4_msgs/px4_msgs/msg/detail/tune_control__traits.hpp\n'}
[2.419333] (px4_msgs) StdoutLine: {'line': b'-- Up-to-date symlink: /home/prathamkelkar/ros2_ws/install/px4_msgs/include/px4_msgs/px4_msgs/msg/detail/tune_control__type_support.hpp\n'}
[2.419434] (px4_msgs) StdoutLine: {'line': b'-- Up-to-date symlink: /home/prathamkelkar/ros2_ws/install/px4_msgs/include/px4_msgs/px4_msgs/msg/detail/uavcan_parameter_request__builder.hpp\n'}
[2.419529] (px4_msgs) StdoutLine: {'line': b'-- Up-to-date symlink: /home/prathamkelkar/ros2_ws/install/px4_msgs/include/px4_msgs/px4_msgs/msg/detail/uavcan_parameter_request__struct.hpp\n'}
[2.419628] (px4_msgs) StdoutLine: {'line': b'-- Up-to-date symlink: /home/prathamkelkar/ros2_ws/install/px4_msgs/include/px4_msgs/px4_msgs/msg/detail/uavcan_parameter_request__traits.hpp\n'}
[2.419737] (px4_msgs) StdoutLine: {'line': b'-- Up-to-date symlink: /home/prathamkelkar/ros2_ws/install/px4_msgs/include/px4_msgs/px4_msgs/msg/detail/uavcan_parameter_request__type_support.hpp\n'}
[2.419833] (px4_msgs) StdoutLine: {'line': b'-- Up-to-date symlink: /home/prathamkelkar/ros2_ws/install/px4_msgs/include/px4_msgs/px4_msgs/msg/detail/uavcan_parameter_value__builder.hpp\n'}
[2.419928] (px4_msgs) StdoutLine: {'line': b'-- Up-to-date symlink: /home/prathamkelkar/ros2_ws/install/px4_msgs/include/px4_msgs/px4_msgs/msg/detail/uavcan_parameter_value__struct.hpp\n'}
[2.420024] (px4_msgs) StdoutLine: {'line': b'-- Up-to-date symlink: /home/prathamkelkar/ros2_ws/install/px4_msgs/include/px4_msgs/px4_msgs/msg/detail/uavcan_parameter_value__traits.hpp\n'}
[2.420120] (px4_msgs) StdoutLine: {'line': b'-- Up-to-date symlink: /home/prathamkelkar/ros2_ws/install/px4_msgs/include/px4_msgs/px4_msgs/msg/detail/uavcan_parameter_value__type_support.hpp\n'}
[2.420214] (px4_msgs) StdoutLine: {'line': b'-- Up-to-date symlink: /home/prathamkelkar/ros2_ws/install/px4_msgs/include/px4_msgs/px4_msgs/msg/detail/ulog_stream__builder.hpp\n'}
[2.420306] (px4_msgs) StdoutLine: {'line': b'-- Up-to-date symlink: /home/prathamkelkar/ros2_ws/install/px4_msgs/include/px4_msgs/px4_msgs/msg/detail/ulog_stream__struct.hpp\n'}
[2.420397] (px4_msgs) StdoutLine: {'line': b'-- Up-to-date symlink: /home/prathamkelkar/ros2_ws/install/px4_msgs/include/px4_msgs/px4_msgs/msg/detail/ulog_stream__traits.hpp\n'}
[2.420492] (px4_msgs) StdoutLine: {'line': b'-- Up-to-date symlink: /home/prathamkelkar/ros2_ws/install/px4_msgs/include/px4_msgs/px4_msgs/msg/detail/ulog_stream__type_support.hpp\n'}
[2.420585] (px4_msgs) StdoutLine: {'line': b'-- Up-to-date symlink: /home/prathamkelkar/ros2_ws/install/px4_msgs/include/px4_msgs/px4_msgs/msg/detail/ulog_stream_ack__builder.hpp\n'}
[2.420683] (px4_msgs) StdoutLine: {'line': b'-- Up-to-date symlink: /home/prathamkelkar/ros2_ws/install/px4_msgs/include/px4_msgs/px4_msgs/msg/detail/ulog_stream_ack__struct.hpp\n'}
[2.420777] (px4_msgs) StdoutLine: {'line': b'-- Up-to-date symlink: /home/prathamkelkar/ros2_ws/install/px4_msgs/include/px4_msgs/px4_msgs/msg/detail/ulog_stream_ack__traits.hpp\n'}
[2.420869] (px4_msgs) StdoutLine: {'line': b'-- Up-to-date symlink: /home/prathamkelkar/ros2_ws/install/px4_msgs/include/px4_msgs/px4_msgs/msg/detail/ulog_stream_ack__type_support.hpp\n'}
[2.420961] (px4_msgs) StdoutLine: {'line': b'-- Up-to-date symlink: /home/prathamkelkar/ros2_ws/install/px4_msgs/include/px4_msgs/px4_msgs/msg/detail/unregister_ext_component__builder.hpp\n'}
[2.421054] (px4_msgs) StdoutLine: {'line': b'-- Up-to-date symlink: /home/prathamkelkar/ros2_ws/install/px4_msgs/include/px4_msgs/px4_msgs/msg/detail/unregister_ext_component__struct.hpp\n'}
[2.421147] (px4_msgs) StdoutLine: {'line': b'-- Up-to-date symlink: /home/prathamkelkar/ros2_ws/install/px4_msgs/include/px4_msgs/px4_msgs/msg/detail/unregister_ext_component__traits.hpp\n'}
[2.421242] (px4_msgs) StdoutLine: {'line': b'-- Up-to-date symlink: /home/prathamkelkar/ros2_ws/install/px4_msgs/include/px4_msgs/px4_msgs/msg/detail/unregister_ext_component__type_support.hpp\n'}
[2.421337] (px4_msgs) StdoutLine: {'line': b'-- Up-to-date symlink: /home/prathamkelkar/ros2_ws/install/px4_msgs/include/px4_msgs/px4_msgs/msg/detail/vehicle_acceleration__builder.hpp\n'}
[2.421431] (px4_msgs) StdoutLine: {'line': b'-- Up-to-date symlink: /home/prathamkelkar/ros2_ws/install/px4_msgs/include/px4_msgs/px4_msgs/msg/detail/vehicle_acceleration__struct.hpp\n'}
[2.421536] (px4_msgs) StdoutLine: {'line': b'-- Up-to-date symlink: /home/prathamkelkar/ros2_ws/install/px4_msgs/include/px4_msgs/px4_msgs/msg/detail/vehicle_acceleration__traits.hpp\n'}
[2.421629] (px4_msgs) StdoutLine: {'line': b'-- Up-to-date symlink: /home/prathamkelkar/ros2_ws/install/px4_msgs/include/px4_msgs/px4_msgs/msg/detail/vehicle_acceleration__type_support.hpp\n'}
[2.421731] (px4_msgs) StdoutLine: {'line': b'-- Up-to-date symlink: /home/prathamkelkar/ros2_ws/install/px4_msgs/include/px4_msgs/px4_msgs/msg/detail/vehicle_air_data__builder.hpp\n'}
[2.421824] (px4_msgs) StdoutLine: {'line': b'-- Up-to-date symlink: /home/prathamkelkar/ros2_ws/install/px4_msgs/include/px4_msgs/px4_msgs/msg/detail/vehicle_air_data__struct.hpp\n'}
[2.421917] (px4_msgs) StdoutLine: {'line': b'-- Up-to-date symlink: /home/prathamkelkar/ros2_ws/install/px4_msgs/include/px4_msgs/px4_msgs/msg/detail/vehicle_air_data__traits.hpp\n'}
[2.422009] (px4_msgs) StdoutLine: {'line': b'-- Up-to-date symlink: /home/prathamkelkar/ros2_ws/install/px4_msgs/include/px4_msgs/px4_msgs/msg/detail/vehicle_air_data__type_support.hpp\n'}
[2.422107] (px4_msgs) StdoutLine: {'line': b'-- Up-to-date symlink: /home/prathamkelkar/ros2_ws/install/px4_msgs/include/px4_msgs/px4_msgs/msg/detail/vehicle_angular_acceleration_setpoint__builder.hpp\n'}
[2.422208] (px4_msgs) StdoutLine: {'line': b'-- Up-to-date symlink: /home/prathamkelkar/ros2_ws/install/px4_msgs/include/px4_msgs/px4_msgs/msg/detail/vehicle_angular_acceleration_setpoint__struct.hpp\n'}
[2.422300] (px4_msgs) StdoutLine: {'line': b'-- Up-to-date symlink: /home/prathamkelkar/ros2_ws/install/px4_msgs/include/px4_msgs/px4_msgs/msg/detail/vehicle_angular_acceleration_setpoint__traits.hpp\n'}
[2.422394] (px4_msgs) StdoutLine: {'line': b'-- Up-to-date symlink: /home/prathamkelkar/ros2_ws/install/px4_msgs/include/px4_msgs/px4_msgs/msg/detail/vehicle_angular_acceleration_setpoint__type_support.hpp\n'}
[2.422489] (px4_msgs) StdoutLine: {'line': b'-- Up-to-date symlink: /home/prathamkelkar/ros2_ws/install/px4_msgs/include/px4_msgs/px4_msgs/msg/detail/vehicle_angular_velocity__builder.hpp\n'}
[2.422589] (px4_msgs) StdoutLine: {'line': b'-- Up-to-date symlink: /home/prathamkelkar/ros2_ws/install/px4_msgs/include/px4_msgs/px4_msgs/msg/detail/vehicle_angular_velocity__struct.hpp\n'}
[2.422697] (px4_msgs) StdoutLine: {'line': b'-- Up-to-date symlink: /home/prathamkelkar/ros2_ws/install/px4_msgs/include/px4_msgs/px4_msgs/msg/detail/vehicle_angular_velocity__traits.hpp\n'}
[2.422808] (px4_msgs) StdoutLine: {'line': b'-- Up-to-date symlink: /home/prathamkelkar/ros2_ws/install/px4_msgs/include/px4_msgs/px4_msgs/msg/detail/vehicle_angular_velocity__type_support.hpp\n'}
[2.422908] (px4_msgs) StdoutLine: {'line': b'-- Up-to-date symlink: /home/prathamkelkar/ros2_ws/install/px4_msgs/include/px4_msgs/px4_msgs/msg/detail/vehicle_attitude__builder.hpp\n'}
[2.423027] (px4_msgs) StdoutLine: {'line': b'-- Up-to-date symlink: /home/prathamkelkar/ros2_ws/install/px4_msgs/include/px4_msgs/px4_msgs/msg/detail/vehicle_attitude__struct.hpp\n'}
[2.423122] (px4_msgs) StdoutLine: {'line': b'-- Up-to-date symlink: /home/prathamkelkar/ros2_ws/install/px4_msgs/include/px4_msgs/px4_msgs/msg/detail/vehicle_attitude__traits.hpp\n'}
[2.423211] (px4_msgs) StdoutLine: {'line': b'-- Up-to-date symlink: /home/prathamkelkar/ros2_ws/install/px4_msgs/include/px4_msgs/px4_msgs/msg/detail/vehicle_attitude__type_support.hpp\n'}
[2.423310] (px4_msgs) StdoutLine: {'line': b'-- Up-to-date symlink: /home/prathamkelkar/ros2_ws/install/px4_msgs/include/px4_msgs/px4_msgs/msg/detail/vehicle_attitude_setpoint__builder.hpp\n'}
[2.423408] (px4_msgs) StdoutLine: {'line': b'-- Up-to-date symlink: /home/prathamkelkar/ros2_ws/install/px4_msgs/include/px4_msgs/px4_msgs/msg/detail/vehicle_attitude_setpoint__struct.hpp\n'}
[2.423509] (px4_msgs) StdoutLine: {'line': b'-- Up-to-date symlink: /home/prathamkelkar/ros2_ws/install/px4_msgs/include/px4_msgs/px4_msgs/msg/detail/vehicle_attitude_setpoint__traits.hpp\n'}
[2.423619] (px4_msgs) StdoutLine: {'line': b'-- Up-to-date symlink: /home/prathamkelkar/ros2_ws/install/px4_msgs/include/px4_msgs/px4_msgs/msg/detail/vehicle_attitude_setpoint__type_support.hpp\n'}
[2.423756] (px4_msgs) StdoutLine: {'line': b'-- Up-to-date symlink: /home/prathamkelkar/ros2_ws/install/px4_msgs/include/px4_msgs/px4_msgs/msg/detail/vehicle_command__builder.hpp\n'}
[2.423893] (px4_msgs) StdoutLine: {'line': b'-- Up-to-date symlink: /home/prathamkelkar/ros2_ws/install/px4_msgs/include/px4_msgs/px4_msgs/msg/detail/vehicle_command__struct.hpp\n'}
[2.424016] (px4_msgs) StdoutLine: {'line': b'-- Up-to-date symlink: /home/prathamkelkar/ros2_ws/install/px4_msgs/include/px4_msgs/px4_msgs/msg/detail/vehicle_command__traits.hpp\n'}
[2.424148] (px4_msgs) StdoutLine: {'line': b'-- Up-to-date symlink: /home/prathamkelkar/ros2_ws/install/px4_msgs/include/px4_msgs/px4_msgs/msg/detail/vehicle_command__type_support.hpp\n'}
[2.424299] (px4_msgs) StdoutLine: {'line': b'-- Up-to-date symlink: /home/prathamkelkar/ros2_ws/install/px4_msgs/include/px4_msgs/px4_msgs/msg/detail/vehicle_command_ack__builder.hpp\n'}
[2.424436] (px4_msgs) StdoutLine: {'line': b'-- Up-to-date symlink: /home/prathamkelkar/ros2_ws/install/px4_msgs/include/px4_msgs/px4_msgs/msg/detail/vehicle_command_ack__struct.hpp\n'}
[2.424561] (px4_msgs) StdoutLine: {'line': b'-- Up-to-date symlink: /home/prathamkelkar/ros2_ws/install/px4_msgs/include/px4_msgs/px4_msgs/msg/detail/vehicle_command_ack__traits.hpp\n'}
[2.424731] (px4_msgs) StdoutLine: {'line': b'-- Up-to-date symlink: /home/prathamkelkar/ros2_ws/install/px4_msgs/include/px4_msgs/px4_msgs/msg/detail/vehicle_command_ack__type_support.hpp\n'}
[2.424834] (px4_msgs) StdoutLine: {'line': b'-- Up-to-date symlink: /home/prathamkelkar/ros2_ws/install/px4_msgs/include/px4_msgs/px4_msgs/msg/detail/vehicle_constraints__builder.hpp\n'}
[2.424935] (px4_msgs) StdoutLine: {'line': b'-- Up-to-date symlink: /home/prathamkelkar/ros2_ws/install/px4_msgs/include/px4_msgs/px4_msgs/msg/detail/vehicle_constraints__struct.hpp\n'}
[2.425040] (px4_msgs) StdoutLine: {'line': b'-- Up-to-date symlink: /home/prathamkelkar/ros2_ws/install/px4_msgs/include/px4_msgs/px4_msgs/msg/detail/vehicle_constraints__traits.hpp\n'}
[2.425143] (px4_msgs) StdoutLine: {'line': b'-- Up-to-date symlink: /home/prathamkelkar/ros2_ws/install/px4_msgs/include/px4_msgs/px4_msgs/msg/detail/vehicle_constraints__type_support.hpp\n'}
[2.425238] (px4_msgs) StdoutLine: {'line': b'-- Up-to-date symlink: /home/prathamkelkar/ros2_ws/install/px4_msgs/include/px4_msgs/px4_msgs/msg/detail/vehicle_control_mode__builder.hpp\n'}
[2.425346] (px4_msgs) StdoutLine: {'line': b'-- Up-to-date symlink: /home/prathamkelkar/ros2_ws/install/px4_msgs/include/px4_msgs/px4_msgs/msg/detail/vehicle_control_mode__struct.hpp\n'}
[2.425456] (px4_msgs) StdoutLine: {'line': b'-- Up-to-date symlink: /home/prathamkelkar/ros2_ws/install/px4_msgs/include/px4_msgs/px4_msgs/msg/detail/vehicle_control_mode__traits.hpp\n'}
[2.425564] (px4_msgs) StdoutLine: {'line': b'-- Up-to-date symlink: /home/prathamkelkar/ros2_ws/install/px4_msgs/include/px4_msgs/px4_msgs/msg/detail/vehicle_control_mode__type_support.hpp\n'}
[2.425669] (px4_msgs) StdoutLine: {'line': b'-- Up-to-date symlink: /home/prathamkelkar/ros2_ws/install/px4_msgs/include/px4_msgs/px4_msgs/msg/detail/vehicle_global_position__builder.hpp\n'}
[2.425795] (px4_msgs) StdoutLine: {'line': b'-- Up-to-date symlink: /home/prathamkelkar/ros2_ws/install/px4_msgs/include/px4_msgs/px4_msgs/msg/detail/vehicle_global_position__struct.hpp\n'}
[2.425887] (px4_msgs) StdoutLine: {'line': b'-- Up-to-date symlink: /home/prathamkelkar/ros2_ws/install/px4_msgs/include/px4_msgs/px4_msgs/msg/detail/vehicle_global_position__traits.hpp\n'}
[2.425979] (px4_msgs) StdoutLine: {'line': b'-- Up-to-date symlink: /home/prathamkelkar/ros2_ws/install/px4_msgs/include/px4_msgs/px4_msgs/msg/detail/vehicle_global_position__type_support.hpp\n'}
[2.426070] (px4_msgs) StdoutLine: {'line': b'-- Up-to-date symlink: /home/prathamkelkar/ros2_ws/install/px4_msgs/include/px4_msgs/px4_msgs/msg/detail/vehicle_imu__builder.hpp\n'}
[2.426171] (px4_msgs) StdoutLine: {'line': b'-- Up-to-date symlink: /home/prathamkelkar/ros2_ws/install/px4_msgs/include/px4_msgs/px4_msgs/msg/detail/vehicle_imu__struct.hpp\n'}
[2.426270] (px4_msgs) StdoutLine: {'line': b'-- Up-to-date symlink: /home/prathamkelkar/ros2_ws/install/px4_msgs/include/px4_msgs/px4_msgs/msg/detail/vehicle_imu__traits.hpp\n'}
[2.426388] (px4_msgs) StdoutLine: {'line': b'-- Up-to-date symlink: /home/prathamkelkar/ros2_ws/install/px4_msgs/include/px4_msgs/px4_msgs/msg/detail/vehicle_imu__type_support.hpp\n'}
[2.426485] (px4_msgs) StdoutLine: {'line': b'-- Up-to-date symlink: /home/prathamkelkar/ros2_ws/install/px4_msgs/include/px4_msgs/px4_msgs/msg/detail/vehicle_imu_status__builder.hpp\n'}
[2.426584] (px4_msgs) StdoutLine: {'line': b'-- Up-to-date symlink: /home/prathamkelkar/ros2_ws/install/px4_msgs/include/px4_msgs/px4_msgs/msg/detail/vehicle_imu_status__struct.hpp\n'}
[2.426689] (px4_msgs) StdoutLine: {'line': b'-- Up-to-date symlink: /home/prathamkelkar/ros2_ws/install/px4_msgs/include/px4_msgs/px4_msgs/msg/detail/vehicle_imu_status__traits.hpp\n'}
[2.426794] (px4_msgs) StdoutLine: {'line': b'-- Up-to-date symlink: /home/prathamkelkar/ros2_ws/install/px4_msgs/include/px4_msgs/px4_msgs/msg/detail/vehicle_imu_status__type_support.hpp\n'}
[2.426894] (px4_msgs) StdoutLine: {'line': b'-- Up-to-date symlink: /home/prathamkelkar/ros2_ws/install/px4_msgs/include/px4_msgs/px4_msgs/msg/detail/vehicle_land_detected__builder.hpp\n'}
[2.427013] (px4_msgs) StdoutLine: {'line': b'-- Up-to-date symlink: /home/prathamkelkar/ros2_ws/install/px4_msgs/include/px4_msgs/px4_msgs/msg/detail/vehicle_land_detected__struct.hpp\n'}
[2.427113] (px4_msgs) StdoutLine: {'line': b'-- Up-to-date symlink: /home/prathamkelkar/ros2_ws/install/px4_msgs/include/px4_msgs/px4_msgs/msg/detail/vehicle_land_detected__traits.hpp\n'}
[2.427210] (px4_msgs) StdoutLine: {'line': b'-- Up-to-date symlink: /home/prathamkelkar/ros2_ws/install/px4_msgs/include/px4_msgs/px4_msgs/msg/detail/vehicle_land_detected__type_support.hpp\n'}
[2.427310] (px4_msgs) StdoutLine: {'line': b'-- Up-to-date symlink: /home/prathamkelkar/ros2_ws/install/px4_msgs/include/px4_msgs/px4_msgs/msg/detail/vehicle_local_position__builder.hpp\n'}
[2.427409] (px4_msgs) StdoutLine: {'line': b'-- Up-to-date symlink: /home/prathamkelkar/ros2_ws/install/px4_msgs/include/px4_msgs/px4_msgs/msg/detail/vehicle_local_position__struct.hpp\n'}
[2.427514] (px4_msgs) StdoutLine: {'line': b'-- Up-to-date symlink: /home/prathamkelkar/ros2_ws/install/px4_msgs/include/px4_msgs/px4_msgs/msg/detail/vehicle_local_position__traits.hpp\n'}
[2.427612] (px4_msgs) StdoutLine: {'line': b'-- Up-to-date symlink: /home/prathamkelkar/ros2_ws/install/px4_msgs/include/px4_msgs/px4_msgs/msg/detail/vehicle_local_position__type_support.hpp\n'}
[2.427724] (px4_msgs) StdoutLine: {'line': b'-- Up-to-date symlink: /home/prathamkelkar/ros2_ws/install/px4_msgs/include/px4_msgs/px4_msgs/msg/detail/vehicle_local_position_setpoint__builder.hpp\n'}
[2.427836] (px4_msgs) StdoutLine: {'line': b'-- Up-to-date symlink: /home/prathamkelkar/ros2_ws/install/px4_msgs/include/px4_msgs/px4_msgs/msg/detail/vehicle_local_position_setpoint__struct.hpp\n'}
[2.427935] (px4_msgs) StdoutLine: {'line': b'-- Up-to-date symlink: /home/prathamkelkar/ros2_ws/install/px4_msgs/include/px4_msgs/px4_msgs/msg/detail/vehicle_local_position_setpoint__traits.hpp\n'}
[2.428037] (px4_msgs) StdoutLine: {'line': b'-- Up-to-date symlink: /home/prathamkelkar/ros2_ws/install/px4_msgs/include/px4_msgs/px4_msgs/msg/detail/vehicle_local_position_setpoint__type_support.hpp\n'}
[2.428139] (px4_msgs) StdoutLine: {'line': b'-- Up-to-date symlink: /home/prathamkelkar/ros2_ws/install/px4_msgs/include/px4_msgs/px4_msgs/msg/detail/vehicle_magnetometer__builder.hpp\n'}
[2.428237] (px4_msgs) StdoutLine: {'line': b'-- Up-to-date symlink: /home/prathamkelkar/ros2_ws/install/px4_msgs/include/px4_msgs/px4_msgs/msg/detail/vehicle_magnetometer__struct.hpp\n'}
[2.428330] (px4_msgs) StdoutLine: {'line': b'-- Up-to-date symlink: /home/prathamkelkar/ros2_ws/install/px4_msgs/include/px4_msgs/px4_msgs/msg/detail/vehicle_magnetometer__traits.hpp\n'}
[2.428426] (px4_msgs) StdoutLine: {'line': b'-- Up-to-date symlink: /home/prathamkelkar/ros2_ws/install/px4_msgs/include/px4_msgs/px4_msgs/msg/detail/vehicle_magnetometer__type_support.hpp\n'}
[2.428529] (px4_msgs) StdoutLine: {'line': b'-- Up-to-date symlink: /home/prathamkelkar/ros2_ws/install/px4_msgs/include/px4_msgs/px4_msgs/msg/detail/vehicle_odometry__builder.hpp\n'}
[2.428625] (px4_msgs) StdoutLine: {'line': b'-- Up-to-date symlink: /home/prathamkelkar/ros2_ws/install/px4_msgs/include/px4_msgs/px4_msgs/msg/detail/vehicle_odometry__struct.hpp\n'}
[2.428727] (px4_msgs) StdoutLine: {'line': b'-- Up-to-date symlink: /home/prathamkelkar/ros2_ws/install/px4_msgs/include/px4_msgs/px4_msgs/msg/detail/vehicle_odometry__traits.hpp\n'}
[2.428818] (px4_msgs) StdoutLine: {'line': b'-- Up-to-date symlink: /home/prathamkelkar/ros2_ws/install/px4_msgs/include/px4_msgs/px4_msgs/msg/detail/vehicle_odometry__type_support.hpp\n'}
[2.428917] (px4_msgs) StdoutLine: {'line': b'-- Up-to-date symlink: /home/prathamkelkar/ros2_ws/install/px4_msgs/include/px4_msgs/px4_msgs/msg/detail/vehicle_optical_flow__builder.hpp\n'}
[2.429008] (px4_msgs) StdoutLine: {'line': b'-- Up-to-date symlink: /home/prathamkelkar/ros2_ws/install/px4_msgs/include/px4_msgs/px4_msgs/msg/detail/vehicle_optical_flow__struct.hpp\n'}
[2.429092] (px4_msgs) StdoutLine: {'line': b'-- Up-to-date symlink: /home/prathamkelkar/ros2_ws/install/px4_msgs/include/px4_msgs/px4_msgs/msg/detail/vehicle_optical_flow__traits.hpp\n'}
[2.429183] (px4_msgs) StdoutLine: {'line': b'-- Up-to-date symlink: /home/prathamkelkar/ros2_ws/install/px4_msgs/include/px4_msgs/px4_msgs/msg/detail/vehicle_optical_flow__type_support.hpp\n'}
[2.429277] (px4_msgs) StdoutLine: {'line': b'-- Up-to-date symlink: /home/prathamkelkar/ros2_ws/install/px4_msgs/include/px4_msgs/px4_msgs/msg/detail/vehicle_optical_flow_vel__builder.hpp\n'}
[2.429373] (px4_msgs) StdoutLine: {'line': b'-- Up-to-date symlink: /home/prathamkelkar/ros2_ws/install/px4_msgs/include/px4_msgs/px4_msgs/msg/detail/vehicle_optical_flow_vel__struct.hpp\n'}
[2.429467] (px4_msgs) StdoutLine: {'line': b'-- Up-to-date symlink: /home/prathamkelkar/ros2_ws/install/px4_msgs/include/px4_msgs/px4_msgs/msg/detail/vehicle_optical_flow_vel__traits.hpp\n'}
[2.429558] (px4_msgs) StdoutLine: {'line': b'-- Up-to-date symlink: /home/prathamkelkar/ros2_ws/install/px4_msgs/include/px4_msgs/px4_msgs/msg/detail/vehicle_optical_flow_vel__type_support.hpp\n'}
[2.429650] (px4_msgs) StdoutLine: {'line': b'-- Up-to-date symlink: /home/prathamkelkar/ros2_ws/install/px4_msgs/include/px4_msgs/px4_msgs/msg/detail/vehicle_rates_setpoint__builder.hpp\n'}
[2.429750] (px4_msgs) StdoutLine: {'line': b'-- Up-to-date symlink: /home/prathamkelkar/ros2_ws/install/px4_msgs/include/px4_msgs/px4_msgs/msg/detail/vehicle_rates_setpoint__struct.hpp\n'}
[2.429843] (px4_msgs) StdoutLine: {'line': b'-- Up-to-date symlink: /home/prathamkelkar/ros2_ws/install/px4_msgs/include/px4_msgs/px4_msgs/msg/detail/vehicle_rates_setpoint__traits.hpp\n'}
[2.429938] (px4_msgs) StdoutLine: {'line': b'-- Up-to-date symlink: /home/prathamkelkar/ros2_ws/install/px4_msgs/include/px4_msgs/px4_msgs/msg/detail/vehicle_rates_setpoint__type_support.hpp\n'}
[2.430030] (px4_msgs) StdoutLine: {'line': b'-- Up-to-date symlink: /home/prathamkelkar/ros2_ws/install/px4_msgs/include/px4_msgs/px4_msgs/msg/detail/vehicle_roi__builder.hpp\n'}
[2.430127] (px4_msgs) StdoutLine: {'line': b'-- Up-to-date symlink: /home/prathamkelkar/ros2_ws/install/px4_msgs/include/px4_msgs/px4_msgs/msg/detail/vehicle_roi__struct.hpp\n'}
[2.430220] (px4_msgs) StdoutLine: {'line': b'-- Up-to-date symlink: /home/prathamkelkar/ros2_ws/install/px4_msgs/include/px4_msgs/px4_msgs/msg/detail/vehicle_roi__traits.hpp\n'}
[2.430316] (px4_msgs) StdoutLine: {'line': b'-- Up-to-date symlink: /home/prathamkelkar/ros2_ws/install/px4_msgs/include/px4_msgs/px4_msgs/msg/detail/vehicle_roi__type_support.hpp\n'}
[2.430409] (px4_msgs) StdoutLine: {'line': b'-- Up-to-date symlink: /home/prathamkelkar/ros2_ws/install/px4_msgs/include/px4_msgs/px4_msgs/msg/detail/vehicle_status__builder.hpp\n'}
[2.430503] (px4_msgs) StdoutLine: {'line': b'-- Up-to-date symlink: /home/prathamkelkar/ros2_ws/install/px4_msgs/include/px4_msgs/px4_msgs/msg/detail/vehicle_status__struct.hpp\n'}
[2.430634] (px4_msgs) StdoutLine: {'line': b'-- Up-to-date symlink: /home/prathamkelkar/ros2_ws/install/px4_msgs/include/px4_msgs/px4_msgs/msg/detail/vehicle_status__traits.hpp\n'}
[2.430745] (px4_msgs) StdoutLine: {'line': b'-- Up-to-date symlink: /home/prathamkelkar/ros2_ws/install/px4_msgs/include/px4_msgs/px4_msgs/msg/detail/vehicle_status__type_support.hpp\n'}
[2.430841] (px4_msgs) StdoutLine: {'line': b'-- Up-to-date symlink: /home/prathamkelkar/ros2_ws/install/px4_msgs/include/px4_msgs/px4_msgs/msg/detail/vehicle_thrust_setpoint__builder.hpp\n'}
[2.430934] (px4_msgs) StdoutLine: {'line': b'-- Up-to-date symlink: /home/prathamkelkar/ros2_ws/install/px4_msgs/include/px4_msgs/px4_msgs/msg/detail/vehicle_thrust_setpoint__struct.hpp\n'}
[2.431018] (px4_msgs) StdoutLine: {'line': b'-- Up-to-date symlink: /home/prathamkelkar/ros2_ws/install/px4_msgs/include/px4_msgs/px4_msgs/msg/detail/vehicle_thrust_setpoint__traits.hpp\n'}
[2.431108] (px4_msgs) StdoutLine: {'line': b'-- Up-to-date symlink: /home/prathamkelkar/ros2_ws/install/px4_msgs/include/px4_msgs/px4_msgs/msg/detail/vehicle_thrust_setpoint__type_support.hpp\n'}
[2.431207] (px4_msgs) StdoutLine: {'line': b'-- Up-to-date symlink: /home/prathamkelkar/ros2_ws/install/px4_msgs/include/px4_msgs/px4_msgs/msg/detail/vehicle_torque_setpoint__builder.hpp\n'}
[2.431301] (px4_msgs) StdoutLine: {'line': b'-- Up-to-date symlink: /home/prathamkelkar/ros2_ws/install/px4_msgs/include/px4_msgs/px4_msgs/msg/detail/vehicle_torque_setpoint__struct.hpp\n'}
[2.431395] (px4_msgs) StdoutLine: {'line': b'-- Up-to-date symlink: /home/prathamkelkar/ros2_ws/install/px4_msgs/include/px4_msgs/px4_msgs/msg/detail/vehicle_torque_setpoint__traits.hpp\n'}
[2.431486] (px4_msgs) StdoutLine: {'line': b'-- Up-to-date symlink: /home/prathamkelkar/ros2_ws/install/px4_msgs/include/px4_msgs/px4_msgs/msg/detail/vehicle_torque_setpoint__type_support.hpp\n'}
[2.431585] (px4_msgs) StdoutLine: {'line': b'-- Up-to-date symlink: /home/prathamkelkar/ros2_ws/install/px4_msgs/include/px4_msgs/px4_msgs/msg/detail/vehicle_trajectory_bezier__builder.hpp\n'}
[2.431690] (px4_msgs) StdoutLine: {'line': b'-- Up-to-date symlink: /home/prathamkelkar/ros2_ws/install/px4_msgs/include/px4_msgs/px4_msgs/msg/detail/vehicle_trajectory_bezier__struct.hpp\n'}
[2.431788] (px4_msgs) StdoutLine: {'line': b'-- Up-to-date symlink: /home/prathamkelkar/ros2_ws/install/px4_msgs/include/px4_msgs/px4_msgs/msg/detail/vehicle_trajectory_bezier__traits.hpp\n'}
[2.431886] (px4_msgs) StdoutLine: {'line': b'-- Up-to-date symlink: /home/prathamkelkar/ros2_ws/install/px4_msgs/include/px4_msgs/px4_msgs/msg/detail/vehicle_trajectory_bezier__type_support.hpp\n'}
[2.431981] (px4_msgs) StdoutLine: {'line': b'-- Up-to-date symlink: /home/prathamkelkar/ros2_ws/install/px4_msgs/include/px4_msgs/px4_msgs/msg/detail/vehicle_trajectory_waypoint__builder.hpp\n'}
[2.432072] (px4_msgs) StdoutLine: {'line': b'-- Up-to-date symlink: /home/prathamkelkar/ros2_ws/install/px4_msgs/include/px4_msgs/px4_msgs/msg/detail/vehicle_trajectory_waypoint__struct.hpp\n'}
[2.432164] (px4_msgs) StdoutLine: {'line': b'-- Up-to-date symlink: /home/prathamkelkar/ros2_ws/install/px4_msgs/include/px4_msgs/px4_msgs/msg/detail/vehicle_trajectory_waypoint__traits.hpp\n'}
[2.432255] (px4_msgs) StdoutLine: {'line': b'-- Up-to-date symlink: /home/prathamkelkar/ros2_ws/install/px4_msgs/include/px4_msgs/px4_msgs/msg/detail/vehicle_trajectory_waypoint__type_support.hpp\n'}
[2.432346] (px4_msgs) StdoutLine: {'line': b'-- Up-to-date symlink: /home/prathamkelkar/ros2_ws/install/px4_msgs/include/px4_msgs/px4_msgs/msg/detail/velocity_limits__builder.hpp\n'}
[2.432439] (px4_msgs) StdoutLine: {'line': b'-- Up-to-date symlink: /home/prathamkelkar/ros2_ws/install/px4_msgs/include/px4_msgs/px4_msgs/msg/detail/velocity_limits__struct.hpp\n'}
[2.432529] (px4_msgs) StdoutLine: {'line': b'-- Up-to-date symlink: /home/prathamkelkar/ros2_ws/install/px4_msgs/include/px4_msgs/px4_msgs/msg/detail/velocity_limits__traits.hpp\n'}
[2.432622] (px4_msgs) StdoutLine: {'line': b'-- Up-to-date symlink: /home/prathamkelkar/ros2_ws/install/px4_msgs/include/px4_msgs/px4_msgs/msg/detail/velocity_limits__type_support.hpp\n'}
[2.432735] (px4_msgs) StdoutLine: {'line': b'-- Up-to-date symlink: /home/prathamkelkar/ros2_ws/install/px4_msgs/include/px4_msgs/px4_msgs/msg/detail/vtol_vehicle_status__builder.hpp\n'}
[2.432829] (px4_msgs) StdoutLine: {'line': b'-- Up-to-date symlink: /home/prathamkelkar/ros2_ws/install/px4_msgs/include/px4_msgs/px4_msgs/msg/detail/vtol_vehicle_status__struct.hpp\n'}
[2.432932] (px4_msgs) StdoutLine: {'line': b'-- Up-to-date symlink: /home/prathamkelkar/ros2_ws/install/px4_msgs/include/px4_msgs/px4_msgs/msg/detail/vtol_vehicle_status__traits.hpp\n'}
[2.433041] (px4_msgs) StdoutLine: {'line': b'-- Up-to-date symlink: /home/prathamkelkar/ros2_ws/install/px4_msgs/include/px4_msgs/px4_msgs/msg/detail/vtol_vehicle_status__type_support.hpp\n'}
[2.433139] (px4_msgs) StdoutLine: {'line': b'-- Up-to-date symlink: /home/prathamkelkar/ros2_ws/install/px4_msgs/include/px4_msgs/px4_msgs/msg/detail/wheel_encoders__builder.hpp\n'}
[2.433234] (px4_msgs) StdoutLine: {'line': b'-- Up-to-date symlink: /home/prathamkelkar/ros2_ws/install/px4_msgs/include/px4_msgs/px4_msgs/msg/detail/wheel_encoders__struct.hpp\n'}
[2.433333] (px4_msgs) StdoutLine: {'line': b'-- Up-to-date symlink: /home/prathamkelkar/ros2_ws/install/px4_msgs/include/px4_msgs/px4_msgs/msg/detail/wheel_encoders__traits.hpp\n'}
[2.433439] (px4_msgs) StdoutLine: {'line': b'-- Up-to-date symlink: /home/prathamkelkar/ros2_ws/install/px4_msgs/include/px4_msgs/px4_msgs/msg/detail/wheel_encoders__type_support.hpp\n'}
[2.433532] (px4_msgs) StdoutLine: {'line': b'-- Up-to-date symlink: /home/prathamkelkar/ros2_ws/install/px4_msgs/include/px4_msgs/px4_msgs/msg/detail/wind__builder.hpp\n'}
[2.433627] (px4_msgs) StdoutLine: {'line': b'-- Up-to-date symlink: /home/prathamkelkar/ros2_ws/install/px4_msgs/include/px4_msgs/px4_msgs/msg/detail/wind__struct.hpp\n'}
[2.433736] (px4_msgs) StdoutLine: {'line': b'-- Up-to-date symlink: /home/prathamkelkar/ros2_ws/install/px4_msgs/include/px4_msgs/px4_msgs/msg/detail/wind__traits.hpp\n'}
[2.433857] (px4_msgs) StdoutLine: {'line': b'-- Up-to-date symlink: /home/prathamkelkar/ros2_ws/install/px4_msgs/include/px4_msgs/px4_msgs/msg/detail/wind__type_support.hpp\n'}
[2.433953] (px4_msgs) StdoutLine: {'line': b'-- Up-to-date symlink: /home/prathamkelkar/ros2_ws/install/px4_msgs/include/px4_msgs/px4_msgs/msg/detail/yaw_estimator_status__builder.hpp\n'}
[2.434047] (px4_msgs) StdoutLine: {'line': b'-- Up-to-date symlink: /home/prathamkelkar/ros2_ws/install/px4_msgs/include/px4_msgs/px4_msgs/msg/detail/yaw_estimator_status__struct.hpp\n'}
[2.434140] (px4_msgs) StdoutLine: {'line': b'-- Up-to-date symlink: /home/prathamkelkar/ros2_ws/install/px4_msgs/include/px4_msgs/px4_msgs/msg/detail/yaw_estimator_status__traits.hpp\n'}
[2.434233] (px4_msgs) StdoutLine: {'line': b'-- Up-to-date symlink: /home/prathamkelkar/ros2_ws/install/px4_msgs/include/px4_msgs/px4_msgs/msg/detail/yaw_estimator_status__type_support.hpp\n'}
[2.434326] (px4_msgs) StdoutLine: {'line': b'-- Up-to-date symlink: /home/prathamkelkar/ros2_ws/install/px4_msgs/include/px4_msgs/px4_msgs/msg/differential_drive_setpoint.hpp\n'}
[2.434428] (px4_msgs) StdoutLine: {'line': b'-- Up-to-date symlink: /home/prathamkelkar/ros2_ws/install/px4_msgs/include/px4_msgs/px4_msgs/msg/differential_pressure.hpp\n'}
[2.434524] (px4_msgs) StdoutLine: {'line': b'-- Up-to-date symlink: /home/prathamkelkar/ros2_ws/install/px4_msgs/include/px4_msgs/px4_msgs/msg/distance_sensor.hpp\n'}
[2.434620] (px4_msgs) StdoutLine: {'line': b'-- Up-to-date symlink: /home/prathamkelkar/ros2_ws/install/px4_msgs/include/px4_msgs/px4_msgs/msg/ekf2_timestamps.hpp\n'}
[2.434725] (px4_msgs) StdoutLine: {'line': b'-- Up-to-date symlink: /home/prathamkelkar/ros2_ws/install/px4_msgs/include/px4_msgs/px4_msgs/msg/esc_report.hpp\n'}
[2.434826] (px4_msgs) StdoutLine: {'line': b'-- Up-to-date symlink: /home/prathamkelkar/ros2_ws/install/px4_msgs/include/px4_msgs/px4_msgs/msg/esc_status.hpp\n'}
[2.434931] (px4_msgs) StdoutLine: {'line': b'-- Up-to-date symlink: /home/prathamkelkar/ros2_ws/install/px4_msgs/include/px4_msgs/px4_msgs/msg/estimator_aid_source1d.hpp\n'}
[2.435053] (px4_msgs) StdoutLine: {'line': b'-- Up-to-date symlink: /home/prathamkelkar/ros2_ws/install/px4_msgs/include/px4_msgs/px4_msgs/msg/estimator_aid_source2d.hpp\n'}
[2.435163] (px4_msgs) StdoutLine: {'line': b'-- Up-to-date symlink: /home/prathamkelkar/ros2_ws/install/px4_msgs/include/px4_msgs/px4_msgs/msg/estimator_aid_source3d.hpp\n'}
[2.435294] (px4_msgs) StdoutLine: {'line': b'-- Up-to-date symlink: /home/prathamkelkar/ros2_ws/install/px4_msgs/include/px4_msgs/px4_msgs/msg/estimator_bias.hpp\n'}
[2.435394] (px4_msgs) StdoutLine: {'line': b'-- Up-to-date symlink: /home/prathamkelkar/ros2_ws/install/px4_msgs/include/px4_msgs/px4_msgs/msg/estimator_bias3d.hpp\n'}
[2.435491] (px4_msgs) StdoutLine: {'line': b'-- Up-to-date symlink: /home/prathamkelkar/ros2_ws/install/px4_msgs/include/px4_msgs/px4_msgs/msg/estimator_event_flags.hpp\n'}
[2.435586] (px4_msgs) StdoutLine: {'line': b'-- Up-to-date symlink: /home/prathamkelkar/ros2_ws/install/px4_msgs/include/px4_msgs/px4_msgs/msg/estimator_gps_status.hpp\n'}
[2.435687] (px4_msgs) StdoutLine: {'line': b'-- Up-to-date symlink: /home/prathamkelkar/ros2_ws/install/px4_msgs/include/px4_msgs/px4_msgs/msg/estimator_innovations.hpp\n'}
[2.435832] (px4_msgs) StdoutLine: {'line': b'-- Up-to-date symlink: /home/prathamkelkar/ros2_ws/install/px4_msgs/include/px4_msgs/px4_msgs/msg/estimator_selector_status.hpp\n'}
[2.435929] (px4_msgs) StdoutLine: {'line': b'-- Up-to-date symlink: /home/prathamkelkar/ros2_ws/install/px4_msgs/include/px4_msgs/px4_msgs/msg/estimator_sensor_bias.hpp\n'}
[2.436020] (px4_msgs) StdoutLine: {'line': b'-- Up-to-date symlink: /home/prathamkelkar/ros2_ws/install/px4_msgs/include/px4_msgs/px4_msgs/msg/estimator_states.hpp\n'}
[2.436113] (px4_msgs) StdoutLine: {'line': b'-- Up-to-date symlink: /home/prathamkelkar/ros2_ws/install/px4_msgs/include/px4_msgs/px4_msgs/msg/estimator_status.hpp\n'}
[2.436207] (px4_msgs) StdoutLine: {'line': b'-- Up-to-date symlink: /home/prathamkelkar/ros2_ws/install/px4_msgs/include/px4_msgs/px4_msgs/msg/estimator_status_flags.hpp\n'}
[2.436303] (px4_msgs) StdoutLine: {'line': b'-- Up-to-date symlink: /home/prathamkelkar/ros2_ws/install/px4_msgs/include/px4_msgs/px4_msgs/msg/event.hpp\n'}
[2.436412] (px4_msgs) StdoutLine: {'line': b'-- Up-to-date symlink: /home/prathamkelkar/ros2_ws/install/px4_msgs/include/px4_msgs/px4_msgs/msg/failsafe_flags.hpp\n'}
[2.436509] (px4_msgs) StdoutLine: {'line': b'-- Up-to-date symlink: /home/prathamkelkar/ros2_ws/install/px4_msgs/include/px4_msgs/px4_msgs/msg/failure_detector_status.hpp\n'}
[2.436609] (px4_msgs) StdoutLine: {'line': b'-- Up-to-date symlink: /home/prathamkelkar/ros2_ws/install/px4_msgs/include/px4_msgs/px4_msgs/msg/figure_eight_status.hpp\n'}
[2.436720] (px4_msgs) StdoutLine: {'line': b'-- Up-to-date symlink: /home/prathamkelkar/ros2_ws/install/px4_msgs/include/px4_msgs/px4_msgs/msg/flight_phase_estimation.hpp\n'}
[2.436835] (px4_msgs) StdoutLine: {'line': b'-- Up-to-date symlink: /home/prathamkelkar/ros2_ws/install/px4_msgs/include/px4_msgs/px4_msgs/msg/follow_target.hpp\n'}
[2.436935] (px4_msgs) StdoutLine: {'line': b'-- Up-to-date symlink: /home/prathamkelkar/ros2_ws/install/px4_msgs/include/px4_msgs/px4_msgs/msg/follow_target_estimator.hpp\n'}
[2.437032] (px4_msgs) StdoutLine: {'line': b'-- Up-to-date symlink: /home/prathamkelkar/ros2_ws/install/px4_msgs/include/px4_msgs/px4_msgs/msg/follow_target_status.hpp\n'}
[2.437128] (px4_msgs) StdoutLine: {'line': b'-- Up-to-date symlink: /home/prathamkelkar/ros2_ws/install/px4_msgs/include/px4_msgs/px4_msgs/msg/generator_status.hpp\n'}
[2.437225] (px4_msgs) StdoutLine: {'line': b'-- Up-to-date symlink: /home/prathamkelkar/ros2_ws/install/px4_msgs/include/px4_msgs/px4_msgs/msg/geofence_result.hpp\n'}
[2.437329] (px4_msgs) StdoutLine: {'line': b'-- Up-to-date symlink: /home/prathamkelkar/ros2_ws/install/px4_msgs/include/px4_msgs/px4_msgs/msg/geofence_status.hpp\n'}
[2.437430] (px4_msgs) StdoutLine: {'line': b'-- Up-to-date symlink: /home/prathamkelkar/ros2_ws/install/px4_msgs/include/px4_msgs/px4_msgs/msg/gimbal_controls.hpp\n'}
[2.437537] (px4_msgs) StdoutLine: {'line': b'-- Up-to-date symlink: /home/prathamkelkar/ros2_ws/install/px4_msgs/include/px4_msgs/px4_msgs/msg/gimbal_device_attitude_status.hpp\n'}
[2.437637] (px4_msgs) StdoutLine: {'line': b'-- Up-to-date symlink: /home/prathamkelkar/ros2_ws/install/px4_msgs/include/px4_msgs/px4_msgs/msg/gimbal_device_information.hpp\n'}
[2.437741] (px4_msgs) StdoutLine: {'line': b'-- Up-to-date symlink: /home/prathamkelkar/ros2_ws/install/px4_msgs/include/px4_msgs/px4_msgs/msg/gimbal_device_set_attitude.hpp\n'}
[2.437835] (px4_msgs) StdoutLine: {'line': b'-- Up-to-date symlink: /home/prathamkelkar/ros2_ws/install/px4_msgs/include/px4_msgs/px4_msgs/msg/gimbal_manager_information.hpp\n'}
[2.437929] (px4_msgs) StdoutLine: {'line': b'-- Up-to-date symlink: /home/prathamkelkar/ros2_ws/install/px4_msgs/include/px4_msgs/px4_msgs/msg/gimbal_manager_set_attitude.hpp\n'}
[2.438025] (px4_msgs) StdoutLine: {'line': b'-- Up-to-date symlink: /home/prathamkelkar/ros2_ws/install/px4_msgs/include/px4_msgs/px4_msgs/msg/gimbal_manager_set_manual_control.hpp\n'}
[2.438121] (px4_msgs) StdoutLine: {'line': b'-- Up-to-date symlink: /home/prathamkelkar/ros2_ws/install/px4_msgs/include/px4_msgs/px4_msgs/msg/gimbal_manager_status.hpp\n'}
[2.438213] (px4_msgs) StdoutLine: {'line': b'-- Up-to-date symlink: /home/prathamkelkar/ros2_ws/install/px4_msgs/include/px4_msgs/px4_msgs/msg/goto_setpoint.hpp\n'}
[2.438310] (px4_msgs) StdoutLine: {'line': b'-- Up-to-date symlink: /home/prathamkelkar/ros2_ws/install/px4_msgs/include/px4_msgs/px4_msgs/msg/gpio_config.hpp\n'}
[2.438404] (px4_msgs) StdoutLine: {'line': b'-- Up-to-date symlink: /home/prathamkelkar/ros2_ws/install/px4_msgs/include/px4_msgs/px4_msgs/msg/gpio_in.hpp\n'}
[2.438500] (px4_msgs) StdoutLine: {'line': b'-- Up-to-date symlink: /home/prathamkelkar/ros2_ws/install/px4_msgs/include/px4_msgs/px4_msgs/msg/gpio_out.hpp\n'}
[2.438595] (px4_msgs) StdoutLine: {'line': b'-- Up-to-date symlink: /home/prathamkelkar/ros2_ws/install/px4_msgs/include/px4_msgs/px4_msgs/msg/gpio_request.hpp\n'}
[2.438697] (px4_msgs) StdoutLine: {'line': b'-- Up-to-date symlink: /home/prathamkelkar/ros2_ws/install/px4_msgs/include/px4_msgs/px4_msgs/msg/gps_dump.hpp\n'}
[2.438793] (px4_msgs) StdoutLine: {'line': b'-- Up-to-date symlink: /home/prathamkelkar/ros2_ws/install/px4_msgs/include/px4_msgs/px4_msgs/msg/gps_inject_data.hpp\n'}
[2.438887] (px4_msgs) StdoutLine: {'line': b'-- Up-to-date symlink: /home/prathamkelkar/ros2_ws/install/px4_msgs/include/px4_msgs/px4_msgs/msg/gripper.hpp\n'}
[2.438984] (px4_msgs) StdoutLine: {'line': b'-- Up-to-date symlink: /home/prathamkelkar/ros2_ws/install/px4_msgs/include/px4_msgs/px4_msgs/msg/health_report.hpp\n'}
[2.439077] (px4_msgs) StdoutLine: {'line': b'-- Up-to-date symlink: /home/prathamkelkar/ros2_ws/install/px4_msgs/include/px4_msgs/px4_msgs/msg/heater_status.hpp\n'}
[2.439171] (px4_msgs) StdoutLine: {'line': b'-- Up-to-date symlink: /home/prathamkelkar/ros2_ws/install/px4_msgs/include/px4_msgs/px4_msgs/msg/home_position.hpp\n'}
[2.439265] (px4_msgs) StdoutLine: {'line': b'-- Up-to-date symlink: /home/prathamkelkar/ros2_ws/install/px4_msgs/include/px4_msgs/px4_msgs/msg/hover_thrust_estimate.hpp\n'}
[2.439363] (px4_msgs) StdoutLine: {'line': b'-- Up-to-date symlink: /home/prathamkelkar/ros2_ws/install/px4_msgs/include/px4_msgs/px4_msgs/msg/input_rc.hpp\n'}
[2.439458] (px4_msgs) StdoutLine: {'line': b'-- Up-to-date symlink: /home/prathamkelkar/ros2_ws/install/px4_msgs/include/px4_msgs/px4_msgs/msg/internal_combustion_engine_status.hpp\n'}
[2.439560] (px4_msgs) StdoutLine: {'line': b'-- Up-to-date symlink: /home/prathamkelkar/ros2_ws/install/px4_msgs/include/px4_msgs/px4_msgs/msg/iridiumsbd_status.hpp\n'}
[2.439655] (px4_msgs) StdoutLine: {'line': b'-- Up-to-date symlink: /home/prathamkelkar/ros2_ws/install/px4_msgs/include/px4_msgs/px4_msgs/msg/irlock_report.hpp\n'}
[2.439762] (px4_msgs) StdoutLine: {'line': b'-- Up-to-date symlink: /home/prathamkelkar/ros2_ws/install/px4_msgs/include/px4_msgs/px4_msgs/msg/landing_gear.hpp\n'}
[2.439861] (px4_msgs) StdoutLine: {'line': b'-- Up-to-date symlink: /home/prathamkelkar/ros2_ws/install/px4_msgs/include/px4_msgs/px4_msgs/msg/landing_gear_wheel.hpp\n'}
[2.439965] (px4_msgs) StdoutLine: {'line': b'-- Up-to-date symlink: /home/prathamkelkar/ros2_ws/install/px4_msgs/include/px4_msgs/px4_msgs/msg/landing_target_innovations.hpp\n'}
[2.440058] (px4_msgs) StdoutLine: {'line': b'-- Up-to-date symlink: /home/prathamkelkar/ros2_ws/install/px4_msgs/include/px4_msgs/px4_msgs/msg/landing_target_pose.hpp\n'}
[2.440164] (px4_msgs) StdoutLine: {'line': b'-- Up-to-date symlink: /home/prathamkelkar/ros2_ws/install/px4_msgs/include/px4_msgs/px4_msgs/msg/launch_detection_status.hpp\n'}
[2.440257] (px4_msgs) StdoutLine: {'line': b'-- Up-to-date symlink: /home/prathamkelkar/ros2_ws/install/px4_msgs/include/px4_msgs/px4_msgs/msg/led_control.hpp\n'}
[2.440350] (px4_msgs) StdoutLine: {'line': b'-- Up-to-date symlink: /home/prathamkelkar/ros2_ws/install/px4_msgs/include/px4_msgs/px4_msgs/msg/log_message.hpp\n'}
[2.440442] (px4_msgs) StdoutLine: {'line': b'-- Up-to-date symlink: /home/prathamkelkar/ros2_ws/install/px4_msgs/include/px4_msgs/px4_msgs/msg/logger_status.hpp\n'}
[2.440534] (px4_msgs) StdoutLine: {'line': b'-- Up-to-date symlink: /home/prathamkelkar/ros2_ws/install/px4_msgs/include/px4_msgs/px4_msgs/msg/mag_worker_data.hpp\n'}
[2.440624] (px4_msgs) StdoutLine: {'line': b'-- Up-to-date symlink: /home/prathamkelkar/ros2_ws/install/px4_msgs/include/px4_msgs/px4_msgs/msg/magnetometer_bias_estimate.hpp\n'}
[2.440722] (px4_msgs) StdoutLine: {'line': b'-- Up-to-date symlink: /home/prathamkelkar/ros2_ws/install/px4_msgs/include/px4_msgs/px4_msgs/msg/manual_control_setpoint.hpp\n'}
[2.440819] (px4_msgs) StdoutLine: {'line': b'-- Up-to-date symlink: /home/prathamkelkar/ros2_ws/install/px4_msgs/include/px4_msgs/px4_msgs/msg/manual_control_switches.hpp\n'}
[2.440994] (px4_msgs) StdoutLine: {'line': b'-- Up-to-date symlink: /home/prathamkelkar/ros2_ws/install/px4_msgs/include/px4_msgs/px4_msgs/msg/mavlink_log.hpp\n'}
[2.441086] (px4_msgs) StdoutLine: {'line': b'-- Up-to-date symlink: /home/prathamkelkar/ros2_ws/install/px4_msgs/include/px4_msgs/px4_msgs/msg/mavlink_tunnel.hpp\n'}
[2.441201] (px4_msgs) StdoutLine: {'line': b'-- Up-to-date symlink: /home/prathamkelkar/ros2_ws/install/px4_msgs/include/px4_msgs/px4_msgs/msg/message_format_request.hpp\n'}
[2.441306] (px4_msgs) StdoutLine: {'line': b'-- Up-to-date symlink: /home/prathamkelkar/ros2_ws/install/px4_msgs/include/px4_msgs/px4_msgs/msg/message_format_response.hpp\n'}
[2.441401] (px4_msgs) StdoutLine: {'line': b'-- Up-to-date symlink: /home/prathamkelkar/ros2_ws/install/px4_msgs/include/px4_msgs/px4_msgs/msg/mission.hpp\n'}
[2.441496] (px4_msgs) StdoutLine: {'line': b'-- Up-to-date symlink: /home/prathamkelkar/ros2_ws/install/px4_msgs/include/px4_msgs/px4_msgs/msg/mission_result.hpp\n'}
[2.441588] (px4_msgs) StdoutLine: {'line': b'-- Up-to-date symlink: /home/prathamkelkar/ros2_ws/install/px4_msgs/include/px4_msgs/px4_msgs/msg/mode_completed.hpp\n'}
[2.441693] (px4_msgs) StdoutLine: {'line': b'-- Up-to-date symlink: /home/prathamkelkar/ros2_ws/install/px4_msgs/include/px4_msgs/px4_msgs/msg/mount_orientation.hpp\n'}
[2.441791] (px4_msgs) StdoutLine: {'line': b'-- Up-to-date symlink: /home/prathamkelkar/ros2_ws/install/px4_msgs/include/px4_msgs/px4_msgs/msg/navigator_mission_item.hpp\n'}
[2.441887] (px4_msgs) StdoutLine: {'line': b'-- Up-to-date symlink: /home/prathamkelkar/ros2_ws/install/px4_msgs/include/px4_msgs/px4_msgs/msg/normalized_unsigned_setpoint.hpp\n'}
[2.441989] (px4_msgs) StdoutLine: {'line': b'-- Up-to-date symlink: /home/prathamkelkar/ros2_ws/install/px4_msgs/include/px4_msgs/px4_msgs/msg/npfg_status.hpp\n'}
[2.442078] (px4_msgs) StdoutLine: {'line': b'-- Up-to-date symlink: /home/prathamkelkar/ros2_ws/install/px4_msgs/include/px4_msgs/px4_msgs/msg/obstacle_distance.hpp\n'}
[2.442189] (px4_msgs) StdoutLine: {'line': b'-- Up-to-date symlink: /home/prathamkelkar/ros2_ws/install/px4_msgs/include/px4_msgs/px4_msgs/msg/offboard_control_mode.hpp\n'}
[2.442389] (px4_msgs) StdoutLine: {'line': b'-- Up-to-date symlink: /home/prathamkelkar/ros2_ws/install/px4_msgs/include/px4_msgs/px4_msgs/msg/onboard_computer_status.hpp\n'}
[2.442503] (px4_msgs) StdoutLine: {'line': b'-- Up-to-date symlink: /home/prathamkelkar/ros2_ws/install/px4_msgs/include/px4_msgs/px4_msgs/msg/orb_test.hpp\n'}
[2.442597] (px4_msgs) StdoutLine: {'line': b'-- Up-to-date symlink: /home/prathamkelkar/ros2_ws/install/px4_msgs/include/px4_msgs/px4_msgs/msg/orb_test_large.hpp\n'}
[2.442740] (px4_msgs) StdoutLine: {'line': b'-- Up-to-date symlink: /home/prathamkelkar/ros2_ws/install/px4_msgs/include/px4_msgs/px4_msgs/msg/orb_test_medium.hpp\n'}
[2.442838] (px4_msgs) StdoutLine: {'line': b'-- Up-to-date symlink: /home/prathamkelkar/ros2_ws/install/px4_msgs/include/px4_msgs/px4_msgs/msg/orbit_status.hpp\n'}
[2.442947] (px4_msgs) StdoutLine: {'line': b'-- Up-to-date symlink: /home/prathamkelkar/ros2_ws/install/px4_msgs/include/px4_msgs/px4_msgs/msg/parameter_reset_request.hpp\n'}
[2.443035] (px4_msgs) StdoutLine: {'line': b'-- Up-to-date symlink: /home/prathamkelkar/ros2_ws/install/px4_msgs/include/px4_msgs/px4_msgs/msg/parameter_set_used_request.hpp\n'}
[2.443120] (px4_msgs) StdoutLine: {'line': b'-- Up-to-date symlink: /home/prathamkelkar/ros2_ws/install/px4_msgs/include/px4_msgs/px4_msgs/msg/parameter_set_value_request.hpp\n'}
[2.443204] (px4_msgs) StdoutLine: {'line': b'-- Up-to-date symlink: /home/prathamkelkar/ros2_ws/install/px4_msgs/include/px4_msgs/px4_msgs/msg/parameter_set_value_response.hpp\n'}
[2.443290] (px4_msgs) StdoutLine: {'line': b'-- Up-to-date symlink: /home/prathamkelkar/ros2_ws/install/px4_msgs/include/px4_msgs/px4_msgs/msg/parameter_update.hpp\n'}
[2.443390] (px4_msgs) StdoutLine: {'line': b'-- Up-to-date symlink: /home/prathamkelkar/ros2_ws/install/px4_msgs/include/px4_msgs/px4_msgs/msg/ping.hpp\n'}
[2.443487] (px4_msgs) StdoutLine: {'line': b'-- Up-to-date symlink: /home/prathamkelkar/ros2_ws/install/px4_msgs/include/px4_msgs/px4_msgs/msg/position_controller_landing_status.hpp\n'}
[2.443597] (px4_msgs) StdoutLine: {'line': b'-- Up-to-date symlink: /home/prathamkelkar/ros2_ws/install/px4_msgs/include/px4_msgs/px4_msgs/msg/position_controller_status.hpp\n'}
[2.443742] (px4_msgs) StdoutLine: {'line': b'-- Up-to-date symlink: /home/prathamkelkar/ros2_ws/install/px4_msgs/include/px4_msgs/px4_msgs/msg/position_setpoint.hpp\n'}
[2.443943] (px4_msgs) StdoutLine: {'line': b'-- Up-to-date symlink: /home/prathamkelkar/ros2_ws/install/px4_msgs/include/px4_msgs/px4_msgs/msg/position_setpoint_triplet.hpp\n'}
[2.444072] (px4_msgs) StdoutLine: {'line': b'-- Up-to-date symlink: /home/prathamkelkar/ros2_ws/install/px4_msgs/include/px4_msgs/px4_msgs/msg/power_button_state.hpp\n'}
[2.444169] (px4_msgs) StdoutLine: {'line': b'-- Up-to-date symlink: /home/prathamkelkar/ros2_ws/install/px4_msgs/include/px4_msgs/px4_msgs/msg/power_monitor.hpp\n'}
[2.444290] (px4_msgs) StdoutLine: {'line': b'-- Up-to-date symlink: /home/prathamkelkar/ros2_ws/install/px4_msgs/include/px4_msgs/px4_msgs/msg/pps_capture.hpp\n'}
[2.444419] (px4_msgs) StdoutLine: {'line': b'-- Up-to-date symlink: /home/prathamkelkar/ros2_ws/install/px4_msgs/include/px4_msgs/px4_msgs/msg/pwm_input.hpp\n'}
[2.444515] (px4_msgs) StdoutLine: {'line': b'-- Up-to-date symlink: /home/prathamkelkar/ros2_ws/install/px4_msgs/include/px4_msgs/px4_msgs/msg/px4io_status.hpp\n'}
[2.444613] (px4_msgs) StdoutLine: {'line': b'-- Up-to-date symlink: /home/prathamkelkar/ros2_ws/install/px4_msgs/include/px4_msgs/px4_msgs/msg/qshell_req.hpp\n'}
[2.444760] (px4_msgs) StdoutLine: {'line': b'-- Up-to-date symlink: /home/prathamkelkar/ros2_ws/install/px4_msgs/include/px4_msgs/px4_msgs/msg/qshell_retval.hpp\n'}
[2.444888] (px4_msgs) StdoutLine: {'line': b'-- Up-to-date symlink: /home/prathamkelkar/ros2_ws/install/px4_msgs/include/px4_msgs/px4_msgs/msg/radio_status.hpp\n'}
[2.444984] (px4_msgs) StdoutLine: {'line': b'-- Up-to-date symlink: /home/prathamkelkar/ros2_ws/install/px4_msgs/include/px4_msgs/px4_msgs/msg/rate_ctrl_status.hpp\n'}
[2.445098] (px4_msgs) StdoutLine: {'line': b'-- Up-to-date symlink: /home/prathamkelkar/ros2_ws/install/px4_msgs/include/px4_msgs/px4_msgs/msg/rc_channels.hpp\n'}
[2.445215] (px4_msgs) StdoutLine: {'line': b'-- Up-to-date symlink: /home/prathamkelkar/ros2_ws/install/px4_msgs/include/px4_msgs/px4_msgs/msg/rc_parameter_map.hpp\n'}
[2.445331] (px4_msgs) StdoutLine: {'line': b'-- Up-to-date symlink: /home/prathamkelkar/ros2_ws/install/px4_msgs/include/px4_msgs/px4_msgs/msg/register_ext_component_reply.hpp\n'}
[2.445443] (px4_msgs) StdoutLine: {'line': b'-- Up-to-date symlink: /home/prathamkelkar/ros2_ws/install/px4_msgs/include/px4_msgs/px4_msgs/msg/register_ext_component_request.hpp\n'}
[2.445576] (px4_msgs) StdoutLine: {'line': b'-- Up-to-date symlink: /home/prathamkelkar/ros2_ws/install/px4_msgs/include/px4_msgs/px4_msgs/msg/rosidl_generator_cpp__visibility_control.hpp\n'}
[2.445704] (px4_msgs) StdoutLine: {'line': b'-- Up-to-date symlink: /home/prathamkelkar/ros2_ws/install/px4_msgs/include/px4_msgs/px4_msgs/msg/rpm.hpp\n'}
[2.445808] (px4_msgs) StdoutLine: {'line': b'-- Up-to-date symlink: /home/prathamkelkar/ros2_ws/install/px4_msgs/include/px4_msgs/px4_msgs/msg/rtl_status.hpp\n'}
[2.446024] (px4_msgs) StdoutLine: {'line': b'-- Up-to-date symlink: /home/prathamkelkar/ros2_ws/install/px4_msgs/include/px4_msgs/px4_msgs/msg/rtl_time_estimate.hpp\n'}
[2.446143] (px4_msgs) StdoutLine: {'line': b'-- Up-to-date symlink: /home/prathamkelkar/ros2_ws/install/px4_msgs/include/px4_msgs/px4_msgs/msg/satellite_info.hpp\n'}
[2.446256] (px4_msgs) StdoutLine: {'line': b'-- Up-to-date symlink: /home/prathamkelkar/ros2_ws/install/px4_msgs/include/px4_msgs/px4_msgs/msg/sensor_accel.hpp\n'}
[2.446363] (px4_msgs) StdoutLine: {'line': b'-- Up-to-date symlink: /home/prathamkelkar/ros2_ws/install/px4_msgs/include/px4_msgs/px4_msgs/msg/sensor_accel_fifo.hpp\n'}
[2.446469] (px4_msgs) StdoutLine: {'line': b'-- Up-to-date symlink: /home/prathamkelkar/ros2_ws/install/px4_msgs/include/px4_msgs/px4_msgs/msg/sensor_airflow.hpp\n'}
[2.446576] (px4_msgs) StdoutLine: {'line': b'-- Up-to-date symlink: /home/prathamkelkar/ros2_ws/install/px4_msgs/include/px4_msgs/px4_msgs/msg/sensor_baro.hpp\n'}
[2.446662] (px4_msgs) StdoutLine: {'line': b'-- Up-to-date symlink: /home/prathamkelkar/ros2_ws/install/px4_msgs/include/px4_msgs/px4_msgs/msg/sensor_combined.hpp\n'}
[2.446770] (px4_msgs) StdoutLine: {'line': b'-- Up-to-date symlink: /home/prathamkelkar/ros2_ws/install/px4_msgs/include/px4_msgs/px4_msgs/msg/sensor_correction.hpp\n'}
[2.446859] (px4_msgs) StdoutLine: {'line': b'-- Up-to-date symlink: /home/prathamkelkar/ros2_ws/install/px4_msgs/include/px4_msgs/px4_msgs/msg/sensor_gnss_relative.hpp\n'}
[2.446950] (px4_msgs) StdoutLine: {'line': b'-- Up-to-date symlink: /home/prathamkelkar/ros2_ws/install/px4_msgs/include/px4_msgs/px4_msgs/msg/sensor_gps.hpp\n'}
[2.447042] (px4_msgs) StdoutLine: {'line': b'-- Up-to-date symlink: /home/prathamkelkar/ros2_ws/install/px4_msgs/include/px4_msgs/px4_msgs/msg/sensor_gyro.hpp\n'}
[2.447126] (px4_msgs) StdoutLine: {'line': b'-- Up-to-date symlink: /home/prathamkelkar/ros2_ws/install/px4_msgs/include/px4_msgs/px4_msgs/msg/sensor_gyro_fft.hpp\n'}
[2.447211] (px4_msgs) StdoutLine: {'line': b'-- Up-to-date symlink: /home/prathamkelkar/ros2_ws/install/px4_msgs/include/px4_msgs/px4_msgs/msg/sensor_gyro_fifo.hpp\n'}
[2.447301] (px4_msgs) StdoutLine: {'line': b'-- Up-to-date symlink: /home/prathamkelkar/ros2_ws/install/px4_msgs/include/px4_msgs/px4_msgs/msg/sensor_hygrometer.hpp\n'}
[2.447393] (px4_msgs) StdoutLine: {'line': b'-- Up-to-date symlink: /home/prathamkelkar/ros2_ws/install/px4_msgs/include/px4_msgs/px4_msgs/msg/sensor_mag.hpp\n'}
[2.447491] (px4_msgs) StdoutLine: {'line': b'-- Up-to-date symlink: /home/prathamkelkar/ros2_ws/install/px4_msgs/include/px4_msgs/px4_msgs/msg/sensor_optical_flow.hpp\n'}
[2.447598] (px4_msgs) StdoutLine: {'line': b'-- Up-to-date symlink: /home/prathamkelkar/ros2_ws/install/px4_msgs/include/px4_msgs/px4_msgs/msg/sensor_preflight_mag.hpp\n'}
[2.447698] (px4_msgs) StdoutLine: {'line': b'-- Up-to-date symlink: /home/prathamkelkar/ros2_ws/install/px4_msgs/include/px4_msgs/px4_msgs/msg/sensor_selection.hpp\n'}
[2.447804] (px4_msgs) StdoutLine: {'line': b'-- Up-to-date symlink: /home/prathamkelkar/ros2_ws/install/px4_msgs/include/px4_msgs/px4_msgs/msg/sensor_uwb.hpp\n'}
[2.447900] (px4_msgs) StdoutLine: {'line': b'-- Up-to-date symlink: /home/prathamkelkar/ros2_ws/install/px4_msgs/include/px4_msgs/px4_msgs/msg/sensors_status.hpp\n'}
[2.447995] (px4_msgs) StdoutLine: {'line': b'-- Up-to-date symlink: /home/prathamkelkar/ros2_ws/install/px4_msgs/include/px4_msgs/px4_msgs/msg/sensors_status_imu.hpp\n'}
[2.448087] (px4_msgs) StdoutLine: {'line': b'-- Up-to-date symlink: /home/prathamkelkar/ros2_ws/install/px4_msgs/include/px4_msgs/px4_msgs/msg/system_power.hpp\n'}
[2.448192] (px4_msgs) StdoutLine: {'line': b'-- Up-to-date symlink: /home/prathamkelkar/ros2_ws/install/px4_msgs/include/px4_msgs/px4_msgs/msg/takeoff_status.hpp\n'}
[2.448291] (px4_msgs) StdoutLine: {'line': b'-- Up-to-date symlink: /home/prathamkelkar/ros2_ws/install/px4_msgs/include/px4_msgs/px4_msgs/msg/task_stack_info.hpp\n'}
[2.448394] (px4_msgs) StdoutLine: {'line': b'-- Up-to-date symlink: /home/prathamkelkar/ros2_ws/install/px4_msgs/include/px4_msgs/px4_msgs/msg/tecs_status.hpp\n'}
[2.448494] (px4_msgs) StdoutLine: {'line': b'-- Up-to-date symlink: /home/prathamkelkar/ros2_ws/install/px4_msgs/include/px4_msgs/px4_msgs/msg/telemetry_status.hpp\n'}
[2.448597] (px4_msgs) StdoutLine: {'line': b'-- Up-to-date symlink: /home/prathamkelkar/ros2_ws/install/px4_msgs/include/px4_msgs/px4_msgs/msg/tiltrotor_extra_controls.hpp\n'}
[2.448699] (px4_msgs) StdoutLine: {'line': b'-- Up-to-date symlink: /home/prathamkelkar/ros2_ws/install/px4_msgs/include/px4_msgs/px4_msgs/msg/timesync_status.hpp\n'}
[2.448788] (px4_msgs) StdoutLine: {'line': b'-- Up-to-date symlink: /home/prathamkelkar/ros2_ws/install/px4_msgs/include/px4_msgs/px4_msgs/msg/trajectory_bezier.hpp\n'}
[2.448872] (px4_msgs) StdoutLine: {'line': b'-- Up-to-date symlink: /home/prathamkelkar/ros2_ws/install/px4_msgs/include/px4_msgs/px4_msgs/msg/trajectory_setpoint.hpp\n'}
[2.448963] (px4_msgs) StdoutLine: {'line': b'-- Up-to-date symlink: /home/prathamkelkar/ros2_ws/install/px4_msgs/include/px4_msgs/px4_msgs/msg/trajectory_waypoint.hpp\n'}
[2.449063] (px4_msgs) StdoutLine: {'line': b'-- Up-to-date symlink: /home/prathamkelkar/ros2_ws/install/px4_msgs/include/px4_msgs/px4_msgs/msg/transponder_report.hpp\n'}
[2.449168] (px4_msgs) StdoutLine: {'line': b'-- Up-to-date symlink: /home/prathamkelkar/ros2_ws/install/px4_msgs/include/px4_msgs/px4_msgs/msg/tune_control.hpp\n'}
[2.449274] (px4_msgs) StdoutLine: {'line': b'-- Up-to-date symlink: /home/prathamkelkar/ros2_ws/install/px4_msgs/include/px4_msgs/px4_msgs/msg/uavcan_parameter_request.hpp\n'}
[2.449377] (px4_msgs) StdoutLine: {'line': b'-- Up-to-date symlink: /home/prathamkelkar/ros2_ws/install/px4_msgs/include/px4_msgs/px4_msgs/msg/uavcan_parameter_value.hpp\n'}
[2.449479] (px4_msgs) StdoutLine: {'line': b'-- Up-to-date symlink: /home/prathamkelkar/ros2_ws/install/px4_msgs/include/px4_msgs/px4_msgs/msg/ulog_stream.hpp\n'}
[2.449583] (px4_msgs) StdoutLine: {'line': b'-- Up-to-date symlink: /home/prathamkelkar/ros2_ws/install/px4_msgs/include/px4_msgs/px4_msgs/msg/ulog_stream_ack.hpp\n'}
[2.449703] (px4_msgs) StdoutLine: {'line': b'-- Up-to-date symlink: /home/prathamkelkar/ros2_ws/install/px4_msgs/include/px4_msgs/px4_msgs/msg/unregister_ext_component.hpp\n'}
[2.449809] (px4_msgs) StdoutLine: {'line': b'-- Up-to-date symlink: /home/prathamkelkar/ros2_ws/install/px4_msgs/include/px4_msgs/px4_msgs/msg/vehicle_acceleration.hpp\n'}
[2.449916] (px4_msgs) StdoutLine: {'line': b'-- Up-to-date symlink: /home/prathamkelkar/ros2_ws/install/px4_msgs/include/px4_msgs/px4_msgs/msg/vehicle_air_data.hpp\n'}
[2.450026] (px4_msgs) StdoutLine: {'line': b'-- Up-to-date symlink: /home/prathamkelkar/ros2_ws/install/px4_msgs/include/px4_msgs/px4_msgs/msg/vehicle_angular_acceleration_setpoint.hpp\n'}
[2.450134] (px4_msgs) StdoutLine: {'line': b'-- Up-to-date symlink: /home/prathamkelkar/ros2_ws/install/px4_msgs/include/px4_msgs/px4_msgs/msg/vehicle_angular_velocity.hpp\n'}
[2.450248] (px4_msgs) StdoutLine: {'line': b'-- Up-to-date symlink: /home/prathamkelkar/ros2_ws/install/px4_msgs/include/px4_msgs/px4_msgs/msg/vehicle_attitude.hpp\n'}
[2.450360] (px4_msgs) StdoutLine: {'line': b'-- Up-to-date symlink: /home/prathamkelkar/ros2_ws/install/px4_msgs/include/px4_msgs/px4_msgs/msg/vehicle_attitude_setpoint.hpp\n'}
[2.450467] (px4_msgs) StdoutLine: {'line': b'-- Up-to-date symlink: /home/prathamkelkar/ros2_ws/install/px4_msgs/include/px4_msgs/px4_msgs/msg/vehicle_command.hpp\n'}
[2.450578] (px4_msgs) StdoutLine: {'line': b'-- Up-to-date symlink: /home/prathamkelkar/ros2_ws/install/px4_msgs/include/px4_msgs/px4_msgs/msg/vehicle_command_ack.hpp\n'}
[2.450722] (px4_msgs) StdoutLine: {'line': b'-- Up-to-date symlink: /home/prathamkelkar/ros2_ws/install/px4_msgs/include/px4_msgs/px4_msgs/msg/vehicle_constraints.hpp\n'}
[2.450857] (px4_msgs) StdoutLine: {'line': b'-- Up-to-date symlink: /home/prathamkelkar/ros2_ws/install/px4_msgs/include/px4_msgs/px4_msgs/msg/vehicle_control_mode.hpp\n'}
[2.450990] (px4_msgs) StdoutLine: {'line': b'-- Up-to-date symlink: /home/prathamkelkar/ros2_ws/install/px4_msgs/include/px4_msgs/px4_msgs/msg/vehicle_global_position.hpp\n'}
[2.451117] (px4_msgs) StdoutLine: {'line': b'-- Up-to-date symlink: /home/prathamkelkar/ros2_ws/install/px4_msgs/include/px4_msgs/px4_msgs/msg/vehicle_imu.hpp\n'}
[2.451264] (px4_msgs) StdoutLine: {'line': b'-- Up-to-date symlink: /home/prathamkelkar/ros2_ws/install/px4_msgs/include/px4_msgs/px4_msgs/msg/vehicle_imu_status.hpp\n'}
[2.451382] (px4_msgs) StdoutLine: {'line': b'-- Up-to-date symlink: /home/prathamkelkar/ros2_ws/install/px4_msgs/include/px4_msgs/px4_msgs/msg/vehicle_land_detected.hpp\n'}
[2.451503] (px4_msgs) StdoutLine: {'line': b'-- Up-to-date symlink: /home/prathamkelkar/ros2_ws/install/px4_msgs/include/px4_msgs/px4_msgs/msg/vehicle_local_position.hpp\n'}
[2.451632] (px4_msgs) StdoutLine: {'line': b'-- Up-to-date symlink: /home/prathamkelkar/ros2_ws/install/px4_msgs/include/px4_msgs/px4_msgs/msg/vehicle_local_position_setpoint.hpp\n'}
[2.451794] (px4_msgs) StdoutLine: {'line': b'-- Up-to-date symlink: /home/prathamkelkar/ros2_ws/install/px4_msgs/include/px4_msgs/px4_msgs/msg/vehicle_magnetometer.hpp\n'}
[2.451947] (px4_msgs) StdoutLine: {'line': b'-- Up-to-date symlink: /home/prathamkelkar/ros2_ws/install/px4_msgs/include/px4_msgs/px4_msgs/msg/vehicle_odometry.hpp\n'}
[2.452092] (px4_msgs) StdoutLine: {'line': b'-- Up-to-date symlink: /home/prathamkelkar/ros2_ws/install/px4_msgs/include/px4_msgs/px4_msgs/msg/vehicle_optical_flow.hpp\n'}
[2.452230] (px4_msgs) StdoutLine: {'line': b'-- Up-to-date symlink: /home/prathamkelkar/ros2_ws/install/px4_msgs/include/px4_msgs/px4_msgs/msg/vehicle_optical_flow_vel.hpp\n'}
[2.452367] (px4_msgs) StdoutLine: {'line': b'-- Up-to-date symlink: /home/prathamkelkar/ros2_ws/install/px4_msgs/include/px4_msgs/px4_msgs/msg/vehicle_rates_setpoint.hpp\n'}
[2.452501] (px4_msgs) StdoutLine: {'line': b'-- Up-to-date symlink: /home/prathamkelkar/ros2_ws/install/px4_msgs/include/px4_msgs/px4_msgs/msg/vehicle_roi.hpp\n'}
[2.452635] (px4_msgs) StdoutLine: {'line': b'-- Up-to-date symlink: /home/prathamkelkar/ros2_ws/install/px4_msgs/include/px4_msgs/px4_msgs/msg/vehicle_status.hpp\n'}
[2.452758] (px4_msgs) StdoutLine: {'line': b'-- Up-to-date symlink: /home/prathamkelkar/ros2_ws/install/px4_msgs/include/px4_msgs/px4_msgs/msg/vehicle_thrust_setpoint.hpp\n'}
[2.452881] (px4_msgs) StdoutLine: {'line': b'-- Up-to-date symlink: /home/prathamkelkar/ros2_ws/install/px4_msgs/include/px4_msgs/px4_msgs/msg/vehicle_torque_setpoint.hpp\n'}
[2.453011] (px4_msgs) StdoutLine: {'line': b'-- Up-to-date symlink: /home/prathamkelkar/ros2_ws/install/px4_msgs/include/px4_msgs/px4_msgs/msg/vehicle_trajectory_bezier.hpp\n'}
[2.453148] (px4_msgs) StdoutLine: {'line': b'-- Up-to-date symlink: /home/prathamkelkar/ros2_ws/install/px4_msgs/include/px4_msgs/px4_msgs/msg/vehicle_trajectory_waypoint.hpp\n'}
[2.453334] (px4_msgs) StdoutLine: {'line': b'-- Up-to-date symlink: /home/prathamkelkar/ros2_ws/install/px4_msgs/include/px4_msgs/px4_msgs/msg/velocity_limits.hpp\n'}
[2.453468] (px4_msgs) StdoutLine: {'line': b'-- Up-to-date symlink: /home/prathamkelkar/ros2_ws/install/px4_msgs/include/px4_msgs/px4_msgs/msg/vtol_vehicle_status.hpp\n'}
[2.453582] (px4_msgs) StdoutLine: {'line': b'-- Up-to-date symlink: /home/prathamkelkar/ros2_ws/install/px4_msgs/include/px4_msgs/px4_msgs/msg/wheel_encoders.hpp\n'}
[2.453744] (px4_msgs) StdoutLine: {'line': b'-- Up-to-date symlink: /home/prathamkelkar/ros2_ws/install/px4_msgs/include/px4_msgs/px4_msgs/msg/wind.hpp\n'}
[2.453875] (px4_msgs) StdoutLine: {'line': b'-- Up-to-date symlink: /home/prathamkelkar/ros2_ws/install/px4_msgs/include/px4_msgs/px4_msgs/msg/yaw_estimator_status.hpp\n'}
[2.453994] (px4_msgs) StdoutLine: {'line': b'-- Up-to-date symlink: /home/prathamkelkar/ros2_ws/install/px4_msgs/include/px4_msgs/px4_msgs/srv/detail/vehicle_command__builder.hpp\n'}
[2.454118] (px4_msgs) StdoutLine: {'line': b'-- Up-to-date symlink: /home/prathamkelkar/ros2_ws/install/px4_msgs/include/px4_msgs/px4_msgs/srv/detail/vehicle_command__struct.hpp\n'}
[2.454248] (px4_msgs) StdoutLine: {'line': b'-- Up-to-date symlink: /home/prathamkelkar/ros2_ws/install/px4_msgs/include/px4_msgs/px4_msgs/srv/detail/vehicle_command__traits.hpp\n'}
[2.454388] (px4_msgs) StdoutLine: {'line': b'-- Up-to-date symlink: /home/prathamkelkar/ros2_ws/install/px4_msgs/include/px4_msgs/px4_msgs/srv/detail/vehicle_command__type_support.hpp\n'}
[2.454506] (px4_msgs) StdoutLine: {'line': b'-- Up-to-date symlink: /home/prathamkelkar/ros2_ws/install/px4_msgs/include/px4_msgs/px4_msgs/srv/vehicle_command.hpp\n'}
[2.454633] (px4_msgs) StdoutLine: {'line': b'-- Up-to-date symlink: /home/prathamkelkar/ros2_ws/install/px4_msgs/include/px4_msgs/px4_msgs/msg/detail/action_request__rosidl_typesupport_fastrtps_cpp.hpp\n'}
[2.454765] (px4_msgs) StdoutLine: {'line': b'-- Up-to-date symlink: /home/prathamkelkar/ros2_ws/install/px4_msgs/include/px4_msgs/px4_msgs/msg/detail/actuator_armed__rosidl_typesupport_fastrtps_cpp.hpp\n'}
[2.454887] (px4_msgs) StdoutLine: {'line': b'-- Up-to-date symlink: /home/prathamkelkar/ros2_ws/install/px4_msgs/include/px4_msgs/px4_msgs/msg/detail/actuator_controls_status__rosidl_typesupport_fastrtps_cpp.hpp\n'}
[2.455001] (px4_msgs) StdoutLine: {'line': b'-- Up-to-date symlink: /home/prathamkelkar/ros2_ws/install/px4_msgs/include/px4_msgs/px4_msgs/msg/detail/actuator_motors__rosidl_typesupport_fastrtps_cpp.hpp\n'}
[2.455126] (px4_msgs) StdoutLine: {'line': b'-- Up-to-date symlink: /home/prathamkelkar/ros2_ws/install/px4_msgs/include/px4_msgs/px4_msgs/msg/detail/actuator_outputs__rosidl_typesupport_fastrtps_cpp.hpp\n'}
[2.455252] (px4_msgs) StdoutLine: {'line': b'-- Up-to-date symlink: /home/prathamkelkar/ros2_ws/install/px4_msgs/include/px4_msgs/px4_msgs/msg/detail/actuator_servos__rosidl_typesupport_fastrtps_cpp.hpp\n'}
[2.455432] (px4_msgs) StdoutLine: {'line': b'-- Up-to-date symlink: /home/prathamkelkar/ros2_ws/install/px4_msgs/include/px4_msgs/px4_msgs/msg/detail/actuator_servos_trim__rosidl_typesupport_fastrtps_cpp.hpp\n'}
[2.455565] (px4_msgs) StdoutLine: {'line': b'-- Up-to-date symlink: /home/prathamkelkar/ros2_ws/install/px4_msgs/include/px4_msgs/px4_msgs/msg/detail/actuator_test__rosidl_typesupport_fastrtps_cpp.hpp\n'}
[2.455718] (px4_msgs) StdoutLine: {'line': b'-- Up-to-date symlink: /home/prathamkelkar/ros2_ws/install/px4_msgs/include/px4_msgs/px4_msgs/msg/detail/adc_report__rosidl_typesupport_fastrtps_cpp.hpp\n'}
[2.455848] (px4_msgs) StdoutLine: {'line': b'-- Up-to-date symlink: /home/prathamkelkar/ros2_ws/install/px4_msgs/include/px4_msgs/px4_msgs/msg/detail/airspeed__rosidl_typesupport_fastrtps_cpp.hpp\n'}
[2.455978] (px4_msgs) StdoutLine: {'line': b'-- Up-to-date symlink: /home/prathamkelkar/ros2_ws/install/px4_msgs/include/px4_msgs/px4_msgs/msg/detail/airspeed_validated__rosidl_typesupport_fastrtps_cpp.hpp\n'}
[2.456113] (px4_msgs) StdoutLine: {'line': b'-- Up-to-date symlink: /home/prathamkelkar/ros2_ws/install/px4_msgs/include/px4_msgs/px4_msgs/msg/detail/airspeed_wind__rosidl_typesupport_fastrtps_cpp.hpp\n'}
[2.456249] (px4_msgs) StdoutLine: {'line': b'-- Up-to-date symlink: /home/prathamkelkar/ros2_ws/install/px4_msgs/include/px4_msgs/px4_msgs/msg/detail/arming_check_reply__rosidl_typesupport_fastrtps_cpp.hpp\n'}
[2.456365] (px4_msgs) StdoutLine: {'line': b'-- Up-to-date symlink: /home/prathamkelkar/ros2_ws/install/px4_msgs/include/px4_msgs/px4_msgs/msg/detail/arming_check_request__rosidl_typesupport_fastrtps_cpp.hpp\n'}
[2.456471] (px4_msgs) StdoutLine: {'line': b'-- Up-to-date symlink: /home/prathamkelkar/ros2_ws/install/px4_msgs/include/px4_msgs/px4_msgs/msg/detail/autotune_attitude_control_status__rosidl_typesupport_fastrtps_cpp.hpp\n'}
[2.456582] (px4_msgs) StdoutLine: {'line': b'-- Up-to-date symlink: /home/prathamkelkar/ros2_ws/install/px4_msgs/include/px4_msgs/px4_msgs/msg/detail/battery_status__rosidl_typesupport_fastrtps_cpp.hpp\n'}
[2.456688] (px4_msgs) StdoutLine: {'line': b'-- Up-to-date symlink: /home/prathamkelkar/ros2_ws/install/px4_msgs/include/px4_msgs/px4_msgs/msg/detail/buffer128__rosidl_typesupport_fastrtps_cpp.hpp\n'}
[2.456811] (px4_msgs) StdoutLine: {'line': b'-- Up-to-date symlink: /home/prathamkelkar/ros2_ws/install/px4_msgs/include/px4_msgs/px4_msgs/msg/detail/button_event__rosidl_typesupport_fastrtps_cpp.hpp\n'}
[2.456916] (px4_msgs) StdoutLine: {'line': b'-- Up-to-date symlink: /home/prathamkelkar/ros2_ws/install/px4_msgs/include/px4_msgs/px4_msgs/msg/detail/camera_capture__rosidl_typesupport_fastrtps_cpp.hpp\n'}
[2.457023] (px4_msgs) StdoutLine: {'line': b'-- Up-to-date symlink: /home/prathamkelkar/ros2_ws/install/px4_msgs/include/px4_msgs/px4_msgs/msg/detail/camera_status__rosidl_typesupport_fastrtps_cpp.hpp\n'}
[2.457121] (px4_msgs) StdoutLine: {'line': b'-- Up-to-date symlink: /home/prathamkelkar/ros2_ws/install/px4_msgs/include/px4_msgs/px4_msgs/msg/detail/camera_trigger__rosidl_typesupport_fastrtps_cpp.hpp\n'}
[2.457227] (px4_msgs) StdoutLine: {'line': b'-- Up-to-date symlink: /home/prathamkelkar/ros2_ws/install/px4_msgs/include/px4_msgs/px4_msgs/msg/detail/can_interface_status__rosidl_typesupport_fastrtps_cpp.hpp\n'}
[2.457326] (px4_msgs) StdoutLine: {'line': b'-- Up-to-date symlink: /home/prathamkelkar/ros2_ws/install/px4_msgs/include/px4_msgs/px4_msgs/msg/detail/cellular_status__rosidl_typesupport_fastrtps_cpp.hpp\n'}
[2.457424] (px4_msgs) StdoutLine: {'line': b'-- Up-to-date symlink: /home/prathamkelkar/ros2_ws/install/px4_msgs/include/px4_msgs/px4_msgs/msg/detail/collision_constraints__rosidl_typesupport_fastrtps_cpp.hpp\n'}
[2.457524] (px4_msgs) StdoutLine: {'line': b'-- Up-to-date symlink: /home/prathamkelkar/ros2_ws/install/px4_msgs/include/px4_msgs/px4_msgs/msg/detail/collision_report__rosidl_typesupport_fastrtps_cpp.hpp\n'}
[2.457626] (px4_msgs) StdoutLine: {'line': b'-- Up-to-date symlink: /home/prathamkelkar/ros2_ws/install/px4_msgs/include/px4_msgs/px4_msgs/msg/detail/config_overrides__rosidl_typesupport_fastrtps_cpp.hpp\n'}
[2.457753] (px4_msgs) StdoutLine: {'line': b'-- Up-to-date symlink: /home/prathamkelkar/ros2_ws/install/px4_msgs/include/px4_msgs/px4_msgs/msg/detail/control_allocator_status__rosidl_typesupport_fastrtps_cpp.hpp\n'}
[2.457847] (px4_msgs) StdoutLine: {'line': b'-- Up-to-date symlink: /home/prathamkelkar/ros2_ws/install/px4_msgs/include/px4_msgs/px4_msgs/msg/detail/cpuload__rosidl_typesupport_fastrtps_cpp.hpp\n'}
[2.457941] (px4_msgs) StdoutLine: {'line': b'-- Up-to-date symlink: /home/prathamkelkar/ros2_ws/install/px4_msgs/include/px4_msgs/px4_msgs/msg/detail/dataman_request__rosidl_typesupport_fastrtps_cpp.hpp\n'}
[2.458034] (px4_msgs) StdoutLine: {'line': b'-- Up-to-date symlink: /home/prathamkelkar/ros2_ws/install/px4_msgs/include/px4_msgs/px4_msgs/msg/detail/dataman_response__rosidl_typesupport_fastrtps_cpp.hpp\n'}
[2.458118] (px4_msgs) StdoutLine: {'line': b'-- Up-to-date symlink: /home/prathamkelkar/ros2_ws/install/px4_msgs/include/px4_msgs/px4_msgs/msg/detail/debug_array__rosidl_typesupport_fastrtps_cpp.hpp\n'}
[2.458210] (px4_msgs) StdoutLine: {'line': b'-- Up-to-date symlink: /home/prathamkelkar/ros2_ws/install/px4_msgs/include/px4_msgs/px4_msgs/msg/detail/debug_key_value__rosidl_typesupport_fastrtps_cpp.hpp\n'}
[2.458316] (px4_msgs) StdoutLine: {'line': b'-- Up-to-date symlink: /home/prathamkelkar/ros2_ws/install/px4_msgs/include/px4_msgs/px4_msgs/msg/detail/debug_value__rosidl_typesupport_fastrtps_cpp.hpp\n'}
[2.458405] (px4_msgs) StdoutLine: {'line': b'-- Up-to-date symlink: /home/prathamkelkar/ros2_ws/install/px4_msgs/include/px4_msgs/px4_msgs/msg/detail/debug_vect__rosidl_typesupport_fastrtps_cpp.hpp\n'}
[2.458504] (px4_msgs) StdoutLine: {'line': b'-- Up-to-date symlink: /home/prathamkelkar/ros2_ws/install/px4_msgs/include/px4_msgs/px4_msgs/msg/detail/differential_drive_setpoint__rosidl_typesupport_fastrtps_cpp.hpp\n'}
[2.458595] (px4_msgs) StdoutLine: {'line': b'-- Up-to-date symlink: /home/prathamkelkar/ros2_ws/install/px4_msgs/include/px4_msgs/px4_msgs/msg/detail/differential_pressure__rosidl_typesupport_fastrtps_cpp.hpp\n'}
[2.458693] (px4_msgs) StdoutLine: {'line': b'-- Up-to-date symlink: /home/prathamkelkar/ros2_ws/install/px4_msgs/include/px4_msgs/px4_msgs/msg/detail/distance_sensor__rosidl_typesupport_fastrtps_cpp.hpp\n'}
[2.458785] (px4_msgs) StdoutLine: {'line': b'-- Up-to-date symlink: /home/prathamkelkar/ros2_ws/install/px4_msgs/include/px4_msgs/px4_msgs/msg/detail/ekf2_timestamps__rosidl_typesupport_fastrtps_cpp.hpp\n'}
[2.458876] (px4_msgs) StdoutLine: {'line': b'-- Up-to-date symlink: /home/prathamkelkar/ros2_ws/install/px4_msgs/include/px4_msgs/px4_msgs/msg/detail/esc_report__rosidl_typesupport_fastrtps_cpp.hpp\n'}
[2.458968] (px4_msgs) StdoutLine: {'line': b'-- Up-to-date symlink: /home/prathamkelkar/ros2_ws/install/px4_msgs/include/px4_msgs/px4_msgs/msg/detail/esc_status__rosidl_typesupport_fastrtps_cpp.hpp\n'}
[2.459057] (px4_msgs) StdoutLine: {'line': b'-- Up-to-date symlink: /home/prathamkelkar/ros2_ws/install/px4_msgs/include/px4_msgs/px4_msgs/msg/detail/estimator_aid_source1d__rosidl_typesupport_fastrtps_cpp.hpp\n'}
[2.459150] (px4_msgs) StdoutLine: {'line': b'-- Up-to-date symlink: /home/prathamkelkar/ros2_ws/install/px4_msgs/include/px4_msgs/px4_msgs/msg/detail/estimator_aid_source2d__rosidl_typesupport_fastrtps_cpp.hpp\n'}
[2.459240] (px4_msgs) StdoutLine: {'line': b'-- Up-to-date symlink: /home/prathamkelkar/ros2_ws/install/px4_msgs/include/px4_msgs/px4_msgs/msg/detail/estimator_aid_source3d__rosidl_typesupport_fastrtps_cpp.hpp\n'}
[2.459333] (px4_msgs) StdoutLine: {'line': b'-- Up-to-date symlink: /home/prathamkelkar/ros2_ws/install/px4_msgs/include/px4_msgs/px4_msgs/msg/detail/estimator_bias3d__rosidl_typesupport_fastrtps_cpp.hpp\n'}
[2.459426] (px4_msgs) StdoutLine: {'line': b'-- Up-to-date symlink: /home/prathamkelkar/ros2_ws/install/px4_msgs/include/px4_msgs/px4_msgs/msg/detail/estimator_bias__rosidl_typesupport_fastrtps_cpp.hpp\n'}
[2.459517] (px4_msgs) StdoutLine: {'line': b'-- Up-to-date symlink: /home/prathamkelkar/ros2_ws/install/px4_msgs/include/px4_msgs/px4_msgs/msg/detail/estimator_event_flags__rosidl_typesupport_fastrtps_cpp.hpp\n'}
[2.459607] (px4_msgs) StdoutLine: {'line': b'-- Up-to-date symlink: /home/prathamkelkar/ros2_ws/install/px4_msgs/include/px4_msgs/px4_msgs/msg/detail/estimator_gps_status__rosidl_typesupport_fastrtps_cpp.hpp\n'}
[2.459708] (px4_msgs) StdoutLine: {'line': b'-- Up-to-date symlink: /home/prathamkelkar/ros2_ws/install/px4_msgs/include/px4_msgs/px4_msgs/msg/detail/estimator_innovations__rosidl_typesupport_fastrtps_cpp.hpp\n'}
[2.459794] (px4_msgs) StdoutLine: {'line': b'-- Up-to-date symlink: /home/prathamkelkar/ros2_ws/install/px4_msgs/include/px4_msgs/px4_msgs/msg/detail/estimator_selector_status__rosidl_typesupport_fastrtps_cpp.hpp\n'}
[2.459884] (px4_msgs) StdoutLine: {'line': b'-- Up-to-date symlink: /home/prathamkelkar/ros2_ws/install/px4_msgs/include/px4_msgs/px4_msgs/msg/detail/estimator_sensor_bias__rosidl_typesupport_fastrtps_cpp.hpp\n'}
[2.459973] (px4_msgs) StdoutLine: {'line': b'-- Up-to-date symlink: /home/prathamkelkar/ros2_ws/install/px4_msgs/include/px4_msgs/px4_msgs/msg/detail/estimator_states__rosidl_typesupport_fastrtps_cpp.hpp\n'}
[2.460076] (px4_msgs) StdoutLine: {'line': b'-- Up-to-date symlink: /home/prathamkelkar/ros2_ws/install/px4_msgs/include/px4_msgs/px4_msgs/msg/detail/estimator_status__rosidl_typesupport_fastrtps_cpp.hpp\n'}
[2.460167] (px4_msgs) StdoutLine: {'line': b'-- Up-to-date symlink: /home/prathamkelkar/ros2_ws/install/px4_msgs/include/px4_msgs/px4_msgs/msg/detail/estimator_status_flags__rosidl_typesupport_fastrtps_cpp.hpp\n'}
[2.460259] (px4_msgs) StdoutLine: {'line': b'-- Up-to-date symlink: /home/prathamkelkar/ros2_ws/install/px4_msgs/include/px4_msgs/px4_msgs/msg/detail/event__rosidl_typesupport_fastrtps_cpp.hpp\n'}
[2.460349] (px4_msgs) StdoutLine: {'line': b'-- Up-to-date symlink: /home/prathamkelkar/ros2_ws/install/px4_msgs/include/px4_msgs/px4_msgs/msg/detail/failsafe_flags__rosidl_typesupport_fastrtps_cpp.hpp\n'}
[2.460438] (px4_msgs) StdoutLine: {'line': b'-- Up-to-date symlink: /home/prathamkelkar/ros2_ws/install/px4_msgs/include/px4_msgs/px4_msgs/msg/detail/failure_detector_status__rosidl_typesupport_fastrtps_cpp.hpp\n'}
[2.460531] (px4_msgs) StdoutLine: {'line': b'-- Up-to-date symlink: /home/prathamkelkar/ros2_ws/install/px4_msgs/include/px4_msgs/px4_msgs/msg/detail/figure_eight_status__rosidl_typesupport_fastrtps_cpp.hpp\n'}
[2.460624] (px4_msgs) StdoutLine: {'line': b'-- Up-to-date symlink: /home/prathamkelkar/ros2_ws/install/px4_msgs/include/px4_msgs/px4_msgs/msg/detail/flight_phase_estimation__rosidl_typesupport_fastrtps_cpp.hpp\n'}
[2.460734] (px4_msgs) StdoutLine: {'line': b'-- Up-to-date symlink: /home/prathamkelkar/ros2_ws/install/px4_msgs/include/px4_msgs/px4_msgs/msg/detail/follow_target__rosidl_typesupport_fastrtps_cpp.hpp\n'}
[2.460822] (px4_msgs) StdoutLine: {'line': b'-- Up-to-date symlink: /home/prathamkelkar/ros2_ws/install/px4_msgs/include/px4_msgs/px4_msgs/msg/detail/follow_target_estimator__rosidl_typesupport_fastrtps_cpp.hpp\n'}
[2.460912] (px4_msgs) StdoutLine: {'line': b'-- Up-to-date symlink: /home/prathamkelkar/ros2_ws/install/px4_msgs/include/px4_msgs/px4_msgs/msg/detail/follow_target_status__rosidl_typesupport_fastrtps_cpp.hpp\n'}
[2.461000] (px4_msgs) StdoutLine: {'line': b'-- Up-to-date symlink: /home/prathamkelkar/ros2_ws/install/px4_msgs/include/px4_msgs/px4_msgs/msg/detail/generator_status__rosidl_typesupport_fastrtps_cpp.hpp\n'}
[2.461095] (px4_msgs) StdoutLine: {'line': b'-- Up-to-date symlink: /home/prathamkelkar/ros2_ws/install/px4_msgs/include/px4_msgs/px4_msgs/msg/detail/geofence_result__rosidl_typesupport_fastrtps_cpp.hpp\n'}
[2.461185] (px4_msgs) StdoutLine: {'line': b'-- Up-to-date symlink: /home/prathamkelkar/ros2_ws/install/px4_msgs/include/px4_msgs/px4_msgs/msg/detail/geofence_status__rosidl_typesupport_fastrtps_cpp.hpp\n'}
[2.461271] (px4_msgs) StdoutLine: {'line': b'-- Up-to-date symlink: /home/prathamkelkar/ros2_ws/install/px4_msgs/include/px4_msgs/px4_msgs/msg/detail/gimbal_controls__rosidl_typesupport_fastrtps_cpp.hpp\n'}
[2.461358] (px4_msgs) StdoutLine: {'line': b'-- Up-to-date symlink: /home/prathamkelkar/ros2_ws/install/px4_msgs/include/px4_msgs/px4_msgs/msg/detail/gimbal_device_attitude_status__rosidl_typesupport_fastrtps_cpp.hpp\n'}
[2.461454] (px4_msgs) StdoutLine: {'line': b'-- Up-to-date symlink: /home/prathamkelkar/ros2_ws/install/px4_msgs/include/px4_msgs/px4_msgs/msg/detail/gimbal_device_information__rosidl_typesupport_fastrtps_cpp.hpp\n'}
[2.461549] (px4_msgs) StdoutLine: {'line': b'-- Up-to-date symlink: /home/prathamkelkar/ros2_ws/install/px4_msgs/include/px4_msgs/px4_msgs/msg/detail/gimbal_device_set_attitude__rosidl_typesupport_fastrtps_cpp.hpp\n'}
[2.461638] (px4_msgs) StdoutLine: {'line': b'-- Up-to-date symlink: /home/prathamkelkar/ros2_ws/install/px4_msgs/include/px4_msgs/px4_msgs/msg/detail/gimbal_manager_information__rosidl_typesupport_fastrtps_cpp.hpp\n'}
[2.461734] (px4_msgs) StdoutLine: {'line': b'-- Up-to-date symlink: /home/prathamkelkar/ros2_ws/install/px4_msgs/include/px4_msgs/px4_msgs/msg/detail/gimbal_manager_set_attitude__rosidl_typesupport_fastrtps_cpp.hpp\n'}
[2.461832] (px4_msgs) StdoutLine: {'line': b'-- Up-to-date symlink: /home/prathamkelkar/ros2_ws/install/px4_msgs/include/px4_msgs/px4_msgs/msg/detail/gimbal_manager_set_manual_control__rosidl_typesupport_fastrtps_cpp.hpp\n'}
[2.461927] (px4_msgs) StdoutLine: {'line': b'-- Up-to-date symlink: /home/prathamkelkar/ros2_ws/install/px4_msgs/include/px4_msgs/px4_msgs/msg/detail/gimbal_manager_status__rosidl_typesupport_fastrtps_cpp.hpp\n'}
[2.462018] (px4_msgs) StdoutLine: {'line': b'-- Up-to-date symlink: /home/prathamkelkar/ros2_ws/install/px4_msgs/include/px4_msgs/px4_msgs/msg/detail/goto_setpoint__rosidl_typesupport_fastrtps_cpp.hpp\n'}
[2.462110] (px4_msgs) StdoutLine: {'line': b'-- Up-to-date symlink: /home/prathamkelkar/ros2_ws/install/px4_msgs/include/px4_msgs/px4_msgs/msg/detail/gpio_config__rosidl_typesupport_fastrtps_cpp.hpp\n'}
[2.462201] (px4_msgs) StdoutLine: {'line': b'-- Up-to-date symlink: /home/prathamkelkar/ros2_ws/install/px4_msgs/include/px4_msgs/px4_msgs/msg/detail/gpio_in__rosidl_typesupport_fastrtps_cpp.hpp\n'}
[2.462295] (px4_msgs) StdoutLine: {'line': b'-- Up-to-date symlink: /home/prathamkelkar/ros2_ws/install/px4_msgs/include/px4_msgs/px4_msgs/msg/detail/gpio_out__rosidl_typesupport_fastrtps_cpp.hpp\n'}
[2.462386] (px4_msgs) StdoutLine: {'line': b'-- Up-to-date symlink: /home/prathamkelkar/ros2_ws/install/px4_msgs/include/px4_msgs/px4_msgs/msg/detail/gpio_request__rosidl_typesupport_fastrtps_cpp.hpp\n'}
[2.462477] (px4_msgs) StdoutLine: {'line': b'-- Up-to-date symlink: /home/prathamkelkar/ros2_ws/install/px4_msgs/include/px4_msgs/px4_msgs/msg/detail/gps_dump__rosidl_typesupport_fastrtps_cpp.hpp\n'}
[2.462570] (px4_msgs) StdoutLine: {'line': b'-- Up-to-date symlink: /home/prathamkelkar/ros2_ws/install/px4_msgs/include/px4_msgs/px4_msgs/msg/detail/gps_inject_data__rosidl_typesupport_fastrtps_cpp.hpp\n'}
[2.462661] (px4_msgs) StdoutLine: {'line': b'-- Up-to-date symlink: /home/prathamkelkar/ros2_ws/install/px4_msgs/include/px4_msgs/px4_msgs/msg/detail/gripper__rosidl_typesupport_fastrtps_cpp.hpp\n'}
[2.462763] (px4_msgs) StdoutLine: {'line': b'-- Up-to-date symlink: /home/prathamkelkar/ros2_ws/install/px4_msgs/include/px4_msgs/px4_msgs/msg/detail/health_report__rosidl_typesupport_fastrtps_cpp.hpp\n'}
[2.462862] (px4_msgs) StdoutLine: {'line': b'-- Up-to-date symlink: /home/prathamkelkar/ros2_ws/install/px4_msgs/include/px4_msgs/px4_msgs/msg/detail/heater_status__rosidl_typesupport_fastrtps_cpp.hpp\n'}
[2.462955] (px4_msgs) StdoutLine: {'line': b'-- Up-to-date symlink: /home/prathamkelkar/ros2_ws/install/px4_msgs/include/px4_msgs/px4_msgs/msg/detail/home_position__rosidl_typesupport_fastrtps_cpp.hpp\n'}
[2.463053] (px4_msgs) StdoutLine: {'line': b'-- Up-to-date symlink: /home/prathamkelkar/ros2_ws/install/px4_msgs/include/px4_msgs/px4_msgs/msg/detail/hover_thrust_estimate__rosidl_typesupport_fastrtps_cpp.hpp\n'}
[2.463148] (px4_msgs) StdoutLine: {'line': b'-- Up-to-date symlink: /home/prathamkelkar/ros2_ws/install/px4_msgs/include/px4_msgs/px4_msgs/msg/detail/input_rc__rosidl_typesupport_fastrtps_cpp.hpp\n'}
[2.463237] (px4_msgs) StdoutLine: {'line': b'-- Up-to-date symlink: /home/prathamkelkar/ros2_ws/install/px4_msgs/include/px4_msgs/px4_msgs/msg/detail/internal_combustion_engine_status__rosidl_typesupport_fastrtps_cpp.hpp\n'}
[2.463329] (px4_msgs) StdoutLine: {'line': b'-- Up-to-date symlink: /home/prathamkelkar/ros2_ws/install/px4_msgs/include/px4_msgs/px4_msgs/msg/detail/iridiumsbd_status__rosidl_typesupport_fastrtps_cpp.hpp\n'}
[2.463419] (px4_msgs) StdoutLine: {'line': b'-- Up-to-date symlink: /home/prathamkelkar/ros2_ws/install/px4_msgs/include/px4_msgs/px4_msgs/msg/detail/irlock_report__rosidl_typesupport_fastrtps_cpp.hpp\n'}
[2.463514] (px4_msgs) StdoutLine: {'line': b'-- Up-to-date symlink: /home/prathamkelkar/ros2_ws/install/px4_msgs/include/px4_msgs/px4_msgs/msg/detail/landing_gear__rosidl_typesupport_fastrtps_cpp.hpp\n'}
[2.463607] (px4_msgs) StdoutLine: {'line': b'-- Up-to-date symlink: /home/prathamkelkar/ros2_ws/install/px4_msgs/include/px4_msgs/px4_msgs/msg/detail/landing_gear_wheel__rosidl_typesupport_fastrtps_cpp.hpp\n'}
[2.463714] (px4_msgs) StdoutLine: {'line': b'-- Up-to-date symlink: /home/prathamkelkar/ros2_ws/install/px4_msgs/include/px4_msgs/px4_msgs/msg/detail/landing_target_innovations__rosidl_typesupport_fastrtps_cpp.hpp\n'}
[2.463809] (px4_msgs) StdoutLine: {'line': b'-- Up-to-date symlink: /home/prathamkelkar/ros2_ws/install/px4_msgs/include/px4_msgs/px4_msgs/msg/detail/landing_target_pose__rosidl_typesupport_fastrtps_cpp.hpp\n'}
[2.463910] (px4_msgs) StdoutLine: {'line': b'-- Up-to-date symlink: /home/prathamkelkar/ros2_ws/install/px4_msgs/include/px4_msgs/px4_msgs/msg/detail/launch_detection_status__rosidl_typesupport_fastrtps_cpp.hpp\n'}
[2.464000] (px4_msgs) StdoutLine: {'line': b'-- Up-to-date symlink: /home/prathamkelkar/ros2_ws/install/px4_msgs/include/px4_msgs/px4_msgs/msg/detail/led_control__rosidl_typesupport_fastrtps_cpp.hpp\n'}
[2.464093] (px4_msgs) StdoutLine: {'line': b'-- Up-to-date symlink: /home/prathamkelkar/ros2_ws/install/px4_msgs/include/px4_msgs/px4_msgs/msg/detail/log_message__rosidl_typesupport_fastrtps_cpp.hpp\n'}
[2.464187] (px4_msgs) StdoutLine: {'line': b'-- Up-to-date symlink: /home/prathamkelkar/ros2_ws/install/px4_msgs/include/px4_msgs/px4_msgs/msg/detail/logger_status__rosidl_typesupport_fastrtps_cpp.hpp\n'}
[2.464279] (px4_msgs) StdoutLine: {'line': b'-- Up-to-date symlink: /home/prathamkelkar/ros2_ws/install/px4_msgs/include/px4_msgs/px4_msgs/msg/detail/mag_worker_data__rosidl_typesupport_fastrtps_cpp.hpp\n'}
[2.464369] (px4_msgs) StdoutLine: {'line': b'-- Up-to-date symlink: /home/prathamkelkar/ros2_ws/install/px4_msgs/include/px4_msgs/px4_msgs/msg/detail/magnetometer_bias_estimate__rosidl_typesupport_fastrtps_cpp.hpp\n'}
[2.464463] (px4_msgs) StdoutLine: {'line': b'-- Up-to-date symlink: /home/prathamkelkar/ros2_ws/install/px4_msgs/include/px4_msgs/px4_msgs/msg/detail/manual_control_setpoint__rosidl_typesupport_fastrtps_cpp.hpp\n'}
[2.464557] (px4_msgs) StdoutLine: {'line': b'-- Up-to-date symlink: /home/prathamkelkar/ros2_ws/install/px4_msgs/include/px4_msgs/px4_msgs/msg/detail/manual_control_switches__rosidl_typesupport_fastrtps_cpp.hpp\n'}
[2.464653] (px4_msgs) StdoutLine: {'line': b'-- Up-to-date symlink: /home/prathamkelkar/ros2_ws/install/px4_msgs/include/px4_msgs/px4_msgs/msg/detail/mavlink_log__rosidl_typesupport_fastrtps_cpp.hpp\n'}
[2.464760] (px4_msgs) StdoutLine: {'line': b'-- Up-to-date symlink: /home/prathamkelkar/ros2_ws/install/px4_msgs/include/px4_msgs/px4_msgs/msg/detail/mavlink_tunnel__rosidl_typesupport_fastrtps_cpp.hpp\n'}
[2.464857] (px4_msgs) StdoutLine: {'line': b'-- Up-to-date symlink: /home/prathamkelkar/ros2_ws/install/px4_msgs/include/px4_msgs/px4_msgs/msg/detail/message_format_request__rosidl_typesupport_fastrtps_cpp.hpp\n'}
[2.464954] (px4_msgs) StdoutLine: {'line': b'-- Up-to-date symlink: /home/prathamkelkar/ros2_ws/install/px4_msgs/include/px4_msgs/px4_msgs/msg/detail/message_format_response__rosidl_typesupport_fastrtps_cpp.hpp\n'}
[2.465047] (px4_msgs) StdoutLine: {'line': b'-- Up-to-date symlink: /home/prathamkelkar/ros2_ws/install/px4_msgs/include/px4_msgs/px4_msgs/msg/detail/mission__rosidl_typesupport_fastrtps_cpp.hpp\n'}
[2.465140] (px4_msgs) StdoutLine: {'line': b'-- Up-to-date symlink: /home/prathamkelkar/ros2_ws/install/px4_msgs/include/px4_msgs/px4_msgs/msg/detail/mission_result__rosidl_typesupport_fastrtps_cpp.hpp\n'}
[2.465232] (px4_msgs) StdoutLine: {'line': b'-- Up-to-date symlink: /home/prathamkelkar/ros2_ws/install/px4_msgs/include/px4_msgs/px4_msgs/msg/detail/mode_completed__rosidl_typesupport_fastrtps_cpp.hpp\n'}
[2.465324] (px4_msgs) StdoutLine: {'line': b'-- Up-to-date symlink: /home/prathamkelkar/ros2_ws/install/px4_msgs/include/px4_msgs/px4_msgs/msg/detail/mount_orientation__rosidl_typesupport_fastrtps_cpp.hpp\n'}
[2.465418] (px4_msgs) StdoutLine: {'line': b'-- Up-to-date symlink: /home/prathamkelkar/ros2_ws/install/px4_msgs/include/px4_msgs/px4_msgs/msg/detail/navigator_mission_item__rosidl_typesupport_fastrtps_cpp.hpp\n'}
[2.465529] (px4_msgs) StdoutLine: {'line': b'-- Up-to-date symlink: /home/prathamkelkar/ros2_ws/install/px4_msgs/include/px4_msgs/px4_msgs/msg/detail/normalized_unsigned_setpoint__rosidl_typesupport_fastrtps_cpp.hpp\n'}
[2.465628] (px4_msgs) StdoutLine: {'line': b'-- Up-to-date symlink: /home/prathamkelkar/ros2_ws/install/px4_msgs/include/px4_msgs/px4_msgs/msg/detail/npfg_status__rosidl_typesupport_fastrtps_cpp.hpp\n'}
[2.465732] (px4_msgs) StdoutLine: {'line': b'-- Up-to-date symlink: /home/prathamkelkar/ros2_ws/install/px4_msgs/include/px4_msgs/px4_msgs/msg/detail/obstacle_distance__rosidl_typesupport_fastrtps_cpp.hpp\n'}
[2.465824] (px4_msgs) StdoutLine: {'line': b'-- Up-to-date symlink: /home/prathamkelkar/ros2_ws/install/px4_msgs/include/px4_msgs/px4_msgs/msg/detail/offboard_control_mode__rosidl_typesupport_fastrtps_cpp.hpp\n'}
[2.465919] (px4_msgs) StdoutLine: {'line': b'-- Up-to-date symlink: /home/prathamkelkar/ros2_ws/install/px4_msgs/include/px4_msgs/px4_msgs/msg/detail/onboard_computer_status__rosidl_typesupport_fastrtps_cpp.hpp\n'}
[2.466013] (px4_msgs) StdoutLine: {'line': b'-- Up-to-date symlink: /home/prathamkelkar/ros2_ws/install/px4_msgs/include/px4_msgs/px4_msgs/msg/detail/orb_test__rosidl_typesupport_fastrtps_cpp.hpp\n'}
[2.466110] (px4_msgs) StdoutLine: {'line': b'-- Up-to-date symlink: /home/prathamkelkar/ros2_ws/install/px4_msgs/include/px4_msgs/px4_msgs/msg/detail/orb_test_large__rosidl_typesupport_fastrtps_cpp.hpp\n'}
[2.466210] (px4_msgs) StdoutLine: {'line': b'-- Up-to-date symlink: /home/prathamkelkar/ros2_ws/install/px4_msgs/include/px4_msgs/px4_msgs/msg/detail/orb_test_medium__rosidl_typesupport_fastrtps_cpp.hpp\n'}
[2.466298] (px4_msgs) StdoutLine: {'line': b'-- Up-to-date symlink: /home/prathamkelkar/ros2_ws/install/px4_msgs/include/px4_msgs/px4_msgs/msg/detail/orbit_status__rosidl_typesupport_fastrtps_cpp.hpp\n'}
[2.466390] (px4_msgs) StdoutLine: {'line': b'-- Up-to-date symlink: /home/prathamkelkar/ros2_ws/install/px4_msgs/include/px4_msgs/px4_msgs/msg/detail/parameter_reset_request__rosidl_typesupport_fastrtps_cpp.hpp\n'}
[2.466479] (px4_msgs) StdoutLine: {'line': b'-- Up-to-date symlink: /home/prathamkelkar/ros2_ws/install/px4_msgs/include/px4_msgs/px4_msgs/msg/detail/parameter_set_used_request__rosidl_typesupport_fastrtps_cpp.hpp\n'}
[2.466573] (px4_msgs) StdoutLine: {'line': b'-- Up-to-date symlink: /home/prathamkelkar/ros2_ws/install/px4_msgs/include/px4_msgs/px4_msgs/msg/detail/parameter_set_value_request__rosidl_typesupport_fastrtps_cpp.hpp\n'}
[2.466669] (px4_msgs) StdoutLine: {'line': b'-- Up-to-date symlink: /home/prathamkelkar/ros2_ws/install/px4_msgs/include/px4_msgs/px4_msgs/msg/detail/parameter_set_value_response__rosidl_typesupport_fastrtps_cpp.hpp\n'}
[2.466769] (px4_msgs) StdoutLine: {'line': b'-- Up-to-date symlink: /home/prathamkelkar/ros2_ws/install/px4_msgs/include/px4_msgs/px4_msgs/msg/detail/parameter_update__rosidl_typesupport_fastrtps_cpp.hpp\n'}
[2.466867] (px4_msgs) StdoutLine: {'line': b'-- Up-to-date symlink: /home/prathamkelkar/ros2_ws/install/px4_msgs/include/px4_msgs/px4_msgs/msg/detail/ping__rosidl_typesupport_fastrtps_cpp.hpp\n'}
[2.466960] (px4_msgs) StdoutLine: {'line': b'-- Up-to-date symlink: /home/prathamkelkar/ros2_ws/install/px4_msgs/include/px4_msgs/px4_msgs/msg/detail/position_controller_landing_status__rosidl_typesupport_fastrtps_cpp.hpp\n'}
[2.467054] (px4_msgs) StdoutLine: {'line': b'-- Up-to-date symlink: /home/prathamkelkar/ros2_ws/install/px4_msgs/include/px4_msgs/px4_msgs/msg/detail/position_controller_status__rosidl_typesupport_fastrtps_cpp.hpp\n'}
[2.467152] (px4_msgs) StdoutLine: {'line': b'-- Up-to-date symlink: /home/prathamkelkar/ros2_ws/install/px4_msgs/include/px4_msgs/px4_msgs/msg/detail/position_setpoint__rosidl_typesupport_fastrtps_cpp.hpp\n'}
[2.467243] (px4_msgs) StdoutLine: {'line': b'-- Up-to-date symlink: /home/prathamkelkar/ros2_ws/install/px4_msgs/include/px4_msgs/px4_msgs/msg/detail/position_setpoint_triplet__rosidl_typesupport_fastrtps_cpp.hpp\n'}
[2.467334] (px4_msgs) StdoutLine: {'line': b'-- Up-to-date symlink: /home/prathamkelkar/ros2_ws/install/px4_msgs/include/px4_msgs/px4_msgs/msg/detail/power_button_state__rosidl_typesupport_fastrtps_cpp.hpp\n'}
[2.467452] (px4_msgs) StdoutLine: {'line': b'-- Up-to-date symlink: /home/prathamkelkar/ros2_ws/install/px4_msgs/include/px4_msgs/px4_msgs/msg/detail/power_monitor__rosidl_typesupport_fastrtps_cpp.hpp\n'}
[2.467548] (px4_msgs) StdoutLine: {'line': b'-- Up-to-date symlink: /home/prathamkelkar/ros2_ws/install/px4_msgs/include/px4_msgs/px4_msgs/msg/detail/pps_capture__rosidl_typesupport_fastrtps_cpp.hpp\n'}
[2.467638] (px4_msgs) StdoutLine: {'line': b'-- Up-to-date symlink: /home/prathamkelkar/ros2_ws/install/px4_msgs/include/px4_msgs/px4_msgs/msg/detail/pwm_input__rosidl_typesupport_fastrtps_cpp.hpp\n'}
[2.467744] (px4_msgs) StdoutLine: {'line': b'-- Up-to-date symlink: /home/prathamkelkar/ros2_ws/install/px4_msgs/include/px4_msgs/px4_msgs/msg/detail/px4io_status__rosidl_typesupport_fastrtps_cpp.hpp\n'}
[2.467839] (px4_msgs) StdoutLine: {'line': b'-- Up-to-date symlink: /home/prathamkelkar/ros2_ws/install/px4_msgs/include/px4_msgs/px4_msgs/msg/detail/qshell_req__rosidl_typesupport_fastrtps_cpp.hpp\n'}
[2.467940] (px4_msgs) StdoutLine: {'line': b'-- Up-to-date symlink: /home/prathamkelkar/ros2_ws/install/px4_msgs/include/px4_msgs/px4_msgs/msg/detail/qshell_retval__rosidl_typesupport_fastrtps_cpp.hpp\n'}
[2.468029] (px4_msgs) StdoutLine: {'line': b'-- Up-to-date symlink: /home/prathamkelkar/ros2_ws/install/px4_msgs/include/px4_msgs/px4_msgs/msg/detail/radio_status__rosidl_typesupport_fastrtps_cpp.hpp\n'}
[2.468124] (simple_quadcopter_teleop) JobEnded: {'identifier': 'simple_quadcopter_teleop', 'rc': 0}
[2.468740] (px4_msgs) StdoutLine: {'line': b'-- Up-to-date symlink: /home/prathamkelkar/ros2_ws/install/px4_msgs/include/px4_msgs/px4_msgs/msg/detail/rate_ctrl_status__rosidl_typesupport_fastrtps_cpp.hpp\n'}
[2.468864] (px4_msgs) StdoutLine: {'line': b'-- Up-to-date symlink: /home/prathamkelkar/ros2_ws/install/px4_msgs/include/px4_msgs/px4_msgs/msg/detail/rc_channels__rosidl_typesupport_fastrtps_cpp.hpp\n'}
[2.468960] (px4_msgs) StdoutLine: {'line': b'-- Up-to-date symlink: /home/prathamkelkar/ros2_ws/install/px4_msgs/include/px4_msgs/px4_msgs/msg/detail/rc_parameter_map__rosidl_typesupport_fastrtps_cpp.hpp\n'}
[2.469054] (px4_msgs) StdoutLine: {'line': b'-- Up-to-date symlink: /home/prathamkelkar/ros2_ws/install/px4_msgs/include/px4_msgs/px4_msgs/msg/detail/register_ext_component_reply__rosidl_typesupport_fastrtps_cpp.hpp\n'}
[2.469154] (px4_msgs) StdoutLine: {'line': b'-- Up-to-date symlink: /home/prathamkelkar/ros2_ws/install/px4_msgs/include/px4_msgs/px4_msgs/msg/detail/register_ext_component_request__rosidl_typesupport_fastrtps_cpp.hpp\n'}
[2.469247] (px4_msgs) StdoutLine: {'line': b'-- Up-to-date symlink: /home/prathamkelkar/ros2_ws/install/px4_msgs/include/px4_msgs/px4_msgs/msg/detail/rpm__rosidl_typesupport_fastrtps_cpp.hpp\n'}
[2.469339] (px4_msgs) StdoutLine: {'line': b'-- Up-to-date symlink: /home/prathamkelkar/ros2_ws/install/px4_msgs/include/px4_msgs/px4_msgs/msg/detail/rtl_status__rosidl_typesupport_fastrtps_cpp.hpp\n'}
[2.469432] (px4_msgs) StdoutLine: {'line': b'-- Up-to-date symlink: /home/prathamkelkar/ros2_ws/install/px4_msgs/include/px4_msgs/px4_msgs/msg/detail/rtl_time_estimate__rosidl_typesupport_fastrtps_cpp.hpp\n'}
[2.469523] (px4_msgs) StdoutLine: {'line': b'-- Up-to-date symlink: /home/prathamkelkar/ros2_ws/install/px4_msgs/include/px4_msgs/px4_msgs/msg/detail/satellite_info__rosidl_typesupport_fastrtps_cpp.hpp\n'}
[2.469620] (px4_msgs) StdoutLine: {'line': b'-- Up-to-date symlink: /home/prathamkelkar/ros2_ws/install/px4_msgs/include/px4_msgs/px4_msgs/msg/detail/sensor_accel__rosidl_typesupport_fastrtps_cpp.hpp\n'}
[2.469720] (px4_msgs) StdoutLine: {'line': b'-- Up-to-date symlink: /home/prathamkelkar/ros2_ws/install/px4_msgs/include/px4_msgs/px4_msgs/msg/detail/sensor_accel_fifo__rosidl_typesupport_fastrtps_cpp.hpp\n'}
[2.469811] (px4_msgs) StdoutLine: {'line': b'-- Up-to-date symlink: /home/prathamkelkar/ros2_ws/install/px4_msgs/include/px4_msgs/px4_msgs/msg/detail/sensor_airflow__rosidl_typesupport_fastrtps_cpp.hpp\n'}
[2.469901] (px4_msgs) StdoutLine: {'line': b'-- Up-to-date symlink: /home/prathamkelkar/ros2_ws/install/px4_msgs/include/px4_msgs/px4_msgs/msg/detail/sensor_baro__rosidl_typesupport_fastrtps_cpp.hpp\n'}
[2.470000] (px4_msgs) StdoutLine: {'line': b'-- Up-to-date symlink: /home/prathamkelkar/ros2_ws/install/px4_msgs/include/px4_msgs/px4_msgs/msg/detail/sensor_combined__rosidl_typesupport_fastrtps_cpp.hpp\n'}
[2.470094] (px4_msgs) StdoutLine: {'line': b'-- Up-to-date symlink: /home/prathamkelkar/ros2_ws/install/px4_msgs/include/px4_msgs/px4_msgs/msg/detail/sensor_correction__rosidl_typesupport_fastrtps_cpp.hpp\n'}
[2.470185] (px4_msgs) StdoutLine: {'line': b'-- Up-to-date symlink: /home/prathamkelkar/ros2_ws/install/px4_msgs/include/px4_msgs/px4_msgs/msg/detail/sensor_gnss_relative__rosidl_typesupport_fastrtps_cpp.hpp\n'}
[2.470277] (px4_msgs) StdoutLine: {'line': b'-- Up-to-date symlink: /home/prathamkelkar/ros2_ws/install/px4_msgs/include/px4_msgs/px4_msgs/msg/detail/sensor_gps__rosidl_typesupport_fastrtps_cpp.hpp\n'}
[2.470370] (px4_msgs) StdoutLine: {'line': b'-- Up-to-date symlink: /home/prathamkelkar/ros2_ws/install/px4_msgs/include/px4_msgs/px4_msgs/msg/detail/sensor_gyro__rosidl_typesupport_fastrtps_cpp.hpp\n'}
[2.470463] (px4_msgs) StdoutLine: {'line': b'-- Up-to-date symlink: /home/prathamkelkar/ros2_ws/install/px4_msgs/include/px4_msgs/px4_msgs/msg/detail/sensor_gyro_fft__rosidl_typesupport_fastrtps_cpp.hpp\n'}
[2.470556] (px4_msgs) StdoutLine: {'line': b'-- Up-to-date symlink: /home/prathamkelkar/ros2_ws/install/px4_msgs/include/px4_msgs/px4_msgs/msg/detail/sensor_gyro_fifo__rosidl_typesupport_fastrtps_cpp.hpp\n'}
[2.470665] (px4_msgs) StdoutLine: {'line': b'-- Up-to-date symlink: /home/prathamkelkar/ros2_ws/install/px4_msgs/include/px4_msgs/px4_msgs/msg/detail/sensor_hygrometer__rosidl_typesupport_fastrtps_cpp.hpp\n'}
[2.470781] (px4_msgs) StdoutLine: {'line': b'-- Up-to-date symlink: /home/prathamkelkar/ros2_ws/install/px4_msgs/include/px4_msgs/px4_msgs/msg/detail/sensor_mag__rosidl_typesupport_fastrtps_cpp.hpp\n'}
[2.470884] (px4_msgs) StdoutLine: {'line': b'-- Up-to-date symlink: /home/prathamkelkar/ros2_ws/install/px4_msgs/include/px4_msgs/px4_msgs/msg/detail/sensor_optical_flow__rosidl_typesupport_fastrtps_cpp.hpp\n'}
[2.470979] (px4_msgs) StdoutLine: {'line': b'-- Up-to-date symlink: /home/prathamkelkar/ros2_ws/install/px4_msgs/include/px4_msgs/px4_msgs/msg/detail/sensor_preflight_mag__rosidl_typesupport_fastrtps_cpp.hpp\n'}
[2.471095] (px4_msgs) StdoutLine: {'line': b'-- Up-to-date symlink: /home/prathamkelkar/ros2_ws/install/px4_msgs/include/px4_msgs/px4_msgs/msg/detail/sensor_selection__rosidl_typesupport_fastrtps_cpp.hpp\n'}
[2.471182] (px4_msgs) StdoutLine: {'line': b'-- Up-to-date symlink: /home/prathamkelkar/ros2_ws/install/px4_msgs/include/px4_msgs/px4_msgs/msg/detail/sensor_uwb__rosidl_typesupport_fastrtps_cpp.hpp\n'}
[2.471267] (px4_msgs) StdoutLine: {'line': b'-- Up-to-date symlink: /home/prathamkelkar/ros2_ws/install/px4_msgs/include/px4_msgs/px4_msgs/msg/detail/sensors_status__rosidl_typesupport_fastrtps_cpp.hpp\n'}
[2.471355] (px4_msgs) StdoutLine: {'line': b'-- Up-to-date symlink: /home/prathamkelkar/ros2_ws/install/px4_msgs/include/px4_msgs/px4_msgs/msg/detail/sensors_status_imu__rosidl_typesupport_fastrtps_cpp.hpp\n'}
[2.471449] (px4_msgs) StdoutLine: {'line': b'-- Up-to-date symlink: /home/prathamkelkar/ros2_ws/install/px4_msgs/include/px4_msgs/px4_msgs/msg/detail/system_power__rosidl_typesupport_fastrtps_cpp.hpp\n'}
[2.471553] (px4_msgs) StdoutLine: {'line': b'-- Up-to-date symlink: /home/prathamkelkar/ros2_ws/install/px4_msgs/include/px4_msgs/px4_msgs/msg/detail/takeoff_status__rosidl_typesupport_fastrtps_cpp.hpp\n'}
[2.471648] (px4_msgs) StdoutLine: {'line': b'-- Up-to-date symlink: /home/prathamkelkar/ros2_ws/install/px4_msgs/include/px4_msgs/px4_msgs/msg/detail/task_stack_info__rosidl_typesupport_fastrtps_cpp.hpp\n'}
[2.471750] (px4_msgs) StdoutLine: {'line': b'-- Up-to-date symlink: /home/prathamkelkar/ros2_ws/install/px4_msgs/include/px4_msgs/px4_msgs/msg/detail/tecs_status__rosidl_typesupport_fastrtps_cpp.hpp\n'}
[2.471850] (px4_msgs) StdoutLine: {'line': b'-- Up-to-date symlink: /home/prathamkelkar/ros2_ws/install/px4_msgs/include/px4_msgs/px4_msgs/msg/detail/telemetry_status__rosidl_typesupport_fastrtps_cpp.hpp\n'}
[2.471943] (px4_msgs) StdoutLine: {'line': b'-- Up-to-date symlink: /home/prathamkelkar/ros2_ws/install/px4_msgs/include/px4_msgs/px4_msgs/msg/detail/tiltrotor_extra_controls__rosidl_typesupport_fastrtps_cpp.hpp\n'}
[2.472034] (px4_msgs) StdoutLine: {'line': b'-- Up-to-date symlink: /home/prathamkelkar/ros2_ws/install/px4_msgs/include/px4_msgs/px4_msgs/msg/detail/timesync_status__rosidl_typesupport_fastrtps_cpp.hpp\n'}
[2.472126] (px4_msgs) StdoutLine: {'line': b'-- Up-to-date symlink: /home/prathamkelkar/ros2_ws/install/px4_msgs/include/px4_msgs/px4_msgs/msg/detail/trajectory_bezier__rosidl_typesupport_fastrtps_cpp.hpp\n'}
[2.472217] (px4_msgs) StdoutLine: {'line': b'-- Up-to-date symlink: /home/prathamkelkar/ros2_ws/install/px4_msgs/include/px4_msgs/px4_msgs/msg/detail/trajectory_setpoint__rosidl_typesupport_fastrtps_cpp.hpp\n'}
[2.472309] (px4_msgs) StdoutLine: {'line': b'-- Up-to-date symlink: /home/prathamkelkar/ros2_ws/install/px4_msgs/include/px4_msgs/px4_msgs/msg/detail/trajectory_waypoint__rosidl_typesupport_fastrtps_cpp.hpp\n'}
[2.472401] (px4_msgs) StdoutLine: {'line': b'-- Up-to-date symlink: /home/prathamkelkar/ros2_ws/install/px4_msgs/include/px4_msgs/px4_msgs/msg/detail/transponder_report__rosidl_typesupport_fastrtps_cpp.hpp\n'}
[2.472492] (px4_msgs) StdoutLine: {'line': b'-- Up-to-date symlink: /home/prathamkelkar/ros2_ws/install/px4_msgs/include/px4_msgs/px4_msgs/msg/detail/tune_control__rosidl_typesupport_fastrtps_cpp.hpp\n'}
[2.472583] (px4_msgs) StdoutLine: {'line': b'-- Up-to-date symlink: /home/prathamkelkar/ros2_ws/install/px4_msgs/include/px4_msgs/px4_msgs/msg/detail/uavcan_parameter_request__rosidl_typesupport_fastrtps_cpp.hpp\n'}
[2.472686] (px4_msgs) StdoutLine: {'line': b'-- Up-to-date symlink: /home/prathamkelkar/ros2_ws/install/px4_msgs/include/px4_msgs/px4_msgs/msg/detail/uavcan_parameter_value__rosidl_typesupport_fastrtps_cpp.hpp\n'}
[2.472778] (px4_msgs) StdoutLine: {'line': b'-- Up-to-date symlink: /home/prathamkelkar/ros2_ws/install/px4_msgs/include/px4_msgs/px4_msgs/msg/detail/ulog_stream__rosidl_typesupport_fastrtps_cpp.hpp\n'}
[2.472869] (px4_msgs) StdoutLine: {'line': b'-- Up-to-date symlink: /home/prathamkelkar/ros2_ws/install/px4_msgs/include/px4_msgs/px4_msgs/msg/detail/ulog_stream_ack__rosidl_typesupport_fastrtps_cpp.hpp\n'}
[2.472961] (px4_msgs) StdoutLine: {'line': b'-- Up-to-date symlink: /home/prathamkelkar/ros2_ws/install/px4_msgs/include/px4_msgs/px4_msgs/msg/detail/unregister_ext_component__rosidl_typesupport_fastrtps_cpp.hpp\n'}
[2.473053] (px4_msgs) StdoutLine: {'line': b'-- Up-to-date symlink: /home/prathamkelkar/ros2_ws/install/px4_msgs/include/px4_msgs/px4_msgs/msg/detail/vehicle_acceleration__rosidl_typesupport_fastrtps_cpp.hpp\n'}
[2.473146] (px4_msgs) StdoutLine: {'line': b'-- Up-to-date symlink: /home/prathamkelkar/ros2_ws/install/px4_msgs/include/px4_msgs/px4_msgs/msg/detail/vehicle_air_data__rosidl_typesupport_fastrtps_cpp.hpp\n'}
[2.473238] (px4_msgs) StdoutLine: {'line': b'-- Up-to-date symlink: /home/prathamkelkar/ros2_ws/install/px4_msgs/include/px4_msgs/px4_msgs/msg/detail/vehicle_angular_acceleration_setpoint__rosidl_typesupport_fastrtps_cpp.hpp\n'}
[2.473331] (px4_msgs) StdoutLine: {'line': b'-- Up-to-date symlink: /home/prathamkelkar/ros2_ws/install/px4_msgs/include/px4_msgs/px4_msgs/msg/detail/vehicle_angular_velocity__rosidl_typesupport_fastrtps_cpp.hpp\n'}
[2.473424] (px4_msgs) StdoutLine: {'line': b'-- Up-to-date symlink: /home/prathamkelkar/ros2_ws/install/px4_msgs/include/px4_msgs/px4_msgs/msg/detail/vehicle_attitude__rosidl_typesupport_fastrtps_cpp.hpp\n'}
[2.473534] (px4_msgs) StdoutLine: {'line': b'-- Up-to-date symlink: /home/prathamkelkar/ros2_ws/install/px4_msgs/include/px4_msgs/px4_msgs/msg/detail/vehicle_attitude_setpoint__rosidl_typesupport_fastrtps_cpp.hpp\n'}
[2.473627] (px4_msgs) StdoutLine: {'line': b'-- Up-to-date symlink: /home/prathamkelkar/ros2_ws/install/px4_msgs/include/px4_msgs/px4_msgs/msg/detail/vehicle_command__rosidl_typesupport_fastrtps_cpp.hpp\n'}
[2.473735] (px4_msgs) StdoutLine: {'line': b'-- Up-to-date symlink: /home/prathamkelkar/ros2_ws/install/px4_msgs/include/px4_msgs/px4_msgs/msg/detail/vehicle_command_ack__rosidl_typesupport_fastrtps_cpp.hpp\n'}
[2.473832] (px4_msgs) StdoutLine: {'line': b'-- Up-to-date symlink: /home/prathamkelkar/ros2_ws/install/px4_msgs/include/px4_msgs/px4_msgs/msg/detail/vehicle_constraints__rosidl_typesupport_fastrtps_cpp.hpp\n'}
[2.473927] (px4_msgs) StdoutLine: {'line': b'-- Up-to-date symlink: /home/prathamkelkar/ros2_ws/install/px4_msgs/include/px4_msgs/px4_msgs/msg/detail/vehicle_control_mode__rosidl_typesupport_fastrtps_cpp.hpp\n'}
[2.474018] (px4_msgs) StdoutLine: {'line': b'-- Up-to-date symlink: /home/prathamkelkar/ros2_ws/install/px4_msgs/include/px4_msgs/px4_msgs/msg/detail/vehicle_global_position__rosidl_typesupport_fastrtps_cpp.hpp\n'}
[2.474110] (px4_msgs) StdoutLine: {'line': b'-- Up-to-date symlink: /home/prathamkelkar/ros2_ws/install/px4_msgs/include/px4_msgs/px4_msgs/msg/detail/vehicle_imu__rosidl_typesupport_fastrtps_cpp.hpp\n'}
[2.474202] (px4_msgs) StdoutLine: {'line': b'-- Up-to-date symlink: /home/prathamkelkar/ros2_ws/install/px4_msgs/include/px4_msgs/px4_msgs/msg/detail/vehicle_imu_status__rosidl_typesupport_fastrtps_cpp.hpp\n'}
[2.474295] (px4_msgs) StdoutLine: {'line': b'-- Up-to-date symlink: /home/prathamkelkar/ros2_ws/install/px4_msgs/include/px4_msgs/px4_msgs/msg/detail/vehicle_land_detected__rosidl_typesupport_fastrtps_cpp.hpp\n'}
[2.474389] (px4_msgs) StdoutLine: {'line': b'-- Up-to-date symlink: /home/prathamkelkar/ros2_ws/install/px4_msgs/include/px4_msgs/px4_msgs/msg/detail/vehicle_local_position__rosidl_typesupport_fastrtps_cpp.hpp\n'}
[2.474481] (px4_msgs) StdoutLine: {'line': b'-- Up-to-date symlink: /home/prathamkelkar/ros2_ws/install/px4_msgs/include/px4_msgs/px4_msgs/msg/detail/vehicle_local_position_setpoint__rosidl_typesupport_fastrtps_cpp.hpp\n'}
[2.474577] (px4_msgs) StdoutLine: {'line': b'-- Up-to-date symlink: /home/prathamkelkar/ros2_ws/install/px4_msgs/include/px4_msgs/px4_msgs/msg/detail/vehicle_magnetometer__rosidl_typesupport_fastrtps_cpp.hpp\n'}
[2.474671] (px4_msgs) StdoutLine: {'line': b'-- Up-to-date symlink: /home/prathamkelkar/ros2_ws/install/px4_msgs/include/px4_msgs/px4_msgs/msg/detail/vehicle_odometry__rosidl_typesupport_fastrtps_cpp.hpp\n'}
[2.474772] (px4_msgs) StdoutLine: {'line': b'-- Up-to-date symlink: /home/prathamkelkar/ros2_ws/install/px4_msgs/include/px4_msgs/px4_msgs/msg/detail/vehicle_optical_flow__rosidl_typesupport_fastrtps_cpp.hpp\n'}
[2.474867] (px4_msgs) StdoutLine: {'line': b'-- Up-to-date symlink: /home/prathamkelkar/ros2_ws/install/px4_msgs/include/px4_msgs/px4_msgs/msg/detail/vehicle_optical_flow_vel__rosidl_typesupport_fastrtps_cpp.hpp\n'}
[2.474961] (px4_msgs) StdoutLine: {'line': b'-- Up-to-date symlink: /home/prathamkelkar/ros2_ws/install/px4_msgs/include/px4_msgs/px4_msgs/msg/detail/vehicle_rates_setpoint__rosidl_typesupport_fastrtps_cpp.hpp\n'}
[2.475055] (px4_msgs) StdoutLine: {'line': b'-- Up-to-date symlink: /home/prathamkelkar/ros2_ws/install/px4_msgs/include/px4_msgs/px4_msgs/msg/detail/vehicle_roi__rosidl_typesupport_fastrtps_cpp.hpp\n'}
[2.475148] (px4_msgs) StdoutLine: {'line': b'-- Up-to-date symlink: /home/prathamkelkar/ros2_ws/install/px4_msgs/include/px4_msgs/px4_msgs/msg/detail/vehicle_status__rosidl_typesupport_fastrtps_cpp.hpp\n'}
[2.475240] (px4_msgs) StdoutLine: {'line': b'-- Up-to-date symlink: /home/prathamkelkar/ros2_ws/install/px4_msgs/include/px4_msgs/px4_msgs/msg/detail/vehicle_thrust_setpoint__rosidl_typesupport_fastrtps_cpp.hpp\n'}
[2.475332] (px4_msgs) StdoutLine: {'line': b'-- Up-to-date symlink: /home/prathamkelkar/ros2_ws/install/px4_msgs/include/px4_msgs/px4_msgs/msg/detail/vehicle_torque_setpoint__rosidl_typesupport_fastrtps_cpp.hpp\n'}
[2.475424] (px4_msgs) StdoutLine: {'line': b'-- Up-to-date symlink: /home/prathamkelkar/ros2_ws/install/px4_msgs/include/px4_msgs/px4_msgs/msg/detail/vehicle_trajectory_bezier__rosidl_typesupport_fastrtps_cpp.hpp\n'}
[2.475528] (px4_msgs) StdoutLine: {'line': b'-- Up-to-date symlink: /home/prathamkelkar/ros2_ws/install/px4_msgs/include/px4_msgs/px4_msgs/msg/detail/vehicle_trajectory_waypoint__rosidl_typesupport_fastrtps_cpp.hpp\n'}
[2.475624] (px4_msgs) StdoutLine: {'line': b'-- Up-to-date symlink: /home/prathamkelkar/ros2_ws/install/px4_msgs/include/px4_msgs/px4_msgs/msg/detail/velocity_limits__rosidl_typesupport_fastrtps_cpp.hpp\n'}
[2.475722] (px4_msgs) StdoutLine: {'line': b'-- Up-to-date symlink: /home/prathamkelkar/ros2_ws/install/px4_msgs/include/px4_msgs/px4_msgs/msg/detail/vtol_vehicle_status__rosidl_typesupport_fastrtps_cpp.hpp\n'}
[2.475815] (px4_msgs) StdoutLine: {'line': b'-- Up-to-date symlink: /home/prathamkelkar/ros2_ws/install/px4_msgs/include/px4_msgs/px4_msgs/msg/detail/wheel_encoders__rosidl_typesupport_fastrtps_cpp.hpp\n'}
[2.475922] (px4_msgs) StdoutLine: {'line': b'-- Up-to-date symlink: /home/prathamkelkar/ros2_ws/install/px4_msgs/include/px4_msgs/px4_msgs/msg/detail/wind__rosidl_typesupport_fastrtps_cpp.hpp\n'}
[2.476023] (px4_msgs) StdoutLine: {'line': b'-- Up-to-date symlink: /home/prathamkelkar/ros2_ws/install/px4_msgs/include/px4_msgs/px4_msgs/msg/detail/yaw_estimator_status__rosidl_typesupport_fastrtps_cpp.hpp\n'}
[2.476118] (px4_msgs) StdoutLine: {'line': b'-- Up-to-date symlink: /home/prathamkelkar/ros2_ws/install/px4_msgs/include/px4_msgs/px4_msgs/msg/rosidl_typesupport_fastrtps_cpp__visibility_control.h\n'}
[2.476212] (px4_msgs) StdoutLine: {'line': b'-- Up-to-date symlink: /home/prathamkelkar/ros2_ws/install/px4_msgs/include/px4_msgs/px4_msgs/srv/detail/vehicle_command__rosidl_typesupport_fastrtps_cpp.hpp\n'}
[2.476304] (px4_msgs) StdoutLine: {'line': b'-- Up-to-date symlink: /home/prathamkelkar/ros2_ws/install/px4_msgs/include/px4_msgs/px4_msgs/msg/detail/action_request__rosidl_typesupport_introspection_c.h\n'}
[2.476396] (px4_msgs) StdoutLine: {'line': b'-- Up-to-date symlink: /home/prathamkelkar/ros2_ws/install/px4_msgs/include/px4_msgs/px4_msgs/msg/detail/actuator_armed__rosidl_typesupport_introspection_c.h\n'}
[2.476488] (px4_msgs) StdoutLine: {'line': b'-- Up-to-date symlink: /home/prathamkelkar/ros2_ws/install/px4_msgs/include/px4_msgs/px4_msgs/msg/detail/actuator_controls_status__rosidl_typesupport_introspection_c.h\n'}
[2.476582] (px4_msgs) StdoutLine: {'line': b'-- Up-to-date symlink: /home/prathamkelkar/ros2_ws/install/px4_msgs/include/px4_msgs/px4_msgs/msg/detail/actuator_motors__rosidl_typesupport_introspection_c.h\n'}
[2.476672] (px4_msgs) StdoutLine: {'line': b'-- Up-to-date symlink: /home/prathamkelkar/ros2_ws/install/px4_msgs/include/px4_msgs/px4_msgs/msg/detail/actuator_outputs__rosidl_typesupport_introspection_c.h\n'}
[2.476774] (px4_msgs) StdoutLine: {'line': b'-- Up-to-date symlink: /home/prathamkelkar/ros2_ws/install/px4_msgs/include/px4_msgs/px4_msgs/msg/detail/actuator_servos__rosidl_typesupport_introspection_c.h\n'}
[2.476866] (px4_msgs) StdoutLine: {'line': b'-- Up-to-date symlink: /home/prathamkelkar/ros2_ws/install/px4_msgs/include/px4_msgs/px4_msgs/msg/detail/actuator_servos_trim__rosidl_typesupport_introspection_c.h\n'}
[2.476957] (px4_msgs) StdoutLine: {'line': b'-- Up-to-date symlink: /home/prathamkelkar/ros2_ws/install/px4_msgs/include/px4_msgs/px4_msgs/msg/detail/actuator_test__rosidl_typesupport_introspection_c.h\n'}
[2.477048] (px4_msgs) StdoutLine: {'line': b'-- Up-to-date symlink: /home/prathamkelkar/ros2_ws/install/px4_msgs/include/px4_msgs/px4_msgs/msg/detail/adc_report__rosidl_typesupport_introspection_c.h\n'}
[2.477139] (px4_msgs) StdoutLine: {'line': b'-- Up-to-date symlink: /home/prathamkelkar/ros2_ws/install/px4_msgs/include/px4_msgs/px4_msgs/msg/detail/airspeed__rosidl_typesupport_introspection_c.h\n'}
[2.477230] (px4_msgs) StdoutLine: {'line': b'-- Up-to-date symlink: /home/prathamkelkar/ros2_ws/install/px4_msgs/include/px4_msgs/px4_msgs/msg/detail/airspeed_validated__rosidl_typesupport_introspection_c.h\n'}
[2.477320] (px4_msgs) StdoutLine: {'line': b'-- Up-to-date symlink: /home/prathamkelkar/ros2_ws/install/px4_msgs/include/px4_msgs/px4_msgs/msg/detail/airspeed_wind__rosidl_typesupport_introspection_c.h\n'}
[2.477416] (px4_msgs) StdoutLine: {'line': b'-- Up-to-date symlink: /home/prathamkelkar/ros2_ws/install/px4_msgs/include/px4_msgs/px4_msgs/msg/detail/arming_check_reply__rosidl_typesupport_introspection_c.h\n'}
[2.477509] (px4_msgs) StdoutLine: {'line': b'-- Up-to-date symlink: /home/prathamkelkar/ros2_ws/install/px4_msgs/include/px4_msgs/px4_msgs/msg/detail/arming_check_request__rosidl_typesupport_introspection_c.h\n'}
[2.477599] (px4_msgs) StdoutLine: {'line': b'-- Up-to-date symlink: /home/prathamkelkar/ros2_ws/install/px4_msgs/include/px4_msgs/px4_msgs/msg/detail/autotune_attitude_control_status__rosidl_typesupport_introspection_c.h\n'}
[2.477697] (px4_msgs) StdoutLine: {'line': b'-- Up-to-date symlink: /home/prathamkelkar/ros2_ws/install/px4_msgs/include/px4_msgs/px4_msgs/msg/detail/battery_status__rosidl_typesupport_introspection_c.h\n'}
[2.477791] (px4_msgs) StdoutLine: {'line': b'-- Up-to-date symlink: /home/prathamkelkar/ros2_ws/install/px4_msgs/include/px4_msgs/px4_msgs/msg/detail/buffer128__rosidl_typesupport_introspection_c.h\n'}
[2.477883] (px4_msgs) StdoutLine: {'line': b'-- Up-to-date symlink: /home/prathamkelkar/ros2_ws/install/px4_msgs/include/px4_msgs/px4_msgs/msg/detail/button_event__rosidl_typesupport_introspection_c.h\n'}
[2.477982] (px4_msgs) StdoutLine: {'line': b'-- Up-to-date symlink: /home/prathamkelkar/ros2_ws/install/px4_msgs/include/px4_msgs/px4_msgs/msg/detail/camera_capture__rosidl_typesupport_introspection_c.h\n'}
[2.478081] (px4_msgs) StdoutLine: {'line': b'-- Up-to-date symlink: /home/prathamkelkar/ros2_ws/install/px4_msgs/include/px4_msgs/px4_msgs/msg/detail/camera_status__rosidl_typesupport_introspection_c.h\n'}
[2.478170] (px4_msgs) StdoutLine: {'line': b'-- Up-to-date symlink: /home/prathamkelkar/ros2_ws/install/px4_msgs/include/px4_msgs/px4_msgs/msg/detail/camera_trigger__rosidl_typesupport_introspection_c.h\n'}
[2.478254] (px4_msgs) StdoutLine: {'line': b'-- Up-to-date symlink: /home/prathamkelkar/ros2_ws/install/px4_msgs/include/px4_msgs/px4_msgs/msg/detail/can_interface_status__rosidl_typesupport_introspection_c.h\n'}
[2.478351] (px4_msgs) StdoutLine: {'line': b'-- Up-to-date symlink: /home/prathamkelkar/ros2_ws/install/px4_msgs/include/px4_msgs/px4_msgs/msg/detail/cellular_status__rosidl_typesupport_introspection_c.h\n'}
[2.478439] (px4_msgs) StdoutLine: {'line': b'-- Up-to-date symlink: /home/prathamkelkar/ros2_ws/install/px4_msgs/include/px4_msgs/px4_msgs/msg/detail/collision_constraints__rosidl_typesupport_introspection_c.h\n'}
[2.478529] (px4_msgs) StdoutLine: {'line': b'-- Up-to-date symlink: /home/prathamkelkar/ros2_ws/install/px4_msgs/include/px4_msgs/px4_msgs/msg/detail/collision_report__rosidl_typesupport_introspection_c.h\n'}
[2.478617] (px4_msgs) StdoutLine: {'line': b'-- Up-to-date symlink: /home/prathamkelkar/ros2_ws/install/px4_msgs/include/px4_msgs/px4_msgs/msg/detail/config_overrides__rosidl_typesupport_introspection_c.h\n'}
[2.478721] (px4_msgs) StdoutLine: {'line': b'-- Up-to-date symlink: /home/prathamkelkar/ros2_ws/install/px4_msgs/include/px4_msgs/px4_msgs/msg/detail/control_allocator_status__rosidl_typesupport_introspection_c.h\n'}
[2.478820] (px4_msgs) StdoutLine: {'line': b'-- Up-to-date symlink: /home/prathamkelkar/ros2_ws/install/px4_msgs/include/px4_msgs/px4_msgs/msg/detail/cpuload__rosidl_typesupport_introspection_c.h\n'}
[2.478915] (px4_msgs) StdoutLine: {'line': b'-- Up-to-date symlink: /home/prathamkelkar/ros2_ws/install/px4_msgs/include/px4_msgs/px4_msgs/msg/detail/dataman_request__rosidl_typesupport_introspection_c.h\n'}
[2.479009] (px4_msgs) StdoutLine: {'line': b'-- Up-to-date symlink: /home/prathamkelkar/ros2_ws/install/px4_msgs/include/px4_msgs/px4_msgs/msg/detail/dataman_response__rosidl_typesupport_introspection_c.h\n'}
[2.479103] (px4_msgs) StdoutLine: {'line': b'-- Up-to-date symlink: /home/prathamkelkar/ros2_ws/install/px4_msgs/include/px4_msgs/px4_msgs/msg/detail/debug_array__rosidl_typesupport_introspection_c.h\n'}
[2.479207] (px4_msgs) StdoutLine: {'line': b'-- Up-to-date symlink: /home/prathamkelkar/ros2_ws/install/px4_msgs/include/px4_msgs/px4_msgs/msg/detail/debug_key_value__rosidl_typesupport_introspection_c.h\n'}
[2.479312] (px4_msgs) StdoutLine: {'line': b'-- Up-to-date symlink: /home/prathamkelkar/ros2_ws/install/px4_msgs/include/px4_msgs/px4_msgs/msg/detail/debug_value__rosidl_typesupport_introspection_c.h\n'}
[2.479406] (px4_msgs) StdoutLine: {'line': b'-- Up-to-date symlink: /home/prathamkelkar/ros2_ws/install/px4_msgs/include/px4_msgs/px4_msgs/msg/detail/debug_vect__rosidl_typesupport_introspection_c.h\n'}
[2.479496] (px4_msgs) StdoutLine: {'line': b'-- Up-to-date symlink: /home/prathamkelkar/ros2_ws/install/px4_msgs/include/px4_msgs/px4_msgs/msg/detail/differential_drive_setpoint__rosidl_typesupport_introspection_c.h\n'}
[2.479588] (px4_msgs) StdoutLine: {'line': b'-- Up-to-date symlink: /home/prathamkelkar/ros2_ws/install/px4_msgs/include/px4_msgs/px4_msgs/msg/detail/differential_pressure__rosidl_typesupport_introspection_c.h\n'}
[2.479691] (px4_msgs) StdoutLine: {'line': b'-- Up-to-date symlink: /home/prathamkelkar/ros2_ws/install/px4_msgs/include/px4_msgs/px4_msgs/msg/detail/distance_sensor__rosidl_typesupport_introspection_c.h\n'}
[2.479785] (px4_msgs) StdoutLine: {'line': b'-- Up-to-date symlink: /home/prathamkelkar/ros2_ws/install/px4_msgs/include/px4_msgs/px4_msgs/msg/detail/ekf2_timestamps__rosidl_typesupport_introspection_c.h\n'}
[2.479877] (px4_msgs) StdoutLine: {'line': b'-- Up-to-date symlink: /home/prathamkelkar/ros2_ws/install/px4_msgs/include/px4_msgs/px4_msgs/msg/detail/esc_report__rosidl_typesupport_introspection_c.h\n'}
[2.479971] (px4_msgs) StdoutLine: {'line': b'-- Up-to-date symlink: /home/prathamkelkar/ros2_ws/install/px4_msgs/include/px4_msgs/px4_msgs/msg/detail/esc_status__rosidl_typesupport_introspection_c.h\n'}
[2.480064] (px4_msgs) StdoutLine: {'line': b'-- Up-to-date symlink: /home/prathamkelkar/ros2_ws/install/px4_msgs/include/px4_msgs/px4_msgs/msg/detail/estimator_aid_source1d__rosidl_typesupport_introspection_c.h\n'}
[2.480157] (px4_msgs) StdoutLine: {'line': b'-- Up-to-date symlink: /home/prathamkelkar/ros2_ws/install/px4_msgs/include/px4_msgs/px4_msgs/msg/detail/estimator_aid_source2d__rosidl_typesupport_introspection_c.h\n'}
[2.480268] (px4_msgs) StdoutLine: {'line': b'-- Up-to-date symlink: /home/prathamkelkar/ros2_ws/install/px4_msgs/include/px4_msgs/px4_msgs/msg/detail/estimator_aid_source3d__rosidl_typesupport_introspection_c.h\n'}
[2.480361] (px4_msgs) StdoutLine: {'line': b'-- Up-to-date symlink: /home/prathamkelkar/ros2_ws/install/px4_msgs/include/px4_msgs/px4_msgs/msg/detail/estimator_bias3d__rosidl_typesupport_introspection_c.h\n'}
[2.480454] (px4_msgs) StdoutLine: {'line': b'-- Up-to-date symlink: /home/prathamkelkar/ros2_ws/install/px4_msgs/include/px4_msgs/px4_msgs/msg/detail/estimator_bias__rosidl_typesupport_introspection_c.h\n'}
[2.480547] (px4_msgs) StdoutLine: {'line': b'-- Up-to-date symlink: /home/prathamkelkar/ros2_ws/install/px4_msgs/include/px4_msgs/px4_msgs/msg/detail/estimator_event_flags__rosidl_typesupport_introspection_c.h\n'}
[2.480656] (px4_msgs) StdoutLine: {'line': b'-- Up-to-date symlink: /home/prathamkelkar/ros2_ws/install/px4_msgs/include/px4_msgs/px4_msgs/msg/detail/estimator_gps_status__rosidl_typesupport_introspection_c.h\n'}
[2.480781] (px4_msgs) StdoutLine: {'line': b'-- Up-to-date symlink: /home/prathamkelkar/ros2_ws/install/px4_msgs/include/px4_msgs/px4_msgs/msg/detail/estimator_innovations__rosidl_typesupport_introspection_c.h\n'}
[2.480878] (px4_msgs) StdoutLine: {'line': b'-- Up-to-date symlink: /home/prathamkelkar/ros2_ws/install/px4_msgs/include/px4_msgs/px4_msgs/msg/detail/estimator_selector_status__rosidl_typesupport_introspection_c.h\n'}
[2.480974] (px4_msgs) StdoutLine: {'line': b'-- Up-to-date symlink: /home/prathamkelkar/ros2_ws/install/px4_msgs/include/px4_msgs/px4_msgs/msg/detail/estimator_sensor_bias__rosidl_typesupport_introspection_c.h\n'}
[2.481070] (px4_msgs) StdoutLine: {'line': b'-- Up-to-date symlink: /home/prathamkelkar/ros2_ws/install/px4_msgs/include/px4_msgs/px4_msgs/msg/detail/estimator_states__rosidl_typesupport_introspection_c.h\n'}
[2.481167] (px4_msgs) StdoutLine: {'line': b'-- Up-to-date symlink: /home/prathamkelkar/ros2_ws/install/px4_msgs/include/px4_msgs/px4_msgs/msg/detail/estimator_status__rosidl_typesupport_introspection_c.h\n'}
[2.481261] (px4_msgs) StdoutLine: {'line': b'-- Up-to-date symlink: /home/prathamkelkar/ros2_ws/install/px4_msgs/include/px4_msgs/px4_msgs/msg/detail/estimator_status_flags__rosidl_typesupport_introspection_c.h\n'}
[2.481356] (px4_msgs) StdoutLine: {'line': b'-- Up-to-date symlink: /home/prathamkelkar/ros2_ws/install/px4_msgs/include/px4_msgs/px4_msgs/msg/detail/event__rosidl_typesupport_introspection_c.h\n'}
[2.481454] (px4_msgs) StdoutLine: {'line': b'-- Up-to-date symlink: /home/prathamkelkar/ros2_ws/install/px4_msgs/include/px4_msgs/px4_msgs/msg/detail/failsafe_flags__rosidl_typesupport_introspection_c.h\n'}
[2.481550] (px4_msgs) StdoutLine: {'line': b'-- Up-to-date symlink: /home/prathamkelkar/ros2_ws/install/px4_msgs/include/px4_msgs/px4_msgs/msg/detail/failure_detector_status__rosidl_typesupport_introspection_c.h\n'}
[2.481642] (px4_msgs) StdoutLine: {'line': b'-- Up-to-date symlink: /home/prathamkelkar/ros2_ws/install/px4_msgs/include/px4_msgs/px4_msgs/msg/detail/figure_eight_status__rosidl_typesupport_introspection_c.h\n'}
[2.481746] (px4_msgs) StdoutLine: {'line': b'-- Up-to-date symlink: /home/prathamkelkar/ros2_ws/install/px4_msgs/include/px4_msgs/px4_msgs/msg/detail/flight_phase_estimation__rosidl_typesupport_introspection_c.h\n'}
[2.481839] (px4_msgs) StdoutLine: {'line': b'-- Up-to-date symlink: /home/prathamkelkar/ros2_ws/install/px4_msgs/include/px4_msgs/px4_msgs/msg/detail/follow_target__rosidl_typesupport_introspection_c.h\n'}
[2.481932] (px4_msgs) StdoutLine: {'line': b'-- Up-to-date symlink: /home/prathamkelkar/ros2_ws/install/px4_msgs/include/px4_msgs/px4_msgs/msg/detail/follow_target_estimator__rosidl_typesupport_introspection_c.h\n'}
[2.482027] (px4_msgs) StdoutLine: {'line': b'-- Up-to-date symlink: /home/prathamkelkar/ros2_ws/install/px4_msgs/include/px4_msgs/px4_msgs/msg/detail/follow_target_status__rosidl_typesupport_introspection_c.h\n'}
[2.482121] (px4_msgs) StdoutLine: {'line': b'-- Up-to-date symlink: /home/prathamkelkar/ros2_ws/install/px4_msgs/include/px4_msgs/px4_msgs/msg/detail/generator_status__rosidl_typesupport_introspection_c.h\n'}
[2.482216] (px4_msgs) StdoutLine: {'line': b'-- Up-to-date symlink: /home/prathamkelkar/ros2_ws/install/px4_msgs/include/px4_msgs/px4_msgs/msg/detail/geofence_result__rosidl_typesupport_introspection_c.h\n'}
[2.482308] (px4_msgs) StdoutLine: {'line': b'-- Up-to-date symlink: /home/prathamkelkar/ros2_ws/install/px4_msgs/include/px4_msgs/px4_msgs/msg/detail/geofence_status__rosidl_typesupport_introspection_c.h\n'}
[2.482402] (px4_msgs) StdoutLine: {'line': b'-- Up-to-date symlink: /home/prathamkelkar/ros2_ws/install/px4_msgs/include/px4_msgs/px4_msgs/msg/detail/gimbal_controls__rosidl_typesupport_introspection_c.h\n'}
[2.482494] (px4_msgs) StdoutLine: {'line': b'-- Up-to-date symlink: /home/prathamkelkar/ros2_ws/install/px4_msgs/include/px4_msgs/px4_msgs/msg/detail/gimbal_device_attitude_status__rosidl_typesupport_introspection_c.h\n'}
[2.482587] (px4_msgs) StdoutLine: {'line': b'-- Up-to-date symlink: /home/prathamkelkar/ros2_ws/install/px4_msgs/include/px4_msgs/px4_msgs/msg/detail/gimbal_device_information__rosidl_typesupport_introspection_c.h\n'}
[2.482685] (px4_msgs) StdoutLine: {'line': b'-- Up-to-date symlink: /home/prathamkelkar/ros2_ws/install/px4_msgs/include/px4_msgs/px4_msgs/msg/detail/gimbal_device_set_attitude__rosidl_typesupport_introspection_c.h\n'}
[2.482780] (px4_msgs) StdoutLine: {'line': b'-- Up-to-date symlink: /home/prathamkelkar/ros2_ws/install/px4_msgs/include/px4_msgs/px4_msgs/msg/detail/gimbal_manager_information__rosidl_typesupport_introspection_c.h\n'}
[2.482876] (px4_msgs) StdoutLine: {'line': b'-- Up-to-date symlink: /home/prathamkelkar/ros2_ws/install/px4_msgs/include/px4_msgs/px4_msgs/msg/detail/gimbal_manager_set_attitude__rosidl_typesupport_introspection_c.h\n'}
[2.482989] (px4_msgs) StdoutLine: {'line': b'-- Up-to-date symlink: /home/prathamkelkar/ros2_ws/install/px4_msgs/include/px4_msgs/px4_msgs/msg/detail/gimbal_manager_set_manual_control__rosidl_typesupport_introspection_c.h\n'}
[2.483084] (px4_msgs) StdoutLine: {'line': b'-- Up-to-date symlink: /home/prathamkelkar/ros2_ws/install/px4_msgs/include/px4_msgs/px4_msgs/msg/detail/gimbal_manager_status__rosidl_typesupport_introspection_c.h\n'}
[2.483209] (px4_msgs) StdoutLine: {'line': b'-- Up-to-date symlink: /home/prathamkelkar/ros2_ws/install/px4_msgs/include/px4_msgs/px4_msgs/msg/detail/goto_setpoint__rosidl_typesupport_introspection_c.h\n'}
[2.483303] (px4_msgs) StdoutLine: {'line': b'-- Up-to-date symlink: /home/prathamkelkar/ros2_ws/install/px4_msgs/include/px4_msgs/px4_msgs/msg/detail/gpio_config__rosidl_typesupport_introspection_c.h\n'}
[2.483398] (px4_msgs) StdoutLine: {'line': b'-- Up-to-date symlink: /home/prathamkelkar/ros2_ws/install/px4_msgs/include/px4_msgs/px4_msgs/msg/detail/gpio_in__rosidl_typesupport_introspection_c.h\n'}
[2.483493] (px4_msgs) StdoutLine: {'line': b'-- Up-to-date symlink: /home/prathamkelkar/ros2_ws/install/px4_msgs/include/px4_msgs/px4_msgs/msg/detail/gpio_out__rosidl_typesupport_introspection_c.h\n'}
[2.483585] (px4_msgs) StdoutLine: {'line': b'-- Up-to-date symlink: /home/prathamkelkar/ros2_ws/install/px4_msgs/include/px4_msgs/px4_msgs/msg/detail/gpio_request__rosidl_typesupport_introspection_c.h\n'}
[2.483685] (px4_msgs) StdoutLine: {'line': b'-- Up-to-date symlink: /home/prathamkelkar/ros2_ws/install/px4_msgs/include/px4_msgs/px4_msgs/msg/detail/gps_dump__rosidl_typesupport_introspection_c.h\n'}
[2.483781] (px4_msgs) StdoutLine: {'line': b'-- Up-to-date symlink: /home/prathamkelkar/ros2_ws/install/px4_msgs/include/px4_msgs/px4_msgs/msg/detail/gps_inject_data__rosidl_typesupport_introspection_c.h\n'}
[2.483873] (px4_msgs) StdoutLine: {'line': b'-- Up-to-date symlink: /home/prathamkelkar/ros2_ws/install/px4_msgs/include/px4_msgs/px4_msgs/msg/detail/gripper__rosidl_typesupport_introspection_c.h\n'}
[2.483966] (px4_msgs) StdoutLine: {'line': b'-- Up-to-date symlink: /home/prathamkelkar/ros2_ws/install/px4_msgs/include/px4_msgs/px4_msgs/msg/detail/health_report__rosidl_typesupport_introspection_c.h\n'}
[2.484060] (px4_msgs) StdoutLine: {'line': b'-- Up-to-date symlink: /home/prathamkelkar/ros2_ws/install/px4_msgs/include/px4_msgs/px4_msgs/msg/detail/heater_status__rosidl_typesupport_introspection_c.h\n'}
[2.484151] (px4_msgs) StdoutLine: {'line': b'-- Up-to-date symlink: /home/prathamkelkar/ros2_ws/install/px4_msgs/include/px4_msgs/px4_msgs/msg/detail/home_position__rosidl_typesupport_introspection_c.h\n'}
[2.484242] (px4_msgs) StdoutLine: {'line': b'-- Up-to-date symlink: /home/prathamkelkar/ros2_ws/install/px4_msgs/include/px4_msgs/px4_msgs/msg/detail/hover_thrust_estimate__rosidl_typesupport_introspection_c.h\n'}
[2.484333] (px4_msgs) StdoutLine: {'line': b'-- Up-to-date symlink: /home/prathamkelkar/ros2_ws/install/px4_msgs/include/px4_msgs/px4_msgs/msg/detail/input_rc__rosidl_typesupport_introspection_c.h\n'}
[2.484423] (px4_msgs) StdoutLine: {'line': b'-- Up-to-date symlink: /home/prathamkelkar/ros2_ws/install/px4_msgs/include/px4_msgs/px4_msgs/msg/detail/internal_combustion_engine_status__rosidl_typesupport_introspection_c.h\n'}
[2.484514] (px4_msgs) StdoutLine: {'line': b'-- Up-to-date symlink: /home/prathamkelkar/ros2_ws/install/px4_msgs/include/px4_msgs/px4_msgs/msg/detail/iridiumsbd_status__rosidl_typesupport_introspection_c.h\n'}
[2.484606] (px4_msgs) StdoutLine: {'line': b'-- Up-to-date symlink: /home/prathamkelkar/ros2_ws/install/px4_msgs/include/px4_msgs/px4_msgs/msg/detail/irlock_report__rosidl_typesupport_introspection_c.h\n'}
[2.484705] (px4_msgs) StdoutLine: {'line': b'-- Up-to-date symlink: /home/prathamkelkar/ros2_ws/install/px4_msgs/include/px4_msgs/px4_msgs/msg/detail/landing_gear__rosidl_typesupport_introspection_c.h\n'}
[2.484797] (px4_msgs) StdoutLine: {'line': b'-- Up-to-date symlink: /home/prathamkelkar/ros2_ws/install/px4_msgs/include/px4_msgs/px4_msgs/msg/detail/landing_gear_wheel__rosidl_typesupport_introspection_c.h\n'}
[2.484894] (px4_msgs) StdoutLine: {'line': b'-- Up-to-date symlink: /home/prathamkelkar/ros2_ws/install/px4_msgs/include/px4_msgs/px4_msgs/msg/detail/landing_target_innovations__rosidl_typesupport_introspection_c.h\n'}
[2.484985] (px4_msgs) StdoutLine: {'line': b'-- Up-to-date symlink: /home/prathamkelkar/ros2_ws/install/px4_msgs/include/px4_msgs/px4_msgs/msg/detail/landing_target_pose__rosidl_typesupport_introspection_c.h\n'}
[2.485078] (px4_msgs) StdoutLine: {'line': b'-- Up-to-date symlink: /home/prathamkelkar/ros2_ws/install/px4_msgs/include/px4_msgs/px4_msgs/msg/detail/launch_detection_status__rosidl_typesupport_introspection_c.h\n'}
[2.485178] (px4_msgs) StdoutLine: {'line': b'-- Up-to-date symlink: /home/prathamkelkar/ros2_ws/install/px4_msgs/include/px4_msgs/px4_msgs/msg/detail/led_control__rosidl_typesupport_introspection_c.h\n'}
[2.485273] (px4_msgs) StdoutLine: {'line': b'-- Up-to-date symlink: /home/prathamkelkar/ros2_ws/install/px4_msgs/include/px4_msgs/px4_msgs/msg/detail/log_message__rosidl_typesupport_introspection_c.h\n'}
[2.485365] (px4_msgs) StdoutLine: {'line': b'-- Up-to-date symlink: /home/prathamkelkar/ros2_ws/install/px4_msgs/include/px4_msgs/px4_msgs/msg/detail/logger_status__rosidl_typesupport_introspection_c.h\n'}
[2.485458] (px4_msgs) StdoutLine: {'line': b'-- Up-to-date symlink: /home/prathamkelkar/ros2_ws/install/px4_msgs/include/px4_msgs/px4_msgs/msg/detail/mag_worker_data__rosidl_typesupport_introspection_c.h\n'}
[2.485549] (px4_msgs) StdoutLine: {'line': b'-- Up-to-date symlink: /home/prathamkelkar/ros2_ws/install/px4_msgs/include/px4_msgs/px4_msgs/msg/detail/magnetometer_bias_estimate__rosidl_typesupport_introspection_c.h\n'}
[2.485654] (px4_msgs) StdoutLine: {'line': b'-- Up-to-date symlink: /home/prathamkelkar/ros2_ws/install/px4_msgs/include/px4_msgs/px4_msgs/msg/detail/manual_control_setpoint__rosidl_typesupport_introspection_c.h\n'}
[2.485755] (px4_msgs) StdoutLine: {'line': b'-- Up-to-date symlink: /home/prathamkelkar/ros2_ws/install/px4_msgs/include/px4_msgs/px4_msgs/msg/detail/manual_control_switches__rosidl_typesupport_introspection_c.h\n'}
[2.485846] (px4_msgs) StdoutLine: {'line': b'-- Up-to-date symlink: /home/prathamkelkar/ros2_ws/install/px4_msgs/include/px4_msgs/px4_msgs/msg/detail/mavlink_log__rosidl_typesupport_introspection_c.h\n'}
[2.485937] (px4_msgs) StdoutLine: {'line': b'-- Up-to-date symlink: /home/prathamkelkar/ros2_ws/install/px4_msgs/include/px4_msgs/px4_msgs/msg/detail/mavlink_tunnel__rosidl_typesupport_introspection_c.h\n'}
[2.486028] (px4_msgs) StdoutLine: {'line': b'-- Up-to-date symlink: /home/prathamkelkar/ros2_ws/install/px4_msgs/include/px4_msgs/px4_msgs/msg/detail/message_format_request__rosidl_typesupport_introspection_c.h\n'}
[2.486118] (px4_msgs) StdoutLine: {'line': b'-- Up-to-date symlink: /home/prathamkelkar/ros2_ws/install/px4_msgs/include/px4_msgs/px4_msgs/msg/detail/message_format_response__rosidl_typesupport_introspection_c.h\n'}
[2.486211] (px4_msgs) StdoutLine: {'line': b'-- Up-to-date symlink: /home/prathamkelkar/ros2_ws/install/px4_msgs/include/px4_msgs/px4_msgs/msg/detail/mission__rosidl_typesupport_introspection_c.h\n'}
[2.486303] (px4_msgs) StdoutLine: {'line': b'-- Up-to-date symlink: /home/prathamkelkar/ros2_ws/install/px4_msgs/include/px4_msgs/px4_msgs/msg/detail/mission_result__rosidl_typesupport_introspection_c.h\n'}
[2.486395] (px4_msgs) StdoutLine: {'line': b'-- Up-to-date symlink: /home/prathamkelkar/ros2_ws/install/px4_msgs/include/px4_msgs/px4_msgs/msg/detail/mode_completed__rosidl_typesupport_introspection_c.h\n'}
[2.486489] (px4_msgs) StdoutLine: {'line': b'-- Up-to-date symlink: /home/prathamkelkar/ros2_ws/install/px4_msgs/include/px4_msgs/px4_msgs/msg/detail/mount_orientation__rosidl_typesupport_introspection_c.h\n'}
[2.486580] (px4_msgs) StdoutLine: {'line': b'-- Up-to-date symlink: /home/prathamkelkar/ros2_ws/install/px4_msgs/include/px4_msgs/px4_msgs/msg/detail/navigator_mission_item__rosidl_typesupport_introspection_c.h\n'}
[2.486688] (px4_msgs) StdoutLine: {'line': b'-- Up-to-date symlink: /home/prathamkelkar/ros2_ws/install/px4_msgs/include/px4_msgs/px4_msgs/msg/detail/normalized_unsigned_setpoint__rosidl_typesupport_introspection_c.h\n'}
[2.486782] (px4_msgs) StdoutLine: {'line': b'-- Up-to-date symlink: /home/prathamkelkar/ros2_ws/install/px4_msgs/include/px4_msgs/px4_msgs/msg/detail/npfg_status__rosidl_typesupport_introspection_c.h\n'}
[2.486875] (px4_msgs) StdoutLine: {'line': b'-- Up-to-date symlink: /home/prathamkelkar/ros2_ws/install/px4_msgs/include/px4_msgs/px4_msgs/msg/detail/obstacle_distance__rosidl_typesupport_introspection_c.h\n'}
[2.486966] (px4_msgs) StdoutLine: {'line': b'-- Up-to-date symlink: /home/prathamkelkar/ros2_ws/install/px4_msgs/include/px4_msgs/px4_msgs/msg/detail/offboard_control_mode__rosidl_typesupport_introspection_c.h\n'}
[2.487062] (px4_msgs) StdoutLine: {'line': b'-- Up-to-date symlink: /home/prathamkelkar/ros2_ws/install/px4_msgs/include/px4_msgs/px4_msgs/msg/detail/onboard_computer_status__rosidl_typesupport_introspection_c.h\n'}
[2.487157] (px4_msgs) StdoutLine: {'line': b'-- Up-to-date symlink: /home/prathamkelkar/ros2_ws/install/px4_msgs/include/px4_msgs/px4_msgs/msg/detail/orb_test__rosidl_typesupport_introspection_c.h\n'}
[2.487253] (px4_msgs) StdoutLine: {'line': b'-- Up-to-date symlink: /home/prathamkelkar/ros2_ws/install/px4_msgs/include/px4_msgs/px4_msgs/msg/detail/orb_test_large__rosidl_typesupport_introspection_c.h\n'}
[2.487347] (px4_msgs) StdoutLine: {'line': b'-- Up-to-date symlink: /home/prathamkelkar/ros2_ws/install/px4_msgs/include/px4_msgs/px4_msgs/msg/detail/orb_test_medium__rosidl_typesupport_introspection_c.h\n'}
[2.487439] (px4_msgs) StdoutLine: {'line': b'-- Up-to-date symlink: /home/prathamkelkar/ros2_ws/install/px4_msgs/include/px4_msgs/px4_msgs/msg/detail/orbit_status__rosidl_typesupport_introspection_c.h\n'}
[2.487539] (px4_msgs) StdoutLine: {'line': b'-- Up-to-date symlink: /home/prathamkelkar/ros2_ws/install/px4_msgs/include/px4_msgs/px4_msgs/msg/detail/parameter_reset_request__rosidl_typesupport_introspection_c.h\n'}
[2.487631] (px4_msgs) StdoutLine: {'line': b'-- Up-to-date symlink: /home/prathamkelkar/ros2_ws/install/px4_msgs/include/px4_msgs/px4_msgs/msg/detail/parameter_set_used_request__rosidl_typesupport_introspection_c.h\n'}
[2.487730] (px4_msgs) StdoutLine: {'line': b'-- Up-to-date symlink: /home/prathamkelkar/ros2_ws/install/px4_msgs/include/px4_msgs/px4_msgs/msg/detail/parameter_set_value_request__rosidl_typesupport_introspection_c.h\n'}
[2.487825] (px4_msgs) StdoutLine: {'line': b'-- Up-to-date symlink: /home/prathamkelkar/ros2_ws/install/px4_msgs/include/px4_msgs/px4_msgs/msg/detail/parameter_set_value_response__rosidl_typesupport_introspection_c.h\n'}
[2.487917] (px4_msgs) StdoutLine: {'line': b'-- Up-to-date symlink: /home/prathamkelkar/ros2_ws/install/px4_msgs/include/px4_msgs/px4_msgs/msg/detail/parameter_update__rosidl_typesupport_introspection_c.h\n'}
[2.488019] (px4_msgs) StdoutLine: {'line': b'-- Up-to-date symlink: /home/prathamkelkar/ros2_ws/install/px4_msgs/include/px4_msgs/px4_msgs/msg/detail/ping__rosidl_typesupport_introspection_c.h\n'}
[2.488109] (px4_msgs) StdoutLine: {'line': b'-- Up-to-date symlink: /home/prathamkelkar/ros2_ws/install/px4_msgs/include/px4_msgs/px4_msgs/msg/detail/position_controller_landing_status__rosidl_typesupport_introspection_c.h\n'}
[2.488200] (px4_msgs) StdoutLine: {'line': b'-- Up-to-date symlink: /home/prathamkelkar/ros2_ws/install/px4_msgs/include/px4_msgs/px4_msgs/msg/detail/position_controller_status__rosidl_typesupport_introspection_c.h\n'}
[2.488291] (px4_msgs) StdoutLine: {'line': b'-- Up-to-date symlink: /home/prathamkelkar/ros2_ws/install/px4_msgs/include/px4_msgs/px4_msgs/msg/detail/position_setpoint__rosidl_typesupport_introspection_c.h\n'}
[2.488381] (px4_msgs) StdoutLine: {'line': b'-- Up-to-date symlink: /home/prathamkelkar/ros2_ws/install/px4_msgs/include/px4_msgs/px4_msgs/msg/detail/position_setpoint_triplet__rosidl_typesupport_introspection_c.h\n'}
[2.488478] (px4_msgs) StdoutLine: {'line': b'-- Up-to-date symlink: /home/prathamkelkar/ros2_ws/install/px4_msgs/include/px4_msgs/px4_msgs/msg/detail/power_button_state__rosidl_typesupport_introspection_c.h\n'}
[2.488569] (px4_msgs) StdoutLine: {'line': b'-- Up-to-date symlink: /home/prathamkelkar/ros2_ws/install/px4_msgs/include/px4_msgs/px4_msgs/msg/detail/power_monitor__rosidl_typesupport_introspection_c.h\n'}
[2.488662] (px4_msgs) StdoutLine: {'line': b'-- Up-to-date symlink: /home/prathamkelkar/ros2_ws/install/px4_msgs/include/px4_msgs/px4_msgs/msg/detail/pps_capture__rosidl_typesupport_introspection_c.h\n'}
[2.488760] (px4_msgs) StdoutLine: {'line': b'-- Up-to-date symlink: /home/prathamkelkar/ros2_ws/install/px4_msgs/include/px4_msgs/px4_msgs/msg/detail/pwm_input__rosidl_typesupport_introspection_c.h\n'}
[2.488849] (px4_msgs) StdoutLine: {'line': b'-- Up-to-date symlink: /home/prathamkelkar/ros2_ws/install/px4_msgs/include/px4_msgs/px4_msgs/msg/detail/px4io_status__rosidl_typesupport_introspection_c.h\n'}
[2.488946] (px4_msgs) StdoutLine: {'line': b'-- Up-to-date symlink: /home/prathamkelkar/ros2_ws/install/px4_msgs/include/px4_msgs/px4_msgs/msg/detail/qshell_req__rosidl_typesupport_introspection_c.h\n'}
[2.489042] (px4_msgs) StdoutLine: {'line': b'-- Up-to-date symlink: /home/prathamkelkar/ros2_ws/install/px4_msgs/include/px4_msgs/px4_msgs/msg/detail/qshell_retval__rosidl_typesupport_introspection_c.h\n'}
[2.489133] (px4_msgs) StdoutLine: {'line': b'-- Up-to-date symlink: /home/prathamkelkar/ros2_ws/install/px4_msgs/include/px4_msgs/px4_msgs/msg/detail/radio_status__rosidl_typesupport_introspection_c.h\n'}
[2.489227] (px4_msgs) StdoutLine: {'line': b'-- Up-to-date symlink: /home/prathamkelkar/ros2_ws/install/px4_msgs/include/px4_msgs/px4_msgs/msg/detail/rate_ctrl_status__rosidl_typesupport_introspection_c.h\n'}
[2.489321] (px4_msgs) StdoutLine: {'line': b'-- Up-to-date symlink: /home/prathamkelkar/ros2_ws/install/px4_msgs/include/px4_msgs/px4_msgs/msg/detail/rc_channels__rosidl_typesupport_introspection_c.h\n'}
[2.489414] (px4_msgs) StdoutLine: {'line': b'-- Up-to-date symlink: /home/prathamkelkar/ros2_ws/install/px4_msgs/include/px4_msgs/px4_msgs/msg/detail/rc_parameter_map__rosidl_typesupport_introspection_c.h\n'}
[2.489506] (px4_msgs) StdoutLine: {'line': b'-- Up-to-date symlink: /home/prathamkelkar/ros2_ws/install/px4_msgs/include/px4_msgs/px4_msgs/msg/detail/register_ext_component_reply__rosidl_typesupport_introspection_c.h\n'}
[2.489597] (px4_msgs) StdoutLine: {'line': b'-- Up-to-date symlink: /home/prathamkelkar/ros2_ws/install/px4_msgs/include/px4_msgs/px4_msgs/msg/detail/register_ext_component_request__rosidl_typesupport_introspection_c.h\n'}
[2.489699] (px4_msgs) StdoutLine: {'line': b'-- Up-to-date symlink: /home/prathamkelkar/ros2_ws/install/px4_msgs/include/px4_msgs/px4_msgs/msg/detail/rpm__rosidl_typesupport_introspection_c.h\n'}
[2.489799] (px4_msgs) StdoutLine: {'line': b'-- Up-to-date symlink: /home/prathamkelkar/ros2_ws/install/px4_msgs/include/px4_msgs/px4_msgs/msg/detail/rtl_status__rosidl_typesupport_introspection_c.h\n'}
[2.489893] (px4_msgs) StdoutLine: {'line': b'-- Up-to-date symlink: /home/prathamkelkar/ros2_ws/install/px4_msgs/include/px4_msgs/px4_msgs/msg/detail/rtl_time_estimate__rosidl_typesupport_introspection_c.h\n'}
[2.489987] (px4_msgs) StdoutLine: {'line': b'-- Up-to-date symlink: /home/prathamkelkar/ros2_ws/install/px4_msgs/include/px4_msgs/px4_msgs/msg/detail/satellite_info__rosidl_typesupport_introspection_c.h\n'}
[2.490080] (px4_msgs) StdoutLine: {'line': b'-- Up-to-date symlink: /home/prathamkelkar/ros2_ws/install/px4_msgs/include/px4_msgs/px4_msgs/msg/detail/sensor_accel__rosidl_typesupport_introspection_c.h\n'}
[2.490180] (px4_msgs) StdoutLine: {'line': b'-- Up-to-date symlink: /home/prathamkelkar/ros2_ws/install/px4_msgs/include/px4_msgs/px4_msgs/msg/detail/sensor_accel_fifo__rosidl_typesupport_introspection_c.h\n'}
[2.490272] (px4_msgs) StdoutLine: {'line': b'-- Up-to-date symlink: /home/prathamkelkar/ros2_ws/install/px4_msgs/include/px4_msgs/px4_msgs/msg/detail/sensor_airflow__rosidl_typesupport_introspection_c.h\n'}
[2.490368] (px4_msgs) StdoutLine: {'line': b'-- Up-to-date symlink: /home/prathamkelkar/ros2_ws/install/px4_msgs/include/px4_msgs/px4_msgs/msg/detail/sensor_baro__rosidl_typesupport_introspection_c.h\n'}
[2.490475] (px4_msgs) StdoutLine: {'line': b'-- Up-to-date symlink: /home/prathamkelkar/ros2_ws/install/px4_msgs/include/px4_msgs/px4_msgs/msg/detail/sensor_combined__rosidl_typesupport_introspection_c.h\n'}
[2.490570] (px4_msgs) StdoutLine: {'line': b'-- Up-to-date symlink: /home/prathamkelkar/ros2_ws/install/px4_msgs/include/px4_msgs/px4_msgs/msg/detail/sensor_correction__rosidl_typesupport_introspection_c.h\n'}
[2.490663] (px4_msgs) StdoutLine: {'line': b'-- Up-to-date symlink: /home/prathamkelkar/ros2_ws/install/px4_msgs/include/px4_msgs/px4_msgs/msg/detail/sensor_gnss_relative__rosidl_typesupport_introspection_c.h\n'}
[2.490767] (px4_msgs) StdoutLine: {'line': b'-- Up-to-date symlink: /home/prathamkelkar/ros2_ws/install/px4_msgs/include/px4_msgs/px4_msgs/msg/detail/sensor_gps__rosidl_typesupport_introspection_c.h\n'}
[2.490859] (px4_msgs) StdoutLine: {'line': b'-- Up-to-date symlink: /home/prathamkelkar/ros2_ws/install/px4_msgs/include/px4_msgs/px4_msgs/msg/detail/sensor_gyro__rosidl_typesupport_introspection_c.h\n'}
[2.490950] (px4_msgs) StdoutLine: {'line': b'-- Up-to-date symlink: /home/prathamkelkar/ros2_ws/install/px4_msgs/include/px4_msgs/px4_msgs/msg/detail/sensor_gyro_fft__rosidl_typesupport_introspection_c.h\n'}
[2.491044] (px4_msgs) StdoutLine: {'line': b'-- Up-to-date symlink: /home/prathamkelkar/ros2_ws/install/px4_msgs/include/px4_msgs/px4_msgs/msg/detail/sensor_gyro_fifo__rosidl_typesupport_introspection_c.h\n'}
[2.491135] (px4_msgs) StdoutLine: {'line': b'-- Up-to-date symlink: /home/prathamkelkar/ros2_ws/install/px4_msgs/include/px4_msgs/px4_msgs/msg/detail/sensor_hygrometer__rosidl_typesupport_introspection_c.h\n'}
[2.491224] (px4_msgs) StdoutLine: {'line': b'-- Up-to-date symlink: /home/prathamkelkar/ros2_ws/install/px4_msgs/include/px4_msgs/px4_msgs/msg/detail/sensor_mag__rosidl_typesupport_introspection_c.h\n'}
[2.491316] (px4_msgs) StdoutLine: {'line': b'-- Up-to-date symlink: /home/prathamkelkar/ros2_ws/install/px4_msgs/include/px4_msgs/px4_msgs/msg/detail/sensor_optical_flow__rosidl_typesupport_introspection_c.h\n'}
[2.491412] (px4_msgs) StdoutLine: {'line': b'-- Up-to-date symlink: /home/prathamkelkar/ros2_ws/install/px4_msgs/include/px4_msgs/px4_msgs/msg/detail/sensor_preflight_mag__rosidl_typesupport_introspection_c.h\n'}
[2.491504] (px4_msgs) StdoutLine: {'line': b'-- Up-to-date symlink: /home/prathamkelkar/ros2_ws/install/px4_msgs/include/px4_msgs/px4_msgs/msg/detail/sensor_selection__rosidl_typesupport_introspection_c.h\n'}
[2.491599] (px4_msgs) StdoutLine: {'line': b'-- Up-to-date symlink: /home/prathamkelkar/ros2_ws/install/px4_msgs/include/px4_msgs/px4_msgs/msg/detail/sensor_uwb__rosidl_typesupport_introspection_c.h\n'}
[2.491701] (px4_msgs) StdoutLine: {'line': b'-- Up-to-date symlink: /home/prathamkelkar/ros2_ws/install/px4_msgs/include/px4_msgs/px4_msgs/msg/detail/sensors_status__rosidl_typesupport_introspection_c.h\n'}
[2.491796] (px4_msgs) StdoutLine: {'line': b'-- Up-to-date symlink: /home/prathamkelkar/ros2_ws/install/px4_msgs/include/px4_msgs/px4_msgs/msg/detail/sensors_status_imu__rosidl_typesupport_introspection_c.h\n'}
[2.491886] (px4_msgs) StdoutLine: {'line': b'-- Up-to-date symlink: /home/prathamkelkar/ros2_ws/install/px4_msgs/include/px4_msgs/px4_msgs/msg/detail/system_power__rosidl_typesupport_introspection_c.h\n'}
[2.491977] (px4_msgs) StdoutLine: {'line': b'-- Up-to-date symlink: /home/prathamkelkar/ros2_ws/install/px4_msgs/include/px4_msgs/px4_msgs/msg/detail/takeoff_status__rosidl_typesupport_introspection_c.h\n'}
[2.492070] (px4_msgs) StdoutLine: {'line': b'-- Up-to-date symlink: /home/prathamkelkar/ros2_ws/install/px4_msgs/include/px4_msgs/px4_msgs/msg/detail/task_stack_info__rosidl_typesupport_introspection_c.h\n'}
[2.492168] (px4_msgs) StdoutLine: {'line': b'-- Up-to-date symlink: /home/prathamkelkar/ros2_ws/install/px4_msgs/include/px4_msgs/px4_msgs/msg/detail/tecs_status__rosidl_typesupport_introspection_c.h\n'}
[2.492270] (px4_msgs) StdoutLine: {'line': b'-- Up-to-date symlink: /home/prathamkelkar/ros2_ws/install/px4_msgs/include/px4_msgs/px4_msgs/msg/detail/telemetry_status__rosidl_typesupport_introspection_c.h\n'}
[2.492361] (px4_msgs) StdoutLine: {'line': b'-- Up-to-date symlink: /home/prathamkelkar/ros2_ws/install/px4_msgs/include/px4_msgs/px4_msgs/msg/detail/tiltrotor_extra_controls__rosidl_typesupport_introspection_c.h\n'}
[2.492461] (px4_msgs) StdoutLine: {'line': b'-- Up-to-date symlink: /home/prathamkelkar/ros2_ws/install/px4_msgs/include/px4_msgs/px4_msgs/msg/detail/timesync_status__rosidl_typesupport_introspection_c.h\n'}
[2.492560] (px4_msgs) StdoutLine: {'line': b'-- Up-to-date symlink: /home/prathamkelkar/ros2_ws/install/px4_msgs/include/px4_msgs/px4_msgs/msg/detail/trajectory_bezier__rosidl_typesupport_introspection_c.h\n'}
[2.492650] (px4_msgs) StdoutLine: {'line': b'-- Up-to-date symlink: /home/prathamkelkar/ros2_ws/install/px4_msgs/include/px4_msgs/px4_msgs/msg/detail/trajectory_setpoint__rosidl_typesupport_introspection_c.h\n'}
[2.492746] (px4_msgs) StdoutLine: {'line': b'-- Up-to-date symlink: /home/prathamkelkar/ros2_ws/install/px4_msgs/include/px4_msgs/px4_msgs/msg/detail/trajectory_waypoint__rosidl_typesupport_introspection_c.h\n'}
[2.492848] (px4_msgs) StdoutLine: {'line': b'-- Up-to-date symlink: /home/prathamkelkar/ros2_ws/install/px4_msgs/include/px4_msgs/px4_msgs/msg/detail/transponder_report__rosidl_typesupport_introspection_c.h\n'}
[2.492940] (px4_msgs) StdoutLine: {'line': b'-- Up-to-date symlink: /home/prathamkelkar/ros2_ws/install/px4_msgs/include/px4_msgs/px4_msgs/msg/detail/tune_control__rosidl_typesupport_introspection_c.h\n'}
[2.493036] (px4_msgs) StdoutLine: {'line': b'-- Up-to-date symlink: /home/prathamkelkar/ros2_ws/install/px4_msgs/include/px4_msgs/px4_msgs/msg/detail/uavcan_parameter_request__rosidl_typesupport_introspection_c.h\n'}
[2.493128] (px4_msgs) StdoutLine: {'line': b'-- Up-to-date symlink: /home/prathamkelkar/ros2_ws/install/px4_msgs/include/px4_msgs/px4_msgs/msg/detail/uavcan_parameter_value__rosidl_typesupport_introspection_c.h\n'}
[2.493221] (px4_msgs) StdoutLine: {'line': b'-- Up-to-date symlink: /home/prathamkelkar/ros2_ws/install/px4_msgs/include/px4_msgs/px4_msgs/msg/detail/ulog_stream__rosidl_typesupport_introspection_c.h\n'}
[2.493313] (px4_msgs) StdoutLine: {'line': b'-- Up-to-date symlink: /home/prathamkelkar/ros2_ws/install/px4_msgs/include/px4_msgs/px4_msgs/msg/detail/ulog_stream_ack__rosidl_typesupport_introspection_c.h\n'}
[2.493404] (px4_msgs) StdoutLine: {'line': b'-- Up-to-date symlink: /home/prathamkelkar/ros2_ws/install/px4_msgs/include/px4_msgs/px4_msgs/msg/detail/unregister_ext_component__rosidl_typesupport_introspection_c.h\n'}
[2.493494] (px4_msgs) StdoutLine: {'line': b'-- Up-to-date symlink: /home/prathamkelkar/ros2_ws/install/px4_msgs/include/px4_msgs/px4_msgs/msg/detail/vehicle_acceleration__rosidl_typesupport_introspection_c.h\n'}
[2.493585] (px4_msgs) StdoutLine: {'line': b'-- Up-to-date symlink: /home/prathamkelkar/ros2_ws/install/px4_msgs/include/px4_msgs/px4_msgs/msg/detail/vehicle_air_data__rosidl_typesupport_introspection_c.h\n'}
[2.493683] (px4_msgs) StdoutLine: {'line': b'-- Up-to-date symlink: /home/prathamkelkar/ros2_ws/install/px4_msgs/include/px4_msgs/px4_msgs/msg/detail/vehicle_angular_acceleration_setpoint__rosidl_typesupport_introspection_c.h\n'}
[2.493777] (px4_msgs) StdoutLine: {'line': b'-- Up-to-date symlink: /home/prathamkelkar/ros2_ws/install/px4_msgs/include/px4_msgs/px4_msgs/msg/detail/vehicle_angular_velocity__rosidl_typesupport_introspection_c.h\n'}
[2.493868] (px4_msgs) StdoutLine: {'line': b'-- Up-to-date symlink: /home/prathamkelkar/ros2_ws/install/px4_msgs/include/px4_msgs/px4_msgs/msg/detail/vehicle_attitude__rosidl_typesupport_introspection_c.h\n'}
[2.493959] (px4_msgs) StdoutLine: {'line': b'-- Up-to-date symlink: /home/prathamkelkar/ros2_ws/install/px4_msgs/include/px4_msgs/px4_msgs/msg/detail/vehicle_attitude_setpoint__rosidl_typesupport_introspection_c.h\n'}
[2.494058] (px4_msgs) StdoutLine: {'line': b'-- Up-to-date symlink: /home/prathamkelkar/ros2_ws/install/px4_msgs/include/px4_msgs/px4_msgs/msg/detail/vehicle_command__rosidl_typesupport_introspection_c.h\n'}
[2.494149] (px4_msgs) StdoutLine: {'line': b'-- Up-to-date symlink: /home/prathamkelkar/ros2_ws/install/px4_msgs/include/px4_msgs/px4_msgs/msg/detail/vehicle_command_ack__rosidl_typesupport_introspection_c.h\n'}
[2.494240] (px4_msgs) StdoutLine: {'line': b'-- Up-to-date symlink: /home/prathamkelkar/ros2_ws/install/px4_msgs/include/px4_msgs/px4_msgs/msg/detail/vehicle_constraints__rosidl_typesupport_introspection_c.h\n'}
[2.494336] (px4_msgs) StdoutLine: {'line': b'-- Up-to-date symlink: /home/prathamkelkar/ros2_ws/install/px4_msgs/include/px4_msgs/px4_msgs/msg/detail/vehicle_control_mode__rosidl_typesupport_introspection_c.h\n'}
[2.494437] (px4_msgs) StdoutLine: {'line': b'-- Up-to-date symlink: /home/prathamkelkar/ros2_ws/install/px4_msgs/include/px4_msgs/px4_msgs/msg/detail/vehicle_global_position__rosidl_typesupport_introspection_c.h\n'}
[2.494528] (px4_msgs) StdoutLine: {'line': b'-- Up-to-date symlink: /home/prathamkelkar/ros2_ws/install/px4_msgs/include/px4_msgs/px4_msgs/msg/detail/vehicle_imu__rosidl_typesupport_introspection_c.h\n'}
[2.494621] (px4_msgs) StdoutLine: {'line': b'-- Up-to-date symlink: /home/prathamkelkar/ros2_ws/install/px4_msgs/include/px4_msgs/px4_msgs/msg/detail/vehicle_imu_status__rosidl_typesupport_introspection_c.h\n'}
[2.494725] (px4_msgs) StdoutLine: {'line': b'-- Up-to-date symlink: /home/prathamkelkar/ros2_ws/install/px4_msgs/include/px4_msgs/px4_msgs/msg/detail/vehicle_land_detected__rosidl_typesupport_introspection_c.h\n'}
[2.494817] (px4_msgs) StdoutLine: {'line': b'-- Up-to-date symlink: /home/prathamkelkar/ros2_ws/install/px4_msgs/include/px4_msgs/px4_msgs/msg/detail/vehicle_local_position__rosidl_typesupport_introspection_c.h\n'}
[2.494901] (px4_msgs) StdoutLine: {'line': b'-- Up-to-date symlink: /home/prathamkelkar/ros2_ws/install/px4_msgs/include/px4_msgs/px4_msgs/msg/detail/vehicle_local_position_setpoint__rosidl_typesupport_introspection_c.h\n'}
[2.494988] (px4_msgs) StdoutLine: {'line': b'-- Up-to-date symlink: /home/prathamkelkar/ros2_ws/install/px4_msgs/include/px4_msgs/px4_msgs/msg/detail/vehicle_magnetometer__rosidl_typesupport_introspection_c.h\n'}
[2.495085] (px4_msgs) StdoutLine: {'line': b'-- Up-to-date symlink: /home/prathamkelkar/ros2_ws/install/px4_msgs/include/px4_msgs/px4_msgs/msg/detail/vehicle_odometry__rosidl_typesupport_introspection_c.h\n'}
[2.495186] (px4_msgs) StdoutLine: {'line': b'-- Up-to-date symlink: /home/prathamkelkar/ros2_ws/install/px4_msgs/include/px4_msgs/px4_msgs/msg/detail/vehicle_optical_flow__rosidl_typesupport_introspection_c.h\n'}
[2.495277] (px4_msgs) StdoutLine: {'line': b'-- Up-to-date symlink: /home/prathamkelkar/ros2_ws/install/px4_msgs/include/px4_msgs/px4_msgs/msg/detail/vehicle_optical_flow_vel__rosidl_typesupport_introspection_c.h\n'}
[2.495365] (px4_msgs) StdoutLine: {'line': b'-- Up-to-date symlink: /home/prathamkelkar/ros2_ws/install/px4_msgs/include/px4_msgs/px4_msgs/msg/detail/vehicle_rates_setpoint__rosidl_typesupport_introspection_c.h\n'}
[2.495455] (px4_msgs) StdoutLine: {'line': b'-- Up-to-date symlink: /home/prathamkelkar/ros2_ws/install/px4_msgs/include/px4_msgs/px4_msgs/msg/detail/vehicle_roi__rosidl_typesupport_introspection_c.h\n'}
[2.495549] (px4_msgs) StdoutLine: {'line': b'-- Up-to-date symlink: /home/prathamkelkar/ros2_ws/install/px4_msgs/include/px4_msgs/px4_msgs/msg/detail/vehicle_status__rosidl_typesupport_introspection_c.h\n'}
[2.495656] (px4_msgs) StdoutLine: {'line': b'-- Up-to-date symlink: /home/prathamkelkar/ros2_ws/install/px4_msgs/include/px4_msgs/px4_msgs/msg/detail/vehicle_thrust_setpoint__rosidl_typesupport_introspection_c.h\n'}
[2.495767] (px4_msgs) StdoutLine: {'line': b'-- Up-to-date symlink: /home/prathamkelkar/ros2_ws/install/px4_msgs/include/px4_msgs/px4_msgs/msg/detail/vehicle_torque_setpoint__rosidl_typesupport_introspection_c.h\n'}
[2.495875] (px4_msgs) StdoutLine: {'line': b'-- Up-to-date symlink: /home/prathamkelkar/ros2_ws/install/px4_msgs/include/px4_msgs/px4_msgs/msg/detail/vehicle_trajectory_bezier__rosidl_typesupport_introspection_c.h\n'}
[2.495974] (px4_msgs) StdoutLine: {'line': b'-- Up-to-date symlink: /home/prathamkelkar/ros2_ws/install/px4_msgs/include/px4_msgs/px4_msgs/msg/detail/vehicle_trajectory_waypoint__rosidl_typesupport_introspection_c.h\n'}
[2.496058] (px4_msgs) StdoutLine: {'line': b'-- Up-to-date symlink: /home/prathamkelkar/ros2_ws/install/px4_msgs/include/px4_msgs/px4_msgs/msg/detail/velocity_limits__rosidl_typesupport_introspection_c.h\n'}
[2.496144] (px4_msgs) StdoutLine: {'line': b'-- Up-to-date symlink: /home/prathamkelkar/ros2_ws/install/px4_msgs/include/px4_msgs/px4_msgs/msg/detail/vtol_vehicle_status__rosidl_typesupport_introspection_c.h\n'}
[2.496240] (px4_msgs) StdoutLine: {'line': b'-- Up-to-date symlink: /home/prathamkelkar/ros2_ws/install/px4_msgs/include/px4_msgs/px4_msgs/msg/detail/wheel_encoders__rosidl_typesupport_introspection_c.h\n'}
[2.496336] (px4_msgs) StdoutLine: {'line': b'-- Up-to-date symlink: /home/prathamkelkar/ros2_ws/install/px4_msgs/include/px4_msgs/px4_msgs/msg/detail/wind__rosidl_typesupport_introspection_c.h\n'}
[2.496434] (px4_msgs) StdoutLine: {'line': b'-- Up-to-date symlink: /home/prathamkelkar/ros2_ws/install/px4_msgs/include/px4_msgs/px4_msgs/msg/detail/yaw_estimator_status__rosidl_typesupport_introspection_c.h\n'}
[2.496527] (px4_msgs) StdoutLine: {'line': b'-- Up-to-date symlink: /home/prathamkelkar/ros2_ws/install/px4_msgs/include/px4_msgs/px4_msgs/msg/rosidl_typesupport_introspection_c__visibility_control.h\n'}
[2.496637] (px4_msgs) StdoutLine: {'line': b'-- Up-to-date symlink: /home/prathamkelkar/ros2_ws/install/px4_msgs/include/px4_msgs/px4_msgs/srv/detail/vehicle_command__rosidl_typesupport_introspection_c.h\n'}
[2.496743] (px4_msgs) StdoutLine: {'line': b'-- Up-to-date symlink: /home/prathamkelkar/ros2_ws/install/px4_msgs/include/px4_msgs/px4_msgs/msg/detail/action_request__rosidl_typesupport_introspection_cpp.hpp\n'}
[2.496838] (px4_msgs) StdoutLine: {'line': b'-- Up-to-date symlink: /home/prathamkelkar/ros2_ws/install/px4_msgs/include/px4_msgs/px4_msgs/msg/detail/actuator_armed__rosidl_typesupport_introspection_cpp.hpp\n'}
[2.496929] (px4_msgs) StdoutLine: {'line': b'-- Up-to-date symlink: /home/prathamkelkar/ros2_ws/install/px4_msgs/include/px4_msgs/px4_msgs/msg/detail/actuator_controls_status__rosidl_typesupport_introspection_cpp.hpp\n'}
[2.497023] (px4_msgs) StdoutLine: {'line': b'-- Up-to-date symlink: /home/prathamkelkar/ros2_ws/install/px4_msgs/include/px4_msgs/px4_msgs/msg/detail/actuator_motors__rosidl_typesupport_introspection_cpp.hpp\n'}
[2.497115] (px4_msgs) StdoutLine: {'line': b'-- Up-to-date symlink: /home/prathamkelkar/ros2_ws/install/px4_msgs/include/px4_msgs/px4_msgs/msg/detail/actuator_outputs__rosidl_typesupport_introspection_cpp.hpp\n'}
[2.497208] (px4_msgs) StdoutLine: {'line': b'-- Up-to-date symlink: /home/prathamkelkar/ros2_ws/install/px4_msgs/include/px4_msgs/px4_msgs/msg/detail/actuator_servos__rosidl_typesupport_introspection_cpp.hpp\n'}
[2.497301] (px4_msgs) StdoutLine: {'line': b'-- Up-to-date symlink: /home/prathamkelkar/ros2_ws/install/px4_msgs/include/px4_msgs/px4_msgs/msg/detail/actuator_servos_trim__rosidl_typesupport_introspection_cpp.hpp\n'}
[2.497394] (px4_msgs) StdoutLine: {'line': b'-- Up-to-date symlink: /home/prathamkelkar/ros2_ws/install/px4_msgs/include/px4_msgs/px4_msgs/msg/detail/actuator_test__rosidl_typesupport_introspection_cpp.hpp\n'}
[2.497486] (px4_msgs) StdoutLine: {'line': b'-- Up-to-date symlink: /home/prathamkelkar/ros2_ws/install/px4_msgs/include/px4_msgs/px4_msgs/msg/detail/adc_report__rosidl_typesupport_introspection_cpp.hpp\n'}
[2.497577] (px4_msgs) StdoutLine: {'line': b'-- Up-to-date symlink: /home/prathamkelkar/ros2_ws/install/px4_msgs/include/px4_msgs/px4_msgs/msg/detail/airspeed__rosidl_typesupport_introspection_cpp.hpp\n'}
[2.497686] (px4_msgs) StdoutLine: {'line': b'-- Up-to-date symlink: /home/prathamkelkar/ros2_ws/install/px4_msgs/include/px4_msgs/px4_msgs/msg/detail/airspeed_validated__rosidl_typesupport_introspection_cpp.hpp\n'}
[2.497785] (px4_msgs) StdoutLine: {'line': b'-- Up-to-date symlink: /home/prathamkelkar/ros2_ws/install/px4_msgs/include/px4_msgs/px4_msgs/msg/detail/airspeed_wind__rosidl_typesupport_introspection_cpp.hpp\n'}
[2.497876] (px4_msgs) StdoutLine: {'line': b'-- Up-to-date symlink: /home/prathamkelkar/ros2_ws/install/px4_msgs/include/px4_msgs/px4_msgs/msg/detail/arming_check_reply__rosidl_typesupport_introspection_cpp.hpp\n'}
[2.497969] (px4_msgs) StdoutLine: {'line': b'-- Up-to-date symlink: /home/prathamkelkar/ros2_ws/install/px4_msgs/include/px4_msgs/px4_msgs/msg/detail/arming_check_request__rosidl_typesupport_introspection_cpp.hpp\n'}
[2.498060] (px4_msgs) StdoutLine: {'line': b'-- Up-to-date symlink: /home/prathamkelkar/ros2_ws/install/px4_msgs/include/px4_msgs/px4_msgs/msg/detail/autotune_attitude_control_status__rosidl_typesupport_introspection_cpp.hpp\n'}
[2.498152] (px4_msgs) StdoutLine: {'line': b'-- Up-to-date symlink: /home/prathamkelkar/ros2_ws/install/px4_msgs/include/px4_msgs/px4_msgs/msg/detail/battery_status__rosidl_typesupport_introspection_cpp.hpp\n'}
[2.498244] (px4_msgs) StdoutLine: {'line': b'-- Up-to-date symlink: /home/prathamkelkar/ros2_ws/install/px4_msgs/include/px4_msgs/px4_msgs/msg/detail/buffer128__rosidl_typesupport_introspection_cpp.hpp\n'}
[2.498336] (px4_msgs) StdoutLine: {'line': b'-- Up-to-date symlink: /home/prathamkelkar/ros2_ws/install/px4_msgs/include/px4_msgs/px4_msgs/msg/detail/button_event__rosidl_typesupport_introspection_cpp.hpp\n'}
[2.498428] (px4_msgs) StdoutLine: {'line': b'-- Up-to-date symlink: /home/prathamkelkar/ros2_ws/install/px4_msgs/include/px4_msgs/px4_msgs/msg/detail/camera_capture__rosidl_typesupport_introspection_cpp.hpp\n'}
[2.498523] (px4_msgs) StdoutLine: {'line': b'-- Up-to-date symlink: /home/prathamkelkar/ros2_ws/install/px4_msgs/include/px4_msgs/px4_msgs/msg/detail/camera_status__rosidl_typesupport_introspection_cpp.hpp\n'}
[2.498620] (px4_msgs) StdoutLine: {'line': b'-- Up-to-date symlink: /home/prathamkelkar/ros2_ws/install/px4_msgs/include/px4_msgs/px4_msgs/msg/detail/camera_trigger__rosidl_typesupport_introspection_cpp.hpp\n'}
[2.498732] (px4_msgs) StdoutLine: {'line': b'-- Up-to-date symlink: /home/prathamkelkar/ros2_ws/install/px4_msgs/include/px4_msgs/px4_msgs/msg/detail/can_interface_status__rosidl_typesupport_introspection_cpp.hpp\n'}
[2.498825] (px4_msgs) StdoutLine: {'line': b'-- Up-to-date symlink: /home/prathamkelkar/ros2_ws/install/px4_msgs/include/px4_msgs/px4_msgs/msg/detail/cellular_status__rosidl_typesupport_introspection_cpp.hpp\n'}
[2.498931] (px4_msgs) StdoutLine: {'line': b'-- Up-to-date symlink: /home/prathamkelkar/ros2_ws/install/px4_msgs/include/px4_msgs/px4_msgs/msg/detail/collision_constraints__rosidl_typesupport_introspection_cpp.hpp\n'}
[2.499023] (px4_msgs) StdoutLine: {'line': b'-- Up-to-date symlink: /home/prathamkelkar/ros2_ws/install/px4_msgs/include/px4_msgs/px4_msgs/msg/detail/collision_report__rosidl_typesupport_introspection_cpp.hpp\n'}
[2.499113] (px4_msgs) StdoutLine: {'line': b'-- Up-to-date symlink: /home/prathamkelkar/ros2_ws/install/px4_msgs/include/px4_msgs/px4_msgs/msg/detail/config_overrides__rosidl_typesupport_introspection_cpp.hpp\n'}
[2.499208] (px4_msgs) StdoutLine: {'line': b'-- Up-to-date symlink: /home/prathamkelkar/ros2_ws/install/px4_msgs/include/px4_msgs/px4_msgs/msg/detail/control_allocator_status__rosidl_typesupport_introspection_cpp.hpp\n'}
[2.499300] (px4_msgs) StdoutLine: {'line': b'-- Up-to-date symlink: /home/prathamkelkar/ros2_ws/install/px4_msgs/include/px4_msgs/px4_msgs/msg/detail/cpuload__rosidl_typesupport_introspection_cpp.hpp\n'}
[2.499394] (px4_msgs) StdoutLine: {'line': b'-- Up-to-date symlink: /home/prathamkelkar/ros2_ws/install/px4_msgs/include/px4_msgs/px4_msgs/msg/detail/dataman_request__rosidl_typesupport_introspection_cpp.hpp\n'}
[2.499479] (px4_msgs) StdoutLine: {'line': b'-- Up-to-date symlink: /home/prathamkelkar/ros2_ws/install/px4_msgs/include/px4_msgs/px4_msgs/msg/detail/dataman_response__rosidl_typesupport_introspection_cpp.hpp\n'}
[2.499568] (px4_msgs) StdoutLine: {'line': b'-- Up-to-date symlink: /home/prathamkelkar/ros2_ws/install/px4_msgs/include/px4_msgs/px4_msgs/msg/detail/debug_array__rosidl_typesupport_introspection_cpp.hpp\n'}
[2.499656] (px4_msgs) StdoutLine: {'line': b'-- Up-to-date symlink: /home/prathamkelkar/ros2_ws/install/px4_msgs/include/px4_msgs/px4_msgs/msg/detail/debug_key_value__rosidl_typesupport_introspection_cpp.hpp\n'}
[2.499754] (px4_msgs) StdoutLine: {'line': b'-- Up-to-date symlink: /home/prathamkelkar/ros2_ws/install/px4_msgs/include/px4_msgs/px4_msgs/msg/detail/debug_value__rosidl_typesupport_introspection_cpp.hpp\n'}
[2.499846] (px4_msgs) StdoutLine: {'line': b'-- Up-to-date symlink: /home/prathamkelkar/ros2_ws/install/px4_msgs/include/px4_msgs/px4_msgs/msg/detail/debug_vect__rosidl_typesupport_introspection_cpp.hpp\n'}
[2.499947] (px4_msgs) StdoutLine: {'line': b'-- Up-to-date symlink: /home/prathamkelkar/ros2_ws/install/px4_msgs/include/px4_msgs/px4_msgs/msg/detail/differential_drive_setpoint__rosidl_typesupport_introspection_cpp.hpp\n'}
[2.500053] (px4_msgs) StdoutLine: {'line': b'-- Up-to-date symlink: /home/prathamkelkar/ros2_ws/install/px4_msgs/include/px4_msgs/px4_msgs/msg/detail/differential_pressure__rosidl_typesupport_introspection_cpp.hpp\n'}
[2.500147] (px4_msgs) StdoutLine: {'line': b'-- Up-to-date symlink: /home/prathamkelkar/ros2_ws/install/px4_msgs/include/px4_msgs/px4_msgs/msg/detail/distance_sensor__rosidl_typesupport_introspection_cpp.hpp\n'}
[2.500231] (px4_msgs) StdoutLine: {'line': b'-- Up-to-date symlink: /home/prathamkelkar/ros2_ws/install/px4_msgs/include/px4_msgs/px4_msgs/msg/detail/ekf2_timestamps__rosidl_typesupport_introspection_cpp.hpp\n'}
[2.500313] (px4_msgs) StdoutLine: {'line': b'-- Up-to-date symlink: /home/prathamkelkar/ros2_ws/install/px4_msgs/include/px4_msgs/px4_msgs/msg/detail/esc_report__rosidl_typesupport_introspection_cpp.hpp\n'}
[2.500399] (px4_msgs) StdoutLine: {'line': b'-- Up-to-date symlink: /home/prathamkelkar/ros2_ws/install/px4_msgs/include/px4_msgs/px4_msgs/msg/detail/esc_status__rosidl_typesupport_introspection_cpp.hpp\n'}
[2.500487] (px4_msgs) StdoutLine: {'line': b'-- Up-to-date symlink: /home/prathamkelkar/ros2_ws/install/px4_msgs/include/px4_msgs/px4_msgs/msg/detail/estimator_aid_source1d__rosidl_typesupport_introspection_cpp.hpp\n'}
[2.500579] (px4_msgs) StdoutLine: {'line': b'-- Up-to-date symlink: /home/prathamkelkar/ros2_ws/install/px4_msgs/include/px4_msgs/px4_msgs/msg/detail/estimator_aid_source2d__rosidl_typesupport_introspection_cpp.hpp\n'}
[2.500672] (px4_msgs) StdoutLine: {'line': b'-- Up-to-date symlink: /home/prathamkelkar/ros2_ws/install/px4_msgs/include/px4_msgs/px4_msgs/msg/detail/estimator_aid_source3d__rosidl_typesupport_introspection_cpp.hpp\n'}
[2.500770] (px4_msgs) StdoutLine: {'line': b'-- Up-to-date symlink: /home/prathamkelkar/ros2_ws/install/px4_msgs/include/px4_msgs/px4_msgs/msg/detail/estimator_bias3d__rosidl_typesupport_introspection_cpp.hpp\n'}
[2.500854] (px4_msgs) StdoutLine: {'line': b'-- Up-to-date symlink: /home/prathamkelkar/ros2_ws/install/px4_msgs/include/px4_msgs/px4_msgs/msg/detail/estimator_bias__rosidl_typesupport_introspection_cpp.hpp\n'}
[2.500938] (px4_msgs) StdoutLine: {'line': b'-- Up-to-date symlink: /home/prathamkelkar/ros2_ws/install/px4_msgs/include/px4_msgs/px4_msgs/msg/detail/estimator_event_flags__rosidl_typesupport_introspection_cpp.hpp\n'}
[2.501027] (px4_msgs) StdoutLine: {'line': b'-- Up-to-date symlink: /home/prathamkelkar/ros2_ws/install/px4_msgs/include/px4_msgs/px4_msgs/msg/detail/estimator_gps_status__rosidl_typesupport_introspection_cpp.hpp\n'}
[2.501138] (px4_msgs) StdoutLine: {'line': b'-- Up-to-date symlink: /home/prathamkelkar/ros2_ws/install/px4_msgs/include/px4_msgs/px4_msgs/msg/detail/estimator_innovations__rosidl_typesupport_introspection_cpp.hpp\n'}
[2.501227] (px4_msgs) StdoutLine: {'line': b'-- Up-to-date symlink: /home/prathamkelkar/ros2_ws/install/px4_msgs/include/px4_msgs/px4_msgs/msg/detail/estimator_selector_status__rosidl_typesupport_introspection_cpp.hpp\n'}
[2.501316] (px4_msgs) StdoutLine: {'line': b'-- Up-to-date symlink: /home/prathamkelkar/ros2_ws/install/px4_msgs/include/px4_msgs/px4_msgs/msg/detail/estimator_sensor_bias__rosidl_typesupport_introspection_cpp.hpp\n'}
[2.501404] (px4_msgs) StdoutLine: {'line': b'-- Up-to-date symlink: /home/prathamkelkar/ros2_ws/install/px4_msgs/include/px4_msgs/px4_msgs/msg/detail/estimator_states__rosidl_typesupport_introspection_cpp.hpp\n'}
[2.501498] (px4_msgs) StdoutLine: {'line': b'-- Up-to-date symlink: /home/prathamkelkar/ros2_ws/install/px4_msgs/include/px4_msgs/px4_msgs/msg/detail/estimator_status__rosidl_typesupport_introspection_cpp.hpp\n'}
[2.501590] (px4_msgs) StdoutLine: {'line': b'-- Up-to-date symlink: /home/prathamkelkar/ros2_ws/install/px4_msgs/include/px4_msgs/px4_msgs/msg/detail/estimator_status_flags__rosidl_typesupport_introspection_cpp.hpp\n'}
[2.501689] (px4_msgs) StdoutLine: {'line': b'-- Up-to-date symlink: /home/prathamkelkar/ros2_ws/install/px4_msgs/include/px4_msgs/px4_msgs/msg/detail/event__rosidl_typesupport_introspection_cpp.hpp\n'}
[2.501786] (px4_msgs) StdoutLine: {'line': b'-- Up-to-date symlink: /home/prathamkelkar/ros2_ws/install/px4_msgs/include/px4_msgs/px4_msgs/msg/detail/failsafe_flags__rosidl_typesupport_introspection_cpp.hpp\n'}
[2.501877] (px4_msgs) StdoutLine: {'line': b'-- Up-to-date symlink: /home/prathamkelkar/ros2_ws/install/px4_msgs/include/px4_msgs/px4_msgs/msg/detail/failure_detector_status__rosidl_typesupport_introspection_cpp.hpp\n'}
[2.501971] (px4_msgs) StdoutLine: {'line': b'-- Up-to-date symlink: /home/prathamkelkar/ros2_ws/install/px4_msgs/include/px4_msgs/px4_msgs/msg/detail/figure_eight_status__rosidl_typesupport_introspection_cpp.hpp\n'}
[2.502061] (px4_msgs) StdoutLine: {'line': b'-- Up-to-date symlink: /home/prathamkelkar/ros2_ws/install/px4_msgs/include/px4_msgs/px4_msgs/msg/detail/flight_phase_estimation__rosidl_typesupport_introspection_cpp.hpp\n'}
[2.502158] (px4_msgs) StdoutLine: {'line': b'-- Up-to-date symlink: /home/prathamkelkar/ros2_ws/install/px4_msgs/include/px4_msgs/px4_msgs/msg/detail/follow_target__rosidl_typesupport_introspection_cpp.hpp\n'}
[2.502266] (px4_msgs) StdoutLine: {'line': b'-- Up-to-date symlink: /home/prathamkelkar/ros2_ws/install/px4_msgs/include/px4_msgs/px4_msgs/msg/detail/follow_target_estimator__rosidl_typesupport_introspection_cpp.hpp\n'}
[2.502361] (px4_msgs) StdoutLine: {'line': b'-- Up-to-date symlink: /home/prathamkelkar/ros2_ws/install/px4_msgs/include/px4_msgs/px4_msgs/msg/detail/follow_target_status__rosidl_typesupport_introspection_cpp.hpp\n'}
[2.502455] (px4_msgs) StdoutLine: {'line': b'-- Up-to-date symlink: /home/prathamkelkar/ros2_ws/install/px4_msgs/include/px4_msgs/px4_msgs/msg/detail/generator_status__rosidl_typesupport_introspection_cpp.hpp\n'}
[2.502551] (px4_msgs) StdoutLine: {'line': b'-- Up-to-date symlink: /home/prathamkelkar/ros2_ws/install/px4_msgs/include/px4_msgs/px4_msgs/msg/detail/geofence_result__rosidl_typesupport_introspection_cpp.hpp\n'}
[2.502650] (px4_msgs) StdoutLine: {'line': b'-- Up-to-date symlink: /home/prathamkelkar/ros2_ws/install/px4_msgs/include/px4_msgs/px4_msgs/msg/detail/geofence_status__rosidl_typesupport_introspection_cpp.hpp\n'}
[2.502754] (px4_msgs) StdoutLine: {'line': b'-- Up-to-date symlink: /home/prathamkelkar/ros2_ws/install/px4_msgs/include/px4_msgs/px4_msgs/msg/detail/gimbal_controls__rosidl_typesupport_introspection_cpp.hpp\n'}
[2.502850] (px4_msgs) StdoutLine: {'line': b'-- Up-to-date symlink: /home/prathamkelkar/ros2_ws/install/px4_msgs/include/px4_msgs/px4_msgs/msg/detail/gimbal_device_attitude_status__rosidl_typesupport_introspection_cpp.hpp\n'}
[2.502949] (px4_msgs) StdoutLine: {'line': b'-- Up-to-date symlink: /home/prathamkelkar/ros2_ws/install/px4_msgs/include/px4_msgs/px4_msgs/msg/detail/gimbal_device_information__rosidl_typesupport_introspection_cpp.hpp\n'}
[2.503041] (px4_msgs) StdoutLine: {'line': b'-- Up-to-date symlink: /home/prathamkelkar/ros2_ws/install/px4_msgs/include/px4_msgs/px4_msgs/msg/detail/gimbal_device_set_attitude__rosidl_typesupport_introspection_cpp.hpp\n'}
[2.503151] (px4_msgs) StdoutLine: {'line': b'-- Up-to-date symlink: /home/prathamkelkar/ros2_ws/install/px4_msgs/include/px4_msgs/px4_msgs/msg/detail/gimbal_manager_information__rosidl_typesupport_introspection_cpp.hpp\n'}
[2.503243] (px4_msgs) StdoutLine: {'line': b'-- Up-to-date symlink: /home/prathamkelkar/ros2_ws/install/px4_msgs/include/px4_msgs/px4_msgs/msg/detail/gimbal_manager_set_attitude__rosidl_typesupport_introspection_cpp.hpp\n'}
[2.503340] (px4_msgs) StdoutLine: {'line': b'-- Up-to-date symlink: /home/prathamkelkar/ros2_ws/install/px4_msgs/include/px4_msgs/px4_msgs/msg/detail/gimbal_manager_set_manual_control__rosidl_typesupport_introspection_cpp.hpp\n'}
[2.503434] (px4_msgs) StdoutLine: {'line': b'-- Up-to-date symlink: /home/prathamkelkar/ros2_ws/install/px4_msgs/include/px4_msgs/px4_msgs/msg/detail/gimbal_manager_status__rosidl_typesupport_introspection_cpp.hpp\n'}
[2.503524] (px4_msgs) StdoutLine: {'line': b'-- Up-to-date symlink: /home/prathamkelkar/ros2_ws/install/px4_msgs/include/px4_msgs/px4_msgs/msg/detail/goto_setpoint__rosidl_typesupport_introspection_cpp.hpp\n'}
[2.503616] (px4_msgs) StdoutLine: {'line': b'-- Up-to-date symlink: /home/prathamkelkar/ros2_ws/install/px4_msgs/include/px4_msgs/px4_msgs/msg/detail/gpio_config__rosidl_typesupport_introspection_cpp.hpp\n'}
[2.503727] (px4_msgs) StdoutLine: {'line': b'-- Up-to-date symlink: /home/prathamkelkar/ros2_ws/install/px4_msgs/include/px4_msgs/px4_msgs/msg/detail/gpio_in__rosidl_typesupport_introspection_cpp.hpp\n'}
[2.503823] (px4_msgs) StdoutLine: {'line': b'-- Up-to-date symlink: /home/prathamkelkar/ros2_ws/install/px4_msgs/include/px4_msgs/px4_msgs/msg/detail/gpio_out__rosidl_typesupport_introspection_cpp.hpp\n'}
[2.503915] (px4_msgs) StdoutLine: {'line': b'-- Up-to-date symlink: /home/prathamkelkar/ros2_ws/install/px4_msgs/include/px4_msgs/px4_msgs/msg/detail/gpio_request__rosidl_typesupport_introspection_cpp.hpp\n'}
[2.504008] (px4_msgs) StdoutLine: {'line': b'-- Up-to-date symlink: /home/prathamkelkar/ros2_ws/install/px4_msgs/include/px4_msgs/px4_msgs/msg/detail/gps_dump__rosidl_typesupport_introspection_cpp.hpp\n'}
[2.504101] (px4_msgs) StdoutLine: {'line': b'-- Up-to-date symlink: /home/prathamkelkar/ros2_ws/install/px4_msgs/include/px4_msgs/px4_msgs/msg/detail/gps_inject_data__rosidl_typesupport_introspection_cpp.hpp\n'}
[2.504189] (px4_msgs) StdoutLine: {'line': b'-- Up-to-date symlink: /home/prathamkelkar/ros2_ws/install/px4_msgs/include/px4_msgs/px4_msgs/msg/detail/gripper__rosidl_typesupport_introspection_cpp.hpp\n'}
[2.504284] (px4_msgs) StdoutLine: {'line': b'-- Up-to-date symlink: /home/prathamkelkar/ros2_ws/install/px4_msgs/include/px4_msgs/px4_msgs/msg/detail/health_report__rosidl_typesupport_introspection_cpp.hpp\n'}
[2.504376] (px4_msgs) StdoutLine: {'line': b'-- Up-to-date symlink: /home/prathamkelkar/ros2_ws/install/px4_msgs/include/px4_msgs/px4_msgs/msg/detail/heater_status__rosidl_typesupport_introspection_cpp.hpp\n'}
[2.504469] (px4_msgs) StdoutLine: {'line': b'-- Up-to-date symlink: /home/prathamkelkar/ros2_ws/install/px4_msgs/include/px4_msgs/px4_msgs/msg/detail/home_position__rosidl_typesupport_introspection_cpp.hpp\n'}
[2.504562] (px4_msgs) StdoutLine: {'line': b'-- Up-to-date symlink: /home/prathamkelkar/ros2_ws/install/px4_msgs/include/px4_msgs/px4_msgs/msg/detail/hover_thrust_estimate__rosidl_typesupport_introspection_cpp.hpp\n'}
[2.504698] (px4_msgs) StdoutLine: {'line': b'-- Up-to-date symlink: /home/prathamkelkar/ros2_ws/install/px4_msgs/include/px4_msgs/px4_msgs/msg/detail/input_rc__rosidl_typesupport_introspection_cpp.hpp\n'}
[2.504798] (px4_msgs) StdoutLine: {'line': b'-- Up-to-date symlink: /home/prathamkelkar/ros2_ws/install/px4_msgs/include/px4_msgs/px4_msgs/msg/detail/internal_combustion_engine_status__rosidl_typesupport_introspection_cpp.hpp\n'}
[2.504904] (px4_msgs) StdoutLine: {'line': b'-- Up-to-date symlink: /home/prathamkelkar/ros2_ws/install/px4_msgs/include/px4_msgs/px4_msgs/msg/detail/iridiumsbd_status__rosidl_typesupport_introspection_cpp.hpp\n'}
[2.505016] (px4_msgs) StdoutLine: {'line': b'-- Up-to-date symlink: /home/prathamkelkar/ros2_ws/install/px4_msgs/include/px4_msgs/px4_msgs/msg/detail/irlock_report__rosidl_typesupport_introspection_cpp.hpp\n'}
[2.505104] (px4_msgs) StdoutLine: {'line': b'-- Up-to-date symlink: /home/prathamkelkar/ros2_ws/install/px4_msgs/include/px4_msgs/px4_msgs/msg/detail/landing_gear__rosidl_typesupport_introspection_cpp.hpp\n'}
[2.505193] (px4_msgs) StdoutLine: {'line': b'-- Up-to-date symlink: /home/prathamkelkar/ros2_ws/install/px4_msgs/include/px4_msgs/px4_msgs/msg/detail/landing_gear_wheel__rosidl_typesupport_introspection_cpp.hpp\n'}
[2.505285] (px4_msgs) StdoutLine: {'line': b'-- Up-to-date symlink: /home/prathamkelkar/ros2_ws/install/px4_msgs/include/px4_msgs/px4_msgs/msg/detail/landing_target_innovations__rosidl_typesupport_introspection_cpp.hpp\n'}
[2.505377] (px4_msgs) StdoutLine: {'line': b'-- Up-to-date symlink: /home/prathamkelkar/ros2_ws/install/px4_msgs/include/px4_msgs/px4_msgs/msg/detail/landing_target_pose__rosidl_typesupport_introspection_cpp.hpp\n'}
[2.505468] (px4_msgs) StdoutLine: {'line': b'-- Up-to-date symlink: /home/prathamkelkar/ros2_ws/install/px4_msgs/include/px4_msgs/px4_msgs/msg/detail/launch_detection_status__rosidl_typesupport_introspection_cpp.hpp\n'}
[2.505575] (px4_msgs) StdoutLine: {'line': b'-- Up-to-date symlink: /home/prathamkelkar/ros2_ws/install/px4_msgs/include/px4_msgs/px4_msgs/msg/detail/led_control__rosidl_typesupport_introspection_cpp.hpp\n'}
[2.505672] (px4_msgs) StdoutLine: {'line': b'-- Up-to-date symlink: /home/prathamkelkar/ros2_ws/install/px4_msgs/include/px4_msgs/px4_msgs/msg/detail/log_message__rosidl_typesupport_introspection_cpp.hpp\n'}
[2.505786] (px4_msgs) StdoutLine: {'line': b'-- Up-to-date symlink: /home/prathamkelkar/ros2_ws/install/px4_msgs/include/px4_msgs/px4_msgs/msg/detail/logger_status__rosidl_typesupport_introspection_cpp.hpp\n'}
[2.505877] (px4_msgs) StdoutLine: {'line': b'-- Up-to-date symlink: /home/prathamkelkar/ros2_ws/install/px4_msgs/include/px4_msgs/px4_msgs/msg/detail/mag_worker_data__rosidl_typesupport_introspection_cpp.hpp\n'}
[2.505969] (px4_msgs) StdoutLine: {'line': b'-- Up-to-date symlink: /home/prathamkelkar/ros2_ws/install/px4_msgs/include/px4_msgs/px4_msgs/msg/detail/magnetometer_bias_estimate__rosidl_typesupport_introspection_cpp.hpp\n'}
[2.506062] (px4_msgs) StdoutLine: {'line': b'-- Up-to-date symlink: /home/prathamkelkar/ros2_ws/install/px4_msgs/include/px4_msgs/px4_msgs/msg/detail/manual_control_setpoint__rosidl_typesupport_introspection_cpp.hpp\n'}
[2.506160] (px4_msgs) StdoutLine: {'line': b'-- Up-to-date symlink: /home/prathamkelkar/ros2_ws/install/px4_msgs/include/px4_msgs/px4_msgs/msg/detail/manual_control_switches__rosidl_typesupport_introspection_cpp.hpp\n'}
[2.506257] (px4_msgs) StdoutLine: {'line': b'-- Up-to-date symlink: /home/prathamkelkar/ros2_ws/install/px4_msgs/include/px4_msgs/px4_msgs/msg/detail/mavlink_log__rosidl_typesupport_introspection_cpp.hpp\n'}
[2.506353] (px4_msgs) StdoutLine: {'line': b'-- Up-to-date symlink: /home/prathamkelkar/ros2_ws/install/px4_msgs/include/px4_msgs/px4_msgs/msg/detail/mavlink_tunnel__rosidl_typesupport_introspection_cpp.hpp\n'}
[2.506445] (px4_msgs) StdoutLine: {'line': b'-- Up-to-date symlink: /home/prathamkelkar/ros2_ws/install/px4_msgs/include/px4_msgs/px4_msgs/msg/detail/message_format_request__rosidl_typesupport_introspection_cpp.hpp\n'}
[2.506537] (px4_msgs) StdoutLine: {'line': b'-- Up-to-date symlink: /home/prathamkelkar/ros2_ws/install/px4_msgs/include/px4_msgs/px4_msgs/msg/detail/message_format_response__rosidl_typesupport_introspection_cpp.hpp\n'}
[2.506629] (px4_msgs) StdoutLine: {'line': b'-- Up-to-date symlink: /home/prathamkelkar/ros2_ws/install/px4_msgs/include/px4_msgs/px4_msgs/msg/detail/mission__rosidl_typesupport_introspection_cpp.hpp\n'}
[2.506730] (px4_msgs) StdoutLine: {'line': b'-- Up-to-date symlink: /home/prathamkelkar/ros2_ws/install/px4_msgs/include/px4_msgs/px4_msgs/msg/detail/mission_result__rosidl_typesupport_introspection_cpp.hpp\n'}
[2.506820] (px4_msgs) StdoutLine: {'line': b'-- Up-to-date symlink: /home/prathamkelkar/ros2_ws/install/px4_msgs/include/px4_msgs/px4_msgs/msg/detail/mode_completed__rosidl_typesupport_introspection_cpp.hpp\n'}
[2.506921] (px4_msgs) StdoutLine: {'line': b'-- Up-to-date symlink: /home/prathamkelkar/ros2_ws/install/px4_msgs/include/px4_msgs/px4_msgs/msg/detail/mount_orientation__rosidl_typesupport_introspection_cpp.hpp\n'}
[2.507017] (px4_msgs) StdoutLine: {'line': b'-- Up-to-date symlink: /home/prathamkelkar/ros2_ws/install/px4_msgs/include/px4_msgs/px4_msgs/msg/detail/navigator_mission_item__rosidl_typesupport_introspection_cpp.hpp\n'}
[2.507117] (px4_msgs) StdoutLine: {'line': b'-- Up-to-date symlink: /home/prathamkelkar/ros2_ws/install/px4_msgs/include/px4_msgs/px4_msgs/msg/detail/normalized_unsigned_setpoint__rosidl_typesupport_introspection_cpp.hpp\n'}
[2.507208] (px4_msgs) StdoutLine: {'line': b'-- Up-to-date symlink: /home/prathamkelkar/ros2_ws/install/px4_msgs/include/px4_msgs/px4_msgs/msg/detail/npfg_status__rosidl_typesupport_introspection_cpp.hpp\n'}
[2.507303] (px4_msgs) StdoutLine: {'line': b'-- Up-to-date symlink: /home/prathamkelkar/ros2_ws/install/px4_msgs/include/px4_msgs/px4_msgs/msg/detail/obstacle_distance__rosidl_typesupport_introspection_cpp.hpp\n'}
[2.507398] (px4_msgs) StdoutLine: {'line': b'-- Up-to-date symlink: /home/prathamkelkar/ros2_ws/install/px4_msgs/include/px4_msgs/px4_msgs/msg/detail/offboard_control_mode__rosidl_typesupport_introspection_cpp.hpp\n'}
[2.507492] (px4_msgs) StdoutLine: {'line': b'-- Up-to-date symlink: /home/prathamkelkar/ros2_ws/install/px4_msgs/include/px4_msgs/px4_msgs/msg/detail/onboard_computer_status__rosidl_typesupport_introspection_cpp.hpp\n'}
[2.507584] (px4_msgs) StdoutLine: {'line': b'-- Up-to-date symlink: /home/prathamkelkar/ros2_ws/install/px4_msgs/include/px4_msgs/px4_msgs/msg/detail/orb_test__rosidl_typesupport_introspection_cpp.hpp\n'}
[2.507683] (px4_msgs) StdoutLine: {'line': b'-- Up-to-date symlink: /home/prathamkelkar/ros2_ws/install/px4_msgs/include/px4_msgs/px4_msgs/msg/detail/orb_test_large__rosidl_typesupport_introspection_cpp.hpp\n'}
[2.507776] (px4_msgs) StdoutLine: {'line': b'-- Up-to-date symlink: /home/prathamkelkar/ros2_ws/install/px4_msgs/include/px4_msgs/px4_msgs/msg/detail/orb_test_medium__rosidl_typesupport_introspection_cpp.hpp\n'}
[2.507882] (px4_msgs) StdoutLine: {'line': b'-- Up-to-date symlink: /home/prathamkelkar/ros2_ws/install/px4_msgs/include/px4_msgs/px4_msgs/msg/detail/orbit_status__rosidl_typesupport_introspection_cpp.hpp\n'}
[2.507974] (px4_msgs) StdoutLine: {'line': b'-- Up-to-date symlink: /home/prathamkelkar/ros2_ws/install/px4_msgs/include/px4_msgs/px4_msgs/msg/detail/parameter_reset_request__rosidl_typesupport_introspection_cpp.hpp\n'}
[2.508064] (px4_msgs) StdoutLine: {'line': b'-- Up-to-date symlink: /home/prathamkelkar/ros2_ws/install/px4_msgs/include/px4_msgs/px4_msgs/msg/detail/parameter_set_used_request__rosidl_typesupport_introspection_cpp.hpp\n'}
[2.508156] (px4_msgs) StdoutLine: {'line': b'-- Up-to-date symlink: /home/prathamkelkar/ros2_ws/install/px4_msgs/include/px4_msgs/px4_msgs/msg/detail/parameter_set_value_request__rosidl_typesupport_introspection_cpp.hpp\n'}
[2.508246] (px4_msgs) StdoutLine: {'line': b'-- Up-to-date symlink: /home/prathamkelkar/ros2_ws/install/px4_msgs/include/px4_msgs/px4_msgs/msg/detail/parameter_set_value_response__rosidl_typesupport_introspection_cpp.hpp\n'}
[2.508335] (px4_msgs) StdoutLine: {'line': b'-- Up-to-date symlink: /home/prathamkelkar/ros2_ws/install/px4_msgs/include/px4_msgs/px4_msgs/msg/detail/parameter_update__rosidl_typesupport_introspection_cpp.hpp\n'}
[2.508426] (px4_msgs) StdoutLine: {'line': b'-- Up-to-date symlink: /home/prathamkelkar/ros2_ws/install/px4_msgs/include/px4_msgs/px4_msgs/msg/detail/ping__rosidl_typesupport_introspection_cpp.hpp\n'}
[2.508516] (px4_msgs) StdoutLine: {'line': b'-- Up-to-date symlink: /home/prathamkelkar/ros2_ws/install/px4_msgs/include/px4_msgs/px4_msgs/msg/detail/position_controller_landing_status__rosidl_typesupport_introspection_cpp.hpp\n'}
[2.508606] (px4_msgs) StdoutLine: {'line': b'-- Up-to-date symlink: /home/prathamkelkar/ros2_ws/install/px4_msgs/include/px4_msgs/px4_msgs/msg/detail/position_controller_status__rosidl_typesupport_introspection_cpp.hpp\n'}
[2.508711] (px4_msgs) StdoutLine: {'line': b'-- Up-to-date symlink: /home/prathamkelkar/ros2_ws/install/px4_msgs/include/px4_msgs/px4_msgs/msg/detail/position_setpoint__rosidl_typesupport_introspection_cpp.hpp\n'}
[2.508803] (px4_msgs) StdoutLine: {'line': b'-- Up-to-date symlink: /home/prathamkelkar/ros2_ws/install/px4_msgs/include/px4_msgs/px4_msgs/msg/detail/position_setpoint_triplet__rosidl_typesupport_introspection_cpp.hpp\n'}
[2.508898] (px4_msgs) StdoutLine: {'line': b'-- Up-to-date symlink: /home/prathamkelkar/ros2_ws/install/px4_msgs/include/px4_msgs/px4_msgs/msg/detail/power_button_state__rosidl_typesupport_introspection_cpp.hpp\n'}
[2.508988] (px4_msgs) StdoutLine: {'line': b'-- Up-to-date symlink: /home/prathamkelkar/ros2_ws/install/px4_msgs/include/px4_msgs/px4_msgs/msg/detail/power_monitor__rosidl_typesupport_introspection_cpp.hpp\n'}
[2.509078] (px4_msgs) StdoutLine: {'line': b'-- Up-to-date symlink: /home/prathamkelkar/ros2_ws/install/px4_msgs/include/px4_msgs/px4_msgs/msg/detail/pps_capture__rosidl_typesupport_introspection_cpp.hpp\n'}
[2.509169] (px4_msgs) StdoutLine: {'line': b'-- Up-to-date symlink: /home/prathamkelkar/ros2_ws/install/px4_msgs/include/px4_msgs/px4_msgs/msg/detail/pwm_input__rosidl_typesupport_introspection_cpp.hpp\n'}
[2.509262] (px4_msgs) StdoutLine: {'line': b'-- Up-to-date symlink: /home/prathamkelkar/ros2_ws/install/px4_msgs/include/px4_msgs/px4_msgs/msg/detail/px4io_status__rosidl_typesupport_introspection_cpp.hpp\n'}
[2.509356] (px4_msgs) StdoutLine: {'line': b'-- Up-to-date symlink: /home/prathamkelkar/ros2_ws/install/px4_msgs/include/px4_msgs/px4_msgs/msg/detail/qshell_req__rosidl_typesupport_introspection_cpp.hpp\n'}
[2.509457] (px4_msgs) StdoutLine: {'line': b'-- Up-to-date symlink: /home/prathamkelkar/ros2_ws/install/px4_msgs/include/px4_msgs/px4_msgs/msg/detail/qshell_retval__rosidl_typesupport_introspection_cpp.hpp\n'}
[2.509546] (-) TimerEvent: {}
[2.509694] (px4_msgs) StdoutLine: {'line': b'-- Up-to-date symlink: /home/prathamkelkar/ros2_ws/install/px4_msgs/include/px4_msgs/px4_msgs/msg/detail/radio_status__rosidl_typesupport_introspection_cpp.hpp\n'}
[2.509803] (px4_msgs) StdoutLine: {'line': b'-- Up-to-date symlink: /home/prathamkelkar/ros2_ws/install/px4_msgs/include/px4_msgs/px4_msgs/msg/detail/rate_ctrl_status__rosidl_typesupport_introspection_cpp.hpp\n'}
[2.509896] (px4_msgs) StdoutLine: {'line': b'-- Up-to-date symlink: /home/prathamkelkar/ros2_ws/install/px4_msgs/include/px4_msgs/px4_msgs/msg/detail/rc_channels__rosidl_typesupport_introspection_cpp.hpp\n'}
[2.509987] (px4_msgs) StdoutLine: {'line': b'-- Up-to-date symlink: /home/prathamkelkar/ros2_ws/install/px4_msgs/include/px4_msgs/px4_msgs/msg/detail/rc_parameter_map__rosidl_typesupport_introspection_cpp.hpp\n'}
[2.510076] (px4_msgs) StdoutLine: {'line': b'-- Up-to-date symlink: /home/prathamkelkar/ros2_ws/install/px4_msgs/include/px4_msgs/px4_msgs/msg/detail/register_ext_component_reply__rosidl_typesupport_introspection_cpp.hpp\n'}
[2.510173] (px4_msgs) StdoutLine: {'line': b'-- Up-to-date symlink: /home/prathamkelkar/ros2_ws/install/px4_msgs/include/px4_msgs/px4_msgs/msg/detail/register_ext_component_request__rosidl_typesupport_introspection_cpp.hpp\n'}
[2.510264] (px4_msgs) StdoutLine: {'line': b'-- Up-to-date symlink: /home/prathamkelkar/ros2_ws/install/px4_msgs/include/px4_msgs/px4_msgs/msg/detail/rpm__rosidl_typesupport_introspection_cpp.hpp\n'}
[2.510354] (px4_msgs) StdoutLine: {'line': b'-- Up-to-date symlink: /home/prathamkelkar/ros2_ws/install/px4_msgs/include/px4_msgs/px4_msgs/msg/detail/rtl_status__rosidl_typesupport_introspection_cpp.hpp\n'}
[2.510447] (px4_msgs) StdoutLine: {'line': b'-- Up-to-date symlink: /home/prathamkelkar/ros2_ws/install/px4_msgs/include/px4_msgs/px4_msgs/msg/detail/rtl_time_estimate__rosidl_typesupport_introspection_cpp.hpp\n'}
[2.510551] (px4_msgs) StdoutLine: {'line': b'-- Up-to-date symlink: /home/prathamkelkar/ros2_ws/install/px4_msgs/include/px4_msgs/px4_msgs/msg/detail/satellite_info__rosidl_typesupport_introspection_cpp.hpp\n'}
[2.510649] (px4_msgs) StdoutLine: {'line': b'-- Up-to-date symlink: /home/prathamkelkar/ros2_ws/install/px4_msgs/include/px4_msgs/px4_msgs/msg/detail/sensor_accel__rosidl_typesupport_introspection_cpp.hpp\n'}
[2.510751] (px4_msgs) StdoutLine: {'line': b'-- Up-to-date symlink: /home/prathamkelkar/ros2_ws/install/px4_msgs/include/px4_msgs/px4_msgs/msg/detail/sensor_accel_fifo__rosidl_typesupport_introspection_cpp.hpp\n'}
[2.510842] (px4_msgs) StdoutLine: {'line': b'-- Up-to-date symlink: /home/prathamkelkar/ros2_ws/install/px4_msgs/include/px4_msgs/px4_msgs/msg/detail/sensor_airflow__rosidl_typesupport_introspection_cpp.hpp\n'}
[2.510934] (px4_msgs) StdoutLine: {'line': b'-- Up-to-date symlink: /home/prathamkelkar/ros2_ws/install/px4_msgs/include/px4_msgs/px4_msgs/msg/detail/sensor_baro__rosidl_typesupport_introspection_cpp.hpp\n'}
[2.511029] (px4_msgs) StdoutLine: {'line': b'-- Up-to-date symlink: /home/prathamkelkar/ros2_ws/install/px4_msgs/include/px4_msgs/px4_msgs/msg/detail/sensor_combined__rosidl_typesupport_introspection_cpp.hpp\n'}
[2.511121] (px4_msgs) StdoutLine: {'line': b'-- Up-to-date symlink: /home/prathamkelkar/ros2_ws/install/px4_msgs/include/px4_msgs/px4_msgs/msg/detail/sensor_correction__rosidl_typesupport_introspection_cpp.hpp\n'}
[2.511213] (px4_msgs) StdoutLine: {'line': b'-- Up-to-date symlink: /home/prathamkelkar/ros2_ws/install/px4_msgs/include/px4_msgs/px4_msgs/msg/detail/sensor_gnss_relative__rosidl_typesupport_introspection_cpp.hpp\n'}
[2.511302] (px4_msgs) StdoutLine: {'line': b'-- Up-to-date symlink: /home/prathamkelkar/ros2_ws/install/px4_msgs/include/px4_msgs/px4_msgs/msg/detail/sensor_gps__rosidl_typesupport_introspection_cpp.hpp\n'}
[2.511392] (px4_msgs) StdoutLine: {'line': b'-- Up-to-date symlink: /home/prathamkelkar/ros2_ws/install/px4_msgs/include/px4_msgs/px4_msgs/msg/detail/sensor_gyro__rosidl_typesupport_introspection_cpp.hpp\n'}
[2.511482] (px4_msgs) StdoutLine: {'line': b'-- Up-to-date symlink: /home/prathamkelkar/ros2_ws/install/px4_msgs/include/px4_msgs/px4_msgs/msg/detail/sensor_gyro_fft__rosidl_typesupport_introspection_cpp.hpp\n'}
[2.511574] (px4_msgs) StdoutLine: {'line': b'-- Up-to-date symlink: /home/prathamkelkar/ros2_ws/install/px4_msgs/include/px4_msgs/px4_msgs/msg/detail/sensor_gyro_fifo__rosidl_typesupport_introspection_cpp.hpp\n'}
[2.511668] (px4_msgs) StdoutLine: {'line': b'-- Up-to-date symlink: /home/prathamkelkar/ros2_ws/install/px4_msgs/include/px4_msgs/px4_msgs/msg/detail/sensor_hygrometer__rosidl_typesupport_introspection_cpp.hpp\n'}
[2.511769] (px4_msgs) StdoutLine: {'line': b'-- Up-to-date symlink: /home/prathamkelkar/ros2_ws/install/px4_msgs/include/px4_msgs/px4_msgs/msg/detail/sensor_mag__rosidl_typesupport_introspection_cpp.hpp\n'}
[2.511859] (px4_msgs) StdoutLine: {'line': b'-- Up-to-date symlink: /home/prathamkelkar/ros2_ws/install/px4_msgs/include/px4_msgs/px4_msgs/msg/detail/sensor_optical_flow__rosidl_typesupport_introspection_cpp.hpp\n'}
[2.511964] (px4_msgs) StdoutLine: {'line': b'-- Up-to-date symlink: /home/prathamkelkar/ros2_ws/install/px4_msgs/include/px4_msgs/px4_msgs/msg/detail/sensor_preflight_mag__rosidl_typesupport_introspection_cpp.hpp\n'}
[2.512054] (px4_msgs) StdoutLine: {'line': b'-- Up-to-date symlink: /home/prathamkelkar/ros2_ws/install/px4_msgs/include/px4_msgs/px4_msgs/msg/detail/sensor_selection__rosidl_typesupport_introspection_cpp.hpp\n'}
[2.512141] (px4_msgs) StdoutLine: {'line': b'-- Up-to-date symlink: /home/prathamkelkar/ros2_ws/install/px4_msgs/include/px4_msgs/px4_msgs/msg/detail/sensor_uwb__rosidl_typesupport_introspection_cpp.hpp\n'}
[2.512223] (px4_msgs) StdoutLine: {'line': b'-- Up-to-date symlink: /home/prathamkelkar/ros2_ws/install/px4_msgs/include/px4_msgs/px4_msgs/msg/detail/sensors_status__rosidl_typesupport_introspection_cpp.hpp\n'}
[2.512306] (px4_msgs) StdoutLine: {'line': b'-- Up-to-date symlink: /home/prathamkelkar/ros2_ws/install/px4_msgs/include/px4_msgs/px4_msgs/msg/detail/sensors_status_imu__rosidl_typesupport_introspection_cpp.hpp\n'}
[2.512401] (px4_msgs) StdoutLine: {'line': b'-- Up-to-date symlink: /home/prathamkelkar/ros2_ws/install/px4_msgs/include/px4_msgs/px4_msgs/msg/detail/system_power__rosidl_typesupport_introspection_cpp.hpp\n'}
[2.512483] (px4_msgs) StdoutLine: {'line': b'-- Up-to-date symlink: /home/prathamkelkar/ros2_ws/install/px4_msgs/include/px4_msgs/px4_msgs/msg/detail/takeoff_status__rosidl_typesupport_introspection_cpp.hpp\n'}
[2.512564] (px4_msgs) StdoutLine: {'line': b'-- Up-to-date symlink: /home/prathamkelkar/ros2_ws/install/px4_msgs/include/px4_msgs/px4_msgs/msg/detail/task_stack_info__rosidl_typesupport_introspection_cpp.hpp\n'}
[2.512645] (px4_msgs) StdoutLine: {'line': b'-- Up-to-date symlink: /home/prathamkelkar/ros2_ws/install/px4_msgs/include/px4_msgs/px4_msgs/msg/detail/tecs_status__rosidl_typesupport_introspection_cpp.hpp\n'}
[2.512734] (px4_msgs) StdoutLine: {'line': b'-- Up-to-date symlink: /home/prathamkelkar/ros2_ws/install/px4_msgs/include/px4_msgs/px4_msgs/msg/detail/telemetry_status__rosidl_typesupport_introspection_cpp.hpp\n'}
[2.512817] (px4_msgs) StdoutLine: {'line': b'-- Up-to-date symlink: /home/prathamkelkar/ros2_ws/install/px4_msgs/include/px4_msgs/px4_msgs/msg/detail/tiltrotor_extra_controls__rosidl_typesupport_introspection_cpp.hpp\n'}
[2.512913] (px4_msgs) StdoutLine: {'line': b'-- Up-to-date symlink: /home/prathamkelkar/ros2_ws/install/px4_msgs/include/px4_msgs/px4_msgs/msg/detail/timesync_status__rosidl_typesupport_introspection_cpp.hpp\n'}
[2.513001] (px4_msgs) StdoutLine: {'line': b'-- Up-to-date symlink: /home/prathamkelkar/ros2_ws/install/px4_msgs/include/px4_msgs/px4_msgs/msg/detail/trajectory_bezier__rosidl_typesupport_introspection_cpp.hpp\n'}
[2.513089] (px4_msgs) StdoutLine: {'line': b'-- Up-to-date symlink: /home/prathamkelkar/ros2_ws/install/px4_msgs/include/px4_msgs/px4_msgs/msg/detail/trajectory_setpoint__rosidl_typesupport_introspection_cpp.hpp\n'}
[2.513177] (px4_msgs) StdoutLine: {'line': b'-- Up-to-date symlink: /home/prathamkelkar/ros2_ws/install/px4_msgs/include/px4_msgs/px4_msgs/msg/detail/trajectory_waypoint__rosidl_typesupport_introspection_cpp.hpp\n'}
[2.513264] (px4_msgs) StdoutLine: {'line': b'-- Up-to-date symlink: /home/prathamkelkar/ros2_ws/install/px4_msgs/include/px4_msgs/px4_msgs/msg/detail/transponder_report__rosidl_typesupport_introspection_cpp.hpp\n'}
[2.513363] (px4_msgs) StdoutLine: {'line': b'-- Up-to-date symlink: /home/prathamkelkar/ros2_ws/install/px4_msgs/include/px4_msgs/px4_msgs/msg/detail/tune_control__rosidl_typesupport_introspection_cpp.hpp\n'}
[2.513454] (px4_msgs) StdoutLine: {'line': b'-- Up-to-date symlink: /home/prathamkelkar/ros2_ws/install/px4_msgs/include/px4_msgs/px4_msgs/msg/detail/uavcan_parameter_request__rosidl_typesupport_introspection_cpp.hpp\n'}
[2.513546] (px4_msgs) StdoutLine: {'line': b'-- Up-to-date symlink: /home/prathamkelkar/ros2_ws/install/px4_msgs/include/px4_msgs/px4_msgs/msg/detail/uavcan_parameter_value__rosidl_typesupport_introspection_cpp.hpp\n'}
[2.513635] (px4_msgs) StdoutLine: {'line': b'-- Up-to-date symlink: /home/prathamkelkar/ros2_ws/install/px4_msgs/include/px4_msgs/px4_msgs/msg/detail/ulog_stream__rosidl_typesupport_introspection_cpp.hpp\n'}
[2.513734] (px4_msgs) StdoutLine: {'line': b'-- Up-to-date symlink: /home/prathamkelkar/ros2_ws/install/px4_msgs/include/px4_msgs/px4_msgs/msg/detail/ulog_stream_ack__rosidl_typesupport_introspection_cpp.hpp\n'}
[2.513824] (px4_msgs) StdoutLine: {'line': b'-- Up-to-date symlink: /home/prathamkelkar/ros2_ws/install/px4_msgs/include/px4_msgs/px4_msgs/msg/detail/unregister_ext_component__rosidl_typesupport_introspection_cpp.hpp\n'}
[2.513914] (px4_msgs) StdoutLine: {'line': b'-- Up-to-date symlink: /home/prathamkelkar/ros2_ws/install/px4_msgs/include/px4_msgs/px4_msgs/msg/detail/vehicle_acceleration__rosidl_typesupport_introspection_cpp.hpp\n'}
[2.514003] (px4_msgs) StdoutLine: {'line': b'-- Up-to-date symlink: /home/prathamkelkar/ros2_ws/install/px4_msgs/include/px4_msgs/px4_msgs/msg/detail/vehicle_air_data__rosidl_typesupport_introspection_cpp.hpp\n'}
[2.514096] (px4_msgs) StdoutLine: {'line': b'-- Up-to-date symlink: /home/prathamkelkar/ros2_ws/install/px4_msgs/include/px4_msgs/px4_msgs/msg/detail/vehicle_angular_acceleration_setpoint__rosidl_typesupport_introspection_cpp.hpp\n'}
[2.514191] (px4_msgs) StdoutLine: {'line': b'-- Up-to-date symlink: /home/prathamkelkar/ros2_ws/install/px4_msgs/include/px4_msgs/px4_msgs/msg/detail/vehicle_angular_velocity__rosidl_typesupport_introspection_cpp.hpp\n'}
[2.514274] (px4_msgs) StdoutLine: {'line': b'-- Up-to-date symlink: /home/prathamkelkar/ros2_ws/install/px4_msgs/include/px4_msgs/px4_msgs/msg/detail/vehicle_attitude__rosidl_typesupport_introspection_cpp.hpp\n'}
[2.514358] (px4_msgs) StdoutLine: {'line': b'-- Up-to-date symlink: /home/prathamkelkar/ros2_ws/install/px4_msgs/include/px4_msgs/px4_msgs/msg/detail/vehicle_attitude_setpoint__rosidl_typesupport_introspection_cpp.hpp\n'}
[2.514441] (px4_msgs) StdoutLine: {'line': b'-- Up-to-date symlink: /home/prathamkelkar/ros2_ws/install/px4_msgs/include/px4_msgs/px4_msgs/msg/detail/vehicle_command__rosidl_typesupport_introspection_cpp.hpp\n'}
[2.514532] (px4_msgs) StdoutLine: {'line': b'-- Up-to-date symlink: /home/prathamkelkar/ros2_ws/install/px4_msgs/include/px4_msgs/px4_msgs/msg/detail/vehicle_command_ack__rosidl_typesupport_introspection_cpp.hpp\n'}
[2.514615] (px4_msgs) StdoutLine: {'line': b'-- Up-to-date symlink: /home/prathamkelkar/ros2_ws/install/px4_msgs/include/px4_msgs/px4_msgs/msg/detail/vehicle_constraints__rosidl_typesupport_introspection_cpp.hpp\n'}
[2.514707] (px4_msgs) StdoutLine: {'line': b'-- Up-to-date symlink: /home/prathamkelkar/ros2_ws/install/px4_msgs/include/px4_msgs/px4_msgs/msg/detail/vehicle_control_mode__rosidl_typesupport_introspection_cpp.hpp\n'}
[2.514791] (px4_msgs) StdoutLine: {'line': b'-- Up-to-date symlink: /home/prathamkelkar/ros2_ws/install/px4_msgs/include/px4_msgs/px4_msgs/msg/detail/vehicle_global_position__rosidl_typesupport_introspection_cpp.hpp\n'}
[2.514872] (px4_msgs) StdoutLine: {'line': b'-- Up-to-date symlink: /home/prathamkelkar/ros2_ws/install/px4_msgs/include/px4_msgs/px4_msgs/msg/detail/vehicle_imu__rosidl_typesupport_introspection_cpp.hpp\n'}
[2.514954] (px4_msgs) StdoutLine: {'line': b'-- Up-to-date symlink: /home/prathamkelkar/ros2_ws/install/px4_msgs/include/px4_msgs/px4_msgs/msg/detail/vehicle_imu_status__rosidl_typesupport_introspection_cpp.hpp\n'}
[2.515036] (px4_msgs) StdoutLine: {'line': b'-- Up-to-date symlink: /home/prathamkelkar/ros2_ws/install/px4_msgs/include/px4_msgs/px4_msgs/msg/detail/vehicle_land_detected__rosidl_typesupport_introspection_cpp.hpp\n'}
[2.515117] (px4_msgs) StdoutLine: {'line': b'-- Up-to-date symlink: /home/prathamkelkar/ros2_ws/install/px4_msgs/include/px4_msgs/px4_msgs/msg/detail/vehicle_local_position__rosidl_typesupport_introspection_cpp.hpp\n'}
[2.515200] (px4_msgs) StdoutLine: {'line': b'-- Up-to-date symlink: /home/prathamkelkar/ros2_ws/install/px4_msgs/include/px4_msgs/px4_msgs/msg/detail/vehicle_local_position_setpoint__rosidl_typesupport_introspection_cpp.hpp\n'}
[2.515283] (px4_msgs) StdoutLine: {'line': b'-- Up-to-date symlink: /home/prathamkelkar/ros2_ws/install/px4_msgs/include/px4_msgs/px4_msgs/msg/detail/vehicle_magnetometer__rosidl_typesupport_introspection_cpp.hpp\n'}
[2.515364] (px4_msgs) StdoutLine: {'line': b'-- Up-to-date symlink: /home/prathamkelkar/ros2_ws/install/px4_msgs/include/px4_msgs/px4_msgs/msg/detail/vehicle_odometry__rosidl_typesupport_introspection_cpp.hpp\n'}
[2.515446] (px4_msgs) StdoutLine: {'line': b'-- Up-to-date symlink: /home/prathamkelkar/ros2_ws/install/px4_msgs/include/px4_msgs/px4_msgs/msg/detail/vehicle_optical_flow__rosidl_typesupport_introspection_cpp.hpp\n'}
[2.515533] (px4_msgs) StdoutLine: {'line': b'-- Up-to-date symlink: /home/prathamkelkar/ros2_ws/install/px4_msgs/include/px4_msgs/px4_msgs/msg/detail/vehicle_optical_flow_vel__rosidl_typesupport_introspection_cpp.hpp\n'}
[2.515619] (px4_msgs) StdoutLine: {'line': b'-- Up-to-date symlink: /home/prathamkelkar/ros2_ws/install/px4_msgs/include/px4_msgs/px4_msgs/msg/detail/vehicle_rates_setpoint__rosidl_typesupport_introspection_cpp.hpp\n'}
[2.515740] (px4_msgs) StdoutLine: {'line': b'-- Up-to-date symlink: /home/prathamkelkar/ros2_ws/install/px4_msgs/include/px4_msgs/px4_msgs/msg/detail/vehicle_roi__rosidl_typesupport_introspection_cpp.hpp\n'}
[2.515835] (px4_msgs) StdoutLine: {'line': b'-- Up-to-date symlink: /home/prathamkelkar/ros2_ws/install/px4_msgs/include/px4_msgs/px4_msgs/msg/detail/vehicle_status__rosidl_typesupport_introspection_cpp.hpp\n'}
[2.515920] (px4_msgs) StdoutLine: {'line': b'-- Up-to-date symlink: /home/prathamkelkar/ros2_ws/install/px4_msgs/include/px4_msgs/px4_msgs/msg/detail/vehicle_thrust_setpoint__rosidl_typesupport_introspection_cpp.hpp\n'}
[2.516011] (px4_msgs) StdoutLine: {'line': b'-- Up-to-date symlink: /home/prathamkelkar/ros2_ws/install/px4_msgs/include/px4_msgs/px4_msgs/msg/detail/vehicle_torque_setpoint__rosidl_typesupport_introspection_cpp.hpp\n'}
[2.516100] (px4_msgs) StdoutLine: {'line': b'-- Up-to-date symlink: /home/prathamkelkar/ros2_ws/install/px4_msgs/include/px4_msgs/px4_msgs/msg/detail/vehicle_trajectory_bezier__rosidl_typesupport_introspection_cpp.hpp\n'}
[2.516187] (px4_msgs) StdoutLine: {'line': b'-- Up-to-date symlink: /home/prathamkelkar/ros2_ws/install/px4_msgs/include/px4_msgs/px4_msgs/msg/detail/vehicle_trajectory_waypoint__rosidl_typesupport_introspection_cpp.hpp\n'}
[2.516293] (px4_msgs) StdoutLine: {'line': b'-- Up-to-date symlink: /home/prathamkelkar/ros2_ws/install/px4_msgs/include/px4_msgs/px4_msgs/msg/detail/velocity_limits__rosidl_typesupport_introspection_cpp.hpp\n'}
[2.516385] (px4_msgs) StdoutLine: {'line': b'-- Up-to-date symlink: /home/prathamkelkar/ros2_ws/install/px4_msgs/include/px4_msgs/px4_msgs/msg/detail/vtol_vehicle_status__rosidl_typesupport_introspection_cpp.hpp\n'}
[2.516474] (px4_msgs) StdoutLine: {'line': b'-- Up-to-date symlink: /home/prathamkelkar/ros2_ws/install/px4_msgs/include/px4_msgs/px4_msgs/msg/detail/wheel_encoders__rosidl_typesupport_introspection_cpp.hpp\n'}
[2.516567] (px4_msgs) StdoutLine: {'line': b'-- Up-to-date symlink: /home/prathamkelkar/ros2_ws/install/px4_msgs/include/px4_msgs/px4_msgs/msg/detail/wind__rosidl_typesupport_introspection_cpp.hpp\n'}
[2.516655] (px4_msgs) StdoutLine: {'line': b'-- Up-to-date symlink: /home/prathamkelkar/ros2_ws/install/px4_msgs/include/px4_msgs/px4_msgs/msg/detail/yaw_estimator_status__rosidl_typesupport_introspection_cpp.hpp\n'}
[2.516761] (px4_msgs) StdoutLine: {'line': b'-- Up-to-date symlink: /home/prathamkelkar/ros2_ws/install/px4_msgs/include/px4_msgs/px4_msgs/srv/detail/vehicle_command__rosidl_typesupport_introspection_cpp.hpp\n'}
[2.516858] (px4_msgs) StdoutLine: {'line': b'-- Up-to-date symlink: /home/prathamkelkar/ros2_ws/install/px4_msgs/share/px4_msgs/environment/pythonpath.sh\n'}
[2.516959] (px4_msgs) StdoutLine: {'line': b'-- Up-to-date symlink: /home/prathamkelkar/ros2_ws/install/px4_msgs/share/px4_msgs/environment/pythonpath.dsv\n'}
[2.517052] (px4_msgs) StdoutLine: {'line': b'-- Up-to-date symlink: /home/prathamkelkar/ros2_ws/install/px4_msgs/lib/python3.12/site-packages/px4_msgs-2.0.1-py3.12.egg-info/PKG-INFO\n'}
[2.517152] (px4_msgs) StdoutLine: {'line': b'-- Up-to-date symlink: /home/prathamkelkar/ros2_ws/install/px4_msgs/lib/python3.12/site-packages/px4_msgs-2.0.1-py3.12.egg-info/SOURCES.txt\n'}
[2.517246] (px4_msgs) StdoutLine: {'line': b'-- Up-to-date symlink: /home/prathamkelkar/ros2_ws/install/px4_msgs/lib/python3.12/site-packages/px4_msgs-2.0.1-py3.12.egg-info/dependency_links.txt\n'}
[2.517337] (px4_msgs) StdoutLine: {'line': b'-- Up-to-date symlink: /home/prathamkelkar/ros2_ws/install/px4_msgs/lib/python3.12/site-packages/px4_msgs-2.0.1-py3.12.egg-info/top_level.txt\n'}
[2.517430] (px4_msgs) StdoutLine: {'line': b'-- Up-to-date symlink: /home/prathamkelkar/ros2_ws/install/px4_msgs/lib/python3.12/site-packages/px4_msgs/__init__.py\n'}
[2.517524] (px4_msgs) StdoutLine: {'line': b'-- Up-to-date symlink: /home/prathamkelkar/ros2_ws/install/px4_msgs/lib/python3.12/site-packages/px4_msgs/_px4_msgs_s.ep.rosidl_typesupport_c.c\n'}
[2.517630] (px4_msgs) StdoutLine: {'line': b'-- Up-to-date symlink: /home/prathamkelkar/ros2_ws/install/px4_msgs/lib/python3.12/site-packages/px4_msgs/_px4_msgs_s.ep.rosidl_typesupport_fastrtps_c.c\n'}
[2.517732] (px4_msgs) StdoutLine: {'line': b'-- Up-to-date symlink: /home/prathamkelkar/ros2_ws/install/px4_msgs/lib/python3.12/site-packages/px4_msgs/_px4_msgs_s.ep.rosidl_typesupport_introspection_c.c\n'}
[2.517826] (px4_msgs) StdoutLine: {'line': b'-- Up-to-date symlink: /home/prathamkelkar/ros2_ws/install/px4_msgs/lib/python3.12/site-packages/px4_msgs/msg/__init__.py\n'}
[2.517923] (px4_msgs) StdoutLine: {'line': b'-- Up-to-date symlink: /home/prathamkelkar/ros2_ws/install/px4_msgs/lib/python3.12/site-packages/px4_msgs/msg/_action_request.py\n'}
[2.518019] (px4_msgs) StdoutLine: {'line': b'-- Up-to-date symlink: /home/prathamkelkar/ros2_ws/install/px4_msgs/lib/python3.12/site-packages/px4_msgs/msg/_action_request_s.c\n'}
[2.518111] (px4_msgs) StdoutLine: {'line': b'-- Up-to-date symlink: /home/prathamkelkar/ros2_ws/install/px4_msgs/lib/python3.12/site-packages/px4_msgs/msg/_actuator_armed.py\n'}
[2.518204] (px4_msgs) StdoutLine: {'line': b'-- Up-to-date symlink: /home/prathamkelkar/ros2_ws/install/px4_msgs/lib/python3.12/site-packages/px4_msgs/msg/_actuator_armed_s.c\n'}
[2.518297] (px4_msgs) StdoutLine: {'line': b'-- Up-to-date symlink: /home/prathamkelkar/ros2_ws/install/px4_msgs/lib/python3.12/site-packages/px4_msgs/msg/_actuator_controls_status.py\n'}
[2.518387] (px4_msgs) StdoutLine: {'line': b'-- Up-to-date symlink: /home/prathamkelkar/ros2_ws/install/px4_msgs/lib/python3.12/site-packages/px4_msgs/msg/_actuator_controls_status_s.c\n'}
[2.518480] (px4_msgs) StdoutLine: {'line': b'-- Up-to-date symlink: /home/prathamkelkar/ros2_ws/install/px4_msgs/lib/python3.12/site-packages/px4_msgs/msg/_actuator_motors.py\n'}
[2.518571] (px4_msgs) StdoutLine: {'line': b'-- Up-to-date symlink: /home/prathamkelkar/ros2_ws/install/px4_msgs/lib/python3.12/site-packages/px4_msgs/msg/_actuator_motors_s.c\n'}
[2.518662] (px4_msgs) StdoutLine: {'line': b'-- Up-to-date symlink: /home/prathamkelkar/ros2_ws/install/px4_msgs/lib/python3.12/site-packages/px4_msgs/msg/_actuator_outputs.py\n'}
[2.518764] (px4_msgs) StdoutLine: {'line': b'-- Up-to-date symlink: /home/prathamkelkar/ros2_ws/install/px4_msgs/lib/python3.12/site-packages/px4_msgs/msg/_actuator_outputs_s.c\n'}
[2.518858] (px4_msgs) StdoutLine: {'line': b'-- Up-to-date symlink: /home/prathamkelkar/ros2_ws/install/px4_msgs/lib/python3.12/site-packages/px4_msgs/msg/_actuator_servos.py\n'}
[2.518958] (px4_msgs) StdoutLine: {'line': b'-- Up-to-date symlink: /home/prathamkelkar/ros2_ws/install/px4_msgs/lib/python3.12/site-packages/px4_msgs/msg/_actuator_servos_s.c\n'}
[2.519068] (px4_msgs) StdoutLine: {'line': b'-- Up-to-date symlink: /home/prathamkelkar/ros2_ws/install/px4_msgs/lib/python3.12/site-packages/px4_msgs/msg/_actuator_servos_trim.py\n'}
[2.519164] (px4_msgs) StdoutLine: {'line': b'-- Up-to-date symlink: /home/prathamkelkar/ros2_ws/install/px4_msgs/lib/python3.12/site-packages/px4_msgs/msg/_actuator_servos_trim_s.c\n'}
[2.519280] (px4_msgs) StdoutLine: {'line': b'-- Up-to-date symlink: /home/prathamkelkar/ros2_ws/install/px4_msgs/lib/python3.12/site-packages/px4_msgs/msg/_actuator_test.py\n'}
[2.519389] (px4_msgs) StdoutLine: {'line': b'-- Up-to-date symlink: /home/prathamkelkar/ros2_ws/install/px4_msgs/lib/python3.12/site-packages/px4_msgs/msg/_actuator_test_s.c\n'}
[2.519481] (px4_msgs) StdoutLine: {'line': b'-- Up-to-date symlink: /home/prathamkelkar/ros2_ws/install/px4_msgs/lib/python3.12/site-packages/px4_msgs/msg/_adc_report.py\n'}
[2.519577] (px4_msgs) StdoutLine: {'line': b'-- Up-to-date symlink: /home/prathamkelkar/ros2_ws/install/px4_msgs/lib/python3.12/site-packages/px4_msgs/msg/_adc_report_s.c\n'}
[2.519700] (px4_msgs) StdoutLine: {'line': b'-- Up-to-date symlink: /home/prathamkelkar/ros2_ws/install/px4_msgs/lib/python3.12/site-packages/px4_msgs/msg/_airspeed.py\n'}
[2.519817] (px4_msgs) StdoutLine: {'line': b'-- Up-to-date symlink: /home/prathamkelkar/ros2_ws/install/px4_msgs/lib/python3.12/site-packages/px4_msgs/msg/_airspeed_s.c\n'}
[2.519950] (px4_msgs) StdoutLine: {'line': b'-- Up-to-date symlink: /home/prathamkelkar/ros2_ws/install/px4_msgs/lib/python3.12/site-packages/px4_msgs/msg/_airspeed_validated.py\n'}
[2.520041] (px4_msgs) StdoutLine: {'line': b'-- Up-to-date symlink: /home/prathamkelkar/ros2_ws/install/px4_msgs/lib/python3.12/site-packages/px4_msgs/msg/_airspeed_validated_s.c\n'}
[2.520130] (px4_msgs) StdoutLine: {'line': b'-- Up-to-date symlink: /home/prathamkelkar/ros2_ws/install/px4_msgs/lib/python3.12/site-packages/px4_msgs/msg/_airspeed_wind.py\n'}
[2.520221] (px4_msgs) StdoutLine: {'line': b'-- Up-to-date symlink: /home/prathamkelkar/ros2_ws/install/px4_msgs/lib/python3.12/site-packages/px4_msgs/msg/_airspeed_wind_s.c\n'}
[2.520311] (px4_msgs) StdoutLine: {'line': b'-- Up-to-date symlink: /home/prathamkelkar/ros2_ws/install/px4_msgs/lib/python3.12/site-packages/px4_msgs/msg/_arming_check_reply.py\n'}
[2.520402] (px4_msgs) StdoutLine: {'line': b'-- Up-to-date symlink: /home/prathamkelkar/ros2_ws/install/px4_msgs/lib/python3.12/site-packages/px4_msgs/msg/_arming_check_reply_s.c\n'}
[2.520492] (px4_msgs) StdoutLine: {'line': b'-- Up-to-date symlink: /home/prathamkelkar/ros2_ws/install/px4_msgs/lib/python3.12/site-packages/px4_msgs/msg/_arming_check_request.py\n'}
[2.520580] (px4_msgs) StdoutLine: {'line': b'-- Up-to-date symlink: /home/prathamkelkar/ros2_ws/install/px4_msgs/lib/python3.12/site-packages/px4_msgs/msg/_arming_check_request_s.c\n'}
[2.520670] (px4_msgs) StdoutLine: {'line': b'-- Up-to-date symlink: /home/prathamkelkar/ros2_ws/install/px4_msgs/lib/python3.12/site-packages/px4_msgs/msg/_autotune_attitude_control_status.py\n'}
[2.520765] (px4_msgs) StdoutLine: {'line': b'-- Up-to-date symlink: /home/prathamkelkar/ros2_ws/install/px4_msgs/lib/python3.12/site-packages/px4_msgs/msg/_autotune_attitude_control_status_s.c\n'}
[2.520854] (px4_msgs) StdoutLine: {'line': b'-- Up-to-date symlink: /home/prathamkelkar/ros2_ws/install/px4_msgs/lib/python3.12/site-packages/px4_msgs/msg/_battery_status.py\n'}
[2.520943] (px4_msgs) StdoutLine: {'line': b'-- Up-to-date symlink: /home/prathamkelkar/ros2_ws/install/px4_msgs/lib/python3.12/site-packages/px4_msgs/msg/_battery_status_s.c\n'}
[2.521032] (px4_msgs) StdoutLine: {'line': b'-- Up-to-date symlink: /home/prathamkelkar/ros2_ws/install/px4_msgs/lib/python3.12/site-packages/px4_msgs/msg/_buffer128.py\n'}
[2.521121] (px4_msgs) StdoutLine: {'line': b'-- Up-to-date symlink: /home/prathamkelkar/ros2_ws/install/px4_msgs/lib/python3.12/site-packages/px4_msgs/msg/_buffer128_s.c\n'}
[2.521216] (px4_msgs) StdoutLine: {'line': b'-- Up-to-date symlink: /home/prathamkelkar/ros2_ws/install/px4_msgs/lib/python3.12/site-packages/px4_msgs/msg/_button_event.py\n'}
[2.521307] (px4_msgs) StdoutLine: {'line': b'-- Up-to-date symlink: /home/prathamkelkar/ros2_ws/install/px4_msgs/lib/python3.12/site-packages/px4_msgs/msg/_button_event_s.c\n'}
[2.521406] (px4_msgs) StdoutLine: {'line': b'-- Up-to-date symlink: /home/prathamkelkar/ros2_ws/install/px4_msgs/lib/python3.12/site-packages/px4_msgs/msg/_camera_capture.py\n'}
[2.521497] (px4_msgs) StdoutLine: {'line': b'-- Up-to-date symlink: /home/prathamkelkar/ros2_ws/install/px4_msgs/lib/python3.12/site-packages/px4_msgs/msg/_camera_capture_s.c\n'}
[2.521595] (px4_msgs) StdoutLine: {'line': b'-- Up-to-date symlink: /home/prathamkelkar/ros2_ws/install/px4_msgs/lib/python3.12/site-packages/px4_msgs/msg/_camera_status.py\n'}
[2.521698] (px4_msgs) StdoutLine: {'line': b'-- Up-to-date symlink: /home/prathamkelkar/ros2_ws/install/px4_msgs/lib/python3.12/site-packages/px4_msgs/msg/_camera_status_s.c\n'}
[2.521795] (px4_msgs) StdoutLine: {'line': b'-- Up-to-date symlink: /home/prathamkelkar/ros2_ws/install/px4_msgs/lib/python3.12/site-packages/px4_msgs/msg/_camera_trigger.py\n'}
[2.521885] (px4_msgs) StdoutLine: {'line': b'-- Up-to-date symlink: /home/prathamkelkar/ros2_ws/install/px4_msgs/lib/python3.12/site-packages/px4_msgs/msg/_camera_trigger_s.c\n'}
[2.521975] (px4_msgs) StdoutLine: {'line': b'-- Up-to-date symlink: /home/prathamkelkar/ros2_ws/install/px4_msgs/lib/python3.12/site-packages/px4_msgs/msg/_can_interface_status.py\n'}
[2.522089] (px4_msgs) StdoutLine: {'line': b'-- Up-to-date symlink: /home/prathamkelkar/ros2_ws/install/px4_msgs/lib/python3.12/site-packages/px4_msgs/msg/_can_interface_status_s.c\n'}
[2.522179] (px4_msgs) StdoutLine: {'line': b'-- Up-to-date symlink: /home/prathamkelkar/ros2_ws/install/px4_msgs/lib/python3.12/site-packages/px4_msgs/msg/_cellular_status.py\n'}
[2.522272] (px4_msgs) StdoutLine: {'line': b'-- Up-to-date symlink: /home/prathamkelkar/ros2_ws/install/px4_msgs/lib/python3.12/site-packages/px4_msgs/msg/_cellular_status_s.c\n'}
[2.522364] (px4_msgs) StdoutLine: {'line': b'-- Up-to-date symlink: /home/prathamkelkar/ros2_ws/install/px4_msgs/lib/python3.12/site-packages/px4_msgs/msg/_collision_constraints.py\n'}
[2.522455] (px4_msgs) StdoutLine: {'line': b'-- Up-to-date symlink: /home/prathamkelkar/ros2_ws/install/px4_msgs/lib/python3.12/site-packages/px4_msgs/msg/_collision_constraints_s.c\n'}
[2.522546] (px4_msgs) StdoutLine: {'line': b'-- Up-to-date symlink: /home/prathamkelkar/ros2_ws/install/px4_msgs/lib/python3.12/site-packages/px4_msgs/msg/_collision_report.py\n'}
[2.522636] (px4_msgs) StdoutLine: {'line': b'-- Up-to-date symlink: /home/prathamkelkar/ros2_ws/install/px4_msgs/lib/python3.12/site-packages/px4_msgs/msg/_collision_report_s.c\n'}
[2.522735] (px4_msgs) StdoutLine: {'line': b'-- Up-to-date symlink: /home/prathamkelkar/ros2_ws/install/px4_msgs/lib/python3.12/site-packages/px4_msgs/msg/_config_overrides.py\n'}
[2.522829] (px4_msgs) StdoutLine: {'line': b'-- Up-to-date symlink: /home/prathamkelkar/ros2_ws/install/px4_msgs/lib/python3.12/site-packages/px4_msgs/msg/_config_overrides_s.c\n'}
[2.522927] (px4_msgs) StdoutLine: {'line': b'-- Up-to-date symlink: /home/prathamkelkar/ros2_ws/install/px4_msgs/lib/python3.12/site-packages/px4_msgs/msg/_control_allocator_status.py\n'}
[2.523023] (px4_msgs) StdoutLine: {'line': b'-- Up-to-date symlink: /home/prathamkelkar/ros2_ws/install/px4_msgs/lib/python3.12/site-packages/px4_msgs/msg/_control_allocator_status_s.c\n'}
[2.523119] (px4_msgs) StdoutLine: {'line': b'-- Up-to-date symlink: /home/prathamkelkar/ros2_ws/install/px4_msgs/lib/python3.12/site-packages/px4_msgs/msg/_cpuload.py\n'}
[2.523214] (px4_msgs) StdoutLine: {'line': b'-- Up-to-date symlink: /home/prathamkelkar/ros2_ws/install/px4_msgs/lib/python3.12/site-packages/px4_msgs/msg/_cpuload_s.c\n'}
[2.523312] (px4_msgs) StdoutLine: {'line': b'-- Up-to-date symlink: /home/prathamkelkar/ros2_ws/install/px4_msgs/lib/python3.12/site-packages/px4_msgs/msg/_dataman_request.py\n'}
[2.523396] (px4_msgs) StdoutLine: {'line': b'-- Up-to-date symlink: /home/prathamkelkar/ros2_ws/install/px4_msgs/lib/python3.12/site-packages/px4_msgs/msg/_dataman_request_s.c\n'}
[2.523485] (px4_msgs) StdoutLine: {'line': b'-- Up-to-date symlink: /home/prathamkelkar/ros2_ws/install/px4_msgs/lib/python3.12/site-packages/px4_msgs/msg/_dataman_response.py\n'}
[2.523572] (px4_msgs) StdoutLine: {'line': b'-- Up-to-date symlink: /home/prathamkelkar/ros2_ws/install/px4_msgs/lib/python3.12/site-packages/px4_msgs/msg/_dataman_response_s.c\n'}
[2.523660] (px4_msgs) StdoutLine: {'line': b'-- Up-to-date symlink: /home/prathamkelkar/ros2_ws/install/px4_msgs/lib/python3.12/site-packages/px4_msgs/msg/_debug_array.py\n'}
[2.523757] (px4_msgs) StdoutLine: {'line': b'-- Up-to-date symlink: /home/prathamkelkar/ros2_ws/install/px4_msgs/lib/python3.12/site-packages/px4_msgs/msg/_debug_array_s.c\n'}
[2.523849] (px4_msgs) StdoutLine: {'line': b'-- Up-to-date symlink: /home/prathamkelkar/ros2_ws/install/px4_msgs/lib/python3.12/site-packages/px4_msgs/msg/_debug_key_value.py\n'}
[2.523946] (px4_msgs) StdoutLine: {'line': b'-- Up-to-date symlink: /home/prathamkelkar/ros2_ws/install/px4_msgs/lib/python3.12/site-packages/px4_msgs/msg/_debug_key_value_s.c\n'}
[2.524035] (px4_msgs) StdoutLine: {'line': b'-- Up-to-date symlink: /home/prathamkelkar/ros2_ws/install/px4_msgs/lib/python3.12/site-packages/px4_msgs/msg/_debug_value.py\n'}
[2.524144] (px4_msgs) StdoutLine: {'line': b'-- Up-to-date symlink: /home/prathamkelkar/ros2_ws/install/px4_msgs/lib/python3.12/site-packages/px4_msgs/msg/_debug_value_s.c\n'}
[2.524236] (px4_msgs) StdoutLine: {'line': b'-- Up-to-date symlink: /home/prathamkelkar/ros2_ws/install/px4_msgs/lib/python3.12/site-packages/px4_msgs/msg/_debug_vect.py\n'}
[2.524332] (px4_msgs) StdoutLine: {'line': b'-- Up-to-date symlink: /home/prathamkelkar/ros2_ws/install/px4_msgs/lib/python3.12/site-packages/px4_msgs/msg/_debug_vect_s.c\n'}
[2.524427] (px4_msgs) StdoutLine: {'line': b'-- Up-to-date symlink: /home/prathamkelkar/ros2_ws/install/px4_msgs/lib/python3.12/site-packages/px4_msgs/msg/_differential_drive_setpoint.py\n'}
[2.524533] (px4_msgs) StdoutLine: {'line': b'-- Up-to-date symlink: /home/prathamkelkar/ros2_ws/install/px4_msgs/lib/python3.12/site-packages/px4_msgs/msg/_differential_drive_setpoint_s.c\n'}
[2.524736] (px4_msgs) StdoutLine: {'line': b'-- Up-to-date symlink: /home/prathamkelkar/ros2_ws/install/px4_msgs/lib/python3.12/site-packages/px4_msgs/msg/_differential_pressure.py\n'}
[2.524834] (px4_msgs) StdoutLine: {'line': b'-- Up-to-date symlink: /home/prathamkelkar/ros2_ws/install/px4_msgs/lib/python3.12/site-packages/px4_msgs/msg/_differential_pressure_s.c\n'}
[2.524940] (px4_msgs) StdoutLine: {'line': b'-- Up-to-date symlink: /home/prathamkelkar/ros2_ws/install/px4_msgs/lib/python3.12/site-packages/px4_msgs/msg/_distance_sensor.py\n'}
[2.525033] (px4_msgs) StdoutLine: {'line': b'-- Up-to-date symlink: /home/prathamkelkar/ros2_ws/install/px4_msgs/lib/python3.12/site-packages/px4_msgs/msg/_distance_sensor_s.c\n'}
[2.525143] (px4_msgs) StdoutLine: {'line': b'-- Up-to-date symlink: /home/prathamkelkar/ros2_ws/install/px4_msgs/lib/python3.12/site-packages/px4_msgs/msg/_ekf2_timestamps.py\n'}
[2.525243] (px4_msgs) StdoutLine: {'line': b'-- Up-to-date symlink: /home/prathamkelkar/ros2_ws/install/px4_msgs/lib/python3.12/site-packages/px4_msgs/msg/_ekf2_timestamps_s.c\n'}
[2.525336] (px4_msgs) StdoutLine: {'line': b'-- Up-to-date symlink: /home/prathamkelkar/ros2_ws/install/px4_msgs/lib/python3.12/site-packages/px4_msgs/msg/_esc_report.py\n'}
[2.525422] (px4_msgs) StdoutLine: {'line': b'-- Up-to-date symlink: /home/prathamkelkar/ros2_ws/install/px4_msgs/lib/python3.12/site-packages/px4_msgs/msg/_esc_report_s.c\n'}
[2.525512] (px4_msgs) StdoutLine: {'line': b'-- Up-to-date symlink: /home/prathamkelkar/ros2_ws/install/px4_msgs/lib/python3.12/site-packages/px4_msgs/msg/_esc_status.py\n'}
[2.525601] (px4_msgs) StdoutLine: {'line': b'-- Up-to-date symlink: /home/prathamkelkar/ros2_ws/install/px4_msgs/lib/python3.12/site-packages/px4_msgs/msg/_esc_status_s.c\n'}
[2.525700] (px4_msgs) StdoutLine: {'line': b'-- Up-to-date symlink: /home/prathamkelkar/ros2_ws/install/px4_msgs/lib/python3.12/site-packages/px4_msgs/msg/_estimator_aid_source1d.py\n'}
[2.525796] (px4_msgs) StdoutLine: {'line': b'-- Up-to-date symlink: /home/prathamkelkar/ros2_ws/install/px4_msgs/lib/python3.12/site-packages/px4_msgs/msg/_estimator_aid_source1d_s.c\n'}
[2.525891] (px4_msgs) StdoutLine: {'line': b'-- Up-to-date symlink: /home/prathamkelkar/ros2_ws/install/px4_msgs/lib/python3.12/site-packages/px4_msgs/msg/_estimator_aid_source2d.py\n'}
[2.525992] (px4_msgs) StdoutLine: {'line': b'-- Up-to-date symlink: /home/prathamkelkar/ros2_ws/install/px4_msgs/lib/python3.12/site-packages/px4_msgs/msg/_estimator_aid_source2d_s.c\n'}
[2.526092] (px4_msgs) StdoutLine: {'line': b'-- Up-to-date symlink: /home/prathamkelkar/ros2_ws/install/px4_msgs/lib/python3.12/site-packages/px4_msgs/msg/_estimator_aid_source3d.py\n'}
[2.526195] (px4_msgs) StdoutLine: {'line': b'-- Up-to-date symlink: /home/prathamkelkar/ros2_ws/install/px4_msgs/lib/python3.12/site-packages/px4_msgs/msg/_estimator_aid_source3d_s.c\n'}
[2.526297] (px4_msgs) StdoutLine: {'line': b'-- Up-to-date symlink: /home/prathamkelkar/ros2_ws/install/px4_msgs/lib/python3.12/site-packages/px4_msgs/msg/_estimator_bias.py\n'}
[2.526406] (px4_msgs) StdoutLine: {'line': b'-- Up-to-date symlink: /home/prathamkelkar/ros2_ws/install/px4_msgs/lib/python3.12/site-packages/px4_msgs/msg/_estimator_bias3d.py\n'}
[2.526542] (px4_msgs) StdoutLine: {'line': b'-- Up-to-date symlink: /home/prathamkelkar/ros2_ws/install/px4_msgs/lib/python3.12/site-packages/px4_msgs/msg/_estimator_bias3d_s.c\n'}
[2.526645] (px4_msgs) StdoutLine: {'line': b'-- Up-to-date symlink: /home/prathamkelkar/ros2_ws/install/px4_msgs/lib/python3.12/site-packages/px4_msgs/msg/_estimator_bias_s.c\n'}
[2.526760] (px4_msgs) StdoutLine: {'line': b'-- Up-to-date symlink: /home/prathamkelkar/ros2_ws/install/px4_msgs/lib/python3.12/site-packages/px4_msgs/msg/_estimator_event_flags.py\n'}
[2.526860] (px4_msgs) StdoutLine: {'line': b'-- Up-to-date symlink: /home/prathamkelkar/ros2_ws/install/px4_msgs/lib/python3.12/site-packages/px4_msgs/msg/_estimator_event_flags_s.c\n'}
[2.526960] (px4_msgs) StdoutLine: {'line': b'-- Up-to-date symlink: /home/prathamkelkar/ros2_ws/install/px4_msgs/lib/python3.12/site-packages/px4_msgs/msg/_estimator_gps_status.py\n'}
[2.527077] (px4_msgs) StdoutLine: {'line': b'-- Up-to-date symlink: /home/prathamkelkar/ros2_ws/install/px4_msgs/lib/python3.12/site-packages/px4_msgs/msg/_estimator_gps_status_s.c\n'}
[2.527185] (px4_msgs) StdoutLine: {'line': b'-- Up-to-date symlink: /home/prathamkelkar/ros2_ws/install/px4_msgs/lib/python3.12/site-packages/px4_msgs/msg/_estimator_innovations.py\n'}
[2.527304] (px4_msgs) StdoutLine: {'line': b'-- Up-to-date symlink: /home/prathamkelkar/ros2_ws/install/px4_msgs/lib/python3.12/site-packages/px4_msgs/msg/_estimator_innovations_s.c\n'}
[2.527407] (px4_msgs) StdoutLine: {'line': b'-- Up-to-date symlink: /home/prathamkelkar/ros2_ws/install/px4_msgs/lib/python3.12/site-packages/px4_msgs/msg/_estimator_selector_status.py\n'}
[2.527503] (px4_msgs) StdoutLine: {'line': b'-- Up-to-date symlink: /home/prathamkelkar/ros2_ws/install/px4_msgs/lib/python3.12/site-packages/px4_msgs/msg/_estimator_selector_status_s.c\n'}
[2.527601] (px4_msgs) StdoutLine: {'line': b'-- Up-to-date symlink: /home/prathamkelkar/ros2_ws/install/px4_msgs/lib/python3.12/site-packages/px4_msgs/msg/_estimator_sensor_bias.py\n'}
[2.527711] (px4_msgs) StdoutLine: {'line': b'-- Up-to-date symlink: /home/prathamkelkar/ros2_ws/install/px4_msgs/lib/python3.12/site-packages/px4_msgs/msg/_estimator_sensor_bias_s.c\n'}
[2.527821] (px4_msgs) StdoutLine: {'line': b'-- Up-to-date symlink: /home/prathamkelkar/ros2_ws/install/px4_msgs/lib/python3.12/site-packages/px4_msgs/msg/_estimator_states.py\n'}
[2.527945] (px4_msgs) StdoutLine: {'line': b'-- Up-to-date symlink: /home/prathamkelkar/ros2_ws/install/px4_msgs/lib/python3.12/site-packages/px4_msgs/msg/_estimator_states_s.c\n'}
[2.528042] (px4_msgs) StdoutLine: {'line': b'-- Up-to-date symlink: /home/prathamkelkar/ros2_ws/install/px4_msgs/lib/python3.12/site-packages/px4_msgs/msg/_estimator_status.py\n'}
[2.528138] (px4_msgs) StdoutLine: {'line': b'-- Up-to-date symlink: /home/prathamkelkar/ros2_ws/install/px4_msgs/lib/python3.12/site-packages/px4_msgs/msg/_estimator_status_flags.py\n'}
[2.528236] (px4_msgs) StdoutLine: {'line': b'-- Up-to-date symlink: /home/prathamkelkar/ros2_ws/install/px4_msgs/lib/python3.12/site-packages/px4_msgs/msg/_estimator_status_flags_s.c\n'}
[2.528345] (px4_msgs) StdoutLine: {'line': b'-- Up-to-date symlink: /home/prathamkelkar/ros2_ws/install/px4_msgs/lib/python3.12/site-packages/px4_msgs/msg/_estimator_status_s.c\n'}
[2.528440] (px4_msgs) StdoutLine: {'line': b'-- Up-to-date symlink: /home/prathamkelkar/ros2_ws/install/px4_msgs/lib/python3.12/site-packages/px4_msgs/msg/_event.py\n'}
[2.528539] (px4_msgs) StdoutLine: {'line': b'-- Up-to-date symlink: /home/prathamkelkar/ros2_ws/install/px4_msgs/lib/python3.12/site-packages/px4_msgs/msg/_event_s.c\n'}
[2.528635] (px4_msgs) StdoutLine: {'line': b'-- Up-to-date symlink: /home/prathamkelkar/ros2_ws/install/px4_msgs/lib/python3.12/site-packages/px4_msgs/msg/_failsafe_flags.py\n'}
[2.528737] (px4_msgs) StdoutLine: {'line': b'-- Up-to-date symlink: /home/prathamkelkar/ros2_ws/install/px4_msgs/lib/python3.12/site-packages/px4_msgs/msg/_failsafe_flags_s.c\n'}
[2.528846] (px4_msgs) StdoutLine: {'line': b'-- Up-to-date symlink: /home/prathamkelkar/ros2_ws/install/px4_msgs/lib/python3.12/site-packages/px4_msgs/msg/_failure_detector_status.py\n'}
[2.528942] (px4_msgs) StdoutLine: {'line': b'-- Up-to-date symlink: /home/prathamkelkar/ros2_ws/install/px4_msgs/lib/python3.12/site-packages/px4_msgs/msg/_failure_detector_status_s.c\n'}
[2.529033] (px4_msgs) StdoutLine: {'line': b'-- Up-to-date symlink: /home/prathamkelkar/ros2_ws/install/px4_msgs/lib/python3.12/site-packages/px4_msgs/msg/_figure_eight_status.py\n'}
[2.529129] (px4_msgs) StdoutLine: {'line': b'-- Up-to-date symlink: /home/prathamkelkar/ros2_ws/install/px4_msgs/lib/python3.12/site-packages/px4_msgs/msg/_figure_eight_status_s.c\n'}
[2.529226] (px4_msgs) StdoutLine: {'line': b'-- Up-to-date symlink: /home/prathamkelkar/ros2_ws/install/px4_msgs/lib/python3.12/site-packages/px4_msgs/msg/_flight_phase_estimation.py\n'}
[2.529328] (px4_msgs) StdoutLine: {'line': b'-- Up-to-date symlink: /home/prathamkelkar/ros2_ws/install/px4_msgs/lib/python3.12/site-packages/px4_msgs/msg/_flight_phase_estimation_s.c\n'}
[2.529425] (px4_msgs) StdoutLine: {'line': b'-- Up-to-date symlink: /home/prathamkelkar/ros2_ws/install/px4_msgs/lib/python3.12/site-packages/px4_msgs/msg/_follow_target.py\n'}
[2.529526] (px4_msgs) StdoutLine: {'line': b'-- Up-to-date symlink: /home/prathamkelkar/ros2_ws/install/px4_msgs/lib/python3.12/site-packages/px4_msgs/msg/_follow_target_estimator.py\n'}
[2.529627] (px4_msgs) StdoutLine: {'line': b'-- Up-to-date symlink: /home/prathamkelkar/ros2_ws/install/px4_msgs/lib/python3.12/site-packages/px4_msgs/msg/_follow_target_estimator_s.c\n'}
[2.529764] (px4_msgs) StdoutLine: {'line': b'-- Up-to-date symlink: /home/prathamkelkar/ros2_ws/install/px4_msgs/lib/python3.12/site-packages/px4_msgs/msg/_follow_target_s.c\n'}
[2.529905] (px4_msgs) StdoutLine: {'line': b'-- Up-to-date symlink: /home/prathamkelkar/ros2_ws/install/px4_msgs/lib/python3.12/site-packages/px4_msgs/msg/_follow_target_status.py\n'}
[2.530034] (px4_msgs) StdoutLine: {'line': b'-- Up-to-date symlink: /home/prathamkelkar/ros2_ws/install/px4_msgs/lib/python3.12/site-packages/px4_msgs/msg/_follow_target_status_s.c\n'}
[2.530162] (px4_msgs) StdoutLine: {'line': b'-- Up-to-date symlink: /home/prathamkelkar/ros2_ws/install/px4_msgs/lib/python3.12/site-packages/px4_msgs/msg/_generator_status.py\n'}
[2.530286] (px4_msgs) StdoutLine: {'line': b'-- Up-to-date symlink: /home/prathamkelkar/ros2_ws/install/px4_msgs/lib/python3.12/site-packages/px4_msgs/msg/_generator_status_s.c\n'}
[2.530395] (px4_msgs) StdoutLine: {'line': b'-- Up-to-date symlink: /home/prathamkelkar/ros2_ws/install/px4_msgs/lib/python3.12/site-packages/px4_msgs/msg/_geofence_result.py\n'}
[2.530504] (px4_msgs) StdoutLine: {'line': b'-- Up-to-date symlink: /home/prathamkelkar/ros2_ws/install/px4_msgs/lib/python3.12/site-packages/px4_msgs/msg/_geofence_result_s.c\n'}
[2.530627] (px4_msgs) StdoutLine: {'line': b'-- Up-to-date symlink: /home/prathamkelkar/ros2_ws/install/px4_msgs/lib/python3.12/site-packages/px4_msgs/msg/_geofence_status.py\n'}
[2.530743] (px4_msgs) StdoutLine: {'line': b'-- Up-to-date symlink: /home/prathamkelkar/ros2_ws/install/px4_msgs/lib/python3.12/site-packages/px4_msgs/msg/_geofence_status_s.c\n'}
[2.530854] (px4_msgs) StdoutLine: {'line': b'-- Up-to-date symlink: /home/prathamkelkar/ros2_ws/install/px4_msgs/lib/python3.12/site-packages/px4_msgs/msg/_gimbal_controls.py\n'}
[2.530982] (px4_msgs) StdoutLine: {'line': b'-- Up-to-date symlink: /home/prathamkelkar/ros2_ws/install/px4_msgs/lib/python3.12/site-packages/px4_msgs/msg/_gimbal_controls_s.c\n'}
[2.531140] (px4_msgs) StdoutLine: {'line': b'-- Up-to-date symlink: /home/prathamkelkar/ros2_ws/install/px4_msgs/lib/python3.12/site-packages/px4_msgs/msg/_gimbal_device_attitude_status.py\n'}
[2.531261] (px4_msgs) StdoutLine: {'line': b'-- Up-to-date symlink: /home/prathamkelkar/ros2_ws/install/px4_msgs/lib/python3.12/site-packages/px4_msgs/msg/_gimbal_device_attitude_status_s.c\n'}
[2.531385] (px4_msgs) StdoutLine: {'line': b'-- Up-to-date symlink: /home/prathamkelkar/ros2_ws/install/px4_msgs/lib/python3.12/site-packages/px4_msgs/msg/_gimbal_device_information.py\n'}
[2.531517] (px4_msgs) StdoutLine: {'line': b'-- Up-to-date symlink: /home/prathamkelkar/ros2_ws/install/px4_msgs/lib/python3.12/site-packages/px4_msgs/msg/_gimbal_device_information_s.c\n'}
[2.531618] (px4_msgs) StdoutLine: {'line': b'-- Up-to-date symlink: /home/prathamkelkar/ros2_ws/install/px4_msgs/lib/python3.12/site-packages/px4_msgs/msg/_gimbal_device_set_attitude.py\n'}
[2.531742] (px4_msgs) StdoutLine: {'line': b'-- Up-to-date symlink: /home/prathamkelkar/ros2_ws/install/px4_msgs/lib/python3.12/site-packages/px4_msgs/msg/_gimbal_device_set_attitude_s.c\n'}
[2.531860] (px4_msgs) StdoutLine: {'line': b'-- Up-to-date symlink: /home/prathamkelkar/ros2_ws/install/px4_msgs/lib/python3.12/site-packages/px4_msgs/msg/_gimbal_manager_information.py\n'}
[2.531964] (px4_msgs) StdoutLine: {'line': b'-- Up-to-date symlink: /home/prathamkelkar/ros2_ws/install/px4_msgs/lib/python3.12/site-packages/px4_msgs/msg/_gimbal_manager_information_s.c\n'}
[2.532073] (px4_msgs) StdoutLine: {'line': b'-- Up-to-date symlink: /home/prathamkelkar/ros2_ws/install/px4_msgs/lib/python3.12/site-packages/px4_msgs/msg/_gimbal_manager_set_attitude.py\n'}
[2.532177] (px4_msgs) StdoutLine: {'line': b'-- Up-to-date symlink: /home/prathamkelkar/ros2_ws/install/px4_msgs/lib/python3.12/site-packages/px4_msgs/msg/_gimbal_manager_set_attitude_s.c\n'}
[2.532274] (px4_msgs) StdoutLine: {'line': b'-- Up-to-date symlink: /home/prathamkelkar/ros2_ws/install/px4_msgs/lib/python3.12/site-packages/px4_msgs/msg/_gimbal_manager_set_manual_control.py\n'}
[2.532375] (px4_msgs) StdoutLine: {'line': b'-- Up-to-date symlink: /home/prathamkelkar/ros2_ws/install/px4_msgs/lib/python3.12/site-packages/px4_msgs/msg/_gimbal_manager_set_manual_control_s.c\n'}
[2.532469] (px4_msgs) StdoutLine: {'line': b'-- Up-to-date symlink: /home/prathamkelkar/ros2_ws/install/px4_msgs/lib/python3.12/site-packages/px4_msgs/msg/_gimbal_manager_status.py\n'}
[2.532563] (px4_msgs) StdoutLine: {'line': b'-- Up-to-date symlink: /home/prathamkelkar/ros2_ws/install/px4_msgs/lib/python3.12/site-packages/px4_msgs/msg/_gimbal_manager_status_s.c\n'}
[2.532660] (px4_msgs) StdoutLine: {'line': b'-- Up-to-date symlink: /home/prathamkelkar/ros2_ws/install/px4_msgs/lib/python3.12/site-packages/px4_msgs/msg/_goto_setpoint.py\n'}
[2.532805] (px4_msgs) StdoutLine: {'line': b'-- Up-to-date symlink: /home/prathamkelkar/ros2_ws/install/px4_msgs/lib/python3.12/site-packages/px4_msgs/msg/_goto_setpoint_s.c\n'}
[2.532914] (px4_msgs) StdoutLine: {'line': b'-- Up-to-date symlink: /home/prathamkelkar/ros2_ws/install/px4_msgs/lib/python3.12/site-packages/px4_msgs/msg/_gpio_config.py\n'}
[2.533010] (px4_msgs) StdoutLine: {'line': b'-- Up-to-date symlink: /home/prathamkelkar/ros2_ws/install/px4_msgs/lib/python3.12/site-packages/px4_msgs/msg/_gpio_config_s.c\n'}
[2.533108] (px4_msgs) StdoutLine: {'line': b'-- Up-to-date symlink: /home/prathamkelkar/ros2_ws/install/px4_msgs/lib/python3.12/site-packages/px4_msgs/msg/_gpio_in.py\n'}
[2.533209] (px4_msgs) StdoutLine: {'line': b'-- Up-to-date symlink: /home/prathamkelkar/ros2_ws/install/px4_msgs/lib/python3.12/site-packages/px4_msgs/msg/_gpio_in_s.c\n'}
[2.533317] (px4_msgs) StdoutLine: {'line': b'-- Up-to-date symlink: /home/prathamkelkar/ros2_ws/install/px4_msgs/lib/python3.12/site-packages/px4_msgs/msg/_gpio_out.py\n'}
[2.533424] (px4_msgs) StdoutLine: {'line': b'-- Up-to-date symlink: /home/prathamkelkar/ros2_ws/install/px4_msgs/lib/python3.12/site-packages/px4_msgs/msg/_gpio_out_s.c\n'}
[2.533523] (px4_msgs) StdoutLine: {'line': b'-- Up-to-date symlink: /home/prathamkelkar/ros2_ws/install/px4_msgs/lib/python3.12/site-packages/px4_msgs/msg/_gpio_request.py\n'}
[2.533631] (px4_msgs) StdoutLine: {'line': b'-- Up-to-date symlink: /home/prathamkelkar/ros2_ws/install/px4_msgs/lib/python3.12/site-packages/px4_msgs/msg/_gpio_request_s.c\n'}
[2.533751] (px4_msgs) StdoutLine: {'line': b'-- Up-to-date symlink: /home/prathamkelkar/ros2_ws/install/px4_msgs/lib/python3.12/site-packages/px4_msgs/msg/_gps_dump.py\n'}
[2.533884] (px4_msgs) StdoutLine: {'line': b'-- Up-to-date symlink: /home/prathamkelkar/ros2_ws/install/px4_msgs/lib/python3.12/site-packages/px4_msgs/msg/_gps_dump_s.c\n'}
[2.533991] (px4_msgs) StdoutLine: {'line': b'-- Up-to-date symlink: /home/prathamkelkar/ros2_ws/install/px4_msgs/lib/python3.12/site-packages/px4_msgs/msg/_gps_inject_data.py\n'}
[2.534094] (px4_msgs) StdoutLine: {'line': b'-- Up-to-date symlink: /home/prathamkelkar/ros2_ws/install/px4_msgs/lib/python3.12/site-packages/px4_msgs/msg/_gps_inject_data_s.c\n'}
[2.534189] (px4_msgs) StdoutLine: {'line': b'-- Up-to-date symlink: /home/prathamkelkar/ros2_ws/install/px4_msgs/lib/python3.12/site-packages/px4_msgs/msg/_gripper.py\n'}
[2.534292] (px4_msgs) StdoutLine: {'line': b'-- Up-to-date symlink: /home/prathamkelkar/ros2_ws/install/px4_msgs/lib/python3.12/site-packages/px4_msgs/msg/_gripper_s.c\n'}
[2.534387] (px4_msgs) StdoutLine: {'line': b'-- Up-to-date symlink: /home/prathamkelkar/ros2_ws/install/px4_msgs/lib/python3.12/site-packages/px4_msgs/msg/_health_report.py\n'}
[2.534485] (px4_msgs) StdoutLine: {'line': b'-- Up-to-date symlink: /home/prathamkelkar/ros2_ws/install/px4_msgs/lib/python3.12/site-packages/px4_msgs/msg/_health_report_s.c\n'}
[2.534590] (px4_msgs) StdoutLine: {'line': b'-- Up-to-date symlink: /home/prathamkelkar/ros2_ws/install/px4_msgs/lib/python3.12/site-packages/px4_msgs/msg/_heater_status.py\n'}
[2.534705] (px4_msgs) StdoutLine: {'line': b'-- Up-to-date symlink: /home/prathamkelkar/ros2_ws/install/px4_msgs/lib/python3.12/site-packages/px4_msgs/msg/_heater_status_s.c\n'}
[2.534805] (px4_msgs) StdoutLine: {'line': b'-- Up-to-date symlink: /home/prathamkelkar/ros2_ws/install/px4_msgs/lib/python3.12/site-packages/px4_msgs/msg/_home_position.py\n'}
[2.534904] (px4_msgs) StdoutLine: {'line': b'-- Up-to-date symlink: /home/prathamkelkar/ros2_ws/install/px4_msgs/lib/python3.12/site-packages/px4_msgs/msg/_home_position_s.c\n'}
[2.535004] (px4_msgs) StdoutLine: {'line': b'-- Up-to-date symlink: /home/prathamkelkar/ros2_ws/install/px4_msgs/lib/python3.12/site-packages/px4_msgs/msg/_hover_thrust_estimate.py\n'}
[2.535111] (px4_msgs) StdoutLine: {'line': b'-- Up-to-date symlink: /home/prathamkelkar/ros2_ws/install/px4_msgs/lib/python3.12/site-packages/px4_msgs/msg/_hover_thrust_estimate_s.c\n'}
[2.535208] (px4_msgs) StdoutLine: {'line': b'-- Up-to-date symlink: /home/prathamkelkar/ros2_ws/install/px4_msgs/lib/python3.12/site-packages/px4_msgs/msg/_input_rc.py\n'}
[2.535297] (px4_msgs) StdoutLine: {'line': b'-- Up-to-date symlink: /home/prathamkelkar/ros2_ws/install/px4_msgs/lib/python3.12/site-packages/px4_msgs/msg/_input_rc_s.c\n'}
[2.535388] (px4_msgs) StdoutLine: {'line': b'-- Up-to-date symlink: /home/prathamkelkar/ros2_ws/install/px4_msgs/lib/python3.12/site-packages/px4_msgs/msg/_internal_combustion_engine_status.py\n'}
[2.535487] (px4_msgs) StdoutLine: {'line': b'-- Up-to-date symlink: /home/prathamkelkar/ros2_ws/install/px4_msgs/lib/python3.12/site-packages/px4_msgs/msg/_internal_combustion_engine_status_s.c\n'}
[2.535583] (px4_msgs) StdoutLine: {'line': b'-- Up-to-date symlink: /home/prathamkelkar/ros2_ws/install/px4_msgs/lib/python3.12/site-packages/px4_msgs/msg/_iridiumsbd_status.py\n'}
[2.535685] (px4_msgs) StdoutLine: {'line': b'-- Up-to-date symlink: /home/prathamkelkar/ros2_ws/install/px4_msgs/lib/python3.12/site-packages/px4_msgs/msg/_iridiumsbd_status_s.c\n'}
[2.535779] (px4_msgs) StdoutLine: {'line': b'-- Up-to-date symlink: /home/prathamkelkar/ros2_ws/install/px4_msgs/lib/python3.12/site-packages/px4_msgs/msg/_irlock_report.py\n'}
[2.535872] (px4_msgs) StdoutLine: {'line': b'-- Up-to-date symlink: /home/prathamkelkar/ros2_ws/install/px4_msgs/lib/python3.12/site-packages/px4_msgs/msg/_irlock_report_s.c\n'}
[2.535966] (px4_msgs) StdoutLine: {'line': b'-- Up-to-date symlink: /home/prathamkelkar/ros2_ws/install/px4_msgs/lib/python3.12/site-packages/px4_msgs/msg/_landing_gear.py\n'}
[2.536059] (px4_msgs) StdoutLine: {'line': b'-- Up-to-date symlink: /home/prathamkelkar/ros2_ws/install/px4_msgs/lib/python3.12/site-packages/px4_msgs/msg/_landing_gear_s.c\n'}
[2.536159] (px4_msgs) StdoutLine: {'line': b'-- Up-to-date symlink: /home/prathamkelkar/ros2_ws/install/px4_msgs/lib/python3.12/site-packages/px4_msgs/msg/_landing_gear_wheel.py\n'}
[2.536253] (px4_msgs) StdoutLine: {'line': b'-- Up-to-date symlink: /home/prathamkelkar/ros2_ws/install/px4_msgs/lib/python3.12/site-packages/px4_msgs/msg/_landing_gear_wheel_s.c\n'}
[2.536346] (px4_msgs) StdoutLine: {'line': b'-- Up-to-date symlink: /home/prathamkelkar/ros2_ws/install/px4_msgs/lib/python3.12/site-packages/px4_msgs/msg/_landing_target_innovations.py\n'}
[2.536443] (px4_msgs) StdoutLine: {'line': b'-- Up-to-date symlink: /home/prathamkelkar/ros2_ws/install/px4_msgs/lib/python3.12/site-packages/px4_msgs/msg/_landing_target_innovations_s.c\n'}
[2.536623] (px4_msgs) StdoutLine: {'line': b'-- Up-to-date symlink: /home/prathamkelkar/ros2_ws/install/px4_msgs/lib/python3.12/site-packages/px4_msgs/msg/_landing_target_pose.py\n'}
[2.536727] (px4_msgs) StdoutLine: {'line': b'-- Up-to-date symlink: /home/prathamkelkar/ros2_ws/install/px4_msgs/lib/python3.12/site-packages/px4_msgs/msg/_landing_target_pose_s.c\n'}
[2.536818] (px4_msgs) StdoutLine: {'line': b'-- Up-to-date symlink: /home/prathamkelkar/ros2_ws/install/px4_msgs/lib/python3.12/site-packages/px4_msgs/msg/_launch_detection_status.py\n'}
[2.536954] (px4_msgs) StdoutLine: {'line': b'-- Up-to-date symlink: /home/prathamkelkar/ros2_ws/install/px4_msgs/lib/python3.12/site-packages/px4_msgs/msg/_launch_detection_status_s.c\n'}
[2.537071] (px4_msgs) StdoutLine: {'line': b'-- Up-to-date symlink: /home/prathamkelkar/ros2_ws/install/px4_msgs/lib/python3.12/site-packages/px4_msgs/msg/_led_control.py\n'}
[2.537187] (px4_msgs) StdoutLine: {'line': b'-- Up-to-date symlink: /home/prathamkelkar/ros2_ws/install/px4_msgs/lib/python3.12/site-packages/px4_msgs/msg/_led_control_s.c\n'}
[2.537295] (px4_msgs) StdoutLine: {'line': b'-- Up-to-date symlink: /home/prathamkelkar/ros2_ws/install/px4_msgs/lib/python3.12/site-packages/px4_msgs/msg/_log_message.py\n'}
[2.537444] (px4_msgs) StdoutLine: {'line': b'-- Up-to-date symlink: /home/prathamkelkar/ros2_ws/install/px4_msgs/lib/python3.12/site-packages/px4_msgs/msg/_log_message_s.c\n'}
[2.537572] (px4_msgs) StdoutLine: {'line': b'-- Up-to-date symlink: /home/prathamkelkar/ros2_ws/install/px4_msgs/lib/python3.12/site-packages/px4_msgs/msg/_logger_status.py\n'}
[2.537690] (px4_msgs) StdoutLine: {'line': b'-- Up-to-date symlink: /home/prathamkelkar/ros2_ws/install/px4_msgs/lib/python3.12/site-packages/px4_msgs/msg/_logger_status_s.c\n'}
[2.537815] (px4_msgs) StdoutLine: {'line': b'-- Up-to-date symlink: /home/prathamkelkar/ros2_ws/install/px4_msgs/lib/python3.12/site-packages/px4_msgs/msg/_mag_worker_data.py\n'}
[2.537941] (px4_msgs) StdoutLine: {'line': b'-- Up-to-date symlink: /home/prathamkelkar/ros2_ws/install/px4_msgs/lib/python3.12/site-packages/px4_msgs/msg/_mag_worker_data_s.c\n'}
[2.538059] (px4_msgs) StdoutLine: {'line': b'-- Up-to-date symlink: /home/prathamkelkar/ros2_ws/install/px4_msgs/lib/python3.12/site-packages/px4_msgs/msg/_magnetometer_bias_estimate.py\n'}
[2.538152] (px4_msgs) StdoutLine: {'line': b'-- Up-to-date symlink: /home/prathamkelkar/ros2_ws/install/px4_msgs/lib/python3.12/site-packages/px4_msgs/msg/_magnetometer_bias_estimate_s.c\n'}
[2.538244] (px4_msgs) StdoutLine: {'line': b'-- Up-to-date symlink: /home/prathamkelkar/ros2_ws/install/px4_msgs/lib/python3.12/site-packages/px4_msgs/msg/_manual_control_setpoint.py\n'}
[2.538336] (px4_msgs) StdoutLine: {'line': b'-- Up-to-date symlink: /home/prathamkelkar/ros2_ws/install/px4_msgs/lib/python3.12/site-packages/px4_msgs/msg/_manual_control_setpoint_s.c\n'}
[2.538463] (px4_msgs) StdoutLine: {'line': b'-- Up-to-date symlink: /home/prathamkelkar/ros2_ws/install/px4_msgs/lib/python3.12/site-packages/px4_msgs/msg/_manual_control_switches.py\n'}
[2.538554] (px4_msgs) StdoutLine: {'line': b'-- Up-to-date symlink: /home/prathamkelkar/ros2_ws/install/px4_msgs/lib/python3.12/site-packages/px4_msgs/msg/_manual_control_switches_s.c\n'}
[2.538652] (px4_msgs) StdoutLine: {'line': b'-- Up-to-date symlink: /home/prathamkelkar/ros2_ws/install/px4_msgs/lib/python3.12/site-packages/px4_msgs/msg/_mavlink_log.py\n'}
[2.538752] (px4_msgs) StdoutLine: {'line': b'-- Up-to-date symlink: /home/prathamkelkar/ros2_ws/install/px4_msgs/lib/python3.12/site-packages/px4_msgs/msg/_mavlink_log_s.c\n'}
[2.538846] (px4_msgs) StdoutLine: {'line': b'-- Up-to-date symlink: /home/prathamkelkar/ros2_ws/install/px4_msgs/lib/python3.12/site-packages/px4_msgs/msg/_mavlink_tunnel.py\n'}
[2.538939] (px4_msgs) StdoutLine: {'line': b'-- Up-to-date symlink: /home/prathamkelkar/ros2_ws/install/px4_msgs/lib/python3.12/site-packages/px4_msgs/msg/_mavlink_tunnel_s.c\n'}
[2.539036] (px4_msgs) StdoutLine: {'line': b'-- Up-to-date symlink: /home/prathamkelkar/ros2_ws/install/px4_msgs/lib/python3.12/site-packages/px4_msgs/msg/_message_format_request.py\n'}
[2.539128] (px4_msgs) StdoutLine: {'line': b'-- Up-to-date symlink: /home/prathamkelkar/ros2_ws/install/px4_msgs/lib/python3.12/site-packages/px4_msgs/msg/_message_format_request_s.c\n'}
[2.539229] (px4_msgs) StdoutLine: {'line': b'-- Up-to-date symlink: /home/prathamkelkar/ros2_ws/install/px4_msgs/lib/python3.12/site-packages/px4_msgs/msg/_message_format_response.py\n'}
[2.539339] (px4_msgs) StdoutLine: {'line': b'-- Up-to-date symlink: /home/prathamkelkar/ros2_ws/install/px4_msgs/lib/python3.12/site-packages/px4_msgs/msg/_message_format_response_s.c\n'}
[2.539444] (px4_msgs) StdoutLine: {'line': b'-- Up-to-date symlink: /home/prathamkelkar/ros2_ws/install/px4_msgs/lib/python3.12/site-packages/px4_msgs/msg/_mission.py\n'}
[2.539545] (px4_msgs) StdoutLine: {'line': b'-- Up-to-date symlink: /home/prathamkelkar/ros2_ws/install/px4_msgs/lib/python3.12/site-packages/px4_msgs/msg/_mission_result.py\n'}
[2.539656] (px4_msgs) StdoutLine: {'line': b'-- Up-to-date symlink: /home/prathamkelkar/ros2_ws/install/px4_msgs/lib/python3.12/site-packages/px4_msgs/msg/_mission_result_s.c\n'}
[2.539764] (px4_msgs) StdoutLine: {'line': b'-- Up-to-date symlink: /home/prathamkelkar/ros2_ws/install/px4_msgs/lib/python3.12/site-packages/px4_msgs/msg/_mission_s.c\n'}
[2.539868] (px4_msgs) StdoutLine: {'line': b'-- Up-to-date symlink: /home/prathamkelkar/ros2_ws/install/px4_msgs/lib/python3.12/site-packages/px4_msgs/msg/_mode_completed.py\n'}
[2.539989] (px4_msgs) StdoutLine: {'line': b'-- Up-to-date symlink: /home/prathamkelkar/ros2_ws/install/px4_msgs/lib/python3.12/site-packages/px4_msgs/msg/_mode_completed_s.c\n'}
[2.540099] (px4_msgs) StdoutLine: {'line': b'-- Up-to-date symlink: /home/prathamkelkar/ros2_ws/install/px4_msgs/lib/python3.12/site-packages/px4_msgs/msg/_mount_orientation.py\n'}
[2.540218] (px4_msgs) StdoutLine: {'line': b'-- Up-to-date symlink: /home/prathamkelkar/ros2_ws/install/px4_msgs/lib/python3.12/site-packages/px4_msgs/msg/_mount_orientation_s.c\n'}
[2.540320] (px4_msgs) StdoutLine: {'line': b'-- Up-to-date symlink: /home/prathamkelkar/ros2_ws/install/px4_msgs/lib/python3.12/site-packages/px4_msgs/msg/_navigator_mission_item.py\n'}
[2.540446] (px4_msgs) StdoutLine: {'line': b'-- Up-to-date symlink: /home/prathamkelkar/ros2_ws/install/px4_msgs/lib/python3.12/site-packages/px4_msgs/msg/_navigator_mission_item_s.c\n'}
[2.540551] (px4_msgs) StdoutLine: {'line': b'-- Up-to-date symlink: /home/prathamkelkar/ros2_ws/install/px4_msgs/lib/python3.12/site-packages/px4_msgs/msg/_normalized_unsigned_setpoint.py\n'}
[2.540660] (px4_msgs) StdoutLine: {'line': b'-- Up-to-date symlink: /home/prathamkelkar/ros2_ws/install/px4_msgs/lib/python3.12/site-packages/px4_msgs/msg/_normalized_unsigned_setpoint_s.c\n'}
[2.540808] (px4_msgs) StdoutLine: {'line': b'-- Up-to-date symlink: /home/prathamkelkar/ros2_ws/install/px4_msgs/lib/python3.12/site-packages/px4_msgs/msg/_npfg_status.py\n'}
[2.540915] (px4_msgs) StdoutLine: {'line': b'-- Up-to-date symlink: /home/prathamkelkar/ros2_ws/install/px4_msgs/lib/python3.12/site-packages/px4_msgs/msg/_npfg_status_s.c\n'}
[2.541023] (px4_msgs) StdoutLine: {'line': b'-- Up-to-date symlink: /home/prathamkelkar/ros2_ws/install/px4_msgs/lib/python3.12/site-packages/px4_msgs/msg/_obstacle_distance.py\n'}
[2.541129] (px4_msgs) StdoutLine: {'line': b'-- Up-to-date symlink: /home/prathamkelkar/ros2_ws/install/px4_msgs/lib/python3.12/site-packages/px4_msgs/msg/_obstacle_distance_s.c\n'}
[2.541226] (px4_msgs) StdoutLine: {'line': b'-- Up-to-date symlink: /home/prathamkelkar/ros2_ws/install/px4_msgs/lib/python3.12/site-packages/px4_msgs/msg/_offboard_control_mode.py\n'}
[2.541323] (px4_msgs) StdoutLine: {'line': b'-- Up-to-date symlink: /home/prathamkelkar/ros2_ws/install/px4_msgs/lib/python3.12/site-packages/px4_msgs/msg/_offboard_control_mode_s.c\n'}
[2.541420] (px4_msgs) StdoutLine: {'line': b'-- Up-to-date symlink: /home/prathamkelkar/ros2_ws/install/px4_msgs/lib/python3.12/site-packages/px4_msgs/msg/_onboard_computer_status.py\n'}
[2.541526] (px4_msgs) StdoutLine: {'line': b'-- Up-to-date symlink: /home/prathamkelkar/ros2_ws/install/px4_msgs/lib/python3.12/site-packages/px4_msgs/msg/_onboard_computer_status_s.c\n'}
[2.542004] (px4_msgs) StdoutLine: {'line': b'-- Up-to-date symlink: /home/prathamkelkar/ros2_ws/install/px4_msgs/lib/python3.12/site-packages/px4_msgs/msg/_orb_test.py\n'}
[2.542537] (px4_msgs) StdoutLine: {'line': b'-- Up-to-date symlink: /home/prathamkelkar/ros2_ws/install/px4_msgs/lib/python3.12/site-packages/px4_msgs/msg/_orb_test_large.py\n'}
[2.544696] (px4_msgs) StdoutLine: {'line': b'-- Up-to-date symlink: /home/prathamkelkar/ros2_ws/install/px4_msgs/lib/python3.12/site-packages/px4_msgs/msg/_orb_test_large_s.c\n'}
[2.544872] (px4_msgs) StdoutLine: {'line': b'-- Up-to-date symlink: /home/prathamkelkar/ros2_ws/install/px4_msgs/lib/python3.12/site-packages/px4_msgs/msg/_orb_test_medium.py\n'}
[2.544961] (px4_msgs) StdoutLine: {'line': b'-- Up-to-date symlink: /home/prathamkelkar/ros2_ws/install/px4_msgs/lib/python3.12/site-packages/px4_msgs/msg/_orb_test_medium_s.c\n'}
[2.545047] (px4_msgs) StdoutLine: {'line': b'-- Up-to-date symlink: /home/prathamkelkar/ros2_ws/install/px4_msgs/lib/python3.12/site-packages/px4_msgs/msg/_orb_test_s.c\n'}
[2.545174] (px4_msgs) StdoutLine: {'line': b'-- Up-to-date symlink: /home/prathamkelkar/ros2_ws/install/px4_msgs/lib/python3.12/site-packages/px4_msgs/msg/_orbit_status.py\n'}
[2.545274] (px4_msgs) StdoutLine: {'line': b'-- Up-to-date symlink: /home/prathamkelkar/ros2_ws/install/px4_msgs/lib/python3.12/site-packages/px4_msgs/msg/_orbit_status_s.c\n'}
[2.545361] (px4_msgs) StdoutLine: {'line': b'-- Up-to-date symlink: /home/prathamkelkar/ros2_ws/install/px4_msgs/lib/python3.12/site-packages/px4_msgs/msg/_parameter_reset_request.py\n'}
[2.545481] (px4_msgs) StdoutLine: {'line': b'-- Up-to-date symlink: /home/prathamkelkar/ros2_ws/install/px4_msgs/lib/python3.12/site-packages/px4_msgs/msg/_parameter_reset_request_s.c\n'}
[2.545553] (px4_msgs) StdoutLine: {'line': b'-- Up-to-date symlink: /home/prathamkelkar/ros2_ws/install/px4_msgs/lib/python3.12/site-packages/px4_msgs/msg/_parameter_set_used_request.py\n'}
[2.545621] (px4_msgs) StdoutLine: {'line': b'-- Up-to-date symlink: /home/prathamkelkar/ros2_ws/install/px4_msgs/lib/python3.12/site-packages/px4_msgs/msg/_parameter_set_used_request_s.c\n'}
[2.545694] (px4_msgs) StdoutLine: {'line': b'-- Up-to-date symlink: /home/prathamkelkar/ros2_ws/install/px4_msgs/lib/python3.12/site-packages/px4_msgs/msg/_parameter_set_value_request.py\n'}
[2.545758] (px4_msgs) StdoutLine: {'line': b'-- Up-to-date symlink: /home/prathamkelkar/ros2_ws/install/px4_msgs/lib/python3.12/site-packages/px4_msgs/msg/_parameter_set_value_request_s.c\n'}
[2.545823] (px4_msgs) StdoutLine: {'line': b'-- Up-to-date symlink: /home/prathamkelkar/ros2_ws/install/px4_msgs/lib/python3.12/site-packages/px4_msgs/msg/_parameter_set_value_response.py\n'}
[2.545895] (px4_msgs) StdoutLine: {'line': b'-- Up-to-date symlink: /home/prathamkelkar/ros2_ws/install/px4_msgs/lib/python3.12/site-packages/px4_msgs/msg/_parameter_set_value_response_s.c\n'}
[2.545963] (px4_msgs) StdoutLine: {'line': b'-- Up-to-date symlink: /home/prathamkelkar/ros2_ws/install/px4_msgs/lib/python3.12/site-packages/px4_msgs/msg/_parameter_update.py\n'}
[2.546093] (px4_msgs) StdoutLine: {'line': b'-- Up-to-date symlink: /home/prathamkelkar/ros2_ws/install/px4_msgs/lib/python3.12/site-packages/px4_msgs/msg/_parameter_update_s.c\n'}
[2.546174] (px4_msgs) StdoutLine: {'line': b'-- Up-to-date symlink: /home/prathamkelkar/ros2_ws/install/px4_msgs/lib/python3.12/site-packages/px4_msgs/msg/_ping.py\n'}
[2.546236] (px4_msgs) StdoutLine: {'line': b'-- Up-to-date symlink: /home/prathamkelkar/ros2_ws/install/px4_msgs/lib/python3.12/site-packages/px4_msgs/msg/_ping_s.c\n'}
[2.546296] (px4_msgs) StdoutLine: {'line': b'-- Up-to-date symlink: /home/prathamkelkar/ros2_ws/install/px4_msgs/lib/python3.12/site-packages/px4_msgs/msg/_position_controller_landing_status.py\n'}
[2.546357] (px4_msgs) StdoutLine: {'line': b'-- Up-to-date symlink: /home/prathamkelkar/ros2_ws/install/px4_msgs/lib/python3.12/site-packages/px4_msgs/msg/_position_controller_landing_status_s.c\n'}
[2.546418] (px4_msgs) StdoutLine: {'line': b'-- Up-to-date symlink: /home/prathamkelkar/ros2_ws/install/px4_msgs/lib/python3.12/site-packages/px4_msgs/msg/_position_controller_status.py\n'}
[2.546476] (px4_msgs) StdoutLine: {'line': b'-- Up-to-date symlink: /home/prathamkelkar/ros2_ws/install/px4_msgs/lib/python3.12/site-packages/px4_msgs/msg/_position_controller_status_s.c\n'}
[2.546537] (px4_msgs) StdoutLine: {'line': b'-- Up-to-date symlink: /home/prathamkelkar/ros2_ws/install/px4_msgs/lib/python3.12/site-packages/px4_msgs/msg/_position_setpoint.py\n'}
[2.546599] (px4_msgs) StdoutLine: {'line': b'-- Up-to-date symlink: /home/prathamkelkar/ros2_ws/install/px4_msgs/lib/python3.12/site-packages/px4_msgs/msg/_position_setpoint_s.c\n'}
[2.546665] (px4_msgs) StdoutLine: {'line': b'-- Up-to-date symlink: /home/prathamkelkar/ros2_ws/install/px4_msgs/lib/python3.12/site-packages/px4_msgs/msg/_position_setpoint_triplet.py\n'}
[2.546735] (px4_msgs) StdoutLine: {'line': b'-- Up-to-date symlink: /home/prathamkelkar/ros2_ws/install/px4_msgs/lib/python3.12/site-packages/px4_msgs/msg/_position_setpoint_triplet_s.c\n'}
[2.546803] (px4_msgs) StdoutLine: {'line': b'-- Up-to-date symlink: /home/prathamkelkar/ros2_ws/install/px4_msgs/lib/python3.12/site-packages/px4_msgs/msg/_power_button_state.py\n'}
[2.546864] (px4_msgs) StdoutLine: {'line': b'-- Up-to-date symlink: /home/prathamkelkar/ros2_ws/install/px4_msgs/lib/python3.12/site-packages/px4_msgs/msg/_power_button_state_s.c\n'}
[2.546930] (px4_msgs) StdoutLine: {'line': b'-- Up-to-date symlink: /home/prathamkelkar/ros2_ws/install/px4_msgs/lib/python3.12/site-packages/px4_msgs/msg/_power_monitor.py\n'}
[2.547030] (px4_msgs) StdoutLine: {'line': b'-- Up-to-date symlink: /home/prathamkelkar/ros2_ws/install/px4_msgs/lib/python3.12/site-packages/px4_msgs/msg/_power_monitor_s.c\n'}
[2.547098] (px4_msgs) StdoutLine: {'line': b'-- Up-to-date symlink: /home/prathamkelkar/ros2_ws/install/px4_msgs/lib/python3.12/site-packages/px4_msgs/msg/_pps_capture.py\n'}
[2.547166] (px4_msgs) StdoutLine: {'line': b'-- Up-to-date symlink: /home/prathamkelkar/ros2_ws/install/px4_msgs/lib/python3.12/site-packages/px4_msgs/msg/_pps_capture_s.c\n'}
[2.547271] (px4_msgs) StdoutLine: {'line': b'-- Up-to-date symlink: /home/prathamkelkar/ros2_ws/install/px4_msgs/lib/python3.12/site-packages/px4_msgs/msg/_pwm_input.py\n'}
[2.547341] (px4_msgs) StdoutLine: {'line': b'-- Up-to-date symlink: /home/prathamkelkar/ros2_ws/install/px4_msgs/lib/python3.12/site-packages/px4_msgs/msg/_pwm_input_s.c\n'}
[2.547408] (px4_msgs) StdoutLine: {'line': b'-- Up-to-date symlink: /home/prathamkelkar/ros2_ws/install/px4_msgs/lib/python3.12/site-packages/px4_msgs/msg/_px4io_status.py\n'}
[2.547474] (px4_msgs) StdoutLine: {'line': b'-- Up-to-date symlink: /home/prathamkelkar/ros2_ws/install/px4_msgs/lib/python3.12/site-packages/px4_msgs/msg/_px4io_status_s.c\n'}
[2.547542] (px4_msgs) StdoutLine: {'line': b'-- Up-to-date symlink: /home/prathamkelkar/ros2_ws/install/px4_msgs/lib/python3.12/site-packages/px4_msgs/msg/_qshell_req.py\n'}
[2.547611] (px4_msgs) StdoutLine: {'line': b'-- Up-to-date symlink: /home/prathamkelkar/ros2_ws/install/px4_msgs/lib/python3.12/site-packages/px4_msgs/msg/_qshell_req_s.c\n'}
[2.547706] (px4_msgs) StdoutLine: {'line': b'-- Up-to-date symlink: /home/prathamkelkar/ros2_ws/install/px4_msgs/lib/python3.12/site-packages/px4_msgs/msg/_qshell_retval.py\n'}
[2.547798] (px4_msgs) StdoutLine: {'line': b'-- Up-to-date symlink: /home/prathamkelkar/ros2_ws/install/px4_msgs/lib/python3.12/site-packages/px4_msgs/msg/_qshell_retval_s.c\n'}
[2.547895] (px4_msgs) StdoutLine: {'line': b'-- Up-to-date symlink: /home/prathamkelkar/ros2_ws/install/px4_msgs/lib/python3.12/site-packages/px4_msgs/msg/_radio_status.py\n'}
[2.547992] (px4_msgs) StdoutLine: {'line': b'-- Up-to-date symlink: /home/prathamkelkar/ros2_ws/install/px4_msgs/lib/python3.12/site-packages/px4_msgs/msg/_radio_status_s.c\n'}
[2.548126] (px4_msgs) StdoutLine: {'line': b'-- Up-to-date symlink: /home/prathamkelkar/ros2_ws/install/px4_msgs/lib/python3.12/site-packages/px4_msgs/msg/_rate_ctrl_status.py\n'}
[2.548193] (px4_msgs) StdoutLine: {'line': b'-- Up-to-date symlink: /home/prathamkelkar/ros2_ws/install/px4_msgs/lib/python3.12/site-packages/px4_msgs/msg/_rate_ctrl_status_s.c\n'}
[2.548260] (px4_msgs) StdoutLine: {'line': b'-- Up-to-date symlink: /home/prathamkelkar/ros2_ws/install/px4_msgs/lib/python3.12/site-packages/px4_msgs/msg/_rc_channels.py\n'}
[2.548319] (px4_msgs) StdoutLine: {'line': b'-- Up-to-date symlink: /home/prathamkelkar/ros2_ws/install/px4_msgs/lib/python3.12/site-packages/px4_msgs/msg/_rc_channels_s.c\n'}
[2.548390] (px4_msgs) StdoutLine: {'line': b'-- Up-to-date symlink: /home/prathamkelkar/ros2_ws/install/px4_msgs/lib/python3.12/site-packages/px4_msgs/msg/_rc_parameter_map.py\n'}
[2.548495] (px4_msgs) StdoutLine: {'line': b'-- Up-to-date symlink: /home/prathamkelkar/ros2_ws/install/px4_msgs/lib/python3.12/site-packages/px4_msgs/msg/_rc_parameter_map_s.c\n'}
[2.548581] (px4_msgs) StdoutLine: {'line': b'-- Up-to-date symlink: /home/prathamkelkar/ros2_ws/install/px4_msgs/lib/python3.12/site-packages/px4_msgs/msg/_register_ext_component_reply.py\n'}
[2.548682] (px4_msgs) StdoutLine: {'line': b'-- Up-to-date symlink: /home/prathamkelkar/ros2_ws/install/px4_msgs/lib/python3.12/site-packages/px4_msgs/msg/_register_ext_component_reply_s.c\n'}
[2.548774] (px4_msgs) StdoutLine: {'line': b'-- Up-to-date symlink: /home/prathamkelkar/ros2_ws/install/px4_msgs/lib/python3.12/site-packages/px4_msgs/msg/_register_ext_component_request.py\n'}
[2.548870] (px4_msgs) StdoutLine: {'line': b'-- Up-to-date symlink: /home/prathamkelkar/ros2_ws/install/px4_msgs/lib/python3.12/site-packages/px4_msgs/msg/_register_ext_component_request_s.c\n'}
[2.548959] (px4_msgs) StdoutLine: {'line': b'-- Up-to-date symlink: /home/prathamkelkar/ros2_ws/install/px4_msgs/lib/python3.12/site-packages/px4_msgs/msg/_rpm.py\n'}
[2.549073] (px4_msgs) StdoutLine: {'line': b'-- Up-to-date symlink: /home/prathamkelkar/ros2_ws/install/px4_msgs/lib/python3.12/site-packages/px4_msgs/msg/_rpm_s.c\n'}
[2.549183] (px4_msgs) StdoutLine: {'line': b'-- Up-to-date symlink: /home/prathamkelkar/ros2_ws/install/px4_msgs/lib/python3.12/site-packages/px4_msgs/msg/_rtl_status.py\n'}
[2.549289] (px4_msgs) StdoutLine: {'line': b'-- Up-to-date symlink: /home/prathamkelkar/ros2_ws/install/px4_msgs/lib/python3.12/site-packages/px4_msgs/msg/_rtl_status_s.c\n'}
[2.549394] (px4_msgs) StdoutLine: {'line': b'-- Up-to-date symlink: /home/prathamkelkar/ros2_ws/install/px4_msgs/lib/python3.12/site-packages/px4_msgs/msg/_rtl_time_estimate.py\n'}
[2.549476] (px4_msgs) StdoutLine: {'line': b'-- Up-to-date symlink: /home/prathamkelkar/ros2_ws/install/px4_msgs/lib/python3.12/site-packages/px4_msgs/msg/_rtl_time_estimate_s.c\n'}
[2.549567] (px4_msgs) StdoutLine: {'line': b'-- Up-to-date symlink: /home/prathamkelkar/ros2_ws/install/px4_msgs/lib/python3.12/site-packages/px4_msgs/msg/_satellite_info.py\n'}
[2.549655] (px4_msgs) StdoutLine: {'line': b'-- Up-to-date symlink: /home/prathamkelkar/ros2_ws/install/px4_msgs/lib/python3.12/site-packages/px4_msgs/msg/_satellite_info_s.c\n'}
[2.549812] (px4_msgs) StdoutLine: {'line': b'-- Up-to-date symlink: /home/prathamkelkar/ros2_ws/install/px4_msgs/lib/python3.12/site-packages/px4_msgs/msg/_sensor_accel.py\n'}
[2.549894] (px4_msgs) StdoutLine: {'line': b'-- Up-to-date symlink: /home/prathamkelkar/ros2_ws/install/px4_msgs/lib/python3.12/site-packages/px4_msgs/msg/_sensor_accel_fifo.py\n'}
[2.549977] (px4_msgs) StdoutLine: {'line': b'-- Up-to-date symlink: /home/prathamkelkar/ros2_ws/install/px4_msgs/lib/python3.12/site-packages/px4_msgs/msg/_sensor_accel_fifo_s.c\n'}
[2.550053] (px4_msgs) StdoutLine: {'line': b'-- Up-to-date symlink: /home/prathamkelkar/ros2_ws/install/px4_msgs/lib/python3.12/site-packages/px4_msgs/msg/_sensor_accel_s.c\n'}
[2.550145] (px4_msgs) StdoutLine: {'line': b'-- Up-to-date symlink: /home/prathamkelkar/ros2_ws/install/px4_msgs/lib/python3.12/site-packages/px4_msgs/msg/_sensor_airflow.py\n'}
[2.550227] (px4_msgs) StdoutLine: {'line': b'-- Up-to-date symlink: /home/prathamkelkar/ros2_ws/install/px4_msgs/lib/python3.12/site-packages/px4_msgs/msg/_sensor_airflow_s.c\n'}
[2.550308] (px4_msgs) StdoutLine: {'line': b'-- Up-to-date symlink: /home/prathamkelkar/ros2_ws/install/px4_msgs/lib/python3.12/site-packages/px4_msgs/msg/_sensor_baro.py\n'}
[2.550391] (px4_msgs) StdoutLine: {'line': b'-- Up-to-date symlink: /home/prathamkelkar/ros2_ws/install/px4_msgs/lib/python3.12/site-packages/px4_msgs/msg/_sensor_baro_s.c\n'}
[2.550460] (px4_msgs) StdoutLine: {'line': b'-- Up-to-date symlink: /home/prathamkelkar/ros2_ws/install/px4_msgs/lib/python3.12/site-packages/px4_msgs/msg/_sensor_combined.py\n'}
[2.550537] (px4_msgs) StdoutLine: {'line': b'-- Up-to-date symlink: /home/prathamkelkar/ros2_ws/install/px4_msgs/lib/python3.12/site-packages/px4_msgs/msg/_sensor_combined_s.c\n'}
[2.550606] (px4_msgs) StdoutLine: {'line': b'-- Up-to-date symlink: /home/prathamkelkar/ros2_ws/install/px4_msgs/lib/python3.12/site-packages/px4_msgs/msg/_sensor_correction.py\n'}
[2.550741] (px4_msgs) StdoutLine: {'line': b'-- Up-to-date symlink: /home/prathamkelkar/ros2_ws/install/px4_msgs/lib/python3.12/site-packages/px4_msgs/msg/_sensor_correction_s.c\n'}
[2.550895] (px4_msgs) StdoutLine: {'line': b'-- Up-to-date symlink: /home/prathamkelkar/ros2_ws/install/px4_msgs/lib/python3.12/site-packages/px4_msgs/msg/_sensor_gnss_relative.py\n'}
[2.550992] (px4_msgs) StdoutLine: {'line': b'-- Up-to-date symlink: /home/prathamkelkar/ros2_ws/install/px4_msgs/lib/python3.12/site-packages/px4_msgs/msg/_sensor_gnss_relative_s.c\n'}
[2.551094] (px4_msgs) StdoutLine: {'line': b'-- Up-to-date symlink: /home/prathamkelkar/ros2_ws/install/px4_msgs/lib/python3.12/site-packages/px4_msgs/msg/_sensor_gps.py\n'}
[2.551184] (px4_msgs) StdoutLine: {'line': b'-- Up-to-date symlink: /home/prathamkelkar/ros2_ws/install/px4_msgs/lib/python3.12/site-packages/px4_msgs/msg/_sensor_gps_s.c\n'}
[2.551263] (px4_msgs) StdoutLine: {'line': b'-- Up-to-date symlink: /home/prathamkelkar/ros2_ws/install/px4_msgs/lib/python3.12/site-packages/px4_msgs/msg/_sensor_gyro.py\n'}
[2.551396] (px4_msgs) StdoutLine: {'line': b'-- Up-to-date symlink: /home/prathamkelkar/ros2_ws/install/px4_msgs/lib/python3.12/site-packages/px4_msgs/msg/_sensor_gyro_fft.py\n'}
[2.551479] (px4_msgs) StdoutLine: {'line': b'-- Up-to-date symlink: /home/prathamkelkar/ros2_ws/install/px4_msgs/lib/python3.12/site-packages/px4_msgs/msg/_sensor_gyro_fft_s.c\n'}
[2.551566] (px4_msgs) StdoutLine: {'line': b'-- Up-to-date symlink: /home/prathamkelkar/ros2_ws/install/px4_msgs/lib/python3.12/site-packages/px4_msgs/msg/_sensor_gyro_fifo.py\n'}
[2.551659] (px4_msgs) StdoutLine: {'line': b'-- Up-to-date symlink: /home/prathamkelkar/ros2_ws/install/px4_msgs/lib/python3.12/site-packages/px4_msgs/msg/_sensor_gyro_fifo_s.c\n'}
[2.551748] (px4_msgs) StdoutLine: {'line': b'-- Up-to-date symlink: /home/prathamkelkar/ros2_ws/install/px4_msgs/lib/python3.12/site-packages/px4_msgs/msg/_sensor_gyro_s.c\n'}
[2.551860] (px4_msgs) StdoutLine: {'line': b'-- Up-to-date symlink: /home/prathamkelkar/ros2_ws/install/px4_msgs/lib/python3.12/site-packages/px4_msgs/msg/_sensor_hygrometer.py\n'}
[2.551989] (px4_msgs) StdoutLine: {'line': b'-- Up-to-date symlink: /home/prathamkelkar/ros2_ws/install/px4_msgs/lib/python3.12/site-packages/px4_msgs/msg/_sensor_hygrometer_s.c\n'}
[2.552071] (px4_msgs) StdoutLine: {'line': b'-- Up-to-date symlink: /home/prathamkelkar/ros2_ws/install/px4_msgs/lib/python3.12/site-packages/px4_msgs/msg/_sensor_mag.py\n'}
[2.552174] (px4_msgs) StdoutLine: {'line': b'-- Up-to-date symlink: /home/prathamkelkar/ros2_ws/install/px4_msgs/lib/python3.12/site-packages/px4_msgs/msg/_sensor_mag_s.c\n'}
[2.552262] (px4_msgs) StdoutLine: {'line': b'-- Up-to-date symlink: /home/prathamkelkar/ros2_ws/install/px4_msgs/lib/python3.12/site-packages/px4_msgs/msg/_sensor_optical_flow.py\n'}
[2.552350] (px4_msgs) StdoutLine: {'line': b'-- Up-to-date symlink: /home/prathamkelkar/ros2_ws/install/px4_msgs/lib/python3.12/site-packages/px4_msgs/msg/_sensor_optical_flow_s.c\n'}
[2.552441] (px4_msgs) StdoutLine: {'line': b'-- Up-to-date symlink: /home/prathamkelkar/ros2_ws/install/px4_msgs/lib/python3.12/site-packages/px4_msgs/msg/_sensor_preflight_mag.py\n'}
[2.552524] (px4_msgs) StdoutLine: {'line': b'-- Up-to-date symlink: /home/prathamkelkar/ros2_ws/install/px4_msgs/lib/python3.12/site-packages/px4_msgs/msg/_sensor_preflight_mag_s.c\n'}
[2.552615] (px4_msgs) StdoutLine: {'line': b'-- Up-to-date symlink: /home/prathamkelkar/ros2_ws/install/px4_msgs/lib/python3.12/site-packages/px4_msgs/msg/_sensor_selection.py\n'}
[2.552691] (px4_msgs) StdoutLine: {'line': b'-- Up-to-date symlink: /home/prathamkelkar/ros2_ws/install/px4_msgs/lib/python3.12/site-packages/px4_msgs/msg/_sensor_selection_s.c\n'}
[2.552792] (px4_msgs) StdoutLine: {'line': b'-- Up-to-date symlink: /home/prathamkelkar/ros2_ws/install/px4_msgs/lib/python3.12/site-packages/px4_msgs/msg/_sensor_uwb.py\n'}
[2.552865] (px4_msgs) StdoutLine: {'line': b'-- Up-to-date symlink: /home/prathamkelkar/ros2_ws/install/px4_msgs/lib/python3.12/site-packages/px4_msgs/msg/_sensor_uwb_s.c\n'}
[2.552949] (px4_msgs) StdoutLine: {'line': b'-- Up-to-date symlink: /home/prathamkelkar/ros2_ws/install/px4_msgs/lib/python3.12/site-packages/px4_msgs/msg/_sensors_status.py\n'}
[2.553020] (px4_msgs) StdoutLine: {'line': b'-- Up-to-date symlink: /home/prathamkelkar/ros2_ws/install/px4_msgs/lib/python3.12/site-packages/px4_msgs/msg/_sensors_status_imu.py\n'}
[2.553101] (px4_msgs) StdoutLine: {'line': b'-- Up-to-date symlink: /home/prathamkelkar/ros2_ws/install/px4_msgs/lib/python3.12/site-packages/px4_msgs/msg/_sensors_status_imu_s.c\n'}
[2.553171] (px4_msgs) StdoutLine: {'line': b'-- Up-to-date symlink: /home/prathamkelkar/ros2_ws/install/px4_msgs/lib/python3.12/site-packages/px4_msgs/msg/_sensors_status_s.c\n'}
[2.553255] (px4_msgs) StdoutLine: {'line': b'-- Up-to-date symlink: /home/prathamkelkar/ros2_ws/install/px4_msgs/lib/python3.12/site-packages/px4_msgs/msg/_system_power.py\n'}
[2.553329] (px4_msgs) StdoutLine: {'line': b'-- Up-to-date symlink: /home/prathamkelkar/ros2_ws/install/px4_msgs/lib/python3.12/site-packages/px4_msgs/msg/_system_power_s.c\n'}
[2.553396] (px4_msgs) StdoutLine: {'line': b'-- Up-to-date symlink: /home/prathamkelkar/ros2_ws/install/px4_msgs/lib/python3.12/site-packages/px4_msgs/msg/_takeoff_status.py\n'}
[2.553469] (px4_msgs) StdoutLine: {'line': b'-- Up-to-date symlink: /home/prathamkelkar/ros2_ws/install/px4_msgs/lib/python3.12/site-packages/px4_msgs/msg/_takeoff_status_s.c\n'}
[2.553532] (px4_msgs) StdoutLine: {'line': b'-- Up-to-date symlink: /home/prathamkelkar/ros2_ws/install/px4_msgs/lib/python3.12/site-packages/px4_msgs/msg/_task_stack_info.py\n'}
[2.553605] (px4_msgs) StdoutLine: {'line': b'-- Up-to-date symlink: /home/prathamkelkar/ros2_ws/install/px4_msgs/lib/python3.12/site-packages/px4_msgs/msg/_task_stack_info_s.c\n'}
[2.553750] (px4_msgs) StdoutLine: {'line': b'-- Up-to-date symlink: /home/prathamkelkar/ros2_ws/install/px4_msgs/lib/python3.12/site-packages/px4_msgs/msg/_tecs_status.py\n'}
[2.553828] (px4_msgs) StdoutLine: {'line': b'-- Up-to-date symlink: /home/prathamkelkar/ros2_ws/install/px4_msgs/lib/python3.12/site-packages/px4_msgs/msg/_tecs_status_s.c\n'}
[2.553940] (px4_msgs) StdoutLine: {'line': b'-- Up-to-date symlink: /home/prathamkelkar/ros2_ws/install/px4_msgs/lib/python3.12/site-packages/px4_msgs/msg/_telemetry_status.py\n'}
[2.554015] (px4_msgs) StdoutLine: {'line': b'-- Up-to-date symlink: /home/prathamkelkar/ros2_ws/install/px4_msgs/lib/python3.12/site-packages/px4_msgs/msg/_telemetry_status_s.c\n'}
[2.554091] (px4_msgs) StdoutLine: {'line': b'-- Up-to-date symlink: /home/prathamkelkar/ros2_ws/install/px4_msgs/lib/python3.12/site-packages/px4_msgs/msg/_tiltrotor_extra_controls.py\n'}
[2.554168] (px4_msgs) StdoutLine: {'line': b'-- Up-to-date symlink: /home/prathamkelkar/ros2_ws/install/px4_msgs/lib/python3.12/site-packages/px4_msgs/msg/_tiltrotor_extra_controls_s.c\n'}
[2.554229] (px4_msgs) StdoutLine: {'line': b'-- Up-to-date symlink: /home/prathamkelkar/ros2_ws/install/px4_msgs/lib/python3.12/site-packages/px4_msgs/msg/_timesync_status.py\n'}
[2.554302] (px4_msgs) StdoutLine: {'line': b'-- Up-to-date symlink: /home/prathamkelkar/ros2_ws/install/px4_msgs/lib/python3.12/site-packages/px4_msgs/msg/_timesync_status_s.c\n'}
[2.554364] (px4_msgs) StdoutLine: {'line': b'-- Up-to-date symlink: /home/prathamkelkar/ros2_ws/install/px4_msgs/lib/python3.12/site-packages/px4_msgs/msg/_trajectory_bezier.py\n'}
[2.554440] (px4_msgs) StdoutLine: {'line': b'-- Up-to-date symlink: /home/prathamkelkar/ros2_ws/install/px4_msgs/lib/python3.12/site-packages/px4_msgs/msg/_trajectory_bezier_s.c\n'}
[2.554503] (px4_msgs) StdoutLine: {'line': b'-- Up-to-date symlink: /home/prathamkelkar/ros2_ws/install/px4_msgs/lib/python3.12/site-packages/px4_msgs/msg/_trajectory_setpoint.py\n'}
[2.554562] (px4_msgs) StdoutLine: {'line': b'-- Up-to-date symlink: /home/prathamkelkar/ros2_ws/install/px4_msgs/lib/python3.12/site-packages/px4_msgs/msg/_trajectory_setpoint_s.c\n'}
[2.554634] (px4_msgs) StdoutLine: {'line': b'-- Up-to-date symlink: /home/prathamkelkar/ros2_ws/install/px4_msgs/lib/python3.12/site-packages/px4_msgs/msg/_trajectory_waypoint.py\n'}
[2.554703] (px4_msgs) StdoutLine: {'line': b'-- Up-to-date symlink: /home/prathamkelkar/ros2_ws/install/px4_msgs/lib/python3.12/site-packages/px4_msgs/msg/_trajectory_waypoint_s.c\n'}
[2.554763] (px4_msgs) StdoutLine: {'line': b'-- Up-to-date symlink: /home/prathamkelkar/ros2_ws/install/px4_msgs/lib/python3.12/site-packages/px4_msgs/msg/_transponder_report.py\n'}
[2.554854] (px4_msgs) StdoutLine: {'line': b'-- Up-to-date symlink: /home/prathamkelkar/ros2_ws/install/px4_msgs/lib/python3.12/site-packages/px4_msgs/msg/_transponder_report_s.c\n'}
[2.554907] (px4_msgs) StdoutLine: {'line': b'-- Up-to-date symlink: /home/prathamkelkar/ros2_ws/install/px4_msgs/lib/python3.12/site-packages/px4_msgs/msg/_tune_control.py\n'}
[2.555340] (px4_msgs) StdoutLine: {'line': b'-- Up-to-date symlink: /home/prathamkelkar/ros2_ws/install/px4_msgs/lib/python3.12/site-packages/px4_msgs/msg/_tune_control_s.c\n'}
[2.555532] (px4_msgs) StdoutLine: {'line': b'-- Up-to-date symlink: /home/prathamkelkar/ros2_ws/install/px4_msgs/lib/python3.12/site-packages/px4_msgs/msg/_uavcan_parameter_request.py\n'}
[2.555715] (px4_msgs) StdoutLine: {'line': b'-- Up-to-date symlink: /home/prathamkelkar/ros2_ws/install/px4_msgs/lib/python3.12/site-packages/px4_msgs/msg/_uavcan_parameter_request_s.c\n'}
[2.555849] (px4_msgs) StdoutLine: {'line': b'-- Up-to-date symlink: /home/prathamkelkar/ros2_ws/install/px4_msgs/lib/python3.12/site-packages/px4_msgs/msg/_uavcan_parameter_value.py\n'}
[2.555960] (px4_msgs) StdoutLine: {'line': b'-- Up-to-date symlink: /home/prathamkelkar/ros2_ws/install/px4_msgs/lib/python3.12/site-packages/px4_msgs/msg/_uavcan_parameter_value_s.c\n'}
[2.556067] (px4_msgs) StdoutLine: {'line': b'-- Up-to-date symlink: /home/prathamkelkar/ros2_ws/install/px4_msgs/lib/python3.12/site-packages/px4_msgs/msg/_ulog_stream.py\n'}
[2.556171] (px4_msgs) StdoutLine: {'line': b'-- Up-to-date symlink: /home/prathamkelkar/ros2_ws/install/px4_msgs/lib/python3.12/site-packages/px4_msgs/msg/_ulog_stream_ack.py\n'}
[2.556302] (px4_msgs) StdoutLine: {'line': b'-- Up-to-date symlink: /home/prathamkelkar/ros2_ws/install/px4_msgs/lib/python3.12/site-packages/px4_msgs/msg/_ulog_stream_ack_s.c\n'}
[2.556436] (px4_msgs) StdoutLine: {'line': b'-- Up-to-date symlink: /home/prathamkelkar/ros2_ws/install/px4_msgs/lib/python3.12/site-packages/px4_msgs/msg/_ulog_stream_s.c\n'}
[2.556581] (px4_msgs) StdoutLine: {'line': b'-- Up-to-date symlink: /home/prathamkelkar/ros2_ws/install/px4_msgs/lib/python3.12/site-packages/px4_msgs/msg/_unregister_ext_component.py\n'}
[2.556727] (px4_msgs) StdoutLine: {'line': b'-- Up-to-date symlink: /home/prathamkelkar/ros2_ws/install/px4_msgs/lib/python3.12/site-packages/px4_msgs/msg/_unregister_ext_component_s.c\n'}
[2.557030] (px4_msgs) StdoutLine: {'line': b'-- Up-to-date symlink: /home/prathamkelkar/ros2_ws/install/px4_msgs/lib/python3.12/site-packages/px4_msgs/msg/_vehicle_acceleration.py\n'}
[2.557185] (px4_msgs) StdoutLine: {'line': b'-- Up-to-date symlink: /home/prathamkelkar/ros2_ws/install/px4_msgs/lib/python3.12/site-packages/px4_msgs/msg/_vehicle_acceleration_s.c\n'}
[2.557344] (px4_msgs) StdoutLine: {'line': b'-- Up-to-date symlink: /home/prathamkelkar/ros2_ws/install/px4_msgs/lib/python3.12/site-packages/px4_msgs/msg/_vehicle_air_data.py\n'}
[2.557464] (px4_msgs) StdoutLine: {'line': b'-- Up-to-date symlink: /home/prathamkelkar/ros2_ws/install/px4_msgs/lib/python3.12/site-packages/px4_msgs/msg/_vehicle_air_data_s.c\n'}
[2.557573] (px4_msgs) StdoutLine: {'line': b'-- Up-to-date symlink: /home/prathamkelkar/ros2_ws/install/px4_msgs/lib/python3.12/site-packages/px4_msgs/msg/_vehicle_angular_acceleration_setpoint.py\n'}
[2.557672] (px4_msgs) StdoutLine: {'line': b'-- Up-to-date symlink: /home/prathamkelkar/ros2_ws/install/px4_msgs/lib/python3.12/site-packages/px4_msgs/msg/_vehicle_angular_acceleration_setpoint_s.c\n'}
[2.557822] (px4_msgs) StdoutLine: {'line': b'-- Up-to-date symlink: /home/prathamkelkar/ros2_ws/install/px4_msgs/lib/python3.12/site-packages/px4_msgs/msg/_vehicle_angular_velocity.py\n'}
[2.557964] (px4_msgs) StdoutLine: {'line': b'-- Up-to-date symlink: /home/prathamkelkar/ros2_ws/install/px4_msgs/lib/python3.12/site-packages/px4_msgs/msg/_vehicle_angular_velocity_s.c\n'}
[2.558121] (px4_msgs) StdoutLine: {'line': b'-- Up-to-date symlink: /home/prathamkelkar/ros2_ws/install/px4_msgs/lib/python3.12/site-packages/px4_msgs/msg/_vehicle_attitude.py\n'}
[2.558223] (px4_msgs) StdoutLine: {'line': b'-- Up-to-date symlink: /home/prathamkelkar/ros2_ws/install/px4_msgs/lib/python3.12/site-packages/px4_msgs/msg/_vehicle_attitude_s.c\n'}
[2.558355] (px4_msgs) StdoutLine: {'line': b'-- Up-to-date symlink: /home/prathamkelkar/ros2_ws/install/px4_msgs/lib/python3.12/site-packages/px4_msgs/msg/_vehicle_attitude_setpoint.py\n'}
[2.558478] (px4_msgs) StdoutLine: {'line': b'-- Up-to-date symlink: /home/prathamkelkar/ros2_ws/install/px4_msgs/lib/python3.12/site-packages/px4_msgs/msg/_vehicle_attitude_setpoint_s.c\n'}
[2.558613] (px4_msgs) StdoutLine: {'line': b'-- Up-to-date symlink: /home/prathamkelkar/ros2_ws/install/px4_msgs/lib/python3.12/site-packages/px4_msgs/msg/_vehicle_command.py\n'}
[2.558738] (px4_msgs) StdoutLine: {'line': b'-- Up-to-date symlink: /home/prathamkelkar/ros2_ws/install/px4_msgs/lib/python3.12/site-packages/px4_msgs/msg/_vehicle_command_ack.py\n'}
[2.558897] (px4_msgs) StdoutLine: {'line': b'-- Up-to-date symlink: /home/prathamkelkar/ros2_ws/install/px4_msgs/lib/python3.12/site-packages/px4_msgs/msg/_vehicle_command_ack_s.c\n'}
[2.559386] (px4_msgs) StdoutLine: {'line': b'-- Up-to-date symlink: /home/prathamkelkar/ros2_ws/install/px4_msgs/lib/python3.12/site-packages/px4_msgs/msg/_vehicle_command_s.c\n'}
[2.559476] (px4_msgs) StdoutLine: {'line': b'-- Up-to-date symlink: /home/prathamkelkar/ros2_ws/install/px4_msgs/lib/python3.12/site-packages/px4_msgs/msg/_vehicle_constraints.py\n'}
[2.559605] (px4_msgs) StdoutLine: {'line': b'-- Up-to-date symlink: /home/prathamkelkar/ros2_ws/install/px4_msgs/lib/python3.12/site-packages/px4_msgs/msg/_vehicle_constraints_s.c\n'}
[2.559737] (px4_msgs) StdoutLine: {'line': b'-- Up-to-date symlink: /home/prathamkelkar/ros2_ws/install/px4_msgs/lib/python3.12/site-packages/px4_msgs/msg/_vehicle_control_mode.py\n'}
[2.559859] (px4_msgs) StdoutLine: {'line': b'-- Up-to-date symlink: /home/prathamkelkar/ros2_ws/install/px4_msgs/lib/python3.12/site-packages/px4_msgs/msg/_vehicle_control_mode_s.c\n'}
[2.559953] (px4_msgs) StdoutLine: {'line': b'-- Up-to-date symlink: /home/prathamkelkar/ros2_ws/install/px4_msgs/lib/python3.12/site-packages/px4_msgs/msg/_vehicle_global_position.py\n'}
[2.560079] (px4_msgs) StdoutLine: {'line': b'-- Up-to-date symlink: /home/prathamkelkar/ros2_ws/install/px4_msgs/lib/python3.12/site-packages/px4_msgs/msg/_vehicle_global_position_s.c\n'}
[2.560166] (px4_msgs) StdoutLine: {'line': b'-- Up-to-date symlink: /home/prathamkelkar/ros2_ws/install/px4_msgs/lib/python3.12/site-packages/px4_msgs/msg/_vehicle_imu.py\n'}
[2.560272] (px4_msgs) StdoutLine: {'line': b'-- Up-to-date symlink: /home/prathamkelkar/ros2_ws/install/px4_msgs/lib/python3.12/site-packages/px4_msgs/msg/_vehicle_imu_s.c\n'}
[2.560369] (px4_msgs) StdoutLine: {'line': b'-- Up-to-date symlink: /home/prathamkelkar/ros2_ws/install/px4_msgs/lib/python3.12/site-packages/px4_msgs/msg/_vehicle_imu_status.py\n'}
[2.560466] (px4_msgs) StdoutLine: {'line': b'-- Up-to-date symlink: /home/prathamkelkar/ros2_ws/install/px4_msgs/lib/python3.12/site-packages/px4_msgs/msg/_vehicle_imu_status_s.c\n'}
[2.560563] (px4_msgs) StdoutLine: {'line': b'-- Up-to-date symlink: /home/prathamkelkar/ros2_ws/install/px4_msgs/lib/python3.12/site-packages/px4_msgs/msg/_vehicle_land_detected.py\n'}
[2.560649] (px4_msgs) StdoutLine: {'line': b'-- Up-to-date symlink: /home/prathamkelkar/ros2_ws/install/px4_msgs/lib/python3.12/site-packages/px4_msgs/msg/_vehicle_land_detected_s.c\n'}
[2.560750] (px4_msgs) StdoutLine: {'line': b'-- Up-to-date symlink: /home/prathamkelkar/ros2_ws/install/px4_msgs/lib/python3.12/site-packages/px4_msgs/msg/_vehicle_local_position.py\n'}
[2.560823] (px4_msgs) StdoutLine: {'line': b'-- Up-to-date symlink: /home/prathamkelkar/ros2_ws/install/px4_msgs/lib/python3.12/site-packages/px4_msgs/msg/_vehicle_local_position_s.c\n'}
[2.560892] (px4_msgs) StdoutLine: {'line': b'-- Up-to-date symlink: /home/prathamkelkar/ros2_ws/install/px4_msgs/lib/python3.12/site-packages/px4_msgs/msg/_vehicle_local_position_setpoint.py\n'}
[2.560957] (px4_msgs) StdoutLine: {'line': b'-- Up-to-date symlink: /home/prathamkelkar/ros2_ws/install/px4_msgs/lib/python3.12/site-packages/px4_msgs/msg/_vehicle_local_position_setpoint_s.c\n'}
[2.561022] (px4_msgs) StdoutLine: {'line': b'-- Up-to-date symlink: /home/prathamkelkar/ros2_ws/install/px4_msgs/lib/python3.12/site-packages/px4_msgs/msg/_vehicle_magnetometer.py\n'}
[2.561094] (px4_msgs) StdoutLine: {'line': b'-- Up-to-date symlink: /home/prathamkelkar/ros2_ws/install/px4_msgs/lib/python3.12/site-packages/px4_msgs/msg/_vehicle_magnetometer_s.c\n'}
[2.561176] (px4_msgs) StdoutLine: {'line': b'-- Up-to-date symlink: /home/prathamkelkar/ros2_ws/install/px4_msgs/lib/python3.12/site-packages/px4_msgs/msg/_vehicle_odometry.py\n'}
[2.561265] (px4_msgs) StdoutLine: {'line': b'-- Up-to-date symlink: /home/prathamkelkar/ros2_ws/install/px4_msgs/lib/python3.12/site-packages/px4_msgs/msg/_vehicle_odometry_s.c\n'}
[2.561344] (px4_msgs) StdoutLine: {'line': b'-- Up-to-date symlink: /home/prathamkelkar/ros2_ws/install/px4_msgs/lib/python3.12/site-packages/px4_msgs/msg/_vehicle_optical_flow.py\n'}
[2.561421] (px4_msgs) StdoutLine: {'line': b'-- Up-to-date symlink: /home/prathamkelkar/ros2_ws/install/px4_msgs/lib/python3.12/site-packages/px4_msgs/msg/_vehicle_optical_flow_s.c\n'}
[2.561525] (px4_msgs) StdoutLine: {'line': b'-- Up-to-date symlink: /home/prathamkelkar/ros2_ws/install/px4_msgs/lib/python3.12/site-packages/px4_msgs/msg/_vehicle_optical_flow_vel.py\n'}
[2.561613] (px4_msgs) StdoutLine: {'line': b'-- Up-to-date symlink: /home/prathamkelkar/ros2_ws/install/px4_msgs/lib/python3.12/site-packages/px4_msgs/msg/_vehicle_optical_flow_vel_s.c\n'}
[2.561710] (px4_msgs) StdoutLine: {'line': b'-- Up-to-date symlink: /home/prathamkelkar/ros2_ws/install/px4_msgs/lib/python3.12/site-packages/px4_msgs/msg/_vehicle_rates_setpoint.py\n'}
[2.561831] (px4_msgs) StdoutLine: {'line': b'-- Up-to-date symlink: /home/prathamkelkar/ros2_ws/install/px4_msgs/lib/python3.12/site-packages/px4_msgs/msg/_vehicle_rates_setpoint_s.c\n'}
[2.561927] (px4_msgs) StdoutLine: {'line': b'-- Up-to-date symlink: /home/prathamkelkar/ros2_ws/install/px4_msgs/lib/python3.12/site-packages/px4_msgs/msg/_vehicle_roi.py\n'}
[2.562027] (px4_msgs) StdoutLine: {'line': b'-- Up-to-date symlink: /home/prathamkelkar/ros2_ws/install/px4_msgs/lib/python3.12/site-packages/px4_msgs/msg/_vehicle_roi_s.c\n'}
[2.562128] (px4_msgs) StdoutLine: {'line': b'-- Up-to-date symlink: /home/prathamkelkar/ros2_ws/install/px4_msgs/lib/python3.12/site-packages/px4_msgs/msg/_vehicle_status.py\n'}
[2.562230] (px4_msgs) StdoutLine: {'line': b'-- Up-to-date symlink: /home/prathamkelkar/ros2_ws/install/px4_msgs/lib/python3.12/site-packages/px4_msgs/msg/_vehicle_status_s.c\n'}
[2.562307] (px4_msgs) StdoutLine: {'line': b'-- Up-to-date symlink: /home/prathamkelkar/ros2_ws/install/px4_msgs/lib/python3.12/site-packages/px4_msgs/msg/_vehicle_thrust_setpoint.py\n'}
[2.562400] (px4_msgs) StdoutLine: {'line': b'-- Up-to-date symlink: /home/prathamkelkar/ros2_ws/install/px4_msgs/lib/python3.12/site-packages/px4_msgs/msg/_vehicle_thrust_setpoint_s.c\n'}
[2.562486] (px4_msgs) StdoutLine: {'line': b'-- Up-to-date symlink: /home/prathamkelkar/ros2_ws/install/px4_msgs/lib/python3.12/site-packages/px4_msgs/msg/_vehicle_torque_setpoint.py\n'}
[2.562580] (px4_msgs) StdoutLine: {'line': b'-- Up-to-date symlink: /home/prathamkelkar/ros2_ws/install/px4_msgs/lib/python3.12/site-packages/px4_msgs/msg/_vehicle_torque_setpoint_s.c\n'}
[2.562685] (px4_msgs) StdoutLine: {'line': b'-- Up-to-date symlink: /home/prathamkelkar/ros2_ws/install/px4_msgs/lib/python3.12/site-packages/px4_msgs/msg/_vehicle_trajectory_bezier.py\n'}
[2.562777] (px4_msgs) StdoutLine: {'line': b'-- Up-to-date symlink: /home/prathamkelkar/ros2_ws/install/px4_msgs/lib/python3.12/site-packages/px4_msgs/msg/_vehicle_trajectory_bezier_s.c\n'}
[2.562847] (px4_msgs) StdoutLine: {'line': b'-- Up-to-date symlink: /home/prathamkelkar/ros2_ws/install/px4_msgs/lib/python3.12/site-packages/px4_msgs/msg/_vehicle_trajectory_waypoint.py\n'}
[2.562916] (px4_msgs) StdoutLine: {'line': b'-- Up-to-date symlink: /home/prathamkelkar/ros2_ws/install/px4_msgs/lib/python3.12/site-packages/px4_msgs/msg/_vehicle_trajectory_waypoint_s.c\n'}
[2.562993] (px4_msgs) StdoutLine: {'line': b'-- Up-to-date symlink: /home/prathamkelkar/ros2_ws/install/px4_msgs/lib/python3.12/site-packages/px4_msgs/msg/_velocity_limits.py\n'}
[2.563062] (px4_msgs) StdoutLine: {'line': b'-- Up-to-date symlink: /home/prathamkelkar/ros2_ws/install/px4_msgs/lib/python3.12/site-packages/px4_msgs/msg/_velocity_limits_s.c\n'}
[2.563137] (px4_msgs) StdoutLine: {'line': b'-- Up-to-date symlink: /home/prathamkelkar/ros2_ws/install/px4_msgs/lib/python3.12/site-packages/px4_msgs/msg/_vtol_vehicle_status.py\n'}
[2.563216] (px4_msgs) StdoutLine: {'line': b'-- Up-to-date symlink: /home/prathamkelkar/ros2_ws/install/px4_msgs/lib/python3.12/site-packages/px4_msgs/msg/_vtol_vehicle_status_s.c\n'}
[2.563283] (px4_msgs) StdoutLine: {'line': b'-- Up-to-date symlink: /home/prathamkelkar/ros2_ws/install/px4_msgs/lib/python3.12/site-packages/px4_msgs/msg/_wheel_encoders.py\n'}
[2.563353] (px4_msgs) StdoutLine: {'line': b'-- Up-to-date symlink: /home/prathamkelkar/ros2_ws/install/px4_msgs/lib/python3.12/site-packages/px4_msgs/msg/_wheel_encoders_s.c\n'}
[2.563419] (px4_msgs) StdoutLine: {'line': b'-- Up-to-date symlink: /home/prathamkelkar/ros2_ws/install/px4_msgs/lib/python3.12/site-packages/px4_msgs/msg/_wind.py\n'}
[2.563485] (px4_msgs) StdoutLine: {'line': b'-- Up-to-date symlink: /home/prathamkelkar/ros2_ws/install/px4_msgs/lib/python3.12/site-packages/px4_msgs/msg/_wind_s.c\n'}
[2.563551] (px4_msgs) StdoutLine: {'line': b'-- Up-to-date symlink: /home/prathamkelkar/ros2_ws/install/px4_msgs/lib/python3.12/site-packages/px4_msgs/msg/_yaw_estimator_status.py\n'}
[2.563627] (px4_msgs) StdoutLine: {'line': b'-- Up-to-date symlink: /home/prathamkelkar/ros2_ws/install/px4_msgs/lib/python3.12/site-packages/px4_msgs/msg/_yaw_estimator_status_s.c\n'}
[2.563706] (px4_msgs) StdoutLine: {'line': b'-- Up-to-date symlink: /home/prathamkelkar/ros2_ws/install/px4_msgs/lib/python3.12/site-packages/px4_msgs/px4_msgs_s__rosidl_typesupport_c.so\n'}
[2.563775] (px4_msgs) StdoutLine: {'line': b'-- Up-to-date symlink: /home/prathamkelkar/ros2_ws/install/px4_msgs/lib/python3.12/site-packages/px4_msgs/px4_msgs_s__rosidl_typesupport_fastrtps_c.so\n'}
[2.563852] (px4_msgs) StdoutLine: {'line': b'-- Up-to-date symlink: /home/prathamkelkar/ros2_ws/install/px4_msgs/lib/python3.12/site-packages/px4_msgs/px4_msgs_s__rosidl_typesupport_introspection_c.so\n'}
[2.563918] (px4_msgs) StdoutLine: {'line': b'-- Up-to-date symlink: /home/prathamkelkar/ros2_ws/install/px4_msgs/lib/python3.12/site-packages/px4_msgs/srv/__init__.py\n'}
[2.563983] (px4_msgs) StdoutLine: {'line': b'-- Up-to-date symlink: /home/prathamkelkar/ros2_ws/install/px4_msgs/lib/python3.12/site-packages/px4_msgs/srv/_vehicle_command.py\n'}
[2.564047] (px4_msgs) StdoutLine: {'line': b'-- Up-to-date symlink: /home/prathamkelkar/ros2_ws/install/px4_msgs/lib/python3.12/site-packages/px4_msgs/srv/_vehicle_command_s.c\n'}
[2.564109] (px4_msgs) StdoutLine: {'line': b'-- Up-to-date symlink: /home/prathamkelkar/ros2_ws/install/px4_msgs/lib/python3.12/site-packages/px4_msgs/px4_msgs_s__rosidl_typesupport_fastrtps_c.so\n'}
[2.564170] (px4_msgs) StdoutLine: {'line': b'-- Up-to-date symlink: /home/prathamkelkar/ros2_ws/install/px4_msgs/lib/python3.12/site-packages/px4_msgs/px4_msgs_s__rosidl_typesupport_introspection_c.so\n'}
[2.564231] (px4_msgs) StdoutLine: {'line': b'-- Up-to-date symlink: /home/prathamkelkar/ros2_ws/install/px4_msgs/lib/python3.12/site-packages/px4_msgs/px4_msgs_s__rosidl_typesupport_c.so\n'}
[2.564295] (px4_msgs) StdoutLine: {'line': b'-- Up-to-date symlink: /home/prathamkelkar/ros2_ws/install/px4_msgs/share/ament_index/resource_index/rust_packages/px4_msgs\n'}
[2.564367] (px4_msgs) StdoutLine: {'line': b'-- Up-to-date symlink: /home/prathamkelkar/ros2_ws/install/px4_msgs/share/px4_msgs/rust/Cargo.toml\n'}
[2.564433] (px4_msgs) StdoutLine: {'line': b'-- Up-to-date symlink: /home/prathamkelkar/ros2_ws/install/px4_msgs/share/px4_msgs/rust/build.rs\n'}
[2.564497] (px4_msgs) StdoutLine: {'line': b'-- Up-to-date symlink: /home/prathamkelkar/ros2_ws/install/px4_msgs/share/px4_msgs/rust/src/lib.rs\n'}
[2.564564] (px4_msgs) StdoutLine: {'line': b'-- Up-to-date symlink: /home/prathamkelkar/ros2_ws/install/px4_msgs/share/px4_msgs/rust/src/msg.rs\n'}
[2.564626] (px4_msgs) StdoutLine: {'line': b'-- Up-to-date symlink: /home/prathamkelkar/ros2_ws/install/px4_msgs/share/px4_msgs/rust/src/msg/rmw.rs\n'}
[2.564699] (px4_msgs) StdoutLine: {'line': b'-- Up-to-date symlink: /home/prathamkelkar/ros2_ws/install/px4_msgs/share/px4_msgs/rust/src/srv.rs\n'}
[2.564801] (px4_msgs) StdoutLine: {'line': b'-- Up-to-date symlink: /home/prathamkelkar/ros2_ws/install/px4_msgs/share/px4_msgs/rust/src/srv/rmw.rs\n'}
[2.564867] (px4_msgs) StdoutLine: {'line': b'-- Up-to-date symlink: /home/prathamkelkar/ros2_ws/install/px4_msgs/share/px4_msgs/msg/ActionRequest.idl\n'}
[2.564930] (px4_msgs) StdoutLine: {'line': b'-- Up-to-date symlink: /home/prathamkelkar/ros2_ws/install/px4_msgs/share/px4_msgs/msg/ActuatorArmed.idl\n'}
[2.564995] (px4_msgs) StdoutLine: {'line': b'-- Up-to-date symlink: /home/prathamkelkar/ros2_ws/install/px4_msgs/share/px4_msgs/msg/ActuatorControlsStatus.idl\n'}
[2.565072] (px4_msgs) StdoutLine: {'line': b'-- Up-to-date symlink: /home/prathamkelkar/ros2_ws/install/px4_msgs/share/px4_msgs/msg/ActuatorMotors.idl\n'}
[2.565136] (px4_msgs) StdoutLine: {'line': b'-- Up-to-date symlink: /home/prathamkelkar/ros2_ws/install/px4_msgs/share/px4_msgs/msg/ActuatorOutputs.idl\n'}
[2.565198] (px4_msgs) StdoutLine: {'line': b'-- Up-to-date symlink: /home/prathamkelkar/ros2_ws/install/px4_msgs/share/px4_msgs/msg/ActuatorServos.idl\n'}
[2.565266] (px4_msgs) StdoutLine: {'line': b'-- Up-to-date symlink: /home/prathamkelkar/ros2_ws/install/px4_msgs/share/px4_msgs/msg/ActuatorServosTrim.idl\n'}
[2.565348] (px4_msgs) StdoutLine: {'line': b'-- Up-to-date symlink: /home/prathamkelkar/ros2_ws/install/px4_msgs/share/px4_msgs/msg/ActuatorTest.idl\n'}
[2.565414] (px4_msgs) StdoutLine: {'line': b'-- Up-to-date symlink: /home/prathamkelkar/ros2_ws/install/px4_msgs/share/px4_msgs/msg/AdcReport.idl\n'}
[2.565480] (px4_msgs) StdoutLine: {'line': b'-- Up-to-date symlink: /home/prathamkelkar/ros2_ws/install/px4_msgs/share/px4_msgs/msg/Airspeed.idl\n'}
[2.565541] (px4_msgs) StdoutLine: {'line': b'-- Up-to-date symlink: /home/prathamkelkar/ros2_ws/install/px4_msgs/share/px4_msgs/msg/AirspeedValidated.idl\n'}
[2.565606] (px4_msgs) StdoutLine: {'line': b'-- Up-to-date symlink: /home/prathamkelkar/ros2_ws/install/px4_msgs/share/px4_msgs/msg/AirspeedWind.idl\n'}
[2.565667] (px4_msgs) StdoutLine: {'line': b'-- Up-to-date symlink: /home/prathamkelkar/ros2_ws/install/px4_msgs/share/px4_msgs/msg/ArmingCheckReply.idl\n'}
[2.565775] (px4_msgs) StdoutLine: {'line': b'-- Up-to-date symlink: /home/prathamkelkar/ros2_ws/install/px4_msgs/share/px4_msgs/msg/ArmingCheckRequest.idl\n'}
[2.565865] (px4_msgs) StdoutLine: {'line': b'-- Up-to-date symlink: /home/prathamkelkar/ros2_ws/install/px4_msgs/share/px4_msgs/msg/AutotuneAttitudeControlStatus.idl\n'}
[2.565949] (px4_msgs) StdoutLine: {'line': b'-- Up-to-date symlink: /home/prathamkelkar/ros2_ws/install/px4_msgs/share/px4_msgs/msg/BatteryStatus.idl\n'}
[2.566053] (px4_msgs) StdoutLine: {'line': b'-- Up-to-date symlink: /home/prathamkelkar/ros2_ws/install/px4_msgs/share/px4_msgs/msg/Buffer128.idl\n'}
[2.566161] (px4_msgs) StdoutLine: {'line': b'-- Up-to-date symlink: /home/prathamkelkar/ros2_ws/install/px4_msgs/share/px4_msgs/msg/ButtonEvent.idl\n'}
[2.566272] (px4_msgs) StdoutLine: {'line': b'-- Up-to-date symlink: /home/prathamkelkar/ros2_ws/install/px4_msgs/share/px4_msgs/msg/CameraCapture.idl\n'}
[2.566381] (px4_msgs) StdoutLine: {'line': b'-- Up-to-date symlink: /home/prathamkelkar/ros2_ws/install/px4_msgs/share/px4_msgs/msg/CameraStatus.idl\n'}
[2.566488] (px4_msgs) StdoutLine: {'line': b'-- Up-to-date symlink: /home/prathamkelkar/ros2_ws/install/px4_msgs/share/px4_msgs/msg/CameraTrigger.idl\n'}
[2.566593] (px4_msgs) StdoutLine: {'line': b'-- Up-to-date symlink: /home/prathamkelkar/ros2_ws/install/px4_msgs/share/px4_msgs/msg/CanInterfaceStatus.idl\n'}
[2.566672] (px4_msgs) StdoutLine: {'line': b'-- Up-to-date symlink: /home/prathamkelkar/ros2_ws/install/px4_msgs/share/px4_msgs/msg/CellularStatus.idl\n'}
[2.566770] (px4_msgs) StdoutLine: {'line': b'-- Up-to-date symlink: /home/prathamkelkar/ros2_ws/install/px4_msgs/share/px4_msgs/msg/CollisionConstraints.idl\n'}
[2.566859] (px4_msgs) StdoutLine: {'line': b'-- Up-to-date symlink: /home/prathamkelkar/ros2_ws/install/px4_msgs/share/px4_msgs/msg/CollisionReport.idl\n'}
[2.566925] (px4_msgs) StdoutLine: {'line': b'-- Up-to-date symlink: /home/prathamkelkar/ros2_ws/install/px4_msgs/share/px4_msgs/msg/ConfigOverrides.idl\n'}
[2.566990] (px4_msgs) StdoutLine: {'line': b'-- Up-to-date symlink: /home/prathamkelkar/ros2_ws/install/px4_msgs/share/px4_msgs/msg/ControlAllocatorStatus.idl\n'}
[2.567067] (px4_msgs) StdoutLine: {'line': b'-- Up-to-date symlink: /home/prathamkelkar/ros2_ws/install/px4_msgs/share/px4_msgs/msg/Cpuload.idl\n'}
[2.567174] (px4_msgs) StdoutLine: {'line': b'-- Up-to-date symlink: /home/prathamkelkar/ros2_ws/install/px4_msgs/share/px4_msgs/msg/DatamanRequest.idl\n'}
[2.567278] (px4_msgs) StdoutLine: {'line': b'-- Up-to-date symlink: /home/prathamkelkar/ros2_ws/install/px4_msgs/share/px4_msgs/msg/DatamanResponse.idl\n'}
[2.567363] (px4_msgs) StdoutLine: {'line': b'-- Up-to-date symlink: /home/prathamkelkar/ros2_ws/install/px4_msgs/share/px4_msgs/msg/DebugArray.idl\n'}
[2.567435] (px4_msgs) StdoutLine: {'line': b'-- Up-to-date symlink: /home/prathamkelkar/ros2_ws/install/px4_msgs/share/px4_msgs/msg/DebugKeyValue.idl\n'}
[2.567503] (px4_msgs) StdoutLine: {'line': b'-- Up-to-date symlink: /home/prathamkelkar/ros2_ws/install/px4_msgs/share/px4_msgs/msg/DebugValue.idl\n'}
[2.567602] (px4_msgs) StdoutLine: {'line': b'-- Up-to-date symlink: /home/prathamkelkar/ros2_ws/install/px4_msgs/share/px4_msgs/msg/DebugVect.idl\n'}
[2.567683] (px4_msgs) StdoutLine: {'line': b'-- Up-to-date symlink: /home/prathamkelkar/ros2_ws/install/px4_msgs/share/px4_msgs/msg/DifferentialDriveSetpoint.idl\n'}
[2.567760] (px4_msgs) StdoutLine: {'line': b'-- Up-to-date symlink: /home/prathamkelkar/ros2_ws/install/px4_msgs/share/px4_msgs/msg/DifferentialPressure.idl\n'}
[2.567830] (px4_msgs) StdoutLine: {'line': b'-- Up-to-date symlink: /home/prathamkelkar/ros2_ws/install/px4_msgs/share/px4_msgs/msg/DistanceSensor.idl\n'}
[2.567907] (px4_msgs) StdoutLine: {'line': b'-- Up-to-date symlink: /home/prathamkelkar/ros2_ws/install/px4_msgs/share/px4_msgs/msg/Ekf2Timestamps.idl\n'}
[2.567987] (px4_msgs) StdoutLine: {'line': b'-- Up-to-date symlink: /home/prathamkelkar/ros2_ws/install/px4_msgs/share/px4_msgs/msg/EscReport.idl\n'}
[2.568061] (px4_msgs) StdoutLine: {'line': b'-- Up-to-date symlink: /home/prathamkelkar/ros2_ws/install/px4_msgs/share/px4_msgs/msg/EscStatus.idl\n'}
[2.568130] (px4_msgs) StdoutLine: {'line': b'-- Up-to-date symlink: /home/prathamkelkar/ros2_ws/install/px4_msgs/share/px4_msgs/msg/EstimatorAidSource1d.idl\n'}
[2.568236] (px4_msgs) StdoutLine: {'line': b'-- Up-to-date symlink: /home/prathamkelkar/ros2_ws/install/px4_msgs/share/px4_msgs/msg/EstimatorAidSource2d.idl\n'}
[2.568320] (px4_msgs) StdoutLine: {'line': b'-- Up-to-date symlink: /home/prathamkelkar/ros2_ws/install/px4_msgs/share/px4_msgs/msg/EstimatorAidSource3d.idl\n'}
[2.568392] (px4_msgs) StdoutLine: {'line': b'-- Up-to-date symlink: /home/prathamkelkar/ros2_ws/install/px4_msgs/share/px4_msgs/msg/EstimatorBias.idl\n'}
[2.568483] (px4_msgs) StdoutLine: {'line': b'-- Up-to-date symlink: /home/prathamkelkar/ros2_ws/install/px4_msgs/share/px4_msgs/msg/EstimatorBias3d.idl\n'}
[2.568554] (px4_msgs) StdoutLine: {'line': b'-- Up-to-date symlink: /home/prathamkelkar/ros2_ws/install/px4_msgs/share/px4_msgs/msg/EstimatorEventFlags.idl\n'}
[2.568631] (px4_msgs) StdoutLine: {'line': b'-- Up-to-date symlink: /home/prathamkelkar/ros2_ws/install/px4_msgs/share/px4_msgs/msg/EstimatorGpsStatus.idl\n'}
[2.568722] (px4_msgs) StdoutLine: {'line': b'-- Up-to-date symlink: /home/prathamkelkar/ros2_ws/install/px4_msgs/share/px4_msgs/msg/EstimatorInnovations.idl\n'}
[2.568801] (px4_msgs) StdoutLine: {'line': b'-- Up-to-date symlink: /home/prathamkelkar/ros2_ws/install/px4_msgs/share/px4_msgs/msg/EstimatorSelectorStatus.idl\n'}
[2.568893] (px4_msgs) StdoutLine: {'line': b'-- Up-to-date symlink: /home/prathamkelkar/ros2_ws/install/px4_msgs/share/px4_msgs/msg/EstimatorSensorBias.idl\n'}
[2.568972] (px4_msgs) StdoutLine: {'line': b'-- Up-to-date symlink: /home/prathamkelkar/ros2_ws/install/px4_msgs/share/px4_msgs/msg/EstimatorStates.idl\n'}
[2.569050] (px4_msgs) StdoutLine: {'line': b'-- Up-to-date symlink: /home/prathamkelkar/ros2_ws/install/px4_msgs/share/px4_msgs/msg/EstimatorStatus.idl\n'}
[2.569128] (px4_msgs) StdoutLine: {'line': b'-- Up-to-date symlink: /home/prathamkelkar/ros2_ws/install/px4_msgs/share/px4_msgs/msg/EstimatorStatusFlags.idl\n'}
[2.569199] (px4_msgs) StdoutLine: {'line': b'-- Up-to-date symlink: /home/prathamkelkar/ros2_ws/install/px4_msgs/share/px4_msgs/msg/Event.idl\n'}
[2.569269] (px4_msgs) StdoutLine: {'line': b'-- Up-to-date symlink: /home/prathamkelkar/ros2_ws/install/px4_msgs/share/px4_msgs/msg/FailsafeFlags.idl\n'}
[2.569337] (px4_msgs) StdoutLine: {'line': b'-- Up-to-date symlink: /home/prathamkelkar/ros2_ws/install/px4_msgs/share/px4_msgs/msg/FailureDetectorStatus.idl\n'}
[2.569406] (px4_msgs) StdoutLine: {'line': b'-- Up-to-date symlink: /home/prathamkelkar/ros2_ws/install/px4_msgs/share/px4_msgs/msg/FigureEightStatus.idl\n'}
[2.569476] (px4_msgs) StdoutLine: {'line': b'-- Up-to-date symlink: /home/prathamkelkar/ros2_ws/install/px4_msgs/share/px4_msgs/msg/FlightPhaseEstimation.idl\n'}
[2.569555] (px4_msgs) StdoutLine: {'line': b'-- Up-to-date symlink: /home/prathamkelkar/ros2_ws/install/px4_msgs/share/px4_msgs/msg/FollowTarget.idl\n'}
[2.569638] (px4_msgs) StdoutLine: {'line': b'-- Up-to-date symlink: /home/prathamkelkar/ros2_ws/install/px4_msgs/share/px4_msgs/msg/FollowTargetEstimator.idl\n'}
[2.569716] (px4_msgs) StdoutLine: {'line': b'-- Up-to-date symlink: /home/prathamkelkar/ros2_ws/install/px4_msgs/share/px4_msgs/msg/FollowTargetStatus.idl\n'}
[2.569786] (px4_msgs) StdoutLine: {'line': b'-- Up-to-date symlink: /home/prathamkelkar/ros2_ws/install/px4_msgs/share/px4_msgs/msg/GeneratorStatus.idl\n'}
[2.569855] (px4_msgs) StdoutLine: {'line': b'-- Up-to-date symlink: /home/prathamkelkar/ros2_ws/install/px4_msgs/share/px4_msgs/msg/GeofenceResult.idl\n'}
[2.569937] (px4_msgs) StdoutLine: {'line': b'-- Up-to-date symlink: /home/prathamkelkar/ros2_ws/install/px4_msgs/share/px4_msgs/msg/GeofenceStatus.idl\n'}
[2.570009] (px4_msgs) StdoutLine: {'line': b'-- Up-to-date symlink: /home/prathamkelkar/ros2_ws/install/px4_msgs/share/px4_msgs/msg/GimbalControls.idl\n'}
[2.570084] (px4_msgs) StdoutLine: {'line': b'-- Up-to-date symlink: /home/prathamkelkar/ros2_ws/install/px4_msgs/share/px4_msgs/msg/GimbalDeviceAttitudeStatus.idl\n'}
[2.570166] (px4_msgs) StdoutLine: {'line': b'-- Up-to-date symlink: /home/prathamkelkar/ros2_ws/install/px4_msgs/share/px4_msgs/msg/GimbalDeviceInformation.idl\n'}
[2.570238] (px4_msgs) StdoutLine: {'line': b'-- Up-to-date symlink: /home/prathamkelkar/ros2_ws/install/px4_msgs/share/px4_msgs/msg/GimbalDeviceSetAttitude.idl\n'}
[2.570307] (px4_msgs) StdoutLine: {'line': b'-- Up-to-date symlink: /home/prathamkelkar/ros2_ws/install/px4_msgs/share/px4_msgs/msg/GimbalManagerInformation.idl\n'}
[2.570378] (px4_msgs) StdoutLine: {'line': b'-- Up-to-date symlink: /home/prathamkelkar/ros2_ws/install/px4_msgs/share/px4_msgs/msg/GimbalManagerSetAttitude.idl\n'}
[2.570449] (px4_msgs) StdoutLine: {'line': b'-- Up-to-date symlink: /home/prathamkelkar/ros2_ws/install/px4_msgs/share/px4_msgs/msg/GimbalManagerSetManualControl.idl\n'}
[2.570519] (px4_msgs) StdoutLine: {'line': b'-- Up-to-date symlink: /home/prathamkelkar/ros2_ws/install/px4_msgs/share/px4_msgs/msg/GimbalManagerStatus.idl\n'}
[2.570592] (px4_msgs) StdoutLine: {'line': b'-- Up-to-date symlink: /home/prathamkelkar/ros2_ws/install/px4_msgs/share/px4_msgs/msg/GotoSetpoint.idl\n'}
[2.570663] (px4_msgs) StdoutLine: {'line': b'-- Up-to-date symlink: /home/prathamkelkar/ros2_ws/install/px4_msgs/share/px4_msgs/msg/GpioConfig.idl\n'}
[2.570742] (px4_msgs) StdoutLine: {'line': b'-- Up-to-date symlink: /home/prathamkelkar/ros2_ws/install/px4_msgs/share/px4_msgs/msg/GpioIn.idl\n'}
[2.570811] (px4_msgs) StdoutLine: {'line': b'-- Up-to-date symlink: /home/prathamkelkar/ros2_ws/install/px4_msgs/share/px4_msgs/msg/GpioOut.idl\n'}
[2.570882] (px4_msgs) StdoutLine: {'line': b'-- Up-to-date symlink: /home/prathamkelkar/ros2_ws/install/px4_msgs/share/px4_msgs/msg/GpioRequest.idl\n'}
[2.570968] (px4_msgs) StdoutLine: {'line': b'-- Up-to-date symlink: /home/prathamkelkar/ros2_ws/install/px4_msgs/share/px4_msgs/msg/GpsDump.idl\n'}
[2.571053] (px4_msgs) StdoutLine: {'line': b'-- Up-to-date symlink: /home/prathamkelkar/ros2_ws/install/px4_msgs/share/px4_msgs/msg/GpsInjectData.idl\n'}
[2.571131] (px4_msgs) StdoutLine: {'line': b'-- Up-to-date symlink: /home/prathamkelkar/ros2_ws/install/px4_msgs/share/px4_msgs/msg/Gripper.idl\n'}
[2.571226] (px4_msgs) StdoutLine: {'line': b'-- Up-to-date symlink: /home/prathamkelkar/ros2_ws/install/px4_msgs/share/px4_msgs/msg/HealthReport.idl\n'}
[2.571312] (px4_msgs) StdoutLine: {'line': b'-- Up-to-date symlink: /home/prathamkelkar/ros2_ws/install/px4_msgs/share/px4_msgs/msg/HeaterStatus.idl\n'}
[2.571381] (px4_msgs) StdoutLine: {'line': b'-- Up-to-date symlink: /home/prathamkelkar/ros2_ws/install/px4_msgs/share/px4_msgs/msg/HomePosition.idl\n'}
[2.571473] (px4_msgs) StdoutLine: {'line': b'-- Up-to-date symlink: /home/prathamkelkar/ros2_ws/install/px4_msgs/share/px4_msgs/msg/HoverThrustEstimate.idl\n'}
[2.571540] (px4_msgs) StdoutLine: {'line': b'-- Up-to-date symlink: /home/prathamkelkar/ros2_ws/install/px4_msgs/share/px4_msgs/msg/InputRc.idl\n'}
[2.571646] (px4_msgs) StdoutLine: {'line': b'-- Up-to-date symlink: /home/prathamkelkar/ros2_ws/install/px4_msgs/share/px4_msgs/msg/InternalCombustionEngineStatus.idl\n'}
[2.571771] (px4_msgs) StdoutLine: {'line': b'-- Up-to-date symlink: /home/prathamkelkar/ros2_ws/install/px4_msgs/share/px4_msgs/msg/IridiumsbdStatus.idl\n'}
[2.571876] (px4_msgs) StdoutLine: {'line': b'-- Up-to-date symlink: /home/prathamkelkar/ros2_ws/install/px4_msgs/share/px4_msgs/msg/IrlockReport.idl\n'}
[2.571979] (px4_msgs) StdoutLine: {'line': b'-- Up-to-date symlink: /home/prathamkelkar/ros2_ws/install/px4_msgs/share/px4_msgs/msg/LandingGear.idl\n'}
[2.572077] (px4_msgs) StdoutLine: {'line': b'-- Up-to-date symlink: /home/prathamkelkar/ros2_ws/install/px4_msgs/share/px4_msgs/msg/LandingGearWheel.idl\n'}
[2.572196] (px4_msgs) StdoutLine: {'line': b'-- Up-to-date symlink: /home/prathamkelkar/ros2_ws/install/px4_msgs/share/px4_msgs/msg/LandingTargetInnovations.idl\n'}
[2.572291] (px4_msgs) StdoutLine: {'line': b'-- Up-to-date symlink: /home/prathamkelkar/ros2_ws/install/px4_msgs/share/px4_msgs/msg/LandingTargetPose.idl\n'}
[2.572396] (px4_msgs) StdoutLine: {'line': b'-- Up-to-date symlink: /home/prathamkelkar/ros2_ws/install/px4_msgs/share/px4_msgs/msg/LaunchDetectionStatus.idl\n'}
[2.572486] (px4_msgs) StdoutLine: {'line': b'-- Up-to-date symlink: /home/prathamkelkar/ros2_ws/install/px4_msgs/share/px4_msgs/msg/LedControl.idl\n'}
[2.572589] (px4_msgs) StdoutLine: {'line': b'-- Up-to-date symlink: /home/prathamkelkar/ros2_ws/install/px4_msgs/share/px4_msgs/msg/LogMessage.idl\n'}
[2.572698] (px4_msgs) StdoutLine: {'line': b'-- Up-to-date symlink: /home/prathamkelkar/ros2_ws/install/px4_msgs/share/px4_msgs/msg/LoggerStatus.idl\n'}
[2.572803] (px4_msgs) StdoutLine: {'line': b'-- Up-to-date symlink: /home/prathamkelkar/ros2_ws/install/px4_msgs/share/px4_msgs/msg/MagWorkerData.idl\n'}
[2.572918] (px4_msgs) StdoutLine: {'line': b'-- Up-to-date symlink: /home/prathamkelkar/ros2_ws/install/px4_msgs/share/px4_msgs/msg/MagnetometerBiasEstimate.idl\n'}
[2.573022] (px4_msgs) StdoutLine: {'line': b'-- Up-to-date symlink: /home/prathamkelkar/ros2_ws/install/px4_msgs/share/px4_msgs/msg/ManualControlSetpoint.idl\n'}
[2.573134] (px4_msgs) StdoutLine: {'line': b'-- Up-to-date symlink: /home/prathamkelkar/ros2_ws/install/px4_msgs/share/px4_msgs/msg/ManualControlSwitches.idl\n'}
[2.573251] (px4_msgs) StdoutLine: {'line': b'-- Up-to-date symlink: /home/prathamkelkar/ros2_ws/install/px4_msgs/share/px4_msgs/msg/MavlinkLog.idl\n'}
[2.573382] (px4_msgs) StdoutLine: {'line': b'-- Up-to-date symlink: /home/prathamkelkar/ros2_ws/install/px4_msgs/share/px4_msgs/msg/MavlinkTunnel.idl\n'}
[2.573499] (px4_msgs) StdoutLine: {'line': b'-- Up-to-date symlink: /home/prathamkelkar/ros2_ws/install/px4_msgs/share/px4_msgs/msg/MessageFormatRequest.idl\n'}
[2.573621] (px4_msgs) StdoutLine: {'line': b'-- Up-to-date symlink: /home/prathamkelkar/ros2_ws/install/px4_msgs/share/px4_msgs/msg/MessageFormatResponse.idl\n'}
[2.573708] (px4_msgs) StdoutLine: {'line': b'-- Up-to-date symlink: /home/prathamkelkar/ros2_ws/install/px4_msgs/share/px4_msgs/msg/Mission.idl\n'}
[2.573825] (px4_msgs) StdoutLine: {'line': b'-- Up-to-date symlink: /home/prathamkelkar/ros2_ws/install/px4_msgs/share/px4_msgs/msg/MissionResult.idl\n'}
[2.573901] (px4_msgs) StdoutLine: {'line': b'-- Up-to-date symlink: /home/prathamkelkar/ros2_ws/install/px4_msgs/share/px4_msgs/msg/ModeCompleted.idl\n'}
[2.573975] (px4_msgs) StdoutLine: {'line': b'-- Up-to-date symlink: /home/prathamkelkar/ros2_ws/install/px4_msgs/share/px4_msgs/msg/MountOrientation.idl\n'}
[2.574047] (px4_msgs) StdoutLine: {'line': b'-- Up-to-date symlink: /home/prathamkelkar/ros2_ws/install/px4_msgs/share/px4_msgs/msg/NavigatorMissionItem.idl\n'}
[2.574157] (px4_msgs) StdoutLine: {'line': b'-- Up-to-date symlink: /home/prathamkelkar/ros2_ws/install/px4_msgs/share/px4_msgs/msg/NormalizedUnsignedSetpoint.idl\n'}
[2.574243] (px4_msgs) StdoutLine: {'line': b'-- Up-to-date symlink: /home/prathamkelkar/ros2_ws/install/px4_msgs/share/px4_msgs/msg/NpfgStatus.idl\n'}
[2.574341] (px4_msgs) StdoutLine: {'line': b'-- Up-to-date symlink: /home/prathamkelkar/ros2_ws/install/px4_msgs/share/px4_msgs/msg/ObstacleDistance.idl\n'}
[2.574422] (px4_msgs) StdoutLine: {'line': b'-- Up-to-date symlink: /home/prathamkelkar/ros2_ws/install/px4_msgs/share/px4_msgs/msg/OffboardControlMode.idl\n'}
[2.574489] (px4_msgs) StdoutLine: {'line': b'-- Up-to-date symlink: /home/prathamkelkar/ros2_ws/install/px4_msgs/share/px4_msgs/msg/OnboardComputerStatus.idl\n'}
[2.574561] (px4_msgs) StdoutLine: {'line': b'-- Up-to-date symlink: /home/prathamkelkar/ros2_ws/install/px4_msgs/share/px4_msgs/msg/OrbTest.idl\n'}
[2.574648] (px4_msgs) StdoutLine: {'line': b'-- Up-to-date symlink: /home/prathamkelkar/ros2_ws/install/px4_msgs/share/px4_msgs/msg/OrbTestLarge.idl\n'}
[2.574778] (px4_msgs) StdoutLine: {'line': b'-- Up-to-date symlink: /home/prathamkelkar/ros2_ws/install/px4_msgs/share/px4_msgs/msg/OrbTestMedium.idl\n'}
[2.574904] (px4_msgs) StdoutLine: {'line': b'-- Up-to-date symlink: /home/prathamkelkar/ros2_ws/install/px4_msgs/share/px4_msgs/msg/OrbitStatus.idl\n'}
[2.574983] (px4_msgs) StdoutLine: {'line': b'-- Up-to-date symlink: /home/prathamkelkar/ros2_ws/install/px4_msgs/share/px4_msgs/msg/ParameterResetRequest.idl\n'}
[2.575062] (px4_msgs) StdoutLine: {'line': b'-- Up-to-date symlink: /home/prathamkelkar/ros2_ws/install/px4_msgs/share/px4_msgs/msg/ParameterSetUsedRequest.idl\n'}
[2.575198] (px4_msgs) StdoutLine: {'line': b'-- Up-to-date symlink: /home/prathamkelkar/ros2_ws/install/px4_msgs/share/px4_msgs/msg/ParameterSetValueRequest.idl\n'}
[2.575278] (px4_msgs) StdoutLine: {'line': b'-- Up-to-date symlink: /home/prathamkelkar/ros2_ws/install/px4_msgs/share/px4_msgs/msg/ParameterSetValueResponse.idl\n'}
[2.575347] (px4_msgs) StdoutLine: {'line': b'-- Up-to-date symlink: /home/prathamkelkar/ros2_ws/install/px4_msgs/share/px4_msgs/msg/ParameterUpdate.idl\n'}
[2.575418] (px4_msgs) StdoutLine: {'line': b'-- Up-to-date symlink: /home/prathamkelkar/ros2_ws/install/px4_msgs/share/px4_msgs/msg/Ping.idl\n'}
[2.575490] (px4_msgs) StdoutLine: {'line': b'-- Up-to-date symlink: /home/prathamkelkar/ros2_ws/install/px4_msgs/share/px4_msgs/msg/PositionControllerLandingStatus.idl\n'}
[2.575564] (px4_msgs) StdoutLine: {'line': b'-- Up-to-date symlink: /home/prathamkelkar/ros2_ws/install/px4_msgs/share/px4_msgs/msg/PositionControllerStatus.idl\n'}
[2.575631] (px4_msgs) StdoutLine: {'line': b'-- Up-to-date symlink: /home/prathamkelkar/ros2_ws/install/px4_msgs/share/px4_msgs/msg/PositionSetpoint.idl\n'}
[2.575711] (px4_msgs) StdoutLine: {'line': b'-- Up-to-date symlink: /home/prathamkelkar/ros2_ws/install/px4_msgs/share/px4_msgs/msg/PositionSetpointTriplet.idl\n'}
[2.575783] (px4_msgs) StdoutLine: {'line': b'-- Up-to-date symlink: /home/prathamkelkar/ros2_ws/install/px4_msgs/share/px4_msgs/msg/PowerButtonState.idl\n'}
[2.575856] (px4_msgs) StdoutLine: {'line': b'-- Up-to-date symlink: /home/prathamkelkar/ros2_ws/install/px4_msgs/share/px4_msgs/msg/PowerMonitor.idl\n'}
[2.575928] (px4_msgs) StdoutLine: {'line': b'-- Up-to-date symlink: /home/prathamkelkar/ros2_ws/install/px4_msgs/share/px4_msgs/msg/PpsCapture.idl\n'}
[2.576001] (px4_msgs) StdoutLine: {'line': b'-- Up-to-date symlink: /home/prathamkelkar/ros2_ws/install/px4_msgs/share/px4_msgs/msg/PwmInput.idl\n'}
[2.576078] (px4_msgs) StdoutLine: {'line': b'-- Up-to-date symlink: /home/prathamkelkar/ros2_ws/install/px4_msgs/share/px4_msgs/msg/Px4ioStatus.idl\n'}
[2.576156] (px4_msgs) StdoutLine: {'line': b'-- Up-to-date symlink: /home/prathamkelkar/ros2_ws/install/px4_msgs/share/px4_msgs/msg/QshellReq.idl\n'}
[2.576229] (px4_msgs) StdoutLine: {'line': b'-- Up-to-date symlink: /home/prathamkelkar/ros2_ws/install/px4_msgs/share/px4_msgs/msg/QshellRetval.idl\n'}
[2.576301] (px4_msgs) StdoutLine: {'line': b'-- Up-to-date symlink: /home/prathamkelkar/ros2_ws/install/px4_msgs/share/px4_msgs/msg/RadioStatus.idl\n'}
[2.576373] (px4_msgs) StdoutLine: {'line': b'-- Up-to-date symlink: /home/prathamkelkar/ros2_ws/install/px4_msgs/share/px4_msgs/msg/RateCtrlStatus.idl\n'}
[2.576457] (px4_msgs) StdoutLine: {'line': b'-- Up-to-date symlink: /home/prathamkelkar/ros2_ws/install/px4_msgs/share/px4_msgs/msg/RcChannels.idl\n'}
[2.576531] (px4_msgs) StdoutLine: {'line': b'-- Up-to-date symlink: /home/prathamkelkar/ros2_ws/install/px4_msgs/share/px4_msgs/msg/RcParameterMap.idl\n'}
[2.576606] (px4_msgs) StdoutLine: {'line': b'-- Up-to-date symlink: /home/prathamkelkar/ros2_ws/install/px4_msgs/share/px4_msgs/msg/RegisterExtComponentReply.idl\n'}
[2.576684] (px4_msgs) StdoutLine: {'line': b'-- Up-to-date symlink: /home/prathamkelkar/ros2_ws/install/px4_msgs/share/px4_msgs/msg/RegisterExtComponentRequest.idl\n'}
[2.576775] (px4_msgs) StdoutLine: {'line': b'-- Up-to-date symlink: /home/prathamkelkar/ros2_ws/install/px4_msgs/share/px4_msgs/msg/Rpm.idl\n'}
[2.576850] (px4_msgs) StdoutLine: {'line': b'-- Up-to-date symlink: /home/prathamkelkar/ros2_ws/install/px4_msgs/share/px4_msgs/msg/RtlStatus.idl\n'}
[2.576929] (px4_msgs) StdoutLine: {'line': b'-- Up-to-date symlink: /home/prathamkelkar/ros2_ws/install/px4_msgs/share/px4_msgs/msg/RtlTimeEstimate.idl\n'}
[2.577002] (px4_msgs) StdoutLine: {'line': b'-- Up-to-date symlink: /home/prathamkelkar/ros2_ws/install/px4_msgs/share/px4_msgs/msg/SatelliteInfo.idl\n'}
[2.577080] (px4_msgs) StdoutLine: {'line': b'-- Up-to-date symlink: /home/prathamkelkar/ros2_ws/install/px4_msgs/share/px4_msgs/msg/SensorAccel.idl\n'}
[2.577156] (px4_msgs) StdoutLine: {'line': b'-- Up-to-date symlink: /home/prathamkelkar/ros2_ws/install/px4_msgs/share/px4_msgs/msg/SensorAccelFifo.idl\n'}
[2.577233] (px4_msgs) StdoutLine: {'line': b'-- Up-to-date symlink: /home/prathamkelkar/ros2_ws/install/px4_msgs/share/px4_msgs/msg/SensorAirflow.idl\n'}
[2.577306] (px4_msgs) StdoutLine: {'line': b'-- Up-to-date symlink: /home/prathamkelkar/ros2_ws/install/px4_msgs/share/px4_msgs/msg/SensorBaro.idl\n'}
[2.577376] (px4_msgs) StdoutLine: {'line': b'-- Up-to-date symlink: /home/prathamkelkar/ros2_ws/install/px4_msgs/share/px4_msgs/msg/SensorCombined.idl\n'}
[2.577450] (px4_msgs) StdoutLine: {'line': b'-- Up-to-date symlink: /home/prathamkelkar/ros2_ws/install/px4_msgs/share/px4_msgs/msg/SensorCorrection.idl\n'}
[2.577520] (px4_msgs) StdoutLine: {'line': b'-- Up-to-date symlink: /home/prathamkelkar/ros2_ws/install/px4_msgs/share/px4_msgs/msg/SensorGnssRelative.idl\n'}
[2.577593] (px4_msgs) StdoutLine: {'line': b'-- Up-to-date symlink: /home/prathamkelkar/ros2_ws/install/px4_msgs/share/px4_msgs/msg/SensorGps.idl\n'}
[2.577664] (px4_msgs) StdoutLine: {'line': b'-- Up-to-date symlink: /home/prathamkelkar/ros2_ws/install/px4_msgs/share/px4_msgs/msg/SensorGyro.idl\n'}
[2.577750] (px4_msgs) StdoutLine: {'line': b'-- Up-to-date symlink: /home/prathamkelkar/ros2_ws/install/px4_msgs/share/px4_msgs/msg/SensorGyroFft.idl\n'}
[2.577835] (px4_msgs) StdoutLine: {'line': b'-- Up-to-date symlink: /home/prathamkelkar/ros2_ws/install/px4_msgs/share/px4_msgs/msg/SensorGyroFifo.idl\n'}
[2.577918] (px4_msgs) StdoutLine: {'line': b'-- Up-to-date symlink: /home/prathamkelkar/ros2_ws/install/px4_msgs/share/px4_msgs/msg/SensorHygrometer.idl\n'}
[2.577994] (px4_msgs) StdoutLine: {'line': b'-- Up-to-date symlink: /home/prathamkelkar/ros2_ws/install/px4_msgs/share/px4_msgs/msg/SensorMag.idl\n'}
[2.578073] (px4_msgs) StdoutLine: {'line': b'-- Up-to-date symlink: /home/prathamkelkar/ros2_ws/install/px4_msgs/share/px4_msgs/msg/SensorOpticalFlow.idl\n'}
[2.578151] (px4_msgs) StdoutLine: {'line': b'-- Up-to-date symlink: /home/prathamkelkar/ros2_ws/install/px4_msgs/share/px4_msgs/msg/SensorPreflightMag.idl\n'}
[2.578227] (px4_msgs) StdoutLine: {'line': b'-- Up-to-date symlink: /home/prathamkelkar/ros2_ws/install/px4_msgs/share/px4_msgs/msg/SensorSelection.idl\n'}
[2.578305] (px4_msgs) StdoutLine: {'line': b'-- Up-to-date symlink: /home/prathamkelkar/ros2_ws/install/px4_msgs/share/px4_msgs/msg/SensorUwb.idl\n'}
[2.578389] (px4_msgs) StdoutLine: {'line': b'-- Up-to-date symlink: /home/prathamkelkar/ros2_ws/install/px4_msgs/share/px4_msgs/msg/SensorsStatus.idl\n'}
[2.578469] (px4_msgs) StdoutLine: {'line': b'-- Up-to-date symlink: /home/prathamkelkar/ros2_ws/install/px4_msgs/share/px4_msgs/msg/SensorsStatusImu.idl\n'}
[2.578558] (px4_msgs) StdoutLine: {'line': b'-- Up-to-date symlink: /home/prathamkelkar/ros2_ws/install/px4_msgs/share/px4_msgs/msg/SystemPower.idl\n'}
[2.578636] (px4_msgs) StdoutLine: {'line': b'-- Up-to-date symlink: /home/prathamkelkar/ros2_ws/install/px4_msgs/share/px4_msgs/msg/TakeoffStatus.idl\n'}
[2.578736] (px4_msgs) StdoutLine: {'line': b'-- Up-to-date symlink: /home/prathamkelkar/ros2_ws/install/px4_msgs/share/px4_msgs/msg/TaskStackInfo.idl\n'}
[2.578814] (px4_msgs) StdoutLine: {'line': b'-- Up-to-date symlink: /home/prathamkelkar/ros2_ws/install/px4_msgs/share/px4_msgs/msg/TecsStatus.idl\n'}
[2.578958] (px4_msgs) StdoutLine: {'line': b'-- Up-to-date symlink: /home/prathamkelkar/ros2_ws/install/px4_msgs/share/px4_msgs/msg/TelemetryStatus.idl\n'}
[2.579061] (px4_msgs) StdoutLine: {'line': b'-- Up-to-date symlink: /home/prathamkelkar/ros2_ws/install/px4_msgs/share/px4_msgs/msg/TiltrotorExtraControls.idl\n'}
[2.579153] (px4_msgs) StdoutLine: {'line': b'-- Up-to-date symlink: /home/prathamkelkar/ros2_ws/install/px4_msgs/share/px4_msgs/msg/TimesyncStatus.idl\n'}
[2.579224] (px4_msgs) StdoutLine: {'line': b'-- Up-to-date symlink: /home/prathamkelkar/ros2_ws/install/px4_msgs/share/px4_msgs/msg/TrajectoryBezier.idl\n'}
[2.579304] (px4_msgs) StdoutLine: {'line': b'-- Up-to-date symlink: /home/prathamkelkar/ros2_ws/install/px4_msgs/share/px4_msgs/msg/TrajectorySetpoint.idl\n'}
[2.579378] (px4_msgs) StdoutLine: {'line': b'-- Up-to-date symlink: /home/prathamkelkar/ros2_ws/install/px4_msgs/share/px4_msgs/msg/TrajectoryWaypoint.idl\n'}
[2.579447] (px4_msgs) StdoutLine: {'line': b'-- Up-to-date symlink: /home/prathamkelkar/ros2_ws/install/px4_msgs/share/px4_msgs/msg/TransponderReport.idl\n'}
[2.579515] (px4_msgs) StdoutLine: {'line': b'-- Up-to-date symlink: /home/prathamkelkar/ros2_ws/install/px4_msgs/share/px4_msgs/msg/TuneControl.idl\n'}
[2.579588] (px4_msgs) StdoutLine: {'line': b'-- Up-to-date symlink: /home/prathamkelkar/ros2_ws/install/px4_msgs/share/px4_msgs/msg/UavcanParameterRequest.idl\n'}
[2.579655] (px4_msgs) StdoutLine: {'line': b'-- Up-to-date symlink: /home/prathamkelkar/ros2_ws/install/px4_msgs/share/px4_msgs/msg/UavcanParameterValue.idl\n'}
[2.579736] (px4_msgs) StdoutLine: {'line': b'-- Up-to-date symlink: /home/prathamkelkar/ros2_ws/install/px4_msgs/share/px4_msgs/msg/UlogStream.idl\n'}
[2.579808] (px4_msgs) StdoutLine: {'line': b'-- Up-to-date symlink: /home/prathamkelkar/ros2_ws/install/px4_msgs/share/px4_msgs/msg/UlogStreamAck.idl\n'}
[2.579876] (px4_msgs) StdoutLine: {'line': b'-- Up-to-date symlink: /home/prathamkelkar/ros2_ws/install/px4_msgs/share/px4_msgs/msg/UnregisterExtComponent.idl\n'}
[2.579943] (px4_msgs) StdoutLine: {'line': b'-- Up-to-date symlink: /home/prathamkelkar/ros2_ws/install/px4_msgs/share/px4_msgs/msg/VehicleAcceleration.idl\n'}
[2.580013] (px4_msgs) StdoutLine: {'line': b'-- Up-to-date symlink: /home/prathamkelkar/ros2_ws/install/px4_msgs/share/px4_msgs/msg/VehicleAirData.idl\n'}
[2.580083] (px4_msgs) StdoutLine: {'line': b'-- Up-to-date symlink: /home/prathamkelkar/ros2_ws/install/px4_msgs/share/px4_msgs/msg/VehicleAngularAccelerationSetpoint.idl\n'}
[2.580156] (px4_msgs) StdoutLine: {'line': b'-- Up-to-date symlink: /home/prathamkelkar/ros2_ws/install/px4_msgs/share/px4_msgs/msg/VehicleAngularVelocity.idl\n'}
[2.580274] (px4_msgs) StdoutLine: {'line': b'-- Up-to-date symlink: /home/prathamkelkar/ros2_ws/install/px4_msgs/share/px4_msgs/msg/VehicleAttitude.idl\n'}
[2.580352] (px4_msgs) StdoutLine: {'line': b'-- Up-to-date symlink: /home/prathamkelkar/ros2_ws/install/px4_msgs/share/px4_msgs/msg/VehicleAttitudeSetpoint.idl\n'}
[2.580414] (px4_msgs) StdoutLine: {'line': b'-- Up-to-date symlink: /home/prathamkelkar/ros2_ws/install/px4_msgs/share/px4_msgs/msg/VehicleCommand.idl\n'}
[2.580474] (px4_msgs) StdoutLine: {'line': b'-- Up-to-date symlink: /home/prathamkelkar/ros2_ws/install/px4_msgs/share/px4_msgs/msg/VehicleCommandAck.idl\n'}
[2.580532] (px4_msgs) StdoutLine: {'line': b'-- Up-to-date symlink: /home/prathamkelkar/ros2_ws/install/px4_msgs/share/px4_msgs/msg/VehicleConstraints.idl\n'}
[2.580595] (px4_msgs) StdoutLine: {'line': b'-- Up-to-date symlink: /home/prathamkelkar/ros2_ws/install/px4_msgs/share/px4_msgs/msg/VehicleControlMode.idl\n'}
[2.580652] (px4_msgs) StdoutLine: {'line': b'-- Up-to-date symlink: /home/prathamkelkar/ros2_ws/install/px4_msgs/share/px4_msgs/msg/VehicleGlobalPosition.idl\n'}
[2.580730] (px4_msgs) StdoutLine: {'line': b'-- Up-to-date symlink: /home/prathamkelkar/ros2_ws/install/px4_msgs/share/px4_msgs/msg/VehicleImu.idl\n'}
[2.580800] (px4_msgs) StdoutLine: {'line': b'-- Up-to-date symlink: /home/prathamkelkar/ros2_ws/install/px4_msgs/share/px4_msgs/msg/VehicleImuStatus.idl\n'}
[2.580861] (px4_msgs) StdoutLine: {'line': b'-- Up-to-date symlink: /home/prathamkelkar/ros2_ws/install/px4_msgs/share/px4_msgs/msg/VehicleLandDetected.idl\n'}
[2.580918] (px4_msgs) StdoutLine: {'line': b'-- Up-to-date symlink: /home/prathamkelkar/ros2_ws/install/px4_msgs/share/px4_msgs/msg/VehicleLocalPosition.idl\n'}
[2.580976] (px4_msgs) StdoutLine: {'line': b'-- Up-to-date symlink: /home/prathamkelkar/ros2_ws/install/px4_msgs/share/px4_msgs/msg/VehicleLocalPositionSetpoint.idl\n'}
[2.581034] (px4_msgs) StdoutLine: {'line': b'-- Up-to-date symlink: /home/prathamkelkar/ros2_ws/install/px4_msgs/share/px4_msgs/msg/VehicleMagnetometer.idl\n'}
[2.581092] (px4_msgs) StdoutLine: {'line': b'-- Up-to-date symlink: /home/prathamkelkar/ros2_ws/install/px4_msgs/share/px4_msgs/msg/VehicleOdometry.idl\n'}
[2.581151] (px4_msgs) StdoutLine: {'line': b'-- Up-to-date symlink: /home/prathamkelkar/ros2_ws/install/px4_msgs/share/px4_msgs/msg/VehicleOpticalFlow.idl\n'}
[2.581211] (px4_msgs) StdoutLine: {'line': b'-- Up-to-date symlink: /home/prathamkelkar/ros2_ws/install/px4_msgs/share/px4_msgs/msg/VehicleOpticalFlowVel.idl\n'}
[2.581271] (px4_msgs) StdoutLine: {'line': b'-- Up-to-date symlink: /home/prathamkelkar/ros2_ws/install/px4_msgs/share/px4_msgs/msg/VehicleRatesSetpoint.idl\n'}
[2.581329] (px4_msgs) StdoutLine: {'line': b'-- Up-to-date symlink: /home/prathamkelkar/ros2_ws/install/px4_msgs/share/px4_msgs/msg/VehicleRoi.idl\n'}
[2.581386] (px4_msgs) StdoutLine: {'line': b'-- Up-to-date symlink: /home/prathamkelkar/ros2_ws/install/px4_msgs/share/px4_msgs/msg/VehicleStatus.idl\n'}
[2.581444] (px4_msgs) StdoutLine: {'line': b'-- Up-to-date symlink: /home/prathamkelkar/ros2_ws/install/px4_msgs/share/px4_msgs/msg/VehicleThrustSetpoint.idl\n'}
[2.581502] (px4_msgs) StdoutLine: {'line': b'-- Up-to-date symlink: /home/prathamkelkar/ros2_ws/install/px4_msgs/share/px4_msgs/msg/VehicleTorqueSetpoint.idl\n'}
[2.581558] (px4_msgs) StdoutLine: {'line': b'-- Up-to-date symlink: /home/prathamkelkar/ros2_ws/install/px4_msgs/share/px4_msgs/msg/VehicleTrajectoryBezier.idl\n'}
[2.581616] (px4_msgs) StdoutLine: {'line': b'-- Up-to-date symlink: /home/prathamkelkar/ros2_ws/install/px4_msgs/share/px4_msgs/msg/VehicleTrajectoryWaypoint.idl\n'}
[2.581685] (px4_msgs) StdoutLine: {'line': b'-- Up-to-date symlink: /home/prathamkelkar/ros2_ws/install/px4_msgs/share/px4_msgs/msg/VelocityLimits.idl\n'}
[2.581750] (px4_msgs) StdoutLine: {'line': b'-- Up-to-date symlink: /home/prathamkelkar/ros2_ws/install/px4_msgs/share/px4_msgs/msg/VtolVehicleStatus.idl\n'}
[2.581807] (px4_msgs) StdoutLine: {'line': b'-- Up-to-date symlink: /home/prathamkelkar/ros2_ws/install/px4_msgs/share/px4_msgs/msg/WheelEncoders.idl\n'}
[2.581863] (px4_msgs) StdoutLine: {'line': b'-- Up-to-date symlink: /home/prathamkelkar/ros2_ws/install/px4_msgs/share/px4_msgs/msg/Wind.idl\n'}
[2.581921] (px4_msgs) StdoutLine: {'line': b'-- Up-to-date symlink: /home/prathamkelkar/ros2_ws/install/px4_msgs/share/px4_msgs/msg/YawEstimatorStatus.idl\n'}
[2.581976] (px4_msgs) StdoutLine: {'line': b'-- Up-to-date symlink: /home/prathamkelkar/ros2_ws/install/px4_msgs/share/px4_msgs/srv/VehicleCommand.idl\n'}
[2.582037] (px4_msgs) StdoutLine: {'line': b'-- Up-to-date symlink: /home/prathamkelkar/ros2_ws/install/px4_msgs/share/px4_msgs/msg/ActionRequest.msg\n'}
[2.582094] (px4_msgs) StdoutLine: {'line': b'-- Up-to-date symlink: /home/prathamkelkar/ros2_ws/install/px4_msgs/share/px4_msgs/msg/ActuatorArmed.msg\n'}
[2.582158] (px4_msgs) StdoutLine: {'line': b'-- Up-to-date symlink: /home/prathamkelkar/ros2_ws/install/px4_msgs/share/px4_msgs/msg/ActuatorControlsStatus.msg\n'}
[2.582219] (px4_msgs) StdoutLine: {'line': b'-- Up-to-date symlink: /home/prathamkelkar/ros2_ws/install/px4_msgs/share/px4_msgs/msg/ActuatorMotors.msg\n'}
[2.582279] (px4_msgs) StdoutLine: {'line': b'-- Up-to-date symlink: /home/prathamkelkar/ros2_ws/install/px4_msgs/share/px4_msgs/msg/ActuatorOutputs.msg\n'}
[2.582342] (px4_msgs) StdoutLine: {'line': b'-- Up-to-date symlink: /home/prathamkelkar/ros2_ws/install/px4_msgs/share/px4_msgs/msg/ActuatorServos.msg\n'}
[2.582401] (px4_msgs) StdoutLine: {'line': b'-- Up-to-date symlink: /home/prathamkelkar/ros2_ws/install/px4_msgs/share/px4_msgs/msg/ActuatorServosTrim.msg\n'}
[2.582462] (px4_msgs) StdoutLine: {'line': b'-- Up-to-date symlink: /home/prathamkelkar/ros2_ws/install/px4_msgs/share/px4_msgs/msg/ActuatorTest.msg\n'}
[2.582524] (px4_msgs) StdoutLine: {'line': b'-- Up-to-date symlink: /home/prathamkelkar/ros2_ws/install/px4_msgs/share/px4_msgs/msg/AdcReport.msg\n'}
[2.582584] (px4_msgs) StdoutLine: {'line': b'-- Up-to-date symlink: /home/prathamkelkar/ros2_ws/install/px4_msgs/share/px4_msgs/msg/Airspeed.msg\n'}
[2.582661] (px4_msgs) StdoutLine: {'line': b'-- Up-to-date symlink: /home/prathamkelkar/ros2_ws/install/px4_msgs/share/px4_msgs/msg/AirspeedValidated.msg\n'}
[2.582744] (px4_msgs) StdoutLine: {'line': b'-- Up-to-date symlink: /home/prathamkelkar/ros2_ws/install/px4_msgs/share/px4_msgs/msg/AirspeedWind.msg\n'}
[2.582810] (px4_msgs) StdoutLine: {'line': b'-- Up-to-date symlink: /home/prathamkelkar/ros2_ws/install/px4_msgs/share/px4_msgs/msg/ArmingCheckReply.msg\n'}
[2.582873] (px4_msgs) StdoutLine: {'line': b'-- Up-to-date symlink: /home/prathamkelkar/ros2_ws/install/px4_msgs/share/px4_msgs/msg/ArmingCheckRequest.msg\n'}
[2.582932] (px4_msgs) StdoutLine: {'line': b'-- Up-to-date symlink: /home/prathamkelkar/ros2_ws/install/px4_msgs/share/px4_msgs/msg/AutotuneAttitudeControlStatus.msg\n'}
[2.582989] (px4_msgs) StdoutLine: {'line': b'-- Up-to-date symlink: /home/prathamkelkar/ros2_ws/install/px4_msgs/share/px4_msgs/msg/BatteryStatus.msg\n'}
[2.583046] (px4_msgs) StdoutLine: {'line': b'-- Up-to-date symlink: /home/prathamkelkar/ros2_ws/install/px4_msgs/share/px4_msgs/msg/Buffer128.msg\n'}
[2.583115] (px4_msgs) StdoutLine: {'line': b'-- Up-to-date symlink: /home/prathamkelkar/ros2_ws/install/px4_msgs/share/px4_msgs/msg/ButtonEvent.msg\n'}
[2.583170] (px4_msgs) StdoutLine: {'line': b'-- Up-to-date symlink: /home/prathamkelkar/ros2_ws/install/px4_msgs/share/px4_msgs/msg/CameraCapture.msg\n'}
[2.583224] (px4_msgs) StdoutLine: {'line': b'-- Up-to-date symlink: /home/prathamkelkar/ros2_ws/install/px4_msgs/share/px4_msgs/msg/CameraStatus.msg\n'}
[2.583283] (px4_msgs) StdoutLine: {'line': b'-- Up-to-date symlink: /home/prathamkelkar/ros2_ws/install/px4_msgs/share/px4_msgs/msg/CameraTrigger.msg\n'}
[2.583340] (px4_msgs) StdoutLine: {'line': b'-- Up-to-date symlink: /home/prathamkelkar/ros2_ws/install/px4_msgs/share/px4_msgs/msg/CanInterfaceStatus.msg\n'}
[2.583401] (px4_msgs) StdoutLine: {'line': b'-- Up-to-date symlink: /home/prathamkelkar/ros2_ws/install/px4_msgs/share/px4_msgs/msg/CellularStatus.msg\n'}
[2.583462] (px4_msgs) StdoutLine: {'line': b'-- Up-to-date symlink: /home/prathamkelkar/ros2_ws/install/px4_msgs/share/px4_msgs/msg/CollisionConstraints.msg\n'}
[2.583521] (px4_msgs) StdoutLine: {'line': b'-- Up-to-date symlink: /home/prathamkelkar/ros2_ws/install/px4_msgs/share/px4_msgs/msg/CollisionReport.msg\n'}
[2.583617] (px4_msgs) StdoutLine: {'line': b'-- Up-to-date symlink: /home/prathamkelkar/ros2_ws/install/px4_msgs/share/px4_msgs/msg/ConfigOverrides.msg\n'}
[2.583724] (px4_msgs) StdoutLine: {'line': b'-- Up-to-date symlink: /home/prathamkelkar/ros2_ws/install/px4_msgs/share/px4_msgs/msg/ControlAllocatorStatus.msg\n'}
[2.583858] (px4_msgs) StdoutLine: {'line': b'-- Up-to-date symlink: /home/prathamkelkar/ros2_ws/install/px4_msgs/share/px4_msgs/msg/Cpuload.msg\n'}
[2.583956] (px4_msgs) StdoutLine: {'line': b'-- Up-to-date symlink: /home/prathamkelkar/ros2_ws/install/px4_msgs/share/px4_msgs/msg/DatamanRequest.msg\n'}
[2.584044] (px4_msgs) StdoutLine: {'line': b'-- Up-to-date symlink: /home/prathamkelkar/ros2_ws/install/px4_msgs/share/px4_msgs/msg/DatamanResponse.msg\n'}
[2.584130] (px4_msgs) StdoutLine: {'line': b'-- Up-to-date symlink: /home/prathamkelkar/ros2_ws/install/px4_msgs/share/px4_msgs/msg/DebugArray.msg\n'}
[2.584210] (px4_msgs) StdoutLine: {'line': b'-- Up-to-date symlink: /home/prathamkelkar/ros2_ws/install/px4_msgs/share/px4_msgs/msg/DebugKeyValue.msg\n'}
[2.584284] (px4_msgs) StdoutLine: {'line': b'-- Up-to-date symlink: /home/prathamkelkar/ros2_ws/install/px4_msgs/share/px4_msgs/msg/DebugValue.msg\n'}
[2.584364] (px4_msgs) StdoutLine: {'line': b'-- Up-to-date symlink: /home/prathamkelkar/ros2_ws/install/px4_msgs/share/px4_msgs/msg/DebugVect.msg\n'}
[2.584467] (px4_msgs) StdoutLine: {'line': b'-- Up-to-date symlink: /home/prathamkelkar/ros2_ws/install/px4_msgs/share/px4_msgs/msg/DifferentialDriveSetpoint.msg\n'}
[2.584538] (px4_msgs) StdoutLine: {'line': b'-- Up-to-date symlink: /home/prathamkelkar/ros2_ws/install/px4_msgs/share/px4_msgs/msg/DifferentialPressure.msg\n'}
[2.584626] (px4_msgs) StdoutLine: {'line': b'-- Up-to-date symlink: /home/prathamkelkar/ros2_ws/install/px4_msgs/share/px4_msgs/msg/DistanceSensor.msg\n'}
[2.584718] (px4_msgs) StdoutLine: {'line': b'-- Up-to-date symlink: /home/prathamkelkar/ros2_ws/install/px4_msgs/share/px4_msgs/msg/Ekf2Timestamps.msg\n'}
[2.584812] (px4_msgs) StdoutLine: {'line': b'-- Up-to-date symlink: /home/prathamkelkar/ros2_ws/install/px4_msgs/share/px4_msgs/msg/EscReport.msg\n'}
[2.584882] (px4_msgs) StdoutLine: {'line': b'-- Up-to-date symlink: /home/prathamkelkar/ros2_ws/install/px4_msgs/share/px4_msgs/msg/EscStatus.msg\n'}
[2.584953] (px4_msgs) StdoutLine: {'line': b'-- Up-to-date symlink: /home/prathamkelkar/ros2_ws/install/px4_msgs/share/px4_msgs/msg/EstimatorAidSource1d.msg\n'}
[2.585020] (px4_msgs) StdoutLine: {'line': b'-- Up-to-date symlink: /home/prathamkelkar/ros2_ws/install/px4_msgs/share/px4_msgs/msg/EstimatorAidSource2d.msg\n'}
[2.585099] (px4_msgs) StdoutLine: {'line': b'-- Up-to-date symlink: /home/prathamkelkar/ros2_ws/install/px4_msgs/share/px4_msgs/msg/EstimatorAidSource3d.msg\n'}
[2.585169] (px4_msgs) StdoutLine: {'line': b'-- Up-to-date symlink: /home/prathamkelkar/ros2_ws/install/px4_msgs/share/px4_msgs/msg/EstimatorBias.msg\n'}
[2.585232] (px4_msgs) StdoutLine: {'line': b'-- Up-to-date symlink: /home/prathamkelkar/ros2_ws/install/px4_msgs/share/px4_msgs/msg/EstimatorBias3d.msg\n'}
[2.585294] (px4_msgs) StdoutLine: {'line': b'-- Up-to-date symlink: /home/prathamkelkar/ros2_ws/install/px4_msgs/share/px4_msgs/msg/EstimatorEventFlags.msg\n'}
[2.585354] (px4_msgs) StdoutLine: {'line': b'-- Up-to-date symlink: /home/prathamkelkar/ros2_ws/install/px4_msgs/share/px4_msgs/msg/EstimatorGpsStatus.msg\n'}
[2.585427] (px4_msgs) StdoutLine: {'line': b'-- Up-to-date symlink: /home/prathamkelkar/ros2_ws/install/px4_msgs/share/px4_msgs/msg/EstimatorInnovations.msg\n'}
[2.585492] (px4_msgs) StdoutLine: {'line': b'-- Up-to-date symlink: /home/prathamkelkar/ros2_ws/install/px4_msgs/share/px4_msgs/msg/EstimatorSelectorStatus.msg\n'}
[2.585557] (px4_msgs) StdoutLine: {'line': b'-- Up-to-date symlink: /home/prathamkelkar/ros2_ws/install/px4_msgs/share/px4_msgs/msg/EstimatorSensorBias.msg\n'}
[2.585613] (px4_msgs) StdoutLine: {'line': b'-- Up-to-date symlink: /home/prathamkelkar/ros2_ws/install/px4_msgs/share/px4_msgs/msg/EstimatorStates.msg\n'}
[2.585694] (px4_msgs) StdoutLine: {'line': b'-- Up-to-date symlink: /home/prathamkelkar/ros2_ws/install/px4_msgs/share/px4_msgs/msg/EstimatorStatus.msg\n'}
[2.585793] (px4_msgs) StdoutLine: {'line': b'-- Up-to-date symlink: /home/prathamkelkar/ros2_ws/install/px4_msgs/share/px4_msgs/msg/EstimatorStatusFlags.msg\n'}
[2.585874] (px4_msgs) StdoutLine: {'line': b'-- Up-to-date symlink: /home/prathamkelkar/ros2_ws/install/px4_msgs/share/px4_msgs/msg/Event.msg\n'}
[2.585956] (px4_msgs) StdoutLine: {'line': b'-- Up-to-date symlink: /home/prathamkelkar/ros2_ws/install/px4_msgs/share/px4_msgs/msg/FailsafeFlags.msg\n'}
[2.586049] (px4_msgs) StdoutLine: {'line': b'-- Up-to-date symlink: /home/prathamkelkar/ros2_ws/install/px4_msgs/share/px4_msgs/msg/FailureDetectorStatus.msg\n'}
[2.586115] (px4_msgs) StdoutLine: {'line': b'-- Up-to-date symlink: /home/prathamkelkar/ros2_ws/install/px4_msgs/share/px4_msgs/msg/FigureEightStatus.msg\n'}
[2.586181] (px4_msgs) StdoutLine: {'line': b'-- Up-to-date symlink: /home/prathamkelkar/ros2_ws/install/px4_msgs/share/px4_msgs/msg/FlightPhaseEstimation.msg\n'}
[2.586245] (px4_msgs) StdoutLine: {'line': b'-- Up-to-date symlink: /home/prathamkelkar/ros2_ws/install/px4_msgs/share/px4_msgs/msg/FollowTarget.msg\n'}
[2.586307] (px4_msgs) StdoutLine: {'line': b'-- Up-to-date symlink: /home/prathamkelkar/ros2_ws/install/px4_msgs/share/px4_msgs/msg/FollowTargetEstimator.msg\n'}
[2.586372] (px4_msgs) StdoutLine: {'line': b'-- Up-to-date symlink: /home/prathamkelkar/ros2_ws/install/px4_msgs/share/px4_msgs/msg/FollowTargetStatus.msg\n'}
[2.586434] (px4_msgs) StdoutLine: {'line': b'-- Up-to-date symlink: /home/prathamkelkar/ros2_ws/install/px4_msgs/share/px4_msgs/msg/GeneratorStatus.msg\n'}
[2.586498] (px4_msgs) StdoutLine: {'line': b'-- Up-to-date symlink: /home/prathamkelkar/ros2_ws/install/px4_msgs/share/px4_msgs/msg/GeofenceResult.msg\n'}
[2.586571] (px4_msgs) StdoutLine: {'line': b'-- Up-to-date symlink: /home/prathamkelkar/ros2_ws/install/px4_msgs/share/px4_msgs/msg/GeofenceStatus.msg\n'}
[2.586638] (px4_msgs) StdoutLine: {'line': b'-- Up-to-date symlink: /home/prathamkelkar/ros2_ws/install/px4_msgs/share/px4_msgs/msg/GimbalControls.msg\n'}
[2.586704] (px4_msgs) StdoutLine: {'line': b'-- Up-to-date symlink: /home/prathamkelkar/ros2_ws/install/px4_msgs/share/px4_msgs/msg/GimbalDeviceAttitudeStatus.msg\n'}
[2.586766] (px4_msgs) StdoutLine: {'line': b'-- Up-to-date symlink: /home/prathamkelkar/ros2_ws/install/px4_msgs/share/px4_msgs/msg/GimbalDeviceInformation.msg\n'}
[2.586822] (px4_msgs) StdoutLine: {'line': b'-- Up-to-date symlink: /home/prathamkelkar/ros2_ws/install/px4_msgs/share/px4_msgs/msg/GimbalDeviceSetAttitude.msg\n'}
[2.586903] (px4_msgs) StdoutLine: {'line': b'-- Up-to-date symlink: /home/prathamkelkar/ros2_ws/install/px4_msgs/share/px4_msgs/msg/GimbalManagerInformation.msg\n'}
[2.587044] (px4_msgs) StdoutLine: {'line': b'-- Up-to-date symlink: /home/prathamkelkar/ros2_ws/install/px4_msgs/share/px4_msgs/msg/GimbalManagerSetAttitude.msg\n'}
[2.587136] (px4_msgs) StdoutLine: {'line': b'-- Up-to-date symlink: /home/prathamkelkar/ros2_ws/install/px4_msgs/share/px4_msgs/msg/GimbalManagerSetManualControl.msg\n'}
[2.587207] (px4_msgs) StdoutLine: {'line': b'-- Up-to-date symlink: /home/prathamkelkar/ros2_ws/install/px4_msgs/share/px4_msgs/msg/GimbalManagerStatus.msg\n'}
[2.587268] (px4_msgs) StdoutLine: {'line': b'-- Up-to-date symlink: /home/prathamkelkar/ros2_ws/install/px4_msgs/share/px4_msgs/msg/GotoSetpoint.msg\n'}
[2.587338] (px4_msgs) StdoutLine: {'line': b'-- Up-to-date symlink: /home/prathamkelkar/ros2_ws/install/px4_msgs/share/px4_msgs/msg/GpioConfig.msg\n'}
[2.587417] (px4_msgs) StdoutLine: {'line': b'-- Up-to-date symlink: /home/prathamkelkar/ros2_ws/install/px4_msgs/share/px4_msgs/msg/GpioIn.msg\n'}
[2.587477] (px4_msgs) StdoutLine: {'line': b'-- Up-to-date symlink: /home/prathamkelkar/ros2_ws/install/px4_msgs/share/px4_msgs/msg/GpioOut.msg\n'}
[2.587536] (px4_msgs) StdoutLine: {'line': b'-- Up-to-date symlink: /home/prathamkelkar/ros2_ws/install/px4_msgs/share/px4_msgs/msg/GpioRequest.msg\n'}
[2.587604] (px4_msgs) StdoutLine: {'line': b'-- Up-to-date symlink: /home/prathamkelkar/ros2_ws/install/px4_msgs/share/px4_msgs/msg/GpsDump.msg\n'}
[2.587710] (px4_msgs) StdoutLine: {'line': b'-- Up-to-date symlink: /home/prathamkelkar/ros2_ws/install/px4_msgs/share/px4_msgs/msg/GpsInjectData.msg\n'}
[2.587774] (px4_msgs) StdoutLine: {'line': b'-- Up-to-date symlink: /home/prathamkelkar/ros2_ws/install/px4_msgs/share/px4_msgs/msg/Gripper.msg\n'}
[2.587868] (px4_msgs) StdoutLine: {'line': b'-- Up-to-date symlink: /home/prathamkelkar/ros2_ws/install/px4_msgs/share/px4_msgs/msg/HealthReport.msg\n'}
[2.587932] (px4_msgs) StdoutLine: {'line': b'-- Up-to-date symlink: /home/prathamkelkar/ros2_ws/install/px4_msgs/share/px4_msgs/msg/HeaterStatus.msg\n'}
[2.587993] (px4_msgs) StdoutLine: {'line': b'-- Up-to-date symlink: /home/prathamkelkar/ros2_ws/install/px4_msgs/share/px4_msgs/msg/HomePosition.msg\n'}
[2.588060] (px4_msgs) StdoutLine: {'line': b'-- Up-to-date symlink: /home/prathamkelkar/ros2_ws/install/px4_msgs/share/px4_msgs/msg/HoverThrustEstimate.msg\n'}
[2.588125] (px4_msgs) StdoutLine: {'line': b'-- Up-to-date symlink: /home/prathamkelkar/ros2_ws/install/px4_msgs/share/px4_msgs/msg/InputRc.msg\n'}
[2.588198] (px4_msgs) StdoutLine: {'line': b'-- Up-to-date symlink: /home/prathamkelkar/ros2_ws/install/px4_msgs/share/px4_msgs/msg/InternalCombustionEngineStatus.msg\n'}
[2.588261] (px4_msgs) StdoutLine: {'line': b'-- Up-to-date symlink: /home/prathamkelkar/ros2_ws/install/px4_msgs/share/px4_msgs/msg/IridiumsbdStatus.msg\n'}
[2.588320] (px4_msgs) StdoutLine: {'line': b'-- Up-to-date symlink: /home/prathamkelkar/ros2_ws/install/px4_msgs/share/px4_msgs/msg/IrlockReport.msg\n'}
[2.588384] (px4_msgs) StdoutLine: {'line': b'-- Up-to-date symlink: /home/prathamkelkar/ros2_ws/install/px4_msgs/share/px4_msgs/msg/LandingGear.msg\n'}
[2.588467] (px4_msgs) StdoutLine: {'line': b'-- Up-to-date symlink: /home/prathamkelkar/ros2_ws/install/px4_msgs/share/px4_msgs/msg/LandingGearWheel.msg\n'}
[2.588541] (px4_msgs) StdoutLine: {'line': b'-- Up-to-date symlink: /home/prathamkelkar/ros2_ws/install/px4_msgs/share/px4_msgs/msg/LandingTargetInnovations.msg\n'}
[2.588603] (px4_msgs) StdoutLine: {'line': b'-- Up-to-date symlink: /home/prathamkelkar/ros2_ws/install/px4_msgs/share/px4_msgs/msg/LandingTargetPose.msg\n'}
[2.588666] (px4_msgs) StdoutLine: {'line': b'-- Up-to-date symlink: /home/prathamkelkar/ros2_ws/install/px4_msgs/share/px4_msgs/msg/LaunchDetectionStatus.msg\n'}
[2.588758] (px4_msgs) StdoutLine: {'line': b'-- Up-to-date symlink: /home/prathamkelkar/ros2_ws/install/px4_msgs/share/px4_msgs/msg/LedControl.msg\n'}
[2.588821] (px4_msgs) StdoutLine: {'line': b'-- Up-to-date symlink: /home/prathamkelkar/ros2_ws/install/px4_msgs/share/px4_msgs/msg/LogMessage.msg\n'}
[2.588893] (px4_msgs) StdoutLine: {'line': b'-- Up-to-date symlink: /home/prathamkelkar/ros2_ws/install/px4_msgs/share/px4_msgs/msg/LoggerStatus.msg\n'}
[2.588971] (px4_msgs) StdoutLine: {'line': b'-- Up-to-date symlink: /home/prathamkelkar/ros2_ws/install/px4_msgs/share/px4_msgs/msg/MagWorkerData.msg\n'}
[2.589041] (px4_msgs) StdoutLine: {'line': b'-- Up-to-date symlink: /home/prathamkelkar/ros2_ws/install/px4_msgs/share/px4_msgs/msg/MagnetometerBiasEstimate.msg\n'}
[2.589112] (px4_msgs) StdoutLine: {'line': b'-- Up-to-date symlink: /home/prathamkelkar/ros2_ws/install/px4_msgs/share/px4_msgs/msg/ManualControlSetpoint.msg\n'}
[2.589185] (px4_msgs) StdoutLine: {'line': b'-- Up-to-date symlink: /home/prathamkelkar/ros2_ws/install/px4_msgs/share/px4_msgs/msg/ManualControlSwitches.msg\n'}
[2.589257] (px4_msgs) StdoutLine: {'line': b'-- Up-to-date symlink: /home/prathamkelkar/ros2_ws/install/px4_msgs/share/px4_msgs/msg/MavlinkLog.msg\n'}
[2.589319] (px4_msgs) StdoutLine: {'line': b'-- Up-to-date symlink: /home/prathamkelkar/ros2_ws/install/px4_msgs/share/px4_msgs/msg/MavlinkTunnel.msg\n'}
[2.589383] (px4_msgs) StdoutLine: {'line': b'-- Up-to-date symlink: /home/prathamkelkar/ros2_ws/install/px4_msgs/share/px4_msgs/msg/MessageFormatRequest.msg\n'}
[2.589437] (px4_msgs) StdoutLine: {'line': b'-- Up-to-date symlink: /home/prathamkelkar/ros2_ws/install/px4_msgs/share/px4_msgs/msg/MessageFormatResponse.msg\n'}
[2.589499] (px4_msgs) StdoutLine: {'line': b'-- Up-to-date symlink: /home/prathamkelkar/ros2_ws/install/px4_msgs/share/px4_msgs/msg/Mission.msg\n'}
[2.589560] (px4_msgs) StdoutLine: {'line': b'-- Up-to-date symlink: /home/prathamkelkar/ros2_ws/install/px4_msgs/share/px4_msgs/msg/MissionResult.msg\n'}
[2.589686] (px4_msgs) StdoutLine: {'line': b'-- Up-to-date symlink: /home/prathamkelkar/ros2_ws/install/px4_msgs/share/px4_msgs/msg/ModeCompleted.msg\n'}
[2.589751] (px4_msgs) StdoutLine: {'line': b'-- Up-to-date symlink: /home/prathamkelkar/ros2_ws/install/px4_msgs/share/px4_msgs/msg/MountOrientation.msg\n'}
[2.589870] (px4_msgs) StdoutLine: {'line': b'-- Up-to-date symlink: /home/prathamkelkar/ros2_ws/install/px4_msgs/share/px4_msgs/msg/NavigatorMissionItem.msg\n'}
[2.589941] (px4_msgs) StdoutLine: {'line': b'-- Up-to-date symlink: /home/prathamkelkar/ros2_ws/install/px4_msgs/share/px4_msgs/msg/NormalizedUnsignedSetpoint.msg\n'}
[2.590001] (px4_msgs) StdoutLine: {'line': b'-- Up-to-date symlink: /home/prathamkelkar/ros2_ws/install/px4_msgs/share/px4_msgs/msg/NpfgStatus.msg\n'}
[2.590060] (px4_msgs) StdoutLine: {'line': b'-- Up-to-date symlink: /home/prathamkelkar/ros2_ws/install/px4_msgs/share/px4_msgs/msg/ObstacleDistance.msg\n'}
[2.590123] (px4_msgs) StdoutLine: {'line': b'-- Up-to-date symlink: /home/prathamkelkar/ros2_ws/install/px4_msgs/share/px4_msgs/msg/OffboardControlMode.msg\n'}
[2.590216] (px4_msgs) StdoutLine: {'line': b'-- Up-to-date symlink: /home/prathamkelkar/ros2_ws/install/px4_msgs/share/px4_msgs/msg/OnboardComputerStatus.msg\n'}
[2.590276] (px4_msgs) StdoutLine: {'line': b'-- Up-to-date symlink: /home/prathamkelkar/ros2_ws/install/px4_msgs/share/px4_msgs/msg/OrbTest.msg\n'}
[2.590344] (px4_msgs) StdoutLine: {'line': b'-- Up-to-date symlink: /home/prathamkelkar/ros2_ws/install/px4_msgs/share/px4_msgs/msg/OrbTestLarge.msg\n'}
[2.590395] (px4_msgs) StdoutLine: {'line': b'-- Up-to-date symlink: /home/prathamkelkar/ros2_ws/install/px4_msgs/share/px4_msgs/msg/OrbTestMedium.msg\n'}
[2.590674] (px4_msgs) StdoutLine: {'line': b'-- Up-to-date symlink: /home/prathamkelkar/ros2_ws/install/px4_msgs/share/px4_msgs/msg/OrbitStatus.msg\n'}
[2.590866] (px4_msgs) StdoutLine: {'line': b'-- Up-to-date symlink: /home/prathamkelkar/ros2_ws/install/px4_msgs/share/px4_msgs/msg/ParameterResetRequest.msg\n'}
[2.590980] (px4_msgs) StdoutLine: {'line': b'-- Up-to-date symlink: /home/prathamkelkar/ros2_ws/install/px4_msgs/share/px4_msgs/msg/ParameterSetUsedRequest.msg\n'}
[2.591110] (px4_msgs) StdoutLine: {'line': b'-- Up-to-date symlink: /home/prathamkelkar/ros2_ws/install/px4_msgs/share/px4_msgs/msg/ParameterSetValueRequest.msg\n'}
[2.591265] (px4_msgs) StdoutLine: {'line': b'-- Up-to-date symlink: /home/prathamkelkar/ros2_ws/install/px4_msgs/share/px4_msgs/msg/ParameterSetValueResponse.msg\n'}
[2.591375] (px4_msgs) StdoutLine: {'line': b'-- Up-to-date symlink: /home/prathamkelkar/ros2_ws/install/px4_msgs/share/px4_msgs/msg/ParameterUpdate.msg\n'}
[2.591471] (px4_msgs) StdoutLine: {'line': b'-- Up-to-date symlink: /home/prathamkelkar/ros2_ws/install/px4_msgs/share/px4_msgs/msg/Ping.msg\n'}
[2.591556] (px4_msgs) StdoutLine: {'line': b'-- Up-to-date symlink: /home/prathamkelkar/ros2_ws/install/px4_msgs/share/px4_msgs/msg/PositionControllerLandingStatus.msg\n'}
[2.591642] (px4_msgs) StdoutLine: {'line': b'-- Up-to-date symlink: /home/prathamkelkar/ros2_ws/install/px4_msgs/share/px4_msgs/msg/PositionControllerStatus.msg\n'}
[2.591743] (px4_msgs) StdoutLine: {'line': b'-- Up-to-date symlink: /home/prathamkelkar/ros2_ws/install/px4_msgs/share/px4_msgs/msg/PositionSetpoint.msg\n'}
[2.591829] (px4_msgs) StdoutLine: {'line': b'-- Up-to-date symlink: /home/prathamkelkar/ros2_ws/install/px4_msgs/share/px4_msgs/msg/PositionSetpointTriplet.msg\n'}
[2.591929] (px4_msgs) StdoutLine: {'line': b'-- Up-to-date symlink: /home/prathamkelkar/ros2_ws/install/px4_msgs/share/px4_msgs/msg/PowerButtonState.msg\n'}
[2.592015] (px4_msgs) StdoutLine: {'line': b'-- Up-to-date symlink: /home/prathamkelkar/ros2_ws/install/px4_msgs/share/px4_msgs/msg/PowerMonitor.msg\n'}
[2.592108] (px4_msgs) StdoutLine: {'line': b'-- Up-to-date symlink: /home/prathamkelkar/ros2_ws/install/px4_msgs/share/px4_msgs/msg/PpsCapture.msg\n'}
[2.592230] (px4_msgs) StdoutLine: {'line': b'-- Up-to-date symlink: /home/prathamkelkar/ros2_ws/install/px4_msgs/share/px4_msgs/msg/PwmInput.msg\n'}
[2.592345] (px4_msgs) StdoutLine: {'line': b'-- Up-to-date symlink: /home/prathamkelkar/ros2_ws/install/px4_msgs/share/px4_msgs/msg/Px4ioStatus.msg\n'}
[2.592436] (px4_msgs) StdoutLine: {'line': b'-- Up-to-date symlink: /home/prathamkelkar/ros2_ws/install/px4_msgs/share/px4_msgs/msg/QshellReq.msg\n'}
[2.592528] (px4_msgs) StdoutLine: {'line': b'-- Up-to-date symlink: /home/prathamkelkar/ros2_ws/install/px4_msgs/share/px4_msgs/msg/QshellRetval.msg\n'}
[2.592614] (px4_msgs) StdoutLine: {'line': b'-- Up-to-date symlink: /home/prathamkelkar/ros2_ws/install/px4_msgs/share/px4_msgs/msg/RadioStatus.msg\n'}
[2.592713] (px4_msgs) StdoutLine: {'line': b'-- Up-to-date symlink: /home/prathamkelkar/ros2_ws/install/px4_msgs/share/px4_msgs/msg/RateCtrlStatus.msg\n'}
[2.592793] (px4_msgs) StdoutLine: {'line': b'-- Up-to-date symlink: /home/prathamkelkar/ros2_ws/install/px4_msgs/share/px4_msgs/msg/RcChannels.msg\n'}
[2.592883] (px4_msgs) StdoutLine: {'line': b'-- Up-to-date symlink: /home/prathamkelkar/ros2_ws/install/px4_msgs/share/px4_msgs/msg/RcParameterMap.msg\n'}
[2.592992] (px4_msgs) StdoutLine: {'line': b'-- Up-to-date symlink: /home/prathamkelkar/ros2_ws/install/px4_msgs/share/px4_msgs/msg/RegisterExtComponentReply.msg\n'}
[2.593079] (px4_msgs) StdoutLine: {'line': b'-- Up-to-date symlink: /home/prathamkelkar/ros2_ws/install/px4_msgs/share/px4_msgs/msg/RegisterExtComponentRequest.msg\n'}
[2.593170] (px4_msgs) StdoutLine: {'line': b'-- Up-to-date symlink: /home/prathamkelkar/ros2_ws/install/px4_msgs/share/px4_msgs/msg/Rpm.msg\n'}
[2.593261] (px4_msgs) StdoutLine: {'line': b'-- Up-to-date symlink: /home/prathamkelkar/ros2_ws/install/px4_msgs/share/px4_msgs/msg/RtlStatus.msg\n'}
[2.593345] (px4_msgs) StdoutLine: {'line': b'-- Up-to-date symlink: /home/prathamkelkar/ros2_ws/install/px4_msgs/share/px4_msgs/msg/RtlTimeEstimate.msg\n'}
[2.593438] (px4_msgs) StdoutLine: {'line': b'-- Up-to-date symlink: /home/prathamkelkar/ros2_ws/install/px4_msgs/share/px4_msgs/msg/SatelliteInfo.msg\n'}
[2.593525] (px4_msgs) StdoutLine: {'line': b'-- Up-to-date symlink: /home/prathamkelkar/ros2_ws/install/px4_msgs/share/px4_msgs/msg/SensorAccel.msg\n'}
[2.593614] (px4_msgs) StdoutLine: {'line': b'-- Up-to-date symlink: /home/prathamkelkar/ros2_ws/install/px4_msgs/share/px4_msgs/msg/SensorAccelFifo.msg\n'}
[2.593717] (px4_msgs) StdoutLine: {'line': b'-- Up-to-date symlink: /home/prathamkelkar/ros2_ws/install/px4_msgs/share/px4_msgs/msg/SensorAirflow.msg\n'}
[2.593801] (px4_msgs) StdoutLine: {'line': b'-- Up-to-date symlink: /home/prathamkelkar/ros2_ws/install/px4_msgs/share/px4_msgs/msg/SensorBaro.msg\n'}
[2.593895] (px4_msgs) StdoutLine: {'line': b'-- Up-to-date symlink: /home/prathamkelkar/ros2_ws/install/px4_msgs/share/px4_msgs/msg/SensorCombined.msg\n'}
[2.593989] (px4_msgs) StdoutLine: {'line': b'-- Up-to-date symlink: /home/prathamkelkar/ros2_ws/install/px4_msgs/share/px4_msgs/msg/SensorCorrection.msg\n'}
[2.594076] (px4_msgs) StdoutLine: {'line': b'-- Up-to-date symlink: /home/prathamkelkar/ros2_ws/install/px4_msgs/share/px4_msgs/msg/SensorGnssRelative.msg\n'}
[2.594156] (px4_msgs) StdoutLine: {'line': b'-- Up-to-date symlink: /home/prathamkelkar/ros2_ws/install/px4_msgs/share/px4_msgs/msg/SensorGps.msg\n'}
[2.594238] (px4_msgs) StdoutLine: {'line': b'-- Up-to-date symlink: /home/prathamkelkar/ros2_ws/install/px4_msgs/share/px4_msgs/msg/SensorGyro.msg\n'}
[2.594328] (px4_msgs) StdoutLine: {'line': b'-- Up-to-date symlink: /home/prathamkelkar/ros2_ws/install/px4_msgs/share/px4_msgs/msg/SensorGyroFft.msg\n'}
[2.594413] (px4_msgs) StdoutLine: {'line': b'-- Up-to-date symlink: /home/prathamkelkar/ros2_ws/install/px4_msgs/share/px4_msgs/msg/SensorGyroFifo.msg\n'}
[2.594496] (px4_msgs) StdoutLine: {'line': b'-- Up-to-date symlink: /home/prathamkelkar/ros2_ws/install/px4_msgs/share/px4_msgs/msg/SensorHygrometer.msg\n'}
[2.594579] (px4_msgs) StdoutLine: {'line': b'-- Up-to-date symlink: /home/prathamkelkar/ros2_ws/install/px4_msgs/share/px4_msgs/msg/SensorMag.msg\n'}
[2.594664] (px4_msgs) StdoutLine: {'line': b'-- Up-to-date symlink: /home/prathamkelkar/ros2_ws/install/px4_msgs/share/px4_msgs/msg/SensorOpticalFlow.msg\n'}
[2.599165] (px4_msgs) StdoutLine: {'line': b'-- Up-to-date symlink: /home/prathamkelkar/ros2_ws/install/px4_msgs/share/px4_msgs/msg/SensorPreflightMag.msg\n'}
[2.599281] (px4_msgs) StdoutLine: {'line': b'-- Up-to-date symlink: /home/prathamkelkar/ros2_ws/install/px4_msgs/share/px4_msgs/msg/SensorSelection.msg\n'}
[2.599369] (px4_msgs) StdoutLine: {'line': b'-- Up-to-date symlink: /home/prathamkelkar/ros2_ws/install/px4_msgs/share/px4_msgs/msg/SensorUwb.msg\n'}
[2.599455] (px4_msgs) StdoutLine: {'line': b'-- Up-to-date symlink: /home/prathamkelkar/ros2_ws/install/px4_msgs/share/px4_msgs/msg/SensorsStatus.msg\n'}
[2.599534] (px4_msgs) StdoutLine: {'line': b'-- Up-to-date symlink: /home/prathamkelkar/ros2_ws/install/px4_msgs/share/px4_msgs/msg/SensorsStatusImu.msg\n'}
[2.599613] (px4_msgs) StdoutLine: {'line': b'-- Up-to-date symlink: /home/prathamkelkar/ros2_ws/install/px4_msgs/share/px4_msgs/msg/SystemPower.msg\n'}
[2.599702] (px4_msgs) StdoutLine: {'line': b'-- Up-to-date symlink: /home/prathamkelkar/ros2_ws/install/px4_msgs/share/px4_msgs/msg/TakeoffStatus.msg\n'}
[2.599780] (px4_msgs) StdoutLine: {'line': b'-- Up-to-date symlink: /home/prathamkelkar/ros2_ws/install/px4_msgs/share/px4_msgs/msg/TaskStackInfo.msg\n'}
[2.599854] (px4_msgs) StdoutLine: {'line': b'-- Up-to-date symlink: /home/prathamkelkar/ros2_ws/install/px4_msgs/share/px4_msgs/msg/TecsStatus.msg\n'}
[2.599930] (px4_msgs) StdoutLine: {'line': b'-- Up-to-date symlink: /home/prathamkelkar/ros2_ws/install/px4_msgs/share/px4_msgs/msg/TelemetryStatus.msg\n'}
[2.600009] (px4_msgs) StdoutLine: {'line': b'-- Up-to-date symlink: /home/prathamkelkar/ros2_ws/install/px4_msgs/share/px4_msgs/msg/TiltrotorExtraControls.msg\n'}
[2.600116] (px4_msgs) StdoutLine: {'line': b'-- Up-to-date symlink: /home/prathamkelkar/ros2_ws/install/px4_msgs/share/px4_msgs/msg/TimesyncStatus.msg\n'}
[2.600192] (px4_msgs) StdoutLine: {'line': b'-- Up-to-date symlink: /home/prathamkelkar/ros2_ws/install/px4_msgs/share/px4_msgs/msg/TrajectoryBezier.msg\n'}
[2.600336] (px4_msgs) StdoutLine: {'line': b'-- Up-to-date symlink: /home/prathamkelkar/ros2_ws/install/px4_msgs/share/px4_msgs/msg/TrajectorySetpoint.msg\n'}
[2.600444] (px4_msgs) StdoutLine: {'line': b'-- Up-to-date symlink: /home/prathamkelkar/ros2_ws/install/px4_msgs/share/px4_msgs/msg/TrajectoryWaypoint.msg\n'}
[2.600540] (px4_msgs) StdoutLine: {'line': b'-- Up-to-date symlink: /home/prathamkelkar/ros2_ws/install/px4_msgs/share/px4_msgs/msg/TransponderReport.msg\n'}
[2.600682] (px4_msgs) StdoutLine: {'line': b'-- Up-to-date symlink: /home/prathamkelkar/ros2_ws/install/px4_msgs/share/px4_msgs/msg/TuneControl.msg\n'}
[2.600788] (px4_msgs) StdoutLine: {'line': b'-- Up-to-date symlink: /home/prathamkelkar/ros2_ws/install/px4_msgs/share/px4_msgs/msg/UavcanParameterRequest.msg\n'}
[2.600880] (px4_msgs) StdoutLine: {'line': b'-- Up-to-date symlink: /home/prathamkelkar/ros2_ws/install/px4_msgs/share/px4_msgs/msg/UavcanParameterValue.msg\n'}
[2.600980] (px4_msgs) StdoutLine: {'line': b'-- Up-to-date symlink: /home/prathamkelkar/ros2_ws/install/px4_msgs/share/px4_msgs/msg/UlogStream.msg\n'}
[2.601100] (px4_msgs) StdoutLine: {'line': b'-- Up-to-date symlink: /home/prathamkelkar/ros2_ws/install/px4_msgs/share/px4_msgs/msg/UlogStreamAck.msg\n'}
[2.601217] (px4_msgs) StdoutLine: {'line': b'-- Up-to-date symlink: /home/prathamkelkar/ros2_ws/install/px4_msgs/share/px4_msgs/msg/UnregisterExtComponent.msg\n'}
[2.601340] (px4_msgs) StdoutLine: {'line': b'-- Up-to-date symlink: /home/prathamkelkar/ros2_ws/install/px4_msgs/share/px4_msgs/msg/VehicleAcceleration.msg\n'}
[2.601452] (px4_msgs) StdoutLine: {'line': b'-- Up-to-date symlink: /home/prathamkelkar/ros2_ws/install/px4_msgs/share/px4_msgs/msg/VehicleAirData.msg\n'}
[2.601565] (px4_msgs) StdoutLine: {'line': b'-- Up-to-date symlink: /home/prathamkelkar/ros2_ws/install/px4_msgs/share/px4_msgs/msg/VehicleAngularAccelerationSetpoint.msg\n'}
[2.601672] (px4_msgs) StdoutLine: {'line': b'-- Up-to-date symlink: /home/prathamkelkar/ros2_ws/install/px4_msgs/share/px4_msgs/msg/VehicleAngularVelocity.msg\n'}
[2.601787] (px4_msgs) StdoutLine: {'line': b'-- Up-to-date symlink: /home/prathamkelkar/ros2_ws/install/px4_msgs/share/px4_msgs/msg/VehicleAttitude.msg\n'}
[2.601880] (px4_msgs) StdoutLine: {'line': b'-- Up-to-date symlink: /home/prathamkelkar/ros2_ws/install/px4_msgs/share/px4_msgs/msg/VehicleAttitudeSetpoint.msg\n'}
[2.602007] (px4_msgs) StdoutLine: {'line': b'-- Up-to-date symlink: /home/prathamkelkar/ros2_ws/install/px4_msgs/share/px4_msgs/msg/VehicleCommand.msg\n'}
[2.602126] (px4_msgs) StdoutLine: {'line': b'-- Up-to-date symlink: /home/prathamkelkar/ros2_ws/install/px4_msgs/share/px4_msgs/msg/VehicleCommandAck.msg\n'}
[2.602235] (px4_msgs) StdoutLine: {'line': b'-- Up-to-date symlink: /home/prathamkelkar/ros2_ws/install/px4_msgs/share/px4_msgs/msg/VehicleConstraints.msg\n'}
[2.602357] (px4_msgs) StdoutLine: {'line': b'-- Up-to-date symlink: /home/prathamkelkar/ros2_ws/install/px4_msgs/share/px4_msgs/msg/VehicleControlMode.msg\n'}
[2.602445] (px4_msgs) StdoutLine: {'line': b'-- Up-to-date symlink: /home/prathamkelkar/ros2_ws/install/px4_msgs/share/px4_msgs/msg/VehicleGlobalPosition.msg\n'}
[2.602546] (px4_msgs) StdoutLine: {'line': b'-- Up-to-date symlink: /home/prathamkelkar/ros2_ws/install/px4_msgs/share/px4_msgs/msg/VehicleImu.msg\n'}
[2.602660] (px4_msgs) StdoutLine: {'line': b'-- Up-to-date symlink: /home/prathamkelkar/ros2_ws/install/px4_msgs/share/px4_msgs/msg/VehicleImuStatus.msg\n'}
[2.602745] (px4_msgs) StdoutLine: {'line': b'-- Up-to-date symlink: /home/prathamkelkar/ros2_ws/install/px4_msgs/share/px4_msgs/msg/VehicleLandDetected.msg\n'}
[2.603059] (px4_msgs) StdoutLine: {'line': b'-- Up-to-date symlink: /home/prathamkelkar/ros2_ws/install/px4_msgs/share/px4_msgs/msg/VehicleLocalPosition.msg\n'}
[2.603296] (px4_msgs) StdoutLine: {'line': b'-- Up-to-date symlink: /home/prathamkelkar/ros2_ws/install/px4_msgs/share/px4_msgs/msg/VehicleLocalPositionSetpoint.msg\n'}
[2.603450] (px4_msgs) StdoutLine: {'line': b'-- Up-to-date symlink: /home/prathamkelkar/ros2_ws/install/px4_msgs/share/px4_msgs/msg/VehicleMagnetometer.msg\n'}
[2.603572] (px4_msgs) StdoutLine: {'line': b'-- Up-to-date symlink: /home/prathamkelkar/ros2_ws/install/px4_msgs/share/px4_msgs/msg/VehicleOdometry.msg\n'}
[2.603712] (px4_msgs) StdoutLine: {'line': b'-- Up-to-date symlink: /home/prathamkelkar/ros2_ws/install/px4_msgs/share/px4_msgs/msg/VehicleOpticalFlow.msg\n'}
[2.603824] (px4_msgs) StdoutLine: {'line': b'-- Up-to-date symlink: /home/prathamkelkar/ros2_ws/install/px4_msgs/share/px4_msgs/msg/VehicleOpticalFlowVel.msg\n'}
[2.603958] (px4_msgs) StdoutLine: {'line': b'-- Up-to-date symlink: /home/prathamkelkar/ros2_ws/install/px4_msgs/share/px4_msgs/msg/VehicleRatesSetpoint.msg\n'}
[2.604069] (px4_msgs) StdoutLine: {'line': b'-- Up-to-date symlink: /home/prathamkelkar/ros2_ws/install/px4_msgs/share/px4_msgs/msg/VehicleRoi.msg\n'}
[2.604201] (px4_msgs) StdoutLine: {'line': b'-- Up-to-date symlink: /home/prathamkelkar/ros2_ws/install/px4_msgs/share/px4_msgs/msg/VehicleStatus.msg\n'}
[2.604327] (px4_msgs) StdoutLine: {'line': b'-- Up-to-date symlink: /home/prathamkelkar/ros2_ws/install/px4_msgs/share/px4_msgs/msg/VehicleThrustSetpoint.msg\n'}
[2.604441] (px4_msgs) StdoutLine: {'line': b'-- Up-to-date symlink: /home/prathamkelkar/ros2_ws/install/px4_msgs/share/px4_msgs/msg/VehicleTorqueSetpoint.msg\n'}
[2.604531] (px4_msgs) StdoutLine: {'line': b'-- Up-to-date symlink: /home/prathamkelkar/ros2_ws/install/px4_msgs/share/px4_msgs/msg/VehicleTrajectoryBezier.msg\n'}
[2.604662] (px4_msgs) StdoutLine: {'line': b'-- Up-to-date symlink: /home/prathamkelkar/ros2_ws/install/px4_msgs/share/px4_msgs/msg/VehicleTrajectoryWaypoint.msg\n'}
[2.604965] (px4_msgs) StdoutLine: {'line': b'-- Up-to-date symlink: /home/prathamkelkar/ros2_ws/install/px4_msgs/share/px4_msgs/msg/VelocityLimits.msg\n'}
[2.605099] (px4_msgs) StdoutLine: {'line': b'-- Up-to-date symlink: /home/prathamkelkar/ros2_ws/install/px4_msgs/share/px4_msgs/msg/VtolVehicleStatus.msg\n'}
[2.605207] (px4_msgs) StdoutLine: {'line': b'-- Up-to-date symlink: /home/prathamkelkar/ros2_ws/install/px4_msgs/share/px4_msgs/msg/WheelEncoders.msg\n'}
[2.605375] (px4_msgs) StdoutLine: {'line': b'-- Up-to-date symlink: /home/prathamkelkar/ros2_ws/install/px4_msgs/share/px4_msgs/msg/Wind.msg\n'}
[2.605515] (px4_msgs) StdoutLine: {'line': b'-- Up-to-date symlink: /home/prathamkelkar/ros2_ws/install/px4_msgs/share/px4_msgs/msg/YawEstimatorStatus.msg\n'}
[2.605638] (px4_msgs) StdoutLine: {'line': b'-- Up-to-date symlink: /home/prathamkelkar/ros2_ws/install/px4_msgs/share/px4_msgs/srv/VehicleCommand.srv\n'}
[2.605769] (px4_msgs) StdoutLine: {'line': b'-- Up-to-date symlink: /home/prathamkelkar/ros2_ws/install/px4_msgs/share/ament_index/resource_index/package_run_dependencies/px4_msgs\n'}
[2.605909] (px4_msgs) StdoutLine: {'line': b'-- Up-to-date symlink: /home/prathamkelkar/ros2_ws/install/px4_msgs/share/ament_index/resource_index/parent_prefix_path/px4_msgs\n'}
[2.606032] (px4_msgs) StdoutLine: {'line': b'-- Up-to-date symlink: /home/prathamkelkar/ros2_ws/install/px4_msgs/share/px4_msgs/environment/ament_prefix_path.sh\n'}
[2.606152] (px4_msgs) StdoutLine: {'line': b'-- Up-to-date symlink: /home/prathamkelkar/ros2_ws/install/px4_msgs/share/px4_msgs/environment/ament_prefix_path.dsv\n'}
[2.606268] (px4_msgs) StdoutLine: {'line': b'-- Up-to-date symlink: /home/prathamkelkar/ros2_ws/install/px4_msgs/share/px4_msgs/environment/path.sh\n'}
[2.606419] (px4_msgs) StdoutLine: {'line': b'-- Up-to-date symlink: /home/prathamkelkar/ros2_ws/install/px4_msgs/share/px4_msgs/environment/path.dsv\n'}
[2.606548] (px4_msgs) StdoutLine: {'line': b'-- Up-to-date symlink: /home/prathamkelkar/ros2_ws/install/px4_msgs/share/px4_msgs/local_setup.bash\n'}
[2.606726] (px4_msgs) StdoutLine: {'line': b'-- Up-to-date symlink: /home/prathamkelkar/ros2_ws/install/px4_msgs/share/px4_msgs/local_setup.sh\n'}
[2.607170] (px4_msgs) StdoutLine: {'line': b'-- Up-to-date symlink: /home/prathamkelkar/ros2_ws/install/px4_msgs/share/px4_msgs/local_setup.zsh\n'}
[2.607368] (px4_msgs) StdoutLine: {'line': b'-- Up-to-date symlink: /home/prathamkelkar/ros2_ws/install/px4_msgs/share/px4_msgs/local_setup.dsv\n'}
[2.607547] (px4_msgs) StdoutLine: {'line': b'-- Symlinking: /home/prathamkelkar/ros2_ws/install/px4_msgs/share/px4_msgs/package.dsv\n'}
[2.607893] (px4_msgs) StdoutLine: {'line': b'-- Up-to-date symlink: /home/prathamkelkar/ros2_ws/install/px4_msgs/share/ament_index/resource_index/packages/px4_msgs\n'}
[2.608104] (px4_msgs) StdoutLine: {'line': b'-- Up-to-date symlink: /home/prathamkelkar/ros2_ws/install/px4_msgs/share/px4_msgs/cmake/rosidl_cmake-extras.cmake\n'}
[2.608327] (px4_msgs) StdoutLine: {'line': b'-- Up-to-date symlink: /home/prathamkelkar/ros2_ws/install/px4_msgs/share/px4_msgs/cmake/ament_cmake_export_dependencies-extras.cmake\n'}
[2.608527] (px4_msgs) StdoutLine: {'line': b'-- Up-to-date symlink: /home/prathamkelkar/ros2_ws/install/px4_msgs/share/px4_msgs/cmake/ament_cmake_export_include_directories-extras.cmake\n'}
[2.608689] (px4_msgs) StdoutLine: {'line': b'-- Up-to-date symlink: /home/prathamkelkar/ros2_ws/install/px4_msgs/share/px4_msgs/cmake/ament_cmake_export_libraries-extras.cmake\n'}
[2.608866] (px4_msgs) StdoutLine: {'line': b'-- Up-to-date symlink: /home/prathamkelkar/ros2_ws/install/px4_msgs/share/px4_msgs/cmake/ament_cmake_export_targets-extras.cmake\n'}
[2.609033] (px4_msgs) StdoutLine: {'line': b'-- Up-to-date symlink: /home/prathamkelkar/ros2_ws/install/px4_msgs/share/px4_msgs/cmake/rosidl_cmake_export_typesupport_targets-extras.cmake\n'}
[2.609186] (px4_msgs) StdoutLine: {'line': b'-- Up-to-date symlink: /home/prathamkelkar/ros2_ws/install/px4_msgs/share/px4_msgs/cmake/rosidl_cmake_export_typesupport_libraries-extras.cmake\n'}
[2.609304] (px4_msgs) StdoutLine: {'line': b'-- Up-to-date symlink: /home/prathamkelkar/ros2_ws/install/px4_msgs/share/px4_msgs/cmake/rosidl_cmake_aggregate_target-extras.cmake\n'}
[2.609445] (px4_msgs) StdoutLine: {'line': b'-- Up-to-date symlink: /home/prathamkelkar/ros2_ws/install/px4_msgs/share/px4_msgs/cmake/px4_msgsConfig.cmake\n'}
[2.609634] (-) TimerEvent: {}
[2.609854] (px4_msgs) StdoutLine: {'line': b'-- Up-to-date symlink: /home/prathamkelkar/ros2_ws/install/px4_msgs/share/px4_msgs/cmake/px4_msgsConfig-version.cmake\n'}
[2.610021] (px4_msgs) StdoutLine: {'line': b'-- Up-to-date symlink: /home/prathamkelkar/ros2_ws/install/px4_msgs/share/px4_msgs/package.xml\n'}
[2.610152] (px4_msgs) StdoutLine: {'line': b'-- Up-to-date: /home/prathamkelkar/ros2_ws/install/px4_msgs/lib/libpx4_msgs__rosidl_generator_c.so\n'}
[2.610279] (px4_msgs) StdoutLine: {'line': b'-- Up-to-date: /home/prathamkelkar/ros2_ws/install/px4_msgs/lib/libpx4_msgs__rosidl_typesupport_fastrtps_c.so\n'}
[2.610461] (px4_msgs) StdoutLine: {'line': b'-- Up-to-date: /home/prathamkelkar/ros2_ws/install/px4_msgs/lib/libpx4_msgs__rosidl_typesupport_fastrtps_cpp.so\n'}
[2.610872] (px4_msgs) StdoutLine: {'line': b'-- Up-to-date: /home/prathamkelkar/ros2_ws/install/px4_msgs/lib/libpx4_msgs__rosidl_typesupport_introspection_c.so\n'}
[2.611055] (px4_msgs) StdoutLine: {'line': b'-- Up-to-date: /home/prathamkelkar/ros2_ws/install/px4_msgs/lib/libpx4_msgs__rosidl_typesupport_c.so\n'}
[2.611192] (px4_msgs) StdoutLine: {'line': b'-- Up-to-date: /home/prathamkelkar/ros2_ws/install/px4_msgs/lib/libpx4_msgs__rosidl_typesupport_introspection_cpp.so\n'}
[2.611479] (px4_msgs) StdoutLine: {'line': b'-- Up-to-date: /home/prathamkelkar/ros2_ws/install/px4_msgs/lib/libpx4_msgs__rosidl_typesupport_cpp.so\n'}
[2.611593] (px4_msgs) StdoutLine: {'line': b"Listing '/home/prathamkelkar/ros2_ws/install/px4_msgs/lib/python3.12/site-packages/px4_msgs'...\n"}
[2.611694] (px4_msgs) StdoutLine: {'line': b"Listing '/home/prathamkelkar/ros2_ws/install/px4_msgs/lib/python3.12/site-packages/px4_msgs/msg'...\n"}
[2.611797] (px4_msgs) StdoutLine: {'line': b"Listing '/home/prathamkelkar/ros2_ws/install/px4_msgs/lib/python3.12/site-packages/px4_msgs/srv'...\n"}
[2.611960] (px4_msgs) StdoutLine: {'line': b'-- Up-to-date: /home/prathamkelkar/ros2_ws/install/px4_msgs/lib/libpx4_msgs__rosidl_generator_py.so\n'}
[2.612052] (px4_msgs) StdoutLine: {'line': b'-- Up-to-date: /home/prathamkelkar/ros2_ws/install/px4_msgs/share/px4_msgs/cmake/export_px4_msgs__rosidl_generator_cExport.cmake\n'}
[2.612135] (px4_msgs) StdoutLine: {'line': b'-- Up-to-date: /home/prathamkelkar/ros2_ws/install/px4_msgs/share/px4_msgs/cmake/export_px4_msgs__rosidl_generator_cExport-noconfig.cmake\n'}
[2.612216] (px4_msgs) StdoutLine: {'line': b'-- Up-to-date: /home/prathamkelkar/ros2_ws/install/px4_msgs/share/px4_msgs/cmake/export_px4_msgs__rosidl_typesupport_fastrtps_cExport.cmake\n'}
[2.612333] (px4_msgs) StdoutLine: {'line': b'-- Up-to-date: /home/prathamkelkar/ros2_ws/install/px4_msgs/share/px4_msgs/cmake/export_px4_msgs__rosidl_typesupport_fastrtps_cExport-noconfig.cmake\n'}
[2.612422] (px4_msgs) StdoutLine: {'line': b'-- Up-to-date: /home/prathamkelkar/ros2_ws/install/px4_msgs/share/px4_msgs/cmake/export_px4_msgs__rosidl_generator_cppExport.cmake\n'}
[2.612499] (px4_msgs) StdoutLine: {'line': b'-- Up-to-date: /home/prathamkelkar/ros2_ws/install/px4_msgs/share/px4_msgs/cmake/export_px4_msgs__rosidl_typesupport_fastrtps_cppExport.cmake\n'}
[2.612575] (px4_msgs) StdoutLine: {'line': b'-- Up-to-date: /home/prathamkelkar/ros2_ws/install/px4_msgs/share/px4_msgs/cmake/export_px4_msgs__rosidl_typesupport_fastrtps_cppExport-noconfig.cmake\n'}
[2.612648] (px4_msgs) StdoutLine: {'line': b'-- Up-to-date: /home/prathamkelkar/ros2_ws/install/px4_msgs/share/px4_msgs/cmake/px4_msgs__rosidl_typesupport_introspection_cExport.cmake\n'}
[2.612741] (px4_msgs) StdoutLine: {'line': b'-- Up-to-date: /home/prathamkelkar/ros2_ws/install/px4_msgs/share/px4_msgs/cmake/px4_msgs__rosidl_typesupport_introspection_cExport-noconfig.cmake\n'}
[2.612816] (px4_msgs) StdoutLine: {'line': b'-- Up-to-date: /home/prathamkelkar/ros2_ws/install/px4_msgs/share/px4_msgs/cmake/px4_msgs__rosidl_typesupport_cExport.cmake\n'}
[2.612887] (px4_msgs) StdoutLine: {'line': b'-- Up-to-date: /home/prathamkelkar/ros2_ws/install/px4_msgs/share/px4_msgs/cmake/px4_msgs__rosidl_typesupport_cExport-noconfig.cmake\n'}
[2.612990] (px4_msgs) StdoutLine: {'line': b'-- Up-to-date: /home/prathamkelkar/ros2_ws/install/px4_msgs/share/px4_msgs/cmake/px4_msgs__rosidl_typesupport_introspection_cppExport.cmake\n'}
[2.613095] (px4_msgs) StdoutLine: {'line': b'-- Up-to-date: /home/prathamkelkar/ros2_ws/install/px4_msgs/share/px4_msgs/cmake/px4_msgs__rosidl_typesupport_introspection_cppExport-noconfig.cmake\n'}
[2.613173] (px4_msgs) StdoutLine: {'line': b'-- Up-to-date: /home/prathamkelkar/ros2_ws/install/px4_msgs/share/px4_msgs/cmake/px4_msgs__rosidl_typesupport_cppExport.cmake\n'}
[2.613243] (px4_msgs) StdoutLine: {'line': b'-- Up-to-date: /home/prathamkelkar/ros2_ws/install/px4_msgs/share/px4_msgs/cmake/px4_msgs__rosidl_typesupport_cppExport-noconfig.cmake\n'}
[2.613308] (px4_msgs) StdoutLine: {'line': b'-- Up-to-date: /home/prathamkelkar/ros2_ws/install/px4_msgs/share/px4_msgs/cmake/export_px4_msgs__rosidl_generator_pyExport.cmake\n'}
[2.613369] (px4_msgs) StdoutLine: {'line': b'-- Up-to-date: /home/prathamkelkar/ros2_ws/install/px4_msgs/share/px4_msgs/cmake/export_px4_msgs__rosidl_generator_pyExport-noconfig.cmake\n'}
[2.613437] (px4_msgs) CommandEnded: {'returncode': 0}
[2.686434] (px4_msgs) JobEnded: {'identifier': 'px4_msgs', 'rc': 0}
[2.689166] (-) EventReactorShutdown: {}
