[0.015s] Invoking command in '/home/prathamkelkar/ros2_ws/build/px4_msgs': CMAKE_PREFIX_PATH=${CMAKE_PREFIX_PATH}:/opt/ros/jazzy DEBUGINFOD_URLS=https://debuginfod.ubuntu.com /usr/bin/cmake /home/prathamkelkar/ros2_ws/src/px4_msgs -DCMAKE_INSTALL_PREFIX=/home/prathamkelkar/ros2_ws/install/px4_msgs
[0.046s] -- Found ament_cmake: 2.5.6 (/opt/ros/jazzy/share/ament_cmake/cmake)
[0.219s] -- Override CMake install command with custom implementation using symlinks instead of copying resources
[0.234s] -- Found builtin_interfaces: 2.0.4 (/opt/ros/jazzy/share/builtin_interfaces/cmake)
[0.278s] -- Found rosidl_generator_c: 4.6.9 (/opt/ros/jazzy/share/rosidl_generator_c/cmake)
[0.292s] -- Found rosidl_generator_cpp: 4.6.9 (/opt/ros/jazzy/share/rosidl_generator_cpp/cmake)
[0.309s] -- Using all available rosidl_typesupport_c: rosidl_typesupport_fastrtps_c;rosidl_typesupport_introspection_c
[0.330s] -- Using all available rosidl_typesupport_cpp: rosidl_typesupport_fastrtps_cpp;rosidl_typesupport_introspection_cpp
[0.349s] -- Found rosidl_default_generators: 1.6.1 (/opt/ros/jazzy/share/rosidl_default_generators/cmake)
[0.364s] -- Found rosidl_adapter: 4.6.9 (/opt/ros/jazzy/share/rosidl_adapter/cmake)
[1.780s] -- Found ament_cmake_cppcheck: 0.17.5 (/opt/ros/jazzy/share/ament_cmake_cppcheck/cmake)
[1.782s] -- Found ament_cmake_cpplint: 0.17.5 (/opt/ros/jazzy/share/ament_cmake_cpplint/cmake)
[1.783s] -- Found ament_cmake_uncrustify: 0.17.5 (/opt/ros/jazzy/share/ament_cmake_uncrustify/cmake)
[1.784s] -- Found ament_cmake_ros: 0.12.1 (/opt/ros/jazzy/share/ament_cmake_ros/cmake)
[2.242s] -- Using all available rosidl_typesupport_c: rosidl_typesupport_fastrtps_c;rosidl_typesupport_introspection_c
[2.425s] -- Using all available rosidl_typesupport_cpp: rosidl_typesupport_fastrtps_cpp;rosidl_typesupport_introspection_cpp
[2.440s] -- Found python_cmake_module: 0.11.1 (/opt/ros/jazzy/share/python_cmake_module/cmake)
[2.889s] -- Found Python3: /usr/bin/python3 (found version "3.12.3") found components: Interpreter Development NumPy Development.Module Development.Embed 
[2.941s] -- Found ament_cmake_flake8: 0.17.5 (/opt/ros/jazzy/share/ament_cmake_flake8/cmake)
[2.941s] -- Found ament_cmake_pep257: 0.17.5 (/opt/ros/jazzy/share/ament_cmake_pep257/cmake)
[3.013s] -- Found Python3: /usr/bin/python3 (found version "3.12.3") found components: Interpreter 
[3.098s] -- Configuring done (3.1s)
[3.549s] -- Generating done (0.3s)
[3.579s] -- Build files have been written to: /home/prathamkelkar/ros2_ws/build/px4_msgs
[3.605s] Invoked command in '/home/prathamkelkar/ros2_ws/build/px4_msgs' returned '0': CMAKE_PREFIX_PATH=${CMAKE_PREFIX_PATH}:/opt/ros/jazzy DEBUGINFOD_URLS=https://debuginfod.ubuntu.com /usr/bin/cmake /home/prathamkelkar/ros2_ws/src/px4_msgs -DCMAKE_INSTALL_PREFIX=/home/prathamkelkar/ros2_ws/install/px4_msgs
[3.608s] Invoking command in '/home/prathamkelkar/ros2_ws/build/px4_msgs': CMAKE_PREFIX_PATH=${CMAKE_PREFIX_PATH}:/opt/ros/jazzy DEBUGINFOD_URLS=https://debuginfod.ubuntu.com /usr/bin/cmake --build /home/prathamkelkar/ros2_ws/build/px4_msgs -- -j16 -l16
[4.368s] [  0%] Built target px4_msgs__rs
[4.378s] [  0%] Built target px4_msgs__rosidl_generator_type_description
[4.378s] [  0%] Built target ament_cmake_python_symlink_px4_msgs
[4.468s] [  0%] Built target px4_msgs__cpp
[4.647s] running egg_info
[4.664s] writing px4_msgs.egg-info/PKG-INFO
[4.664s] writing dependency_links to px4_msgs.egg-info/dependency_links.txt
[4.664s] writing top-level names to px4_msgs.egg-info/top_level.txt
[4.710s] reading manifest file 'px4_msgs.egg-info/SOURCES.txt'
[4.712s] writing manifest file 'px4_msgs.egg-info/SOURCES.txt'
[4.750s] [  0%] Built target ament_cmake_python_build_px4_msgs_egg
[4.790s] [ 29%] Built target px4_msgs__rosidl_generator_c
[4.953s] [ 39%] Built target px4_msgs__rosidl_typesupport_c
[4.966s] [ 49%] Built target px4_msgs__rosidl_typesupport_introspection_c
[5.055s] [ 59%] Built target px4_msgs__rosidl_typesupport_cpp
[5.110s] [ 69%] Built target px4_msgs__rosidl_typesupport_introspection_cpp
[5.125s] [ 79%] Built target px4_msgs__rosidl_typesupport_fastrtps_c
[5.134s] [ 89%] Built target px4_msgs__rosidl_typesupport_fastrtps_cpp
[5.180s] [ 89%] Built target px4_msgs
[5.249s] [ 89%] Built target px4_msgs__py
[5.580s] [ 99%] Built target px4_msgs__rosidl_generator_py
[5.634s] [ 99%] Built target px4_msgs_s__rosidl_typesupport_c
[5.635s] [ 99%] Built target px4_msgs_s__rosidl_typesupport_fastrtps_c
[5.647s] [100%] Built target px4_msgs_s__rosidl_typesupport_introspection_c
[5.677s] Invoked command in '/home/prathamkelkar/ros2_ws/build/px4_msgs' returned '0': CMAKE_PREFIX_PATH=${CMAKE_PREFIX_PATH}:/opt/ros/jazzy DEBUGINFOD_URLS=https://debuginfod.ubuntu.com /usr/bin/cmake --build /home/prathamkelkar/ros2_ws/build/px4_msgs -- -j16 -l16
[5.700s] Invoking command in '/home/prathamkelkar/ros2_ws/build/px4_msgs': CMAKE_PREFIX_PATH=${CMAKE_PREFIX_PATH}:/opt/ros/jazzy DEBUGINFOD_URLS=https://debuginfod.ubuntu.com /usr/bin/cmake --install /home/prathamkelkar/ros2_ws/build/px4_msgs
[5.717s] -- Install configuration: ""
[5.725s] -- Execute custom install script
[5.725s] -- Up-to-date symlink: /home/prathamkelkar/ros2_ws/install/px4_msgs/share/ament_index/resource_index/rosidl_interfaces/px4_msgs
[5.726s] -- Up-to-date symlink: /home/prathamkelkar/ros2_ws/install/px4_msgs/share/px4_msgs/msg/ActionRequest.json
[5.726s] -- Up-to-date symlink: /home/prathamkelkar/ros2_ws/install/px4_msgs/share/px4_msgs/msg/ActuatorArmed.json
[5.727s] -- Up-to-date symlink: /home/prathamkelkar/ros2_ws/install/px4_msgs/share/px4_msgs/msg/ActuatorControlsStatus.json
[5.727s] -- Up-to-date symlink: /home/prathamkelkar/ros2_ws/install/px4_msgs/share/px4_msgs/msg/ActuatorMotors.json
[5.727s] -- Up-to-date symlink: /home/prathamkelkar/ros2_ws/install/px4_msgs/share/px4_msgs/msg/ActuatorOutputs.json
[5.727s] -- Up-to-date symlink: /home/prathamkelkar/ros2_ws/install/px4_msgs/share/px4_msgs/msg/ActuatorServos.json
[5.728s] -- Up-to-date symlink: /home/prathamkelkar/ros2_ws/install/px4_msgs/share/px4_msgs/msg/ActuatorServosTrim.json
[5.728s] -- Up-to-date symlink: /home/prathamkelkar/ros2_ws/install/px4_msgs/share/px4_msgs/msg/ActuatorTest.json
[5.728s] -- Up-to-date symlink: /home/prathamkelkar/ros2_ws/install/px4_msgs/share/px4_msgs/msg/AdcReport.json
[5.728s] -- Up-to-date symlink: /home/prathamkelkar/ros2_ws/install/px4_msgs/share/px4_msgs/msg/Airspeed.json
[5.728s] -- Up-to-date symlink: /home/prathamkelkar/ros2_ws/install/px4_msgs/share/px4_msgs/msg/AirspeedValidated.json
[5.728s] -- Up-to-date symlink: /home/prathamkelkar/ros2_ws/install/px4_msgs/share/px4_msgs/msg/AirspeedWind.json
[5.728s] -- Up-to-date symlink: /home/prathamkelkar/ros2_ws/install/px4_msgs/share/px4_msgs/msg/ArmingCheckReply.json
[5.728s] -- Up-to-date symlink: /home/prathamkelkar/ros2_ws/install/px4_msgs/share/px4_msgs/msg/ArmingCheckRequest.json
[5.728s] -- Up-to-date symlink: /home/prathamkelkar/ros2_ws/install/px4_msgs/share/px4_msgs/msg/AutotuneAttitudeControlStatus.json
[5.728s] -- Up-to-date symlink: /home/prathamkelkar/ros2_ws/install/px4_msgs/share/px4_msgs/msg/BatteryStatus.json
[5.729s] -- Up-to-date symlink: /home/prathamkelkar/ros2_ws/install/px4_msgs/share/px4_msgs/msg/Buffer128.json
[5.729s] -- Up-to-date symlink: /home/prathamkelkar/ros2_ws/install/px4_msgs/share/px4_msgs/msg/ButtonEvent.json
[5.729s] -- Up-to-date symlink: /home/prathamkelkar/ros2_ws/install/px4_msgs/share/px4_msgs/msg/CameraCapture.json
[5.729s] -- Up-to-date symlink: /home/prathamkelkar/ros2_ws/install/px4_msgs/share/px4_msgs/msg/CameraStatus.json
[5.729s] -- Up-to-date symlink: /home/prathamkelkar/ros2_ws/install/px4_msgs/share/px4_msgs/msg/CameraTrigger.json
[5.729s] -- Up-to-date symlink: /home/prathamkelkar/ros2_ws/install/px4_msgs/share/px4_msgs/msg/CanInterfaceStatus.json
[5.729s] -- Up-to-date symlink: /home/prathamkelkar/ros2_ws/install/px4_msgs/share/px4_msgs/msg/CellularStatus.json
[5.729s] -- Up-to-date symlink: /home/prathamkelkar/ros2_ws/install/px4_msgs/share/px4_msgs/msg/CollisionConstraints.json
[5.730s] -- Up-to-date symlink: /home/prathamkelkar/ros2_ws/install/px4_msgs/share/px4_msgs/msg/CollisionReport.json
[5.730s] -- Up-to-date symlink: /home/prathamkelkar/ros2_ws/install/px4_msgs/share/px4_msgs/msg/ConfigOverrides.json
[5.730s] -- Up-to-date symlink: /home/prathamkelkar/ros2_ws/install/px4_msgs/share/px4_msgs/msg/ControlAllocatorStatus.json
[5.730s] -- Up-to-date symlink: /home/prathamkelkar/ros2_ws/install/px4_msgs/share/px4_msgs/msg/Cpuload.json
[5.730s] -- Up-to-date symlink: /home/prathamkelkar/ros2_ws/install/px4_msgs/share/px4_msgs/msg/DatamanRequest.json
[5.730s] -- Up-to-date symlink: /home/prathamkelkar/ros2_ws/install/px4_msgs/share/px4_msgs/msg/DatamanResponse.json
[5.731s] -- Up-to-date symlink: /home/prathamkelkar/ros2_ws/install/px4_msgs/share/px4_msgs/msg/DebugArray.json
[5.731s] -- Up-to-date symlink: /home/prathamkelkar/ros2_ws/install/px4_msgs/share/px4_msgs/msg/DebugKeyValue.json
[5.731s] -- Up-to-date symlink: /home/prathamkelkar/ros2_ws/install/px4_msgs/share/px4_msgs/msg/DebugValue.json
[5.731s] -- Up-to-date symlink: /home/prathamkelkar/ros2_ws/install/px4_msgs/share/px4_msgs/msg/DebugVect.json
[5.732s] -- Up-to-date symlink: /home/prathamkelkar/ros2_ws/install/px4_msgs/share/px4_msgs/msg/DifferentialDriveSetpoint.json
[5.732s] -- Up-to-date symlink: /home/prathamkelkar/ros2_ws/install/px4_msgs/share/px4_msgs/msg/DifferentialPressure.json
[5.732s] -- Up-to-date symlink: /home/prathamkelkar/ros2_ws/install/px4_msgs/share/px4_msgs/msg/DistanceSensor.json
[5.732s] -- Up-to-date symlink: /home/prathamkelkar/ros2_ws/install/px4_msgs/share/px4_msgs/msg/Ekf2Timestamps.json
[5.732s] -- Up-to-date symlink: /home/prathamkelkar/ros2_ws/install/px4_msgs/share/px4_msgs/msg/EscReport.json
[5.733s] -- Up-to-date symlink: /home/prathamkelkar/ros2_ws/install/px4_msgs/share/px4_msgs/msg/EscStatus.json
[5.733s] -- Up-to-date symlink: /home/prathamkelkar/ros2_ws/install/px4_msgs/share/px4_msgs/msg/EstimatorAidSource1d.json
[5.733s] -- Up-to-date symlink: /home/prathamkelkar/ros2_ws/install/px4_msgs/share/px4_msgs/msg/EstimatorAidSource2d.json
[5.733s] -- Up-to-date symlink: /home/prathamkelkar/ros2_ws/install/px4_msgs/share/px4_msgs/msg/EstimatorAidSource3d.json
[5.733s] -- Up-to-date symlink: /home/prathamkelkar/ros2_ws/install/px4_msgs/share/px4_msgs/msg/EstimatorBias.json
[5.734s] -- Up-to-date symlink: /home/prathamkelkar/ros2_ws/install/px4_msgs/share/px4_msgs/msg/EstimatorBias3d.json
[5.734s] -- Up-to-date symlink: /home/prathamkelkar/ros2_ws/install/px4_msgs/share/px4_msgs/msg/EstimatorEventFlags.json
[5.734s] -- Up-to-date symlink: /home/prathamkelkar/ros2_ws/install/px4_msgs/share/px4_msgs/msg/EstimatorGpsStatus.json
[5.734s] -- Up-to-date symlink: /home/prathamkelkar/ros2_ws/install/px4_msgs/share/px4_msgs/msg/EstimatorInnovations.json
[5.734s] -- Up-to-date symlink: /home/prathamkelkar/ros2_ws/install/px4_msgs/share/px4_msgs/msg/EstimatorSelectorStatus.json
[5.734s] -- Up-to-date symlink: /home/prathamkelkar/ros2_ws/install/px4_msgs/share/px4_msgs/msg/EstimatorSensorBias.json
[5.734s] -- Up-to-date symlink: /home/prathamkelkar/ros2_ws/install/px4_msgs/share/px4_msgs/msg/EstimatorStates.json
[5.734s] -- Up-to-date symlink: /home/prathamkelkar/ros2_ws/install/px4_msgs/share/px4_msgs/msg/EstimatorStatus.json
[5.734s] -- Up-to-date symlink: /home/prathamkelkar/ros2_ws/install/px4_msgs/share/px4_msgs/msg/EstimatorStatusFlags.json
[5.734s] -- Up-to-date symlink: /home/prathamkelkar/ros2_ws/install/px4_msgs/share/px4_msgs/msg/Event.json
[5.735s] -- Up-to-date symlink: /home/prathamkelkar/ros2_ws/install/px4_msgs/share/px4_msgs/msg/FailsafeFlags.json
[5.735s] -- Up-to-date symlink: /home/prathamkelkar/ros2_ws/install/px4_msgs/share/px4_msgs/msg/FailureDetectorStatus.json
[5.735s] -- Up-to-date symlink: /home/prathamkelkar/ros2_ws/install/px4_msgs/share/px4_msgs/msg/FigureEightStatus.json
[5.735s] -- Up-to-date symlink: /home/prathamkelkar/ros2_ws/install/px4_msgs/share/px4_msgs/msg/FlightPhaseEstimation.json
[5.735s] -- Up-to-date symlink: /home/prathamkelkar/ros2_ws/install/px4_msgs/share/px4_msgs/msg/FollowTarget.json
[5.736s] -- Up-to-date symlink: /home/prathamkelkar/ros2_ws/install/px4_msgs/share/px4_msgs/msg/FollowTargetEstimator.json
[5.736s] -- Up-to-date symlink: /home/prathamkelkar/ros2_ws/install/px4_msgs/share/px4_msgs/msg/FollowTargetStatus.json
[5.736s] -- Up-to-date symlink: /home/prathamkelkar/ros2_ws/install/px4_msgs/share/px4_msgs/msg/GeneratorStatus.json
[5.736s] -- Up-to-date symlink: /home/prathamkelkar/ros2_ws/install/px4_msgs/share/px4_msgs/msg/GeofenceResult.json
[5.737s] -- Up-to-date symlink: /home/prathamkelkar/ros2_ws/install/px4_msgs/share/px4_msgs/msg/GeofenceStatus.json
[5.737s] -- Up-to-date symlink: /home/prathamkelkar/ros2_ws/install/px4_msgs/share/px4_msgs/msg/GimbalControls.json
[5.737s] -- Up-to-date symlink: /home/prathamkelkar/ros2_ws/install/px4_msgs/share/px4_msgs/msg/GimbalDeviceAttitudeStatus.json
[5.737s] -- Up-to-date symlink: /home/prathamkelkar/ros2_ws/install/px4_msgs/share/px4_msgs/msg/GimbalDeviceInformation.json
[5.737s] -- Up-to-date symlink: /home/prathamkelkar/ros2_ws/install/px4_msgs/share/px4_msgs/msg/GimbalDeviceSetAttitude.json
[5.737s] -- Up-to-date symlink: /home/prathamkelkar/ros2_ws/install/px4_msgs/share/px4_msgs/msg/GimbalManagerInformation.json
[5.737s] -- Up-to-date symlink: /home/prathamkelkar/ros2_ws/install/px4_msgs/share/px4_msgs/msg/GimbalManagerSetAttitude.json
[5.737s] -- Up-to-date symlink: /home/prathamkelkar/ros2_ws/install/px4_msgs/share/px4_msgs/msg/GimbalManagerSetManualControl.json
[5.737s] -- Up-to-date symlink: /home/prathamkelkar/ros2_ws/install/px4_msgs/share/px4_msgs/msg/GimbalManagerStatus.json
[5.738s] -- Up-to-date symlink: /home/prathamkelkar/ros2_ws/install/px4_msgs/share/px4_msgs/msg/GotoSetpoint.json
[5.738s] -- Up-to-date symlink: /home/prathamkelkar/ros2_ws/install/px4_msgs/share/px4_msgs/msg/GpioConfig.json
[5.739s] -- Up-to-date symlink: /home/prathamkelkar/ros2_ws/install/px4_msgs/share/px4_msgs/msg/GpioIn.json
[5.739s] -- Up-to-date symlink: /home/prathamkelkar/ros2_ws/install/px4_msgs/share/px4_msgs/msg/GpioOut.json
[5.739s] -- Up-to-date symlink: /home/prathamkelkar/ros2_ws/install/px4_msgs/share/px4_msgs/msg/GpioRequest.json
[5.739s] -- Up-to-date symlink: /home/prathamkelkar/ros2_ws/install/px4_msgs/share/px4_msgs/msg/GpsDump.json
[5.739s] -- Up-to-date symlink: /home/prathamkelkar/ros2_ws/install/px4_msgs/share/px4_msgs/msg/GpsInjectData.json
[5.739s] -- Up-to-date symlink: /home/prathamkelkar/ros2_ws/install/px4_msgs/share/px4_msgs/msg/Gripper.json
[5.739s] -- Up-to-date symlink: /home/prathamkelkar/ros2_ws/install/px4_msgs/share/px4_msgs/msg/HealthReport.json
[5.739s] -- Up-to-date symlink: /home/prathamkelkar/ros2_ws/install/px4_msgs/share/px4_msgs/msg/HeaterStatus.json
[5.739s] -- Up-to-date symlink: /home/prathamkelkar/ros2_ws/install/px4_msgs/share/px4_msgs/msg/HomePosition.json
[5.740s] -- Up-to-date symlink: /home/prathamkelkar/ros2_ws/install/px4_msgs/share/px4_msgs/msg/HoverThrustEstimate.json
[5.740s] -- Up-to-date symlink: /home/prathamkelkar/ros2_ws/install/px4_msgs/share/px4_msgs/msg/InputRc.json
[5.740s] -- Up-to-date symlink: /home/prathamkelkar/ros2_ws/install/px4_msgs/share/px4_msgs/msg/InternalCombustionEngineStatus.json
[5.740s] -- Up-to-date symlink: /home/prathamkelkar/ros2_ws/install/px4_msgs/share/px4_msgs/msg/IridiumsbdStatus.json
[5.740s] -- Up-to-date symlink: /home/prathamkelkar/ros2_ws/install/px4_msgs/share/px4_msgs/msg/IrlockReport.json
[5.740s] -- Up-to-date symlink: /home/prathamkelkar/ros2_ws/install/px4_msgs/share/px4_msgs/msg/LandingGear.json
[5.741s] -- Up-to-date symlink: /home/prathamkelkar/ros2_ws/install/px4_msgs/share/px4_msgs/msg/LandingGearWheel.json
[5.741s] -- Up-to-date symlink: /home/prathamkelkar/ros2_ws/install/px4_msgs/share/px4_msgs/msg/LandingTargetInnovations.json
[5.741s] -- Up-to-date symlink: /home/prathamkelkar/ros2_ws/install/px4_msgs/share/px4_msgs/msg/LandingTargetPose.json
[5.742s] -- Up-to-date symlink: /home/prathamkelkar/ros2_ws/install/px4_msgs/share/px4_msgs/msg/LaunchDetectionStatus.json
[5.742s] -- Up-to-date symlink: /home/prathamkelkar/ros2_ws/install/px4_msgs/share/px4_msgs/msg/LedControl.json
[5.742s] -- Up-to-date symlink: /home/prathamkelkar/ros2_ws/install/px4_msgs/share/px4_msgs/msg/LogMessage.json
[5.742s] -- Up-to-date symlink: /home/prathamkelkar/ros2_ws/install/px4_msgs/share/px4_msgs/msg/LoggerStatus.json
[5.742s] -- Up-to-date symlink: /home/prathamkelkar/ros2_ws/install/px4_msgs/share/px4_msgs/msg/MagWorkerData.json
[5.742s] -- Up-to-date symlink: /home/prathamkelkar/ros2_ws/install/px4_msgs/share/px4_msgs/msg/MagnetometerBiasEstimate.json
[5.742s] -- Up-to-date symlink: /home/prathamkelkar/ros2_ws/install/px4_msgs/share/px4_msgs/msg/ManualControlSetpoint.json
[5.742s] -- Up-to-date symlink: /home/prathamkelkar/ros2_ws/install/px4_msgs/share/px4_msgs/msg/ManualControlSwitches.json
[5.742s] -- Up-to-date symlink: /home/prathamkelkar/ros2_ws/install/px4_msgs/share/px4_msgs/msg/MavlinkLog.json
[5.743s] -- Up-to-date symlink: /home/prathamkelkar/ros2_ws/install/px4_msgs/share/px4_msgs/msg/MavlinkTunnel.json
[5.743s] -- Up-to-date symlink: /home/prathamkelkar/ros2_ws/install/px4_msgs/share/px4_msgs/msg/MessageFormatRequest.json
[5.743s] -- Up-to-date symlink: /home/prathamkelkar/ros2_ws/install/px4_msgs/share/px4_msgs/msg/MessageFormatResponse.json
[5.743s] -- Up-to-date symlink: /home/prathamkelkar/ros2_ws/install/px4_msgs/share/px4_msgs/msg/Mission.json
[5.743s] -- Up-to-date symlink: /home/prathamkelkar/ros2_ws/install/px4_msgs/share/px4_msgs/msg/MissionResult.json
[5.743s] -- Up-to-date symlink: /home/prathamkelkar/ros2_ws/install/px4_msgs/share/px4_msgs/msg/ModeCompleted.json
[5.744s] -- Up-to-date symlink: /home/prathamkelkar/ros2_ws/install/px4_msgs/share/px4_msgs/msg/MountOrientation.json
[5.744s] -- Up-to-date symlink: /home/prathamkelkar/ros2_ws/install/px4_msgs/share/px4_msgs/msg/NavigatorMissionItem.json
[5.744s] -- Up-to-date symlink: /home/prathamkelkar/ros2_ws/install/px4_msgs/share/px4_msgs/msg/NormalizedUnsignedSetpoint.json
[5.744s] -- Up-to-date symlink: /home/prathamkelkar/ros2_ws/install/px4_msgs/share/px4_msgs/msg/NpfgStatus.json
[5.744s] -- Up-to-date symlink: /home/prathamkelkar/ros2_ws/install/px4_msgs/share/px4_msgs/msg/ObstacleDistance.json
[5.744s] -- Up-to-date symlink: /home/prathamkelkar/ros2_ws/install/px4_msgs/share/px4_msgs/msg/OffboardControlMode.json
[5.745s] -- Up-to-date symlink: /home/prathamkelkar/ros2_ws/install/px4_msgs/share/px4_msgs/msg/OnboardComputerStatus.json
[5.745s] -- Up-to-date symlink: /home/prathamkelkar/ros2_ws/install/px4_msgs/share/px4_msgs/msg/OrbTest.json
[5.745s] -- Up-to-date symlink: /home/prathamkelkar/ros2_ws/install/px4_msgs/share/px4_msgs/msg/OrbTestLarge.json
[5.745s] -- Up-to-date symlink: /home/prathamkelkar/ros2_ws/install/px4_msgs/share/px4_msgs/msg/OrbTestMedium.json
[5.745s] -- Up-to-date symlink: /home/prathamkelkar/ros2_ws/install/px4_msgs/share/px4_msgs/msg/OrbitStatus.json
[5.745s] -- Up-to-date symlink: /home/prathamkelkar/ros2_ws/install/px4_msgs/share/px4_msgs/msg/ParameterResetRequest.json
[5.746s] -- Up-to-date symlink: /home/prathamkelkar/ros2_ws/install/px4_msgs/share/px4_msgs/msg/ParameterSetUsedRequest.json
[5.746s] -- Up-to-date symlink: /home/prathamkelkar/ros2_ws/install/px4_msgs/share/px4_msgs/msg/ParameterSetValueRequest.json
[5.746s] -- Up-to-date symlink: /home/prathamkelkar/ros2_ws/install/px4_msgs/share/px4_msgs/msg/ParameterSetValueResponse.json
[5.746s] -- Up-to-date symlink: /home/prathamkelkar/ros2_ws/install/px4_msgs/share/px4_msgs/msg/ParameterUpdate.json
[5.746s] -- Up-to-date symlink: /home/prathamkelkar/ros2_ws/install/px4_msgs/share/px4_msgs/msg/Ping.json
[5.746s] -- Up-to-date symlink: /home/prathamkelkar/ros2_ws/install/px4_msgs/share/px4_msgs/msg/PositionControllerLandingStatus.json
[5.747s] -- Up-to-date symlink: /home/prathamkelkar/ros2_ws/install/px4_msgs/share/px4_msgs/msg/PositionControllerStatus.json
[5.747s] -- Up-to-date symlink: /home/prathamkelkar/ros2_ws/install/px4_msgs/share/px4_msgs/msg/PositionSetpoint.json
[5.748s] -- Up-to-date symlink: /home/prathamkelkar/ros2_ws/install/px4_msgs/share/px4_msgs/msg/PositionSetpointTriplet.json
[5.748s] -- Up-to-date symlink: /home/prathamkelkar/ros2_ws/install/px4_msgs/share/px4_msgs/msg/PowerButtonState.json
[5.748s] -- Up-to-date symlink: /home/prathamkelkar/ros2_ws/install/px4_msgs/share/px4_msgs/msg/PowerMonitor.json
[5.748s] -- Up-to-date symlink: /home/prathamkelkar/ros2_ws/install/px4_msgs/share/px4_msgs/msg/PpsCapture.json
[5.748s] -- Up-to-date symlink: /home/prathamkelkar/ros2_ws/install/px4_msgs/share/px4_msgs/msg/PwmInput.json
[5.748s] -- Up-to-date symlink: /home/prathamkelkar/ros2_ws/install/px4_msgs/share/px4_msgs/msg/Px4ioStatus.json
[5.749s] -- Up-to-date symlink: /home/prathamkelkar/ros2_ws/install/px4_msgs/share/px4_msgs/msg/QshellReq.json
[5.749s] -- Up-to-date symlink: /home/prathamkelkar/ros2_ws/install/px4_msgs/share/px4_msgs/msg/QshellRetval.json
[5.749s] -- Up-to-date symlink: /home/prathamkelkar/ros2_ws/install/px4_msgs/share/px4_msgs/msg/RadioStatus.json
[5.749s] -- Up-to-date symlink: /home/prathamkelkar/ros2_ws/install/px4_msgs/share/px4_msgs/msg/RateCtrlStatus.json
[5.749s] -- Up-to-date symlink: /home/prathamkelkar/ros2_ws/install/px4_msgs/share/px4_msgs/msg/RcChannels.json
[5.750s] -- Up-to-date symlink: /home/prathamkelkar/ros2_ws/install/px4_msgs/share/px4_msgs/msg/RcParameterMap.json
[5.750s] -- Up-to-date symlink: /home/prathamkelkar/ros2_ws/install/px4_msgs/share/px4_msgs/msg/RegisterExtComponentReply.json
[5.750s] -- Up-to-date symlink: /home/prathamkelkar/ros2_ws/install/px4_msgs/share/px4_msgs/msg/RegisterExtComponentRequest.json
[5.750s] -- Up-to-date symlink: /home/prathamkelkar/ros2_ws/install/px4_msgs/share/px4_msgs/msg/Rpm.json
[5.750s] -- Up-to-date symlink: /home/prathamkelkar/ros2_ws/install/px4_msgs/share/px4_msgs/msg/RtlStatus.json
[5.750s] -- Up-to-date symlink: /home/prathamkelkar/ros2_ws/install/px4_msgs/share/px4_msgs/msg/RtlTimeEstimate.json
[5.750s] -- Up-to-date symlink: /home/prathamkelkar/ros2_ws/install/px4_msgs/share/px4_msgs/msg/SatelliteInfo.json
[5.751s] -- Up-to-date symlink: /home/prathamkelkar/ros2_ws/install/px4_msgs/share/px4_msgs/msg/SensorAccel.json
[5.751s] -- Up-to-date symlink: /home/prathamkelkar/ros2_ws/install/px4_msgs/share/px4_msgs/msg/SensorAccelFifo.json
[5.751s] -- Up-to-date symlink: /home/prathamkelkar/ros2_ws/install/px4_msgs/share/px4_msgs/msg/SensorAirflow.json
[5.751s] -- Up-to-date symlink: /home/prathamkelkar/ros2_ws/install/px4_msgs/share/px4_msgs/msg/SensorBaro.json
[5.751s] -- Up-to-date symlink: /home/prathamkelkar/ros2_ws/install/px4_msgs/share/px4_msgs/msg/SensorCombined.json
[5.751s] -- Up-to-date symlink: /home/prathamkelkar/ros2_ws/install/px4_msgs/share/px4_msgs/msg/SensorCorrection.json
[5.751s] -- Up-to-date symlink: /home/prathamkelkar/ros2_ws/install/px4_msgs/share/px4_msgs/msg/SensorGnssRelative.json
[5.751s] -- Up-to-date symlink: /home/prathamkelkar/ros2_ws/install/px4_msgs/share/px4_msgs/msg/SensorGps.json
[5.752s] -- Up-to-date symlink: /home/prathamkelkar/ros2_ws/install/px4_msgs/share/px4_msgs/msg/SensorGyro.json
[5.752s] -- Up-to-date symlink: /home/prathamkelkar/ros2_ws/install/px4_msgs/share/px4_msgs/msg/SensorGyroFft.json
[5.753s] -- Up-to-date symlink: /home/prathamkelkar/ros2_ws/install/px4_msgs/share/px4_msgs/msg/SensorGyroFifo.json
[5.753s] -- Up-to-date symlink: /home/prathamkelkar/ros2_ws/install/px4_msgs/share/px4_msgs/msg/SensorHygrometer.json
[5.753s] -- Up-to-date symlink: /home/prathamkelkar/ros2_ws/install/px4_msgs/share/px4_msgs/msg/SensorMag.json
[5.753s] -- Up-to-date symlink: /home/prathamkelkar/ros2_ws/install/px4_msgs/share/px4_msgs/msg/SensorOpticalFlow.json
[5.753s] -- Up-to-date symlink: /home/prathamkelkar/ros2_ws/install/px4_msgs/share/px4_msgs/msg/SensorPreflightMag.json
[5.753s] -- Up-to-date symlink: /home/prathamkelkar/ros2_ws/install/px4_msgs/share/px4_msgs/msg/SensorSelection.json
[5.754s] -- Up-to-date symlink: /home/prathamkelkar/ros2_ws/install/px4_msgs/share/px4_msgs/msg/SensorUwb.json
[5.754s] -- Up-to-date symlink: /home/prathamkelkar/ros2_ws/install/px4_msgs/share/px4_msgs/msg/SensorsStatus.json
[5.754s] -- Up-to-date symlink: /home/prathamkelkar/ros2_ws/install/px4_msgs/share/px4_msgs/msg/SensorsStatusImu.json
[5.754s] -- Up-to-date symlink: /home/prathamkelkar/ros2_ws/install/px4_msgs/share/px4_msgs/msg/SystemPower.json
[5.754s] -- Up-to-date symlink: /home/prathamkelkar/ros2_ws/install/px4_msgs/share/px4_msgs/msg/TakeoffStatus.json
[5.754s] -- Up-to-date symlink: /home/prathamkelkar/ros2_ws/install/px4_msgs/share/px4_msgs/msg/TaskStackInfo.json
[5.755s] -- Up-to-date symlink: /home/prathamkelkar/ros2_ws/install/px4_msgs/share/px4_msgs/msg/TecsStatus.json
[5.755s] -- Up-to-date symlink: /home/prathamkelkar/ros2_ws/install/px4_msgs/share/px4_msgs/msg/TelemetryStatus.json
[5.755s] -- Up-to-date symlink: /home/prathamkelkar/ros2_ws/install/px4_msgs/share/px4_msgs/msg/TiltrotorExtraControls.json
[5.755s] -- Up-to-date symlink: /home/prathamkelkar/ros2_ws/install/px4_msgs/share/px4_msgs/msg/TimesyncStatus.json
[5.755s] -- Up-to-date symlink: /home/prathamkelkar/ros2_ws/install/px4_msgs/share/px4_msgs/msg/TrajectoryBezier.json
[5.755s] -- Up-to-date symlink: /home/prathamkelkar/ros2_ws/install/px4_msgs/share/px4_msgs/msg/TrajectorySetpoint.json
[5.755s] -- Up-to-date symlink: /home/prathamkelkar/ros2_ws/install/px4_msgs/share/px4_msgs/msg/TrajectoryWaypoint.json
[5.756s] -- Up-to-date symlink: /home/prathamkelkar/ros2_ws/install/px4_msgs/share/px4_msgs/msg/TransponderReport.json
[5.756s] -- Up-to-date symlink: /home/prathamkelkar/ros2_ws/install/px4_msgs/share/px4_msgs/msg/TuneControl.json
[5.756s] -- Up-to-date symlink: /home/prathamkelkar/ros2_ws/install/px4_msgs/share/px4_msgs/msg/UavcanParameterRequest.json
[5.756s] -- Up-to-date symlink: /home/prathamkelkar/ros2_ws/install/px4_msgs/share/px4_msgs/msg/UavcanParameterValue.json
[5.756s] -- Up-to-date symlink: /home/prathamkelkar/ros2_ws/install/px4_msgs/share/px4_msgs/msg/UlogStream.json
[5.756s] -- Up-to-date symlink: /home/prathamkelkar/ros2_ws/install/px4_msgs/share/px4_msgs/msg/UlogStreamAck.json
[5.757s] -- Up-to-date symlink: /home/prathamkelkar/ros2_ws/install/px4_msgs/share/px4_msgs/msg/UnregisterExtComponent.json
[5.757s] -- Up-to-date symlink: /home/prathamkelkar/ros2_ws/install/px4_msgs/share/px4_msgs/msg/VehicleAcceleration.json
[5.757s] -- Up-to-date symlink: /home/prathamkelkar/ros2_ws/install/px4_msgs/share/px4_msgs/msg/VehicleAirData.json
[5.757s] -- Up-to-date symlink: /home/prathamkelkar/ros2_ws/install/px4_msgs/share/px4_msgs/msg/VehicleAngularAccelerationSetpoint.json
[5.757s] -- Up-to-date symlink: /home/prathamkelkar/ros2_ws/install/px4_msgs/share/px4_msgs/msg/VehicleAngularVelocity.json
[5.757s] -- Up-to-date symlink: /home/prathamkelkar/ros2_ws/install/px4_msgs/share/px4_msgs/msg/VehicleAttitude.json
[5.757s] -- Up-to-date symlink: /home/prathamkelkar/ros2_ws/install/px4_msgs/share/px4_msgs/msg/VehicleAttitudeSetpoint.json
[5.758s] -- Up-to-date symlink: /home/prathamkelkar/ros2_ws/install/px4_msgs/share/px4_msgs/msg/VehicleCommand.json
[5.758s] -- Up-to-date symlink: /home/prathamkelkar/ros2_ws/install/px4_msgs/share/px4_msgs/msg/VehicleCommandAck.json
[5.759s] -- Up-to-date symlink: /home/prathamkelkar/ros2_ws/install/px4_msgs/share/px4_msgs/msg/VehicleConstraints.json
[5.759s] -- Up-to-date symlink: /home/prathamkelkar/ros2_ws/install/px4_msgs/share/px4_msgs/msg/VehicleControlMode.json
[5.759s] -- Up-to-date symlink: /home/prathamkelkar/ros2_ws/install/px4_msgs/share/px4_msgs/msg/VehicleGlobalPosition.json
[5.759s] -- Up-to-date symlink: /home/prathamkelkar/ros2_ws/install/px4_msgs/share/px4_msgs/msg/VehicleImu.json
[5.759s] -- Up-to-date symlink: /home/prathamkelkar/ros2_ws/install/px4_msgs/share/px4_msgs/msg/VehicleImuStatus.json
[5.759s] -- Up-to-date symlink: /home/prathamkelkar/ros2_ws/install/px4_msgs/share/px4_msgs/msg/VehicleLandDetected.json
[5.760s] -- Up-to-date symlink: /home/prathamkelkar/ros2_ws/install/px4_msgs/share/px4_msgs/msg/VehicleLocalPosition.json
[5.760s] -- Up-to-date symlink: /home/prathamkelkar/ros2_ws/install/px4_msgs/share/px4_msgs/msg/VehicleLocalPositionSetpoint.json
[5.760s] -- Up-to-date symlink: /home/prathamkelkar/ros2_ws/install/px4_msgs/share/px4_msgs/msg/VehicleMagnetometer.json
[5.760s] -- Up-to-date symlink: /home/prathamkelkar/ros2_ws/install/px4_msgs/share/px4_msgs/msg/VehicleOdometry.json
[5.760s] -- Up-to-date symlink: /home/prathamkelkar/ros2_ws/install/px4_msgs/share/px4_msgs/msg/VehicleOpticalFlow.json
[5.760s] -- Up-to-date symlink: /home/prathamkelkar/ros2_ws/install/px4_msgs/share/px4_msgs/msg/VehicleOpticalFlowVel.json
[5.760s] -- Up-to-date symlink: /home/prathamkelkar/ros2_ws/install/px4_msgs/share/px4_msgs/msg/VehicleRatesSetpoint.json
[5.760s] -- Up-to-date symlink: /home/prathamkelkar/ros2_ws/install/px4_msgs/share/px4_msgs/msg/VehicleRoi.json
[5.760s] -- Up-to-date symlink: /home/prathamkelkar/ros2_ws/install/px4_msgs/share/px4_msgs/msg/VehicleStatus.json
[5.760s] -- Up-to-date symlink: /home/prathamkelkar/ros2_ws/install/px4_msgs/share/px4_msgs/msg/VehicleThrustSetpoint.json
[5.760s] -- Up-to-date symlink: /home/prathamkelkar/ros2_ws/install/px4_msgs/share/px4_msgs/msg/VehicleTorqueSetpoint.json
[5.761s] -- Up-to-date symlink: /home/prathamkelkar/ros2_ws/install/px4_msgs/share/px4_msgs/msg/VehicleTrajectoryBezier.json
[5.761s] -- Up-to-date symlink: /home/prathamkelkar/ros2_ws/install/px4_msgs/share/px4_msgs/msg/VehicleTrajectoryWaypoint.json
[5.761s] -- Up-to-date symlink: /home/prathamkelkar/ros2_ws/install/px4_msgs/share/px4_msgs/msg/VelocityLimits.json
[5.761s] -- Up-to-date symlink: /home/prathamkelkar/ros2_ws/install/px4_msgs/share/px4_msgs/msg/VtolVehicleStatus.json
[5.761s] -- Up-to-date symlink: /home/prathamkelkar/ros2_ws/install/px4_msgs/share/px4_msgs/msg/WheelEncoders.json
[5.761s] -- Up-to-date symlink: /home/prathamkelkar/ros2_ws/install/px4_msgs/share/px4_msgs/msg/Wind.json
[5.762s] -- Up-to-date symlink: /home/prathamkelkar/ros2_ws/install/px4_msgs/share/px4_msgs/msg/YawEstimatorStatus.json
[5.762s] -- Up-to-date symlink: /home/prathamkelkar/ros2_ws/install/px4_msgs/share/px4_msgs/srv/VehicleCommand.json
[5.774s] -- Up-to-date symlink: /home/prathamkelkar/ros2_ws/install/px4_msgs/include/px4_msgs/px4_msgs/msg/action_request.h
[5.775s] -- Up-to-date symlink: /home/prathamkelkar/ros2_ws/install/px4_msgs/include/px4_msgs/px4_msgs/msg/actuator_armed.h
[5.775s] -- Up-to-date symlink: /home/prathamkelkar/ros2_ws/install/px4_msgs/include/px4_msgs/px4_msgs/msg/actuator_controls_status.h
[5.775s] -- Up-to-date symlink: /home/prathamkelkar/ros2_ws/install/px4_msgs/include/px4_msgs/px4_msgs/msg/actuator_motors.h
[5.775s] -- Up-to-date symlink: /home/prathamkelkar/ros2_ws/install/px4_msgs/include/px4_msgs/px4_msgs/msg/actuator_outputs.h
[5.775s] -- Up-to-date symlink: /home/prathamkelkar/ros2_ws/install/px4_msgs/include/px4_msgs/px4_msgs/msg/actuator_servos.h
[5.775s] -- Up-to-date symlink: /home/prathamkelkar/ros2_ws/install/px4_msgs/include/px4_msgs/px4_msgs/msg/actuator_servos_trim.h
[5.775s] -- Up-to-date symlink: /home/prathamkelkar/ros2_ws/install/px4_msgs/include/px4_msgs/px4_msgs/msg/actuator_test.h
[5.776s] -- Up-to-date symlink: /home/prathamkelkar/ros2_ws/install/px4_msgs/include/px4_msgs/px4_msgs/msg/adc_report.h
[5.776s] -- Up-to-date symlink: /home/prathamkelkar/ros2_ws/install/px4_msgs/include/px4_msgs/px4_msgs/msg/airspeed.h
[5.776s] -- Up-to-date symlink: /home/prathamkelkar/ros2_ws/install/px4_msgs/include/px4_msgs/px4_msgs/msg/airspeed_validated.h
[5.776s] -- Up-to-date symlink: /home/prathamkelkar/ros2_ws/install/px4_msgs/include/px4_msgs/px4_msgs/msg/airspeed_wind.h
[5.776s] -- Up-to-date symlink: /home/prathamkelkar/ros2_ws/install/px4_msgs/include/px4_msgs/px4_msgs/msg/arming_check_reply.h
[5.776s] -- Up-to-date symlink: /home/prathamkelkar/ros2_ws/install/px4_msgs/include/px4_msgs/px4_msgs/msg/arming_check_request.h
[5.776s] -- Up-to-date symlink: /home/prathamkelkar/ros2_ws/install/px4_msgs/include/px4_msgs/px4_msgs/msg/autotune_attitude_control_status.h
[5.776s] -- Up-to-date symlink: /home/prathamkelkar/ros2_ws/install/px4_msgs/include/px4_msgs/px4_msgs/msg/battery_status.h
[5.776s] -- Up-to-date symlink: /home/prathamkelkar/ros2_ws/install/px4_msgs/include/px4_msgs/px4_msgs/msg/buffer128.h
[5.776s] -- Up-to-date symlink: /home/prathamkelkar/ros2_ws/install/px4_msgs/include/px4_msgs/px4_msgs/msg/button_event.h
[5.776s] -- Up-to-date symlink: /home/prathamkelkar/ros2_ws/install/px4_msgs/include/px4_msgs/px4_msgs/msg/camera_capture.h
[5.776s] -- Up-to-date symlink: /home/prathamkelkar/ros2_ws/install/px4_msgs/include/px4_msgs/px4_msgs/msg/camera_status.h
[5.776s] -- Up-to-date symlink: /home/prathamkelkar/ros2_ws/install/px4_msgs/include/px4_msgs/px4_msgs/msg/camera_trigger.h
[5.777s] -- Up-to-date symlink: /home/prathamkelkar/ros2_ws/install/px4_msgs/include/px4_msgs/px4_msgs/msg/can_interface_status.h
[5.777s] -- Up-to-date symlink: /home/prathamkelkar/ros2_ws/install/px4_msgs/include/px4_msgs/px4_msgs/msg/cellular_status.h
[5.777s] -- Up-to-date symlink: /home/prathamkelkar/ros2_ws/install/px4_msgs/include/px4_msgs/px4_msgs/msg/collision_constraints.h
[5.777s] -- Up-to-date symlink: /home/prathamkelkar/ros2_ws/install/px4_msgs/include/px4_msgs/px4_msgs/msg/collision_report.h
[5.777s] -- Up-to-date symlink: /home/prathamkelkar/ros2_ws/install/px4_msgs/include/px4_msgs/px4_msgs/msg/config_overrides.h
[5.777s] -- Up-to-date symlink: /home/prathamkelkar/ros2_ws/install/px4_msgs/include/px4_msgs/px4_msgs/msg/control_allocator_status.h
[5.777s] -- Up-to-date symlink: /home/prathamkelkar/ros2_ws/install/px4_msgs/include/px4_msgs/px4_msgs/msg/cpuload.h
[5.777s] -- Up-to-date symlink: /home/prathamkelkar/ros2_ws/install/px4_msgs/include/px4_msgs/px4_msgs/msg/dataman_request.h
[5.778s] -- Up-to-date symlink: /home/prathamkelkar/ros2_ws/install/px4_msgs/include/px4_msgs/px4_msgs/msg/dataman_response.h
[5.778s] -- Up-to-date symlink: /home/prathamkelkar/ros2_ws/install/px4_msgs/include/px4_msgs/px4_msgs/msg/debug_array.h
[5.778s] -- Up-to-date symlink: /home/prathamkelkar/ros2_ws/install/px4_msgs/include/px4_msgs/px4_msgs/msg/debug_key_value.h
[5.778s] -- Up-to-date symlink: /home/prathamkelkar/ros2_ws/install/px4_msgs/include/px4_msgs/px4_msgs/msg/debug_value.h
[5.778s] -- Up-to-date symlink: /home/prathamkelkar/ros2_ws/install/px4_msgs/include/px4_msgs/px4_msgs/msg/debug_vect.h
[5.778s] -- Up-to-date symlink: /home/prathamkelkar/ros2_ws/install/px4_msgs/include/px4_msgs/px4_msgs/msg/detail/action_request__functions.h
[5.778s] -- Up-to-date symlink: /home/prathamkelkar/ros2_ws/install/px4_msgs/include/px4_msgs/px4_msgs/msg/detail/action_request__struct.h
[5.778s] -- Up-to-date symlink: /home/prathamkelkar/ros2_ws/install/px4_msgs/include/px4_msgs/px4_msgs/msg/detail/action_request__type_support.h
[5.778s] -- Up-to-date symlink: /home/prathamkelkar/ros2_ws/install/px4_msgs/include/px4_msgs/px4_msgs/msg/detail/actuator_armed__functions.h
[5.778s] -- Up-to-date symlink: /home/prathamkelkar/ros2_ws/install/px4_msgs/include/px4_msgs/px4_msgs/msg/detail/actuator_armed__struct.h
[5.779s] -- Up-to-date symlink: /home/prathamkelkar/ros2_ws/install/px4_msgs/include/px4_msgs/px4_msgs/msg/detail/actuator_armed__type_support.h
[5.779s] -- Up-to-date symlink: /home/prathamkelkar/ros2_ws/install/px4_msgs/include/px4_msgs/px4_msgs/msg/detail/actuator_controls_status__functions.h
[5.779s] -- Up-to-date symlink: /home/prathamkelkar/ros2_ws/install/px4_msgs/include/px4_msgs/px4_msgs/msg/detail/actuator_controls_status__struct.h
[5.779s] -- Up-to-date symlink: /home/prathamkelkar/ros2_ws/install/px4_msgs/include/px4_msgs/px4_msgs/msg/detail/actuator_controls_status__type_support.h
[5.779s] -- Up-to-date symlink: /home/prathamkelkar/ros2_ws/install/px4_msgs/include/px4_msgs/px4_msgs/msg/detail/actuator_motors__functions.h
[5.779s] -- Up-to-date symlink: /home/prathamkelkar/ros2_ws/install/px4_msgs/include/px4_msgs/px4_msgs/msg/detail/actuator_motors__struct.h
[5.779s] -- Up-to-date symlink: /home/prathamkelkar/ros2_ws/install/px4_msgs/include/px4_msgs/px4_msgs/msg/detail/actuator_motors__type_support.h
[5.780s] -- Up-to-date symlink: /home/prathamkelkar/ros2_ws/install/px4_msgs/include/px4_msgs/px4_msgs/msg/detail/actuator_outputs__functions.h
[5.780s] -- Up-to-date symlink: /home/prathamkelkar/ros2_ws/install/px4_msgs/include/px4_msgs/px4_msgs/msg/detail/actuator_outputs__struct.h
[5.780s] -- Up-to-date symlink: /home/prathamkelkar/ros2_ws/install/px4_msgs/include/px4_msgs/px4_msgs/msg/detail/actuator_outputs__type_support.h
[5.780s] -- Up-to-date symlink: /home/prathamkelkar/ros2_ws/install/px4_msgs/include/px4_msgs/px4_msgs/msg/detail/actuator_servos__functions.h
[5.780s] -- Up-to-date symlink: /home/prathamkelkar/ros2_ws/install/px4_msgs/include/px4_msgs/px4_msgs/msg/detail/actuator_servos__struct.h
[5.780s] -- Up-to-date symlink: /home/prathamkelkar/ros2_ws/install/px4_msgs/include/px4_msgs/px4_msgs/msg/detail/actuator_servos__type_support.h
[5.780s] -- Up-to-date symlink: /home/prathamkelkar/ros2_ws/install/px4_msgs/include/px4_msgs/px4_msgs/msg/detail/actuator_servos_trim__functions.h
[5.780s] -- Up-to-date symlink: /home/prathamkelkar/ros2_ws/install/px4_msgs/include/px4_msgs/px4_msgs/msg/detail/actuator_servos_trim__struct.h
[5.781s] -- Up-to-date symlink: /home/prathamkelkar/ros2_ws/install/px4_msgs/include/px4_msgs/px4_msgs/msg/detail/actuator_servos_trim__type_support.h
[5.781s] -- Up-to-date symlink: /home/prathamkelkar/ros2_ws/install/px4_msgs/include/px4_msgs/px4_msgs/msg/detail/actuator_test__functions.h
[5.781s] -- Up-to-date symlink: /home/prathamkelkar/ros2_ws/install/px4_msgs/include/px4_msgs/px4_msgs/msg/detail/actuator_test__struct.h
[5.781s] -- Up-to-date symlink: /home/prathamkelkar/ros2_ws/install/px4_msgs/include/px4_msgs/px4_msgs/msg/detail/actuator_test__type_support.h
[5.781s] -- Up-to-date symlink: /home/prathamkelkar/ros2_ws/install/px4_msgs/include/px4_msgs/px4_msgs/msg/detail/adc_report__functions.h
[5.781s] -- Up-to-date symlink: /home/prathamkelkar/ros2_ws/install/px4_msgs/include/px4_msgs/px4_msgs/msg/detail/adc_report__struct.h
[5.781s] -- Up-to-date symlink: /home/prathamkelkar/ros2_ws/install/px4_msgs/include/px4_msgs/px4_msgs/msg/detail/adc_report__type_support.h
[5.781s] -- Up-to-date symlink: /home/prathamkelkar/ros2_ws/install/px4_msgs/include/px4_msgs/px4_msgs/msg/detail/airspeed__functions.h
[5.781s] -- Up-to-date symlink: /home/prathamkelkar/ros2_ws/install/px4_msgs/include/px4_msgs/px4_msgs/msg/detail/airspeed__struct.h
[5.781s] -- Up-to-date symlink: /home/prathamkelkar/ros2_ws/install/px4_msgs/include/px4_msgs/px4_msgs/msg/detail/airspeed__type_support.h
[5.782s] -- Up-to-date symlink: /home/prathamkelkar/ros2_ws/install/px4_msgs/include/px4_msgs/px4_msgs/msg/detail/airspeed_validated__functions.h
[5.782s] -- Up-to-date symlink: /home/prathamkelkar/ros2_ws/install/px4_msgs/include/px4_msgs/px4_msgs/msg/detail/airspeed_validated__struct.h
[5.782s] -- Up-to-date symlink: /home/prathamkelkar/ros2_ws/install/px4_msgs/include/px4_msgs/px4_msgs/msg/detail/airspeed_validated__type_support.h
[5.782s] -- Up-to-date symlink: /home/prathamkelkar/ros2_ws/install/px4_msgs/include/px4_msgs/px4_msgs/msg/detail/airspeed_wind__functions.h
[5.782s] -- Up-to-date symlink: /home/prathamkelkar/ros2_ws/install/px4_msgs/include/px4_msgs/px4_msgs/msg/detail/airspeed_wind__struct.h
[5.782s] -- Up-to-date symlink: /home/prathamkelkar/ros2_ws/install/px4_msgs/include/px4_msgs/px4_msgs/msg/detail/airspeed_wind__type_support.h
[5.782s] -- Up-to-date symlink: /home/prathamkelkar/ros2_ws/install/px4_msgs/include/px4_msgs/px4_msgs/msg/detail/arming_check_reply__functions.h
[5.783s] -- Up-to-date symlink: /home/prathamkelkar/ros2_ws/install/px4_msgs/include/px4_msgs/px4_msgs/msg/detail/arming_check_reply__struct.h
[5.783s] -- Up-to-date symlink: /home/prathamkelkar/ros2_ws/install/px4_msgs/include/px4_msgs/px4_msgs/msg/detail/arming_check_reply__type_support.h
[5.783s] -- Up-to-date symlink: /home/prathamkelkar/ros2_ws/install/px4_msgs/include/px4_msgs/px4_msgs/msg/detail/arming_check_request__functions.h
[5.783s] -- Up-to-date symlink: /home/prathamkelkar/ros2_ws/install/px4_msgs/include/px4_msgs/px4_msgs/msg/detail/arming_check_request__struct.h
[5.783s] -- Up-to-date symlink: /home/prathamkelkar/ros2_ws/install/px4_msgs/include/px4_msgs/px4_msgs/msg/detail/arming_check_request__type_support.h
[5.783s] -- Up-to-date symlink: /home/prathamkelkar/ros2_ws/install/px4_msgs/include/px4_msgs/px4_msgs/msg/detail/autotune_attitude_control_status__functions.h
[5.783s] -- Up-to-date symlink: /home/prathamkelkar/ros2_ws/install/px4_msgs/include/px4_msgs/px4_msgs/msg/detail/autotune_attitude_control_status__struct.h
[5.783s] -- Up-to-date symlink: /home/prathamkelkar/ros2_ws/install/px4_msgs/include/px4_msgs/px4_msgs/msg/detail/autotune_attitude_control_status__type_support.h
[5.784s] -- Up-to-date symlink: /home/prathamkelkar/ros2_ws/install/px4_msgs/include/px4_msgs/px4_msgs/msg/detail/battery_status__functions.h
[5.784s] -- Up-to-date symlink: /home/prathamkelkar/ros2_ws/install/px4_msgs/include/px4_msgs/px4_msgs/msg/detail/battery_status__struct.h
[5.784s] -- Up-to-date symlink: /home/prathamkelkar/ros2_ws/install/px4_msgs/include/px4_msgs/px4_msgs/msg/detail/battery_status__type_support.h
[5.784s] -- Up-to-date symlink: /home/prathamkelkar/ros2_ws/install/px4_msgs/include/px4_msgs/px4_msgs/msg/detail/buffer128__functions.h
[5.784s] -- Up-to-date symlink: /home/prathamkelkar/ros2_ws/install/px4_msgs/include/px4_msgs/px4_msgs/msg/detail/buffer128__struct.h
[5.784s] -- Up-to-date symlink: /home/prathamkelkar/ros2_ws/install/px4_msgs/include/px4_msgs/px4_msgs/msg/detail/buffer128__type_support.h
[5.784s] -- Up-to-date symlink: /home/prathamkelkar/ros2_ws/install/px4_msgs/include/px4_msgs/px4_msgs/msg/detail/button_event__functions.h
[5.784s] -- Up-to-date symlink: /home/prathamkelkar/ros2_ws/install/px4_msgs/include/px4_msgs/px4_msgs/msg/detail/button_event__struct.h
[5.785s] -- Up-to-date symlink: /home/prathamkelkar/ros2_ws/install/px4_msgs/include/px4_msgs/px4_msgs/msg/detail/button_event__type_support.h
[5.785s] -- Up-to-date symlink: /home/prathamkelkar/ros2_ws/install/px4_msgs/include/px4_msgs/px4_msgs/msg/detail/camera_capture__functions.h
[5.785s] -- Up-to-date symlink: /home/prathamkelkar/ros2_ws/install/px4_msgs/include/px4_msgs/px4_msgs/msg/detail/camera_capture__struct.h
[5.785s] -- Up-to-date symlink: /home/prathamkelkar/ros2_ws/install/px4_msgs/include/px4_msgs/px4_msgs/msg/detail/camera_capture__type_support.h
[5.785s] -- Up-to-date symlink: /home/prathamkelkar/ros2_ws/install/px4_msgs/include/px4_msgs/px4_msgs/msg/detail/camera_status__functions.h
[5.785s] -- Up-to-date symlink: /home/prathamkelkar/ros2_ws/install/px4_msgs/include/px4_msgs/px4_msgs/msg/detail/camera_status__struct.h
[5.785s] -- Up-to-date symlink: /home/prathamkelkar/ros2_ws/install/px4_msgs/include/px4_msgs/px4_msgs/msg/detail/camera_status__type_support.h
[5.785s] -- Up-to-date symlink: /home/prathamkelkar/ros2_ws/install/px4_msgs/include/px4_msgs/px4_msgs/msg/detail/camera_trigger__functions.h
[5.785s] -- Up-to-date symlink: /home/prathamkelkar/ros2_ws/install/px4_msgs/include/px4_msgs/px4_msgs/msg/detail/camera_trigger__struct.h
[5.786s] -- Up-to-date symlink: /home/prathamkelkar/ros2_ws/install/px4_msgs/include/px4_msgs/px4_msgs/msg/detail/camera_trigger__type_support.h
[5.786s] -- Up-to-date symlink: /home/prathamkelkar/ros2_ws/install/px4_msgs/include/px4_msgs/px4_msgs/msg/detail/can_interface_status__functions.h
[5.786s] -- Up-to-date symlink: /home/prathamkelkar/ros2_ws/install/px4_msgs/include/px4_msgs/px4_msgs/msg/detail/can_interface_status__struct.h
[5.786s] -- Up-to-date symlink: /home/prathamkelkar/ros2_ws/install/px4_msgs/include/px4_msgs/px4_msgs/msg/detail/can_interface_status__type_support.h
[5.786s] -- Up-to-date symlink: /home/prathamkelkar/ros2_ws/install/px4_msgs/include/px4_msgs/px4_msgs/msg/detail/cellular_status__functions.h
[5.786s] -- Up-to-date symlink: /home/prathamkelkar/ros2_ws/install/px4_msgs/include/px4_msgs/px4_msgs/msg/detail/cellular_status__struct.h
[5.786s] -- Up-to-date symlink: /home/prathamkelkar/ros2_ws/install/px4_msgs/include/px4_msgs/px4_msgs/msg/detail/cellular_status__type_support.h
[5.786s] -- Up-to-date symlink: /home/prathamkelkar/ros2_ws/install/px4_msgs/include/px4_msgs/px4_msgs/msg/detail/collision_constraints__functions.h
[5.787s] -- Up-to-date symlink: /home/prathamkelkar/ros2_ws/install/px4_msgs/include/px4_msgs/px4_msgs/msg/detail/collision_constraints__struct.h
[5.787s] -- Up-to-date symlink: /home/prathamkelkar/ros2_ws/install/px4_msgs/include/px4_msgs/px4_msgs/msg/detail/collision_constraints__type_support.h
[5.787s] -- Up-to-date symlink: /home/prathamkelkar/ros2_ws/install/px4_msgs/include/px4_msgs/px4_msgs/msg/detail/collision_report__functions.h
[5.787s] -- Up-to-date symlink: /home/prathamkelkar/ros2_ws/install/px4_msgs/include/px4_msgs/px4_msgs/msg/detail/collision_report__struct.h
[5.787s] -- Up-to-date symlink: /home/prathamkelkar/ros2_ws/install/px4_msgs/include/px4_msgs/px4_msgs/msg/detail/collision_report__type_support.h
[5.787s] -- Up-to-date symlink: /home/prathamkelkar/ros2_ws/install/px4_msgs/include/px4_msgs/px4_msgs/msg/detail/config_overrides__functions.h
[5.787s] -- Up-to-date symlink: /home/prathamkelkar/ros2_ws/install/px4_msgs/include/px4_msgs/px4_msgs/msg/detail/config_overrides__struct.h
[5.787s] -- Up-to-date symlink: /home/prathamkelkar/ros2_ws/install/px4_msgs/include/px4_msgs/px4_msgs/msg/detail/config_overrides__type_support.h
[5.787s] -- Up-to-date symlink: /home/prathamkelkar/ros2_ws/install/px4_msgs/include/px4_msgs/px4_msgs/msg/detail/control_allocator_status__functions.h
[5.788s] -- Up-to-date symlink: /home/prathamkelkar/ros2_ws/install/px4_msgs/include/px4_msgs/px4_msgs/msg/detail/control_allocator_status__struct.h
[5.788s] -- Up-to-date symlink: /home/prathamkelkar/ros2_ws/install/px4_msgs/include/px4_msgs/px4_msgs/msg/detail/control_allocator_status__type_support.h
[5.788s] -- Up-to-date symlink: /home/prathamkelkar/ros2_ws/install/px4_msgs/include/px4_msgs/px4_msgs/msg/detail/cpuload__functions.h
[5.789s] -- Up-to-date symlink: /home/prathamkelkar/ros2_ws/install/px4_msgs/include/px4_msgs/px4_msgs/msg/detail/cpuload__struct.h
[5.789s] -- Up-to-date symlink: /home/prathamkelkar/ros2_ws/install/px4_msgs/include/px4_msgs/px4_msgs/msg/detail/cpuload__type_support.h
[5.789s] -- Up-to-date symlink: /home/prathamkelkar/ros2_ws/install/px4_msgs/include/px4_msgs/px4_msgs/msg/detail/dataman_request__functions.h
[5.789s] -- Up-to-date symlink: /home/prathamkelkar/ros2_ws/install/px4_msgs/include/px4_msgs/px4_msgs/msg/detail/dataman_request__struct.h
[5.789s] -- Up-to-date symlink: /home/prathamkelkar/ros2_ws/install/px4_msgs/include/px4_msgs/px4_msgs/msg/detail/dataman_request__type_support.h
[5.790s] -- Up-to-date symlink: /home/prathamkelkar/ros2_ws/install/px4_msgs/include/px4_msgs/px4_msgs/msg/detail/dataman_response__functions.h
[5.790s] -- Up-to-date symlink: /home/prathamkelkar/ros2_ws/install/px4_msgs/include/px4_msgs/px4_msgs/msg/detail/dataman_response__struct.h
[5.790s] -- Up-to-date symlink: /home/prathamkelkar/ros2_ws/install/px4_msgs/include/px4_msgs/px4_msgs/msg/detail/dataman_response__type_support.h
[5.790s] -- Up-to-date symlink: /home/prathamkelkar/ros2_ws/install/px4_msgs/include/px4_msgs/px4_msgs/msg/detail/debug_array__functions.h
[5.790s] -- Up-to-date symlink: /home/prathamkelkar/ros2_ws/install/px4_msgs/include/px4_msgs/px4_msgs/msg/detail/debug_array__struct.h
[5.791s] -- Up-to-date symlink: /home/prathamkelkar/ros2_ws/install/px4_msgs/include/px4_msgs/px4_msgs/msg/detail/debug_array__type_support.h
[5.791s] -- Up-to-date symlink: /home/prathamkelkar/ros2_ws/install/px4_msgs/include/px4_msgs/px4_msgs/msg/detail/debug_key_value__functions.h
[5.791s] -- Up-to-date symlink: /home/prathamkelkar/ros2_ws/install/px4_msgs/include/px4_msgs/px4_msgs/msg/detail/debug_key_value__struct.h
[5.791s] -- Up-to-date symlink: /home/prathamkelkar/ros2_ws/install/px4_msgs/include/px4_msgs/px4_msgs/msg/detail/debug_key_value__type_support.h
[5.791s] -- Up-to-date symlink: /home/prathamkelkar/ros2_ws/install/px4_msgs/include/px4_msgs/px4_msgs/msg/detail/debug_value__functions.h
[5.791s] -- Up-to-date symlink: /home/prathamkelkar/ros2_ws/install/px4_msgs/include/px4_msgs/px4_msgs/msg/detail/debug_value__struct.h
[5.792s] -- Up-to-date symlink: /home/prathamkelkar/ros2_ws/install/px4_msgs/include/px4_msgs/px4_msgs/msg/detail/debug_value__type_support.h
[5.792s] -- Up-to-date symlink: /home/prathamkelkar/ros2_ws/install/px4_msgs/include/px4_msgs/px4_msgs/msg/detail/debug_vect__functions.h
[5.792s] -- Up-to-date symlink: /home/prathamkelkar/ros2_ws/install/px4_msgs/include/px4_msgs/px4_msgs/msg/detail/debug_vect__struct.h
[5.792s] -- Up-to-date symlink: /home/prathamkelkar/ros2_ws/install/px4_msgs/include/px4_msgs/px4_msgs/msg/detail/debug_vect__type_support.h
[5.792s] -- Up-to-date symlink: /home/prathamkelkar/ros2_ws/install/px4_msgs/include/px4_msgs/px4_msgs/msg/detail/differential_drive_setpoint__functions.h
[5.793s] -- Up-to-date symlink: /home/prathamkelkar/ros2_ws/install/px4_msgs/include/px4_msgs/px4_msgs/msg/detail/differential_drive_setpoint__struct.h
[5.793s] -- Up-to-date symlink: /home/prathamkelkar/ros2_ws/install/px4_msgs/include/px4_msgs/px4_msgs/msg/detail/differential_drive_setpoint__type_support.h
[5.793s] -- Up-to-date symlink: /home/prathamkelkar/ros2_ws/install/px4_msgs/include/px4_msgs/px4_msgs/msg/detail/differential_pressure__functions.h
[5.793s] -- Up-to-date symlink: /home/prathamkelkar/ros2_ws/install/px4_msgs/include/px4_msgs/px4_msgs/msg/detail/differential_pressure__struct.h
[5.793s] -- Up-to-date symlink: /home/prathamkelkar/ros2_ws/install/px4_msgs/include/px4_msgs/px4_msgs/msg/detail/differential_pressure__type_support.h
[5.793s] -- Up-to-date symlink: /home/prathamkelkar/ros2_ws/install/px4_msgs/include/px4_msgs/px4_msgs/msg/detail/distance_sensor__functions.h
[5.794s] -- Up-to-date symlink: /home/prathamkelkar/ros2_ws/install/px4_msgs/include/px4_msgs/px4_msgs/msg/detail/distance_sensor__struct.h
[5.794s] -- Up-to-date symlink: /home/prathamkelkar/ros2_ws/install/px4_msgs/include/px4_msgs/px4_msgs/msg/detail/distance_sensor__type_support.h
[5.794s] -- Up-to-date symlink: /home/prathamkelkar/ros2_ws/install/px4_msgs/include/px4_msgs/px4_msgs/msg/detail/ekf2_timestamps__functions.h
[5.794s] -- Up-to-date symlink: /home/prathamkelkar/ros2_ws/install/px4_msgs/include/px4_msgs/px4_msgs/msg/detail/ekf2_timestamps__struct.h
[5.794s] -- Up-to-date symlink: /home/prathamkelkar/ros2_ws/install/px4_msgs/include/px4_msgs/px4_msgs/msg/detail/ekf2_timestamps__type_support.h
[5.795s] -- Up-to-date symlink: /home/prathamkelkar/ros2_ws/install/px4_msgs/include/px4_msgs/px4_msgs/msg/detail/esc_report__functions.h
[5.795s] -- Up-to-date symlink: /home/prathamkelkar/ros2_ws/install/px4_msgs/include/px4_msgs/px4_msgs/msg/detail/esc_report__struct.h
[5.795s] -- Up-to-date symlink: /home/prathamkelkar/ros2_ws/install/px4_msgs/include/px4_msgs/px4_msgs/msg/detail/esc_report__type_support.h
[5.795s] -- Up-to-date symlink: /home/prathamkelkar/ros2_ws/install/px4_msgs/include/px4_msgs/px4_msgs/msg/detail/esc_status__functions.h
[5.795s] -- Up-to-date symlink: /home/prathamkelkar/ros2_ws/install/px4_msgs/include/px4_msgs/px4_msgs/msg/detail/esc_status__struct.h
[5.795s] -- Up-to-date symlink: /home/prathamkelkar/ros2_ws/install/px4_msgs/include/px4_msgs/px4_msgs/msg/detail/esc_status__type_support.h
[5.796s] -- Up-to-date symlink: /home/prathamkelkar/ros2_ws/install/px4_msgs/include/px4_msgs/px4_msgs/msg/detail/estimator_aid_source1d__functions.h
[5.796s] -- Up-to-date symlink: /home/prathamkelkar/ros2_ws/install/px4_msgs/include/px4_msgs/px4_msgs/msg/detail/estimator_aid_source1d__struct.h
[5.796s] -- Up-to-date symlink: /home/prathamkelkar/ros2_ws/install/px4_msgs/include/px4_msgs/px4_msgs/msg/detail/estimator_aid_source1d__type_support.h
[5.796s] -- Up-to-date symlink: /home/prathamkelkar/ros2_ws/install/px4_msgs/include/px4_msgs/px4_msgs/msg/detail/estimator_aid_source2d__functions.h
[5.796s] -- Up-to-date symlink: /home/prathamkelkar/ros2_ws/install/px4_msgs/include/px4_msgs/px4_msgs/msg/detail/estimator_aid_source2d__struct.h
[5.797s] -- Up-to-date symlink: /home/prathamkelkar/ros2_ws/install/px4_msgs/include/px4_msgs/px4_msgs/msg/detail/estimator_aid_source2d__type_support.h
[5.797s] -- Up-to-date symlink: /home/prathamkelkar/ros2_ws/install/px4_msgs/include/px4_msgs/px4_msgs/msg/detail/estimator_aid_source3d__functions.h
[5.797s] -- Up-to-date symlink: /home/prathamkelkar/ros2_ws/install/px4_msgs/include/px4_msgs/px4_msgs/msg/detail/estimator_aid_source3d__struct.h
[5.797s] -- Up-to-date symlink: /home/prathamkelkar/ros2_ws/install/px4_msgs/include/px4_msgs/px4_msgs/msg/detail/estimator_aid_source3d__type_support.h
[5.797s] -- Up-to-date symlink: /home/prathamkelkar/ros2_ws/install/px4_msgs/include/px4_msgs/px4_msgs/msg/detail/estimator_bias3d__functions.h
[5.798s] -- Up-to-date symlink: /home/prathamkelkar/ros2_ws/install/px4_msgs/include/px4_msgs/px4_msgs/msg/detail/estimator_bias3d__struct.h
[5.798s] -- Up-to-date symlink: /home/prathamkelkar/ros2_ws/install/px4_msgs/include/px4_msgs/px4_msgs/msg/detail/estimator_bias3d__type_support.h
[5.798s] -- Up-to-date symlink: /home/prathamkelkar/ros2_ws/install/px4_msgs/include/px4_msgs/px4_msgs/msg/detail/estimator_bias__functions.h
[5.798s] -- Up-to-date symlink: /home/prathamkelkar/ros2_ws/install/px4_msgs/include/px4_msgs/px4_msgs/msg/detail/estimator_bias__struct.h
[5.799s] -- Up-to-date symlink: /home/prathamkelkar/ros2_ws/install/px4_msgs/include/px4_msgs/px4_msgs/msg/detail/estimator_bias__type_support.h
[5.799s] -- Up-to-date symlink: /home/prathamkelkar/ros2_ws/install/px4_msgs/include/px4_msgs/px4_msgs/msg/detail/estimator_event_flags__functions.h
[5.799s] -- Up-to-date symlink: /home/prathamkelkar/ros2_ws/install/px4_msgs/include/px4_msgs/px4_msgs/msg/detail/estimator_event_flags__struct.h
[5.800s] -- Up-to-date symlink: /home/prathamkelkar/ros2_ws/install/px4_msgs/include/px4_msgs/px4_msgs/msg/detail/estimator_event_flags__type_support.h
[5.800s] -- Up-to-date symlink: /home/prathamkelkar/ros2_ws/install/px4_msgs/include/px4_msgs/px4_msgs/msg/detail/estimator_gps_status__functions.h
[5.800s] -- Up-to-date symlink: /home/prathamkelkar/ros2_ws/install/px4_msgs/include/px4_msgs/px4_msgs/msg/detail/estimator_gps_status__struct.h
[5.800s] -- Up-to-date symlink: /home/prathamkelkar/ros2_ws/install/px4_msgs/include/px4_msgs/px4_msgs/msg/detail/estimator_gps_status__type_support.h
[5.800s] -- Up-to-date symlink: /home/prathamkelkar/ros2_ws/install/px4_msgs/include/px4_msgs/px4_msgs/msg/detail/estimator_innovations__functions.h
[5.800s] -- Up-to-date symlink: /home/prathamkelkar/ros2_ws/install/px4_msgs/include/px4_msgs/px4_msgs/msg/detail/estimator_innovations__struct.h
[5.801s] -- Up-to-date symlink: /home/prathamkelkar/ros2_ws/install/px4_msgs/include/px4_msgs/px4_msgs/msg/detail/estimator_innovations__type_support.h
[5.801s] -- Up-to-date symlink: /home/prathamkelkar/ros2_ws/install/px4_msgs/include/px4_msgs/px4_msgs/msg/detail/estimator_selector_status__functions.h
[5.801s] -- Up-to-date symlink: /home/prathamkelkar/ros2_ws/install/px4_msgs/include/px4_msgs/px4_msgs/msg/detail/estimator_selector_status__struct.h
[5.801s] -- Up-to-date symlink: /home/prathamkelkar/ros2_ws/install/px4_msgs/include/px4_msgs/px4_msgs/msg/detail/estimator_selector_status__type_support.h
[5.801s] -- Up-to-date symlink: /home/prathamkelkar/ros2_ws/install/px4_msgs/include/px4_msgs/px4_msgs/msg/detail/estimator_sensor_bias__functions.h
[5.801s] -- Up-to-date symlink: /home/prathamkelkar/ros2_ws/install/px4_msgs/include/px4_msgs/px4_msgs/msg/detail/estimator_sensor_bias__struct.h
[5.801s] -- Up-to-date symlink: /home/prathamkelkar/ros2_ws/install/px4_msgs/include/px4_msgs/px4_msgs/msg/detail/estimator_sensor_bias__type_support.h
[5.802s] -- Up-to-date symlink: /home/prathamkelkar/ros2_ws/install/px4_msgs/include/px4_msgs/px4_msgs/msg/detail/estimator_states__functions.h
[5.802s] -- Up-to-date symlink: /home/prathamkelkar/ros2_ws/install/px4_msgs/include/px4_msgs/px4_msgs/msg/detail/estimator_states__struct.h
[5.802s] -- Up-to-date symlink: /home/prathamkelkar/ros2_ws/install/px4_msgs/include/px4_msgs/px4_msgs/msg/detail/estimator_states__type_support.h
[5.802s] -- Up-to-date symlink: /home/prathamkelkar/ros2_ws/install/px4_msgs/include/px4_msgs/px4_msgs/msg/detail/estimator_status__functions.h
[5.802s] -- Up-to-date symlink: /home/prathamkelkar/ros2_ws/install/px4_msgs/include/px4_msgs/px4_msgs/msg/detail/estimator_status__struct.h
[5.802s] -- Up-to-date symlink: /home/prathamkelkar/ros2_ws/install/px4_msgs/include/px4_msgs/px4_msgs/msg/detail/estimator_status__type_support.h
[5.803s] -- Up-to-date symlink: /home/prathamkelkar/ros2_ws/install/px4_msgs/include/px4_msgs/px4_msgs/msg/detail/estimator_status_flags__functions.h
[5.803s] -- Up-to-date symlink: /home/prathamkelkar/ros2_ws/install/px4_msgs/include/px4_msgs/px4_msgs/msg/detail/estimator_status_flags__struct.h
[5.803s] -- Up-to-date symlink: /home/prathamkelkar/ros2_ws/install/px4_msgs/include/px4_msgs/px4_msgs/msg/detail/estimator_status_flags__type_support.h
[5.803s] -- Up-to-date symlink: /home/prathamkelkar/ros2_ws/install/px4_msgs/include/px4_msgs/px4_msgs/msg/detail/event__functions.h
[5.803s] -- Up-to-date symlink: /home/prathamkelkar/ros2_ws/install/px4_msgs/include/px4_msgs/px4_msgs/msg/detail/event__struct.h
[5.804s] -- Up-to-date symlink: /home/prathamkelkar/ros2_ws/install/px4_msgs/include/px4_msgs/px4_msgs/msg/detail/event__type_support.h
[5.804s] -- Up-to-date symlink: /home/prathamkelkar/ros2_ws/install/px4_msgs/include/px4_msgs/px4_msgs/msg/detail/failsafe_flags__functions.h
[5.804s] -- Up-to-date symlink: /home/prathamkelkar/ros2_ws/install/px4_msgs/include/px4_msgs/px4_msgs/msg/detail/failsafe_flags__struct.h
[5.804s] -- Up-to-date symlink: /home/prathamkelkar/ros2_ws/install/px4_msgs/include/px4_msgs/px4_msgs/msg/detail/failsafe_flags__type_support.h
[5.804s] -- Up-to-date symlink: /home/prathamkelkar/ros2_ws/install/px4_msgs/include/px4_msgs/px4_msgs/msg/detail/failure_detector_status__functions.h
[5.804s] -- Up-to-date symlink: /home/prathamkelkar/ros2_ws/install/px4_msgs/include/px4_msgs/px4_msgs/msg/detail/failure_detector_status__struct.h
[5.805s] -- Up-to-date symlink: /home/prathamkelkar/ros2_ws/install/px4_msgs/include/px4_msgs/px4_msgs/msg/detail/failure_detector_status__type_support.h
[5.805s] -- Up-to-date symlink: /home/prathamkelkar/ros2_ws/install/px4_msgs/include/px4_msgs/px4_msgs/msg/detail/figure_eight_status__functions.h
[5.805s] -- Up-to-date symlink: /home/prathamkelkar/ros2_ws/install/px4_msgs/include/px4_msgs/px4_msgs/msg/detail/figure_eight_status__struct.h
[5.805s] -- Up-to-date symlink: /home/prathamkelkar/ros2_ws/install/px4_msgs/include/px4_msgs/px4_msgs/msg/detail/figure_eight_status__type_support.h
[5.805s] -- Up-to-date symlink: /home/prathamkelkar/ros2_ws/install/px4_msgs/include/px4_msgs/px4_msgs/msg/detail/flight_phase_estimation__functions.h
[5.805s] -- Up-to-date symlink: /home/prathamkelkar/ros2_ws/install/px4_msgs/include/px4_msgs/px4_msgs/msg/detail/flight_phase_estimation__struct.h
[5.806s] -- Up-to-date symlink: /home/prathamkelkar/ros2_ws/install/px4_msgs/include/px4_msgs/px4_msgs/msg/detail/flight_phase_estimation__type_support.h
[5.806s] -- Up-to-date symlink: /home/prathamkelkar/ros2_ws/install/px4_msgs/include/px4_msgs/px4_msgs/msg/detail/follow_target__functions.h
[5.806s] -- Up-to-date symlink: /home/prathamkelkar/ros2_ws/install/px4_msgs/include/px4_msgs/px4_msgs/msg/detail/follow_target__struct.h
[5.806s] -- Up-to-date symlink: /home/prathamkelkar/ros2_ws/install/px4_msgs/include/px4_msgs/px4_msgs/msg/detail/follow_target__type_support.h
[5.806s] -- Up-to-date symlink: /home/prathamkelkar/ros2_ws/install/px4_msgs/include/px4_msgs/px4_msgs/msg/detail/follow_target_estimator__functions.h
[5.806s] -- Up-to-date symlink: /home/prathamkelkar/ros2_ws/install/px4_msgs/include/px4_msgs/px4_msgs/msg/detail/follow_target_estimator__struct.h
[5.807s] -- Up-to-date symlink: /home/prathamkelkar/ros2_ws/install/px4_msgs/include/px4_msgs/px4_msgs/msg/detail/follow_target_estimator__type_support.h
[5.807s] -- Up-to-date symlink: /home/prathamkelkar/ros2_ws/install/px4_msgs/include/px4_msgs/px4_msgs/msg/detail/follow_target_status__functions.h
[5.807s] -- Up-to-date symlink: /home/prathamkelkar/ros2_ws/install/px4_msgs/include/px4_msgs/px4_msgs/msg/detail/follow_target_status__struct.h
[5.807s] -- Up-to-date symlink: /home/prathamkelkar/ros2_ws/install/px4_msgs/include/px4_msgs/px4_msgs/msg/detail/follow_target_status__type_support.h
[5.807s] -- Up-to-date symlink: /home/prathamkelkar/ros2_ws/install/px4_msgs/include/px4_msgs/px4_msgs/msg/detail/generator_status__functions.h
[5.807s] -- Up-to-date symlink: /home/prathamkelkar/ros2_ws/install/px4_msgs/include/px4_msgs/px4_msgs/msg/detail/generator_status__struct.h
[5.808s] -- Up-to-date symlink: /home/prathamkelkar/ros2_ws/install/px4_msgs/include/px4_msgs/px4_msgs/msg/detail/generator_status__type_support.h
[5.808s] -- Up-to-date symlink: /home/prathamkelkar/ros2_ws/install/px4_msgs/include/px4_msgs/px4_msgs/msg/detail/geofence_result__functions.h
[5.808s] -- Up-to-date symlink: /home/prathamkelkar/ros2_ws/install/px4_msgs/include/px4_msgs/px4_msgs/msg/detail/geofence_result__struct.h
[5.808s] -- Up-to-date symlink: /home/prathamkelkar/ros2_ws/install/px4_msgs/include/px4_msgs/px4_msgs/msg/detail/geofence_result__type_support.h
[5.808s] -- Up-to-date symlink: /home/prathamkelkar/ros2_ws/install/px4_msgs/include/px4_msgs/px4_msgs/msg/detail/geofence_status__functions.h
[5.808s] -- Up-to-date symlink: /home/prathamkelkar/ros2_ws/install/px4_msgs/include/px4_msgs/px4_msgs/msg/detail/geofence_status__struct.h
[5.809s] -- Up-to-date symlink: /home/prathamkelkar/ros2_ws/install/px4_msgs/include/px4_msgs/px4_msgs/msg/detail/geofence_status__type_support.h
[5.809s] -- Up-to-date symlink: /home/prathamkelkar/ros2_ws/install/px4_msgs/include/px4_msgs/px4_msgs/msg/detail/gimbal_controls__functions.h
[5.809s] -- Up-to-date symlink: /home/prathamkelkar/ros2_ws/install/px4_msgs/include/px4_msgs/px4_msgs/msg/detail/gimbal_controls__struct.h
[5.809s] -- Up-to-date symlink: /home/prathamkelkar/ros2_ws/install/px4_msgs/include/px4_msgs/px4_msgs/msg/detail/gimbal_controls__type_support.h
[5.809s] -- Up-to-date symlink: /home/prathamkelkar/ros2_ws/install/px4_msgs/include/px4_msgs/px4_msgs/msg/detail/gimbal_device_attitude_status__functions.h
[5.809s] -- Up-to-date symlink: /home/prathamkelkar/ros2_ws/install/px4_msgs/include/px4_msgs/px4_msgs/msg/detail/gimbal_device_attitude_status__struct.h
[5.810s] -- Up-to-date symlink: /home/prathamkelkar/ros2_ws/install/px4_msgs/include/px4_msgs/px4_msgs/msg/detail/gimbal_device_attitude_status__type_support.h
[5.810s] -- Up-to-date symlink: /home/prathamkelkar/ros2_ws/install/px4_msgs/include/px4_msgs/px4_msgs/msg/detail/gimbal_device_information__functions.h
[5.810s] -- Up-to-date symlink: /home/prathamkelkar/ros2_ws/install/px4_msgs/include/px4_msgs/px4_msgs/msg/detail/gimbal_device_information__struct.h
[5.810s] -- Up-to-date symlink: /home/prathamkelkar/ros2_ws/install/px4_msgs/include/px4_msgs/px4_msgs/msg/detail/gimbal_device_information__type_support.h
[5.810s] -- Up-to-date symlink: /home/prathamkelkar/ros2_ws/install/px4_msgs/include/px4_msgs/px4_msgs/msg/detail/gimbal_device_set_attitude__functions.h
[5.810s] -- Up-to-date symlink: /home/prathamkelkar/ros2_ws/install/px4_msgs/include/px4_msgs/px4_msgs/msg/detail/gimbal_device_set_attitude__struct.h
[5.811s] -- Up-to-date symlink: /home/prathamkelkar/ros2_ws/install/px4_msgs/include/px4_msgs/px4_msgs/msg/detail/gimbal_device_set_attitude__type_support.h
[5.811s] -- Up-to-date symlink: /home/prathamkelkar/ros2_ws/install/px4_msgs/include/px4_msgs/px4_msgs/msg/detail/gimbal_manager_information__functions.h
[5.811s] -- Up-to-date symlink: /home/prathamkelkar/ros2_ws/install/px4_msgs/include/px4_msgs/px4_msgs/msg/detail/gimbal_manager_information__struct.h
[5.811s] -- Up-to-date symlink: /home/prathamkelkar/ros2_ws/install/px4_msgs/include/px4_msgs/px4_msgs/msg/detail/gimbal_manager_information__type_support.h
[5.811s] -- Up-to-date symlink: /home/prathamkelkar/ros2_ws/install/px4_msgs/include/px4_msgs/px4_msgs/msg/detail/gimbal_manager_set_attitude__functions.h
[5.811s] -- Up-to-date symlink: /home/prathamkelkar/ros2_ws/install/px4_msgs/include/px4_msgs/px4_msgs/msg/detail/gimbal_manager_set_attitude__struct.h
[5.812s] -- Up-to-date symlink: /home/prathamkelkar/ros2_ws/install/px4_msgs/include/px4_msgs/px4_msgs/msg/detail/gimbal_manager_set_attitude__type_support.h
[5.812s] -- Up-to-date symlink: /home/prathamkelkar/ros2_ws/install/px4_msgs/include/px4_msgs/px4_msgs/msg/detail/gimbal_manager_set_manual_control__functions.h
[5.812s] -- Up-to-date symlink: /home/prathamkelkar/ros2_ws/install/px4_msgs/include/px4_msgs/px4_msgs/msg/detail/gimbal_manager_set_manual_control__struct.h
[5.812s] -- Up-to-date symlink: /home/prathamkelkar/ros2_ws/install/px4_msgs/include/px4_msgs/px4_msgs/msg/detail/gimbal_manager_set_manual_control__type_support.h
[5.812s] -- Up-to-date symlink: /home/prathamkelkar/ros2_ws/install/px4_msgs/include/px4_msgs/px4_msgs/msg/detail/gimbal_manager_status__functions.h
[5.812s] -- Up-to-date symlink: /home/prathamkelkar/ros2_ws/install/px4_msgs/include/px4_msgs/px4_msgs/msg/detail/gimbal_manager_status__struct.h
[5.812s] -- Up-to-date symlink: /home/prathamkelkar/ros2_ws/install/px4_msgs/include/px4_msgs/px4_msgs/msg/detail/gimbal_manager_status__type_support.h
[5.813s] -- Up-to-date symlink: /home/prathamkelkar/ros2_ws/install/px4_msgs/include/px4_msgs/px4_msgs/msg/detail/goto_setpoint__functions.h
[5.813s] -- Up-to-date symlink: /home/prathamkelkar/ros2_ws/install/px4_msgs/include/px4_msgs/px4_msgs/msg/detail/goto_setpoint__struct.h
[5.813s] -- Up-to-date symlink: /home/prathamkelkar/ros2_ws/install/px4_msgs/include/px4_msgs/px4_msgs/msg/detail/goto_setpoint__type_support.h
[5.813s] -- Up-to-date symlink: /home/prathamkelkar/ros2_ws/install/px4_msgs/include/px4_msgs/px4_msgs/msg/detail/gpio_config__functions.h
[5.813s] -- Up-to-date symlink: /home/prathamkelkar/ros2_ws/install/px4_msgs/include/px4_msgs/px4_msgs/msg/detail/gpio_config__struct.h
[5.813s] -- Up-to-date symlink: /home/prathamkelkar/ros2_ws/install/px4_msgs/include/px4_msgs/px4_msgs/msg/detail/gpio_config__type_support.h
[5.813s] -- Up-to-date symlink: /home/prathamkelkar/ros2_ws/install/px4_msgs/include/px4_msgs/px4_msgs/msg/detail/gpio_in__functions.h
[5.814s] -- Up-to-date symlink: /home/prathamkelkar/ros2_ws/install/px4_msgs/include/px4_msgs/px4_msgs/msg/detail/gpio_in__struct.h
[5.814s] -- Up-to-date symlink: /home/prathamkelkar/ros2_ws/install/px4_msgs/include/px4_msgs/px4_msgs/msg/detail/gpio_in__type_support.h
[5.814s] -- Up-to-date symlink: /home/prathamkelkar/ros2_ws/install/px4_msgs/include/px4_msgs/px4_msgs/msg/detail/gpio_out__functions.h
[5.814s] -- Up-to-date symlink: /home/prathamkelkar/ros2_ws/install/px4_msgs/include/px4_msgs/px4_msgs/msg/detail/gpio_out__struct.h
[5.814s] -- Up-to-date symlink: /home/prathamkelkar/ros2_ws/install/px4_msgs/include/px4_msgs/px4_msgs/msg/detail/gpio_out__type_support.h
[5.814s] -- Up-to-date symlink: /home/prathamkelkar/ros2_ws/install/px4_msgs/include/px4_msgs/px4_msgs/msg/detail/gpio_request__functions.h
[5.815s] -- Up-to-date symlink: /home/prathamkelkar/ros2_ws/install/px4_msgs/include/px4_msgs/px4_msgs/msg/detail/gpio_request__struct.h
[5.815s] -- Up-to-date symlink: /home/prathamkelkar/ros2_ws/install/px4_msgs/include/px4_msgs/px4_msgs/msg/detail/gpio_request__type_support.h
[5.815s] -- Up-to-date symlink: /home/prathamkelkar/ros2_ws/install/px4_msgs/include/px4_msgs/px4_msgs/msg/detail/gps_dump__functions.h
[5.815s] -- Up-to-date symlink: /home/prathamkelkar/ros2_ws/install/px4_msgs/include/px4_msgs/px4_msgs/msg/detail/gps_dump__struct.h
[5.815s] -- Up-to-date symlink: /home/prathamkelkar/ros2_ws/install/px4_msgs/include/px4_msgs/px4_msgs/msg/detail/gps_dump__type_support.h
[5.815s] -- Up-to-date symlink: /home/prathamkelkar/ros2_ws/install/px4_msgs/include/px4_msgs/px4_msgs/msg/detail/gps_inject_data__functions.h
[5.815s] -- Up-to-date symlink: /home/prathamkelkar/ros2_ws/install/px4_msgs/include/px4_msgs/px4_msgs/msg/detail/gps_inject_data__struct.h
[5.816s] -- Up-to-date symlink: /home/prathamkelkar/ros2_ws/install/px4_msgs/include/px4_msgs/px4_msgs/msg/detail/gps_inject_data__type_support.h
[5.816s] -- Up-to-date symlink: /home/prathamkelkar/ros2_ws/install/px4_msgs/include/px4_msgs/px4_msgs/msg/detail/gripper__functions.h
[5.816s] -- Up-to-date symlink: /home/prathamkelkar/ros2_ws/install/px4_msgs/include/px4_msgs/px4_msgs/msg/detail/gripper__struct.h
[5.816s] -- Up-to-date symlink: /home/prathamkelkar/ros2_ws/install/px4_msgs/include/px4_msgs/px4_msgs/msg/detail/gripper__type_support.h
[5.816s] -- Up-to-date symlink: /home/prathamkelkar/ros2_ws/install/px4_msgs/include/px4_msgs/px4_msgs/msg/detail/health_report__functions.h
[5.816s] -- Up-to-date symlink: /home/prathamkelkar/ros2_ws/install/px4_msgs/include/px4_msgs/px4_msgs/msg/detail/health_report__struct.h
[5.816s] -- Up-to-date symlink: /home/prathamkelkar/ros2_ws/install/px4_msgs/include/px4_msgs/px4_msgs/msg/detail/health_report__type_support.h
[5.817s] -- Up-to-date symlink: /home/prathamkelkar/ros2_ws/install/px4_msgs/include/px4_msgs/px4_msgs/msg/detail/heater_status__functions.h
[5.817s] -- Up-to-date symlink: /home/prathamkelkar/ros2_ws/install/px4_msgs/include/px4_msgs/px4_msgs/msg/detail/heater_status__struct.h
[5.817s] -- Up-to-date symlink: /home/prathamkelkar/ros2_ws/install/px4_msgs/include/px4_msgs/px4_msgs/msg/detail/heater_status__type_support.h
[5.817s] -- Up-to-date symlink: /home/prathamkelkar/ros2_ws/install/px4_msgs/include/px4_msgs/px4_msgs/msg/detail/home_position__functions.h
[5.817s] -- Up-to-date symlink: /home/prathamkelkar/ros2_ws/install/px4_msgs/include/px4_msgs/px4_msgs/msg/detail/home_position__struct.h
[5.817s] -- Up-to-date symlink: /home/prathamkelkar/ros2_ws/install/px4_msgs/include/px4_msgs/px4_msgs/msg/detail/home_position__type_support.h
[5.817s] -- Up-to-date symlink: /home/prathamkelkar/ros2_ws/install/px4_msgs/include/px4_msgs/px4_msgs/msg/detail/hover_thrust_estimate__functions.h
[5.818s] -- Up-to-date symlink: /home/prathamkelkar/ros2_ws/install/px4_msgs/include/px4_msgs/px4_msgs/msg/detail/hover_thrust_estimate__struct.h
[5.818s] -- Up-to-date symlink: /home/prathamkelkar/ros2_ws/install/px4_msgs/include/px4_msgs/px4_msgs/msg/detail/hover_thrust_estimate__type_support.h
[5.818s] -- Up-to-date symlink: /home/prathamkelkar/ros2_ws/install/px4_msgs/include/px4_msgs/px4_msgs/msg/detail/input_rc__functions.h
[5.818s] -- Up-to-date symlink: /home/prathamkelkar/ros2_ws/install/px4_msgs/include/px4_msgs/px4_msgs/msg/detail/input_rc__struct.h
[5.818s] -- Up-to-date symlink: /home/prathamkelkar/ros2_ws/install/px4_msgs/include/px4_msgs/px4_msgs/msg/detail/input_rc__type_support.h
[5.818s] -- Up-to-date symlink: /home/prathamkelkar/ros2_ws/install/px4_msgs/include/px4_msgs/px4_msgs/msg/detail/internal_combustion_engine_status__functions.h
[5.818s] -- Up-to-date symlink: /home/prathamkelkar/ros2_ws/install/px4_msgs/include/px4_msgs/px4_msgs/msg/detail/internal_combustion_engine_status__struct.h
[5.819s] -- Up-to-date symlink: /home/prathamkelkar/ros2_ws/install/px4_msgs/include/px4_msgs/px4_msgs/msg/detail/internal_combustion_engine_status__type_support.h
[5.819s] -- Up-to-date symlink: /home/prathamkelkar/ros2_ws/install/px4_msgs/include/px4_msgs/px4_msgs/msg/detail/iridiumsbd_status__functions.h
[5.819s] -- Up-to-date symlink: /home/prathamkelkar/ros2_ws/install/px4_msgs/include/px4_msgs/px4_msgs/msg/detail/iridiumsbd_status__struct.h
[5.819s] -- Up-to-date symlink: /home/prathamkelkar/ros2_ws/install/px4_msgs/include/px4_msgs/px4_msgs/msg/detail/iridiumsbd_status__type_support.h
[5.819s] -- Up-to-date symlink: /home/prathamkelkar/ros2_ws/install/px4_msgs/include/px4_msgs/px4_msgs/msg/detail/irlock_report__functions.h
[5.819s] -- Up-to-date symlink: /home/prathamkelkar/ros2_ws/install/px4_msgs/include/px4_msgs/px4_msgs/msg/detail/irlock_report__struct.h
[5.819s] -- Up-to-date symlink: /home/prathamkelkar/ros2_ws/install/px4_msgs/include/px4_msgs/px4_msgs/msg/detail/irlock_report__type_support.h
[5.819s] -- Up-to-date symlink: /home/prathamkelkar/ros2_ws/install/px4_msgs/include/px4_msgs/px4_msgs/msg/detail/landing_gear__functions.h
[5.820s] -- Up-to-date symlink: /home/prathamkelkar/ros2_ws/install/px4_msgs/include/px4_msgs/px4_msgs/msg/detail/landing_gear__struct.h
[5.820s] -- Up-to-date symlink: /home/prathamkelkar/ros2_ws/install/px4_msgs/include/px4_msgs/px4_msgs/msg/detail/landing_gear__type_support.h
[5.820s] -- Up-to-date symlink: /home/prathamkelkar/ros2_ws/install/px4_msgs/include/px4_msgs/px4_msgs/msg/detail/landing_gear_wheel__functions.h
[5.820s] -- Up-to-date symlink: /home/prathamkelkar/ros2_ws/install/px4_msgs/include/px4_msgs/px4_msgs/msg/detail/landing_gear_wheel__struct.h
[5.820s] -- Up-to-date symlink: /home/prathamkelkar/ros2_ws/install/px4_msgs/include/px4_msgs/px4_msgs/msg/detail/landing_gear_wheel__type_support.h
[5.820s] -- Up-to-date symlink: /home/prathamkelkar/ros2_ws/install/px4_msgs/include/px4_msgs/px4_msgs/msg/detail/landing_target_innovations__functions.h
[5.820s] -- Up-to-date symlink: /home/prathamkelkar/ros2_ws/install/px4_msgs/include/px4_msgs/px4_msgs/msg/detail/landing_target_innovations__struct.h
[5.821s] -- Up-to-date symlink: /home/prathamkelkar/ros2_ws/install/px4_msgs/include/px4_msgs/px4_msgs/msg/detail/landing_target_innovations__type_support.h
[5.821s] -- Up-to-date symlink: /home/prathamkelkar/ros2_ws/install/px4_msgs/include/px4_msgs/px4_msgs/msg/detail/landing_target_pose__functions.h
[5.821s] -- Up-to-date symlink: /home/prathamkelkar/ros2_ws/install/px4_msgs/include/px4_msgs/px4_msgs/msg/detail/landing_target_pose__struct.h
[5.821s] -- Up-to-date symlink: /home/prathamkelkar/ros2_ws/install/px4_msgs/include/px4_msgs/px4_msgs/msg/detail/landing_target_pose__type_support.h
[5.821s] -- Up-to-date symlink: /home/prathamkelkar/ros2_ws/install/px4_msgs/include/px4_msgs/px4_msgs/msg/detail/launch_detection_status__functions.h
[5.822s] -- Up-to-date symlink: /home/prathamkelkar/ros2_ws/install/px4_msgs/include/px4_msgs/px4_msgs/msg/detail/launch_detection_status__struct.h
[5.822s] -- Up-to-date symlink: /home/prathamkelkar/ros2_ws/install/px4_msgs/include/px4_msgs/px4_msgs/msg/detail/launch_detection_status__type_support.h
[5.822s] -- Up-to-date symlink: /home/prathamkelkar/ros2_ws/install/px4_msgs/include/px4_msgs/px4_msgs/msg/detail/led_control__functions.h
[5.822s] -- Up-to-date symlink: /home/prathamkelkar/ros2_ws/install/px4_msgs/include/px4_msgs/px4_msgs/msg/detail/led_control__struct.h
[5.822s] -- Up-to-date symlink: /home/prathamkelkar/ros2_ws/install/px4_msgs/include/px4_msgs/px4_msgs/msg/detail/led_control__type_support.h
[5.822s] -- Up-to-date symlink: /home/prathamkelkar/ros2_ws/install/px4_msgs/include/px4_msgs/px4_msgs/msg/detail/log_message__functions.h
[5.823s] -- Up-to-date symlink: /home/prathamkelkar/ros2_ws/install/px4_msgs/include/px4_msgs/px4_msgs/msg/detail/log_message__struct.h
[5.823s] -- Up-to-date symlink: /home/prathamkelkar/ros2_ws/install/px4_msgs/include/px4_msgs/px4_msgs/msg/detail/log_message__type_support.h
[5.823s] -- Up-to-date symlink: /home/prathamkelkar/ros2_ws/install/px4_msgs/include/px4_msgs/px4_msgs/msg/detail/logger_status__functions.h
[5.823s] -- Up-to-date symlink: /home/prathamkelkar/ros2_ws/install/px4_msgs/include/px4_msgs/px4_msgs/msg/detail/logger_status__struct.h
[5.823s] -- Up-to-date symlink: /home/prathamkelkar/ros2_ws/install/px4_msgs/include/px4_msgs/px4_msgs/msg/detail/logger_status__type_support.h
[5.823s] -- Up-to-date symlink: /home/prathamkelkar/ros2_ws/install/px4_msgs/include/px4_msgs/px4_msgs/msg/detail/mag_worker_data__functions.h
[5.824s] -- Up-to-date symlink: /home/prathamkelkar/ros2_ws/install/px4_msgs/include/px4_msgs/px4_msgs/msg/detail/mag_worker_data__struct.h
[5.824s] -- Up-to-date symlink: /home/prathamkelkar/ros2_ws/install/px4_msgs/include/px4_msgs/px4_msgs/msg/detail/mag_worker_data__type_support.h
[5.824s] -- Up-to-date symlink: /home/prathamkelkar/ros2_ws/install/px4_msgs/include/px4_msgs/px4_msgs/msg/detail/magnetometer_bias_estimate__functions.h
[5.824s] -- Up-to-date symlink: /home/prathamkelkar/ros2_ws/install/px4_msgs/include/px4_msgs/px4_msgs/msg/detail/magnetometer_bias_estimate__struct.h
[5.824s] -- Up-to-date symlink: /home/prathamkelkar/ros2_ws/install/px4_msgs/include/px4_msgs/px4_msgs/msg/detail/magnetometer_bias_estimate__type_support.h
[5.824s] -- Up-to-date symlink: /home/prathamkelkar/ros2_ws/install/px4_msgs/include/px4_msgs/px4_msgs/msg/detail/manual_control_setpoint__functions.h
[5.824s] -- Up-to-date symlink: /home/prathamkelkar/ros2_ws/install/px4_msgs/include/px4_msgs/px4_msgs/msg/detail/manual_control_setpoint__struct.h
[5.824s] -- Up-to-date symlink: /home/prathamkelkar/ros2_ws/install/px4_msgs/include/px4_msgs/px4_msgs/msg/detail/manual_control_setpoint__type_support.h
[5.824s] -- Up-to-date symlink: /home/prathamkelkar/ros2_ws/install/px4_msgs/include/px4_msgs/px4_msgs/msg/detail/manual_control_switches__functions.h
[5.825s] -- Up-to-date symlink: /home/prathamkelkar/ros2_ws/install/px4_msgs/include/px4_msgs/px4_msgs/msg/detail/manual_control_switches__struct.h
[5.825s] -- Up-to-date symlink: /home/prathamkelkar/ros2_ws/install/px4_msgs/include/px4_msgs/px4_msgs/msg/detail/manual_control_switches__type_support.h
[5.825s] -- Up-to-date symlink: /home/prathamkelkar/ros2_ws/install/px4_msgs/include/px4_msgs/px4_msgs/msg/detail/mavlink_log__functions.h
[5.825s] -- Up-to-date symlink: /home/prathamkelkar/ros2_ws/install/px4_msgs/include/px4_msgs/px4_msgs/msg/detail/mavlink_log__struct.h
[5.826s] -- Up-to-date symlink: /home/prathamkelkar/ros2_ws/install/px4_msgs/include/px4_msgs/px4_msgs/msg/detail/mavlink_log__type_support.h
[5.826s] -- Up-to-date symlink: /home/prathamkelkar/ros2_ws/install/px4_msgs/include/px4_msgs/px4_msgs/msg/detail/mavlink_tunnel__functions.h
[5.826s] -- Up-to-date symlink: /home/prathamkelkar/ros2_ws/install/px4_msgs/include/px4_msgs/px4_msgs/msg/detail/mavlink_tunnel__struct.h
[5.826s] -- Up-to-date symlink: /home/prathamkelkar/ros2_ws/install/px4_msgs/include/px4_msgs/px4_msgs/msg/detail/mavlink_tunnel__type_support.h
[5.826s] -- Up-to-date symlink: /home/prathamkelkar/ros2_ws/install/px4_msgs/include/px4_msgs/px4_msgs/msg/detail/message_format_request__functions.h
[5.826s] -- Up-to-date symlink: /home/prathamkelkar/ros2_ws/install/px4_msgs/include/px4_msgs/px4_msgs/msg/detail/message_format_request__struct.h
[5.826s] -- Up-to-date symlink: /home/prathamkelkar/ros2_ws/install/px4_msgs/include/px4_msgs/px4_msgs/msg/detail/message_format_request__type_support.h
[5.826s] -- Up-to-date symlink: /home/prathamkelkar/ros2_ws/install/px4_msgs/include/px4_msgs/px4_msgs/msg/detail/message_format_response__functions.h
[5.827s] -- Up-to-date symlink: /home/prathamkelkar/ros2_ws/install/px4_msgs/include/px4_msgs/px4_msgs/msg/detail/message_format_response__struct.h
[5.827s] -- Up-to-date symlink: /home/prathamkelkar/ros2_ws/install/px4_msgs/include/px4_msgs/px4_msgs/msg/detail/message_format_response__type_support.h
[5.827s] -- Up-to-date symlink: /home/prathamkelkar/ros2_ws/install/px4_msgs/include/px4_msgs/px4_msgs/msg/detail/mission__functions.h
[5.827s] -- Up-to-date symlink: /home/prathamkelkar/ros2_ws/install/px4_msgs/include/px4_msgs/px4_msgs/msg/detail/mission__struct.h
[5.827s] -- Up-to-date symlink: /home/prathamkelkar/ros2_ws/install/px4_msgs/include/px4_msgs/px4_msgs/msg/detail/mission__type_support.h
[5.827s] -- Up-to-date symlink: /home/prathamkelkar/ros2_ws/install/px4_msgs/include/px4_msgs/px4_msgs/msg/detail/mission_result__functions.h
[5.828s] -- Up-to-date symlink: /home/prathamkelkar/ros2_ws/install/px4_msgs/include/px4_msgs/px4_msgs/msg/detail/mission_result__struct.h
[5.828s] -- Up-to-date symlink: /home/prathamkelkar/ros2_ws/install/px4_msgs/include/px4_msgs/px4_msgs/msg/detail/mission_result__type_support.h
[5.828s] -- Up-to-date symlink: /home/prathamkelkar/ros2_ws/install/px4_msgs/include/px4_msgs/px4_msgs/msg/detail/mode_completed__functions.h
[5.828s] -- Up-to-date symlink: /home/prathamkelkar/ros2_ws/install/px4_msgs/include/px4_msgs/px4_msgs/msg/detail/mode_completed__struct.h
[5.828s] -- Up-to-date symlink: /home/prathamkelkar/ros2_ws/install/px4_msgs/include/px4_msgs/px4_msgs/msg/detail/mode_completed__type_support.h
[5.828s] -- Up-to-date symlink: /home/prathamkelkar/ros2_ws/install/px4_msgs/include/px4_msgs/px4_msgs/msg/detail/mount_orientation__functions.h
[5.828s] -- Up-to-date symlink: /home/prathamkelkar/ros2_ws/install/px4_msgs/include/px4_msgs/px4_msgs/msg/detail/mount_orientation__struct.h
[5.829s] -- Up-to-date symlink: /home/prathamkelkar/ros2_ws/install/px4_msgs/include/px4_msgs/px4_msgs/msg/detail/mount_orientation__type_support.h
[5.829s] -- Up-to-date symlink: /home/prathamkelkar/ros2_ws/install/px4_msgs/include/px4_msgs/px4_msgs/msg/detail/navigator_mission_item__functions.h
[5.829s] -- Up-to-date symlink: /home/prathamkelkar/ros2_ws/install/px4_msgs/include/px4_msgs/px4_msgs/msg/detail/navigator_mission_item__struct.h
[5.829s] -- Up-to-date symlink: /home/prathamkelkar/ros2_ws/install/px4_msgs/include/px4_msgs/px4_msgs/msg/detail/navigator_mission_item__type_support.h
[5.829s] -- Up-to-date symlink: /home/prathamkelkar/ros2_ws/install/px4_msgs/include/px4_msgs/px4_msgs/msg/detail/normalized_unsigned_setpoint__functions.h
[5.829s] -- Up-to-date symlink: /home/prathamkelkar/ros2_ws/install/px4_msgs/include/px4_msgs/px4_msgs/msg/detail/normalized_unsigned_setpoint__struct.h
[5.829s] -- Up-to-date symlink: /home/prathamkelkar/ros2_ws/install/px4_msgs/include/px4_msgs/px4_msgs/msg/detail/normalized_unsigned_setpoint__type_support.h
[5.830s] -- Up-to-date symlink: /home/prathamkelkar/ros2_ws/install/px4_msgs/include/px4_msgs/px4_msgs/msg/detail/npfg_status__functions.h
[5.830s] -- Up-to-date symlink: /home/prathamkelkar/ros2_ws/install/px4_msgs/include/px4_msgs/px4_msgs/msg/detail/npfg_status__struct.h
[5.830s] -- Up-to-date symlink: /home/prathamkelkar/ros2_ws/install/px4_msgs/include/px4_msgs/px4_msgs/msg/detail/npfg_status__type_support.h
[5.830s] -- Up-to-date symlink: /home/prathamkelkar/ros2_ws/install/px4_msgs/include/px4_msgs/px4_msgs/msg/detail/obstacle_distance__functions.h
[5.830s] -- Up-to-date symlink: /home/prathamkelkar/ros2_ws/install/px4_msgs/include/px4_msgs/px4_msgs/msg/detail/obstacle_distance__struct.h
[5.830s] -- Up-to-date symlink: /home/prathamkelkar/ros2_ws/install/px4_msgs/include/px4_msgs/px4_msgs/msg/detail/obstacle_distance__type_support.h
[5.831s] -- Up-to-date symlink: /home/prathamkelkar/ros2_ws/install/px4_msgs/include/px4_msgs/px4_msgs/msg/detail/offboard_control_mode__functions.h
[5.831s] -- Up-to-date symlink: /home/prathamkelkar/ros2_ws/install/px4_msgs/include/px4_msgs/px4_msgs/msg/detail/offboard_control_mode__struct.h
[5.831s] -- Up-to-date symlink: /home/prathamkelkar/ros2_ws/install/px4_msgs/include/px4_msgs/px4_msgs/msg/detail/offboard_control_mode__type_support.h
[5.831s] -- Up-to-date symlink: /home/prathamkelkar/ros2_ws/install/px4_msgs/include/px4_msgs/px4_msgs/msg/detail/onboard_computer_status__functions.h
[5.831s] -- Up-to-date symlink: /home/prathamkelkar/ros2_ws/install/px4_msgs/include/px4_msgs/px4_msgs/msg/detail/onboard_computer_status__struct.h
[5.831s] -- Up-to-date symlink: /home/prathamkelkar/ros2_ws/install/px4_msgs/include/px4_msgs/px4_msgs/msg/detail/onboard_computer_status__type_support.h
[5.831s] -- Up-to-date symlink: /home/prathamkelkar/ros2_ws/install/px4_msgs/include/px4_msgs/px4_msgs/msg/detail/orb_test__functions.h
[5.832s] -- Up-to-date symlink: /home/prathamkelkar/ros2_ws/install/px4_msgs/include/px4_msgs/px4_msgs/msg/detail/orb_test__struct.h
[5.832s] -- Up-to-date symlink: /home/prathamkelkar/ros2_ws/install/px4_msgs/include/px4_msgs/px4_msgs/msg/detail/orb_test__type_support.h
[5.832s] -- Up-to-date symlink: /home/prathamkelkar/ros2_ws/install/px4_msgs/include/px4_msgs/px4_msgs/msg/detail/orb_test_large__functions.h
[5.832s] -- Up-to-date symlink: /home/prathamkelkar/ros2_ws/install/px4_msgs/include/px4_msgs/px4_msgs/msg/detail/orb_test_large__struct.h
[5.832s] -- Up-to-date symlink: /home/prathamkelkar/ros2_ws/install/px4_msgs/include/px4_msgs/px4_msgs/msg/detail/orb_test_large__type_support.h
[5.833s] -- Up-to-date symlink: /home/prathamkelkar/ros2_ws/install/px4_msgs/include/px4_msgs/px4_msgs/msg/detail/orb_test_medium__functions.h
[5.833s] -- Up-to-date symlink: /home/prathamkelkar/ros2_ws/install/px4_msgs/include/px4_msgs/px4_msgs/msg/detail/orb_test_medium__struct.h
[5.833s] -- Up-to-date symlink: /home/prathamkelkar/ros2_ws/install/px4_msgs/include/px4_msgs/px4_msgs/msg/detail/orb_test_medium__type_support.h
[5.833s] -- Up-to-date symlink: /home/prathamkelkar/ros2_ws/install/px4_msgs/include/px4_msgs/px4_msgs/msg/detail/orbit_status__functions.h
[5.833s] -- Up-to-date symlink: /home/prathamkelkar/ros2_ws/install/px4_msgs/include/px4_msgs/px4_msgs/msg/detail/orbit_status__struct.h
[5.833s] -- Up-to-date symlink: /home/prathamkelkar/ros2_ws/install/px4_msgs/include/px4_msgs/px4_msgs/msg/detail/orbit_status__type_support.h
[5.834s] -- Up-to-date symlink: /home/prathamkelkar/ros2_ws/install/px4_msgs/include/px4_msgs/px4_msgs/msg/detail/parameter_reset_request__functions.h
[5.834s] -- Up-to-date symlink: /home/prathamkelkar/ros2_ws/install/px4_msgs/include/px4_msgs/px4_msgs/msg/detail/parameter_reset_request__struct.h
[5.834s] -- Up-to-date symlink: /home/prathamkelkar/ros2_ws/install/px4_msgs/include/px4_msgs/px4_msgs/msg/detail/parameter_reset_request__type_support.h
[5.834s] -- Up-to-date symlink: /home/prathamkelkar/ros2_ws/install/px4_msgs/include/px4_msgs/px4_msgs/msg/detail/parameter_set_used_request__functions.h
[5.834s] -- Up-to-date symlink: /home/prathamkelkar/ros2_ws/install/px4_msgs/include/px4_msgs/px4_msgs/msg/detail/parameter_set_used_request__struct.h
[5.834s] -- Up-to-date symlink: /home/prathamkelkar/ros2_ws/install/px4_msgs/include/px4_msgs/px4_msgs/msg/detail/parameter_set_used_request__type_support.h
[5.834s] -- Up-to-date symlink: /home/prathamkelkar/ros2_ws/install/px4_msgs/include/px4_msgs/px4_msgs/msg/detail/parameter_set_value_request__functions.h
[5.835s] -- Up-to-date symlink: /home/prathamkelkar/ros2_ws/install/px4_msgs/include/px4_msgs/px4_msgs/msg/detail/parameter_set_value_request__struct.h
[5.835s] -- Up-to-date symlink: /home/prathamkelkar/ros2_ws/install/px4_msgs/include/px4_msgs/px4_msgs/msg/detail/parameter_set_value_request__type_support.h
[5.835s] -- Up-to-date symlink: /home/prathamkelkar/ros2_ws/install/px4_msgs/include/px4_msgs/px4_msgs/msg/detail/parameter_set_value_response__functions.h
[5.835s] -- Up-to-date symlink: /home/prathamkelkar/ros2_ws/install/px4_msgs/include/px4_msgs/px4_msgs/msg/detail/parameter_set_value_response__struct.h
[5.835s] -- Up-to-date symlink: /home/prathamkelkar/ros2_ws/install/px4_msgs/include/px4_msgs/px4_msgs/msg/detail/parameter_set_value_response__type_support.h
[5.835s] -- Up-to-date symlink: /home/prathamkelkar/ros2_ws/install/px4_msgs/include/px4_msgs/px4_msgs/msg/detail/parameter_update__functions.h
[5.836s] -- Up-to-date symlink: /home/prathamkelkar/ros2_ws/install/px4_msgs/include/px4_msgs/px4_msgs/msg/detail/parameter_update__struct.h
[5.836s] -- Up-to-date symlink: /home/prathamkelkar/ros2_ws/install/px4_msgs/include/px4_msgs/px4_msgs/msg/detail/parameter_update__type_support.h
[5.836s] -- Up-to-date symlink: /home/prathamkelkar/ros2_ws/install/px4_msgs/include/px4_msgs/px4_msgs/msg/detail/ping__functions.h
[5.836s] -- Up-to-date symlink: /home/prathamkelkar/ros2_ws/install/px4_msgs/include/px4_msgs/px4_msgs/msg/detail/ping__struct.h
[5.836s] -- Up-to-date symlink: /home/prathamkelkar/ros2_ws/install/px4_msgs/include/px4_msgs/px4_msgs/msg/detail/ping__type_support.h
[5.836s] -- Up-to-date symlink: /home/prathamkelkar/ros2_ws/install/px4_msgs/include/px4_msgs/px4_msgs/msg/detail/position_controller_landing_status__functions.h
[5.836s] -- Up-to-date symlink: /home/prathamkelkar/ros2_ws/install/px4_msgs/include/px4_msgs/px4_msgs/msg/detail/position_controller_landing_status__struct.h
[5.837s] -- Up-to-date symlink: /home/prathamkelkar/ros2_ws/install/px4_msgs/include/px4_msgs/px4_msgs/msg/detail/position_controller_landing_status__type_support.h
[5.837s] -- Up-to-date symlink: /home/prathamkelkar/ros2_ws/install/px4_msgs/include/px4_msgs/px4_msgs/msg/detail/position_controller_status__functions.h
[5.837s] -- Up-to-date symlink: /home/prathamkelkar/ros2_ws/install/px4_msgs/include/px4_msgs/px4_msgs/msg/detail/position_controller_status__struct.h
[5.837s] -- Up-to-date symlink: /home/prathamkelkar/ros2_ws/install/px4_msgs/include/px4_msgs/px4_msgs/msg/detail/position_controller_status__type_support.h
[5.837s] -- Up-to-date symlink: /home/prathamkelkar/ros2_ws/install/px4_msgs/include/px4_msgs/px4_msgs/msg/detail/position_setpoint__functions.h
[5.837s] -- Up-to-date symlink: /home/prathamkelkar/ros2_ws/install/px4_msgs/include/px4_msgs/px4_msgs/msg/detail/position_setpoint__struct.h
[5.837s] -- Up-to-date symlink: /home/prathamkelkar/ros2_ws/install/px4_msgs/include/px4_msgs/px4_msgs/msg/detail/position_setpoint__type_support.h
[5.838s] -- Up-to-date symlink: /home/prathamkelkar/ros2_ws/install/px4_msgs/include/px4_msgs/px4_msgs/msg/detail/position_setpoint_triplet__functions.h
[5.838s] -- Up-to-date symlink: /home/prathamkelkar/ros2_ws/install/px4_msgs/include/px4_msgs/px4_msgs/msg/detail/position_setpoint_triplet__struct.h
[5.838s] -- Up-to-date symlink: /home/prathamkelkar/ros2_ws/install/px4_msgs/include/px4_msgs/px4_msgs/msg/detail/position_setpoint_triplet__type_support.h
[5.838s] -- Up-to-date symlink: /home/prathamkelkar/ros2_ws/install/px4_msgs/include/px4_msgs/px4_msgs/msg/detail/power_button_state__functions.h
[5.838s] -- Up-to-date symlink: /home/prathamkelkar/ros2_ws/install/px4_msgs/include/px4_msgs/px4_msgs/msg/detail/power_button_state__struct.h
[5.838s] -- Up-to-date symlink: /home/prathamkelkar/ros2_ws/install/px4_msgs/include/px4_msgs/px4_msgs/msg/detail/power_button_state__type_support.h
[5.839s] -- Up-to-date symlink: /home/prathamkelkar/ros2_ws/install/px4_msgs/include/px4_msgs/px4_msgs/msg/detail/power_monitor__functions.h
[5.839s] -- Up-to-date symlink: /home/prathamkelkar/ros2_ws/install/px4_msgs/include/px4_msgs/px4_msgs/msg/detail/power_monitor__struct.h
[5.839s] -- Up-to-date symlink: /home/prathamkelkar/ros2_ws/install/px4_msgs/include/px4_msgs/px4_msgs/msg/detail/power_monitor__type_support.h
[5.839s] -- Up-to-date symlink: /home/prathamkelkar/ros2_ws/install/px4_msgs/include/px4_msgs/px4_msgs/msg/detail/pps_capture__functions.h
[5.839s] -- Up-to-date symlink: /home/prathamkelkar/ros2_ws/install/px4_msgs/include/px4_msgs/px4_msgs/msg/detail/pps_capture__struct.h
[5.839s] -- Up-to-date symlink: /home/prathamkelkar/ros2_ws/install/px4_msgs/include/px4_msgs/px4_msgs/msg/detail/pps_capture__type_support.h
[5.839s] -- Up-to-date symlink: /home/prathamkelkar/ros2_ws/install/px4_msgs/include/px4_msgs/px4_msgs/msg/detail/pwm_input__functions.h
[5.840s] -- Up-to-date symlink: /home/prathamkelkar/ros2_ws/install/px4_msgs/include/px4_msgs/px4_msgs/msg/detail/pwm_input__struct.h
[5.840s] -- Up-to-date symlink: /home/prathamkelkar/ros2_ws/install/px4_msgs/include/px4_msgs/px4_msgs/msg/detail/pwm_input__type_support.h
[5.840s] -- Up-to-date symlink: /home/prathamkelkar/ros2_ws/install/px4_msgs/include/px4_msgs/px4_msgs/msg/detail/px4io_status__functions.h
[5.840s] -- Up-to-date symlink: /home/prathamkelkar/ros2_ws/install/px4_msgs/include/px4_msgs/px4_msgs/msg/detail/px4io_status__struct.h
[5.840s] -- Up-to-date symlink: /home/prathamkelkar/ros2_ws/install/px4_msgs/include/px4_msgs/px4_msgs/msg/detail/px4io_status__type_support.h
[5.840s] -- Up-to-date symlink: /home/prathamkelkar/ros2_ws/install/px4_msgs/include/px4_msgs/px4_msgs/msg/detail/qshell_req__functions.h
[5.840s] -- Up-to-date symlink: /home/prathamkelkar/ros2_ws/install/px4_msgs/include/px4_msgs/px4_msgs/msg/detail/qshell_req__struct.h
[5.840s] -- Up-to-date symlink: /home/prathamkelkar/ros2_ws/install/px4_msgs/include/px4_msgs/px4_msgs/msg/detail/qshell_req__type_support.h
[5.841s] -- Up-to-date symlink: /home/prathamkelkar/ros2_ws/install/px4_msgs/include/px4_msgs/px4_msgs/msg/detail/qshell_retval__functions.h
[5.841s] -- Up-to-date symlink: /home/prathamkelkar/ros2_ws/install/px4_msgs/include/px4_msgs/px4_msgs/msg/detail/qshell_retval__struct.h
[5.841s] -- Up-to-date symlink: /home/prathamkelkar/ros2_ws/install/px4_msgs/include/px4_msgs/px4_msgs/msg/detail/qshell_retval__type_support.h
[5.841s] -- Up-to-date symlink: /home/prathamkelkar/ros2_ws/install/px4_msgs/include/px4_msgs/px4_msgs/msg/detail/radio_status__functions.h
[5.841s] -- Up-to-date symlink: /home/prathamkelkar/ros2_ws/install/px4_msgs/include/px4_msgs/px4_msgs/msg/detail/radio_status__struct.h
[5.841s] -- Up-to-date symlink: /home/prathamkelkar/ros2_ws/install/px4_msgs/include/px4_msgs/px4_msgs/msg/detail/radio_status__type_support.h
[5.841s] -- Up-to-date symlink: /home/prathamkelkar/ros2_ws/install/px4_msgs/include/px4_msgs/px4_msgs/msg/detail/rate_ctrl_status__functions.h
[5.842s] -- Up-to-date symlink: /home/prathamkelkar/ros2_ws/install/px4_msgs/include/px4_msgs/px4_msgs/msg/detail/rate_ctrl_status__struct.h
[5.842s] -- Up-to-date symlink: /home/prathamkelkar/ros2_ws/install/px4_msgs/include/px4_msgs/px4_msgs/msg/detail/rate_ctrl_status__type_support.h
[5.842s] -- Up-to-date symlink: /home/prathamkelkar/ros2_ws/install/px4_msgs/include/px4_msgs/px4_msgs/msg/detail/rc_channels__functions.h
[5.842s] -- Up-to-date symlink: /home/prathamkelkar/ros2_ws/install/px4_msgs/include/px4_msgs/px4_msgs/msg/detail/rc_channels__struct.h
[5.842s] -- Up-to-date symlink: /home/prathamkelkar/ros2_ws/install/px4_msgs/include/px4_msgs/px4_msgs/msg/detail/rc_channels__type_support.h
[5.842s] -- Up-to-date symlink: /home/prathamkelkar/ros2_ws/install/px4_msgs/include/px4_msgs/px4_msgs/msg/detail/rc_parameter_map__functions.h
[5.842s] -- Up-to-date symlink: /home/prathamkelkar/ros2_ws/install/px4_msgs/include/px4_msgs/px4_msgs/msg/detail/rc_parameter_map__struct.h
[5.843s] -- Up-to-date symlink: /home/prathamkelkar/ros2_ws/install/px4_msgs/include/px4_msgs/px4_msgs/msg/detail/rc_parameter_map__type_support.h
[5.843s] -- Up-to-date symlink: /home/prathamkelkar/ros2_ws/install/px4_msgs/include/px4_msgs/px4_msgs/msg/detail/register_ext_component_reply__functions.h
[5.843s] -- Up-to-date symlink: /home/prathamkelkar/ros2_ws/install/px4_msgs/include/px4_msgs/px4_msgs/msg/detail/register_ext_component_reply__struct.h
[5.843s] -- Up-to-date symlink: /home/prathamkelkar/ros2_ws/install/px4_msgs/include/px4_msgs/px4_msgs/msg/detail/register_ext_component_reply__type_support.h
[5.843s] -- Up-to-date symlink: /home/prathamkelkar/ros2_ws/install/px4_msgs/include/px4_msgs/px4_msgs/msg/detail/register_ext_component_request__functions.h
[5.843s] -- Up-to-date symlink: /home/prathamkelkar/ros2_ws/install/px4_msgs/include/px4_msgs/px4_msgs/msg/detail/register_ext_component_request__struct.h
[5.843s] -- Up-to-date symlink: /home/prathamkelkar/ros2_ws/install/px4_msgs/include/px4_msgs/px4_msgs/msg/detail/register_ext_component_request__type_support.h
[5.843s] -- Up-to-date symlink: /home/prathamkelkar/ros2_ws/install/px4_msgs/include/px4_msgs/px4_msgs/msg/detail/rpm__functions.h
[5.844s] -- Up-to-date symlink: /home/prathamkelkar/ros2_ws/install/px4_msgs/include/px4_msgs/px4_msgs/msg/detail/rpm__struct.h
[5.844s] -- Up-to-date symlink: /home/prathamkelkar/ros2_ws/install/px4_msgs/include/px4_msgs/px4_msgs/msg/detail/rpm__type_support.h
[5.844s] -- Up-to-date symlink: /home/prathamkelkar/ros2_ws/install/px4_msgs/include/px4_msgs/px4_msgs/msg/detail/rtl_status__functions.h
[5.844s] -- Up-to-date symlink: /home/prathamkelkar/ros2_ws/install/px4_msgs/include/px4_msgs/px4_msgs/msg/detail/rtl_status__struct.h
[5.844s] -- Up-to-date symlink: /home/prathamkelkar/ros2_ws/install/px4_msgs/include/px4_msgs/px4_msgs/msg/detail/rtl_status__type_support.h
[5.844s] -- Up-to-date symlink: /home/prathamkelkar/ros2_ws/install/px4_msgs/include/px4_msgs/px4_msgs/msg/detail/rtl_time_estimate__functions.h
[5.844s] -- Up-to-date symlink: /home/prathamkelkar/ros2_ws/install/px4_msgs/include/px4_msgs/px4_msgs/msg/detail/rtl_time_estimate__struct.h
[5.844s] -- Up-to-date symlink: /home/prathamkelkar/ros2_ws/install/px4_msgs/include/px4_msgs/px4_msgs/msg/detail/rtl_time_estimate__type_support.h
[5.845s] -- Up-to-date symlink: /home/prathamkelkar/ros2_ws/install/px4_msgs/include/px4_msgs/px4_msgs/msg/detail/satellite_info__functions.h
[5.845s] -- Up-to-date symlink: /home/prathamkelkar/ros2_ws/install/px4_msgs/include/px4_msgs/px4_msgs/msg/detail/satellite_info__struct.h
[5.845s] -- Up-to-date symlink: /home/prathamkelkar/ros2_ws/install/px4_msgs/include/px4_msgs/px4_msgs/msg/detail/satellite_info__type_support.h
[5.845s] -- Up-to-date symlink: /home/prathamkelkar/ros2_ws/install/px4_msgs/include/px4_msgs/px4_msgs/msg/detail/sensor_accel__functions.h
[5.845s] -- Up-to-date symlink: /home/prathamkelkar/ros2_ws/install/px4_msgs/include/px4_msgs/px4_msgs/msg/detail/sensor_accel__struct.h
[5.845s] -- Up-to-date symlink: /home/prathamkelkar/ros2_ws/install/px4_msgs/include/px4_msgs/px4_msgs/msg/detail/sensor_accel__type_support.h
[5.845s] -- Up-to-date symlink: /home/prathamkelkar/ros2_ws/install/px4_msgs/include/px4_msgs/px4_msgs/msg/detail/sensor_accel_fifo__functions.h
[5.845s] -- Up-to-date symlink: /home/prathamkelkar/ros2_ws/install/px4_msgs/include/px4_msgs/px4_msgs/msg/detail/sensor_accel_fifo__struct.h
[5.846s] -- Up-to-date symlink: /home/prathamkelkar/ros2_ws/install/px4_msgs/include/px4_msgs/px4_msgs/msg/detail/sensor_accel_fifo__type_support.h
[5.846s] -- Up-to-date symlink: /home/prathamkelkar/ros2_ws/install/px4_msgs/include/px4_msgs/px4_msgs/msg/detail/sensor_airflow__functions.h
[5.846s] -- Up-to-date symlink: /home/prathamkelkar/ros2_ws/install/px4_msgs/include/px4_msgs/px4_msgs/msg/detail/sensor_airflow__struct.h
[5.846s] -- Up-to-date symlink: /home/prathamkelkar/ros2_ws/install/px4_msgs/include/px4_msgs/px4_msgs/msg/detail/sensor_airflow__type_support.h
[5.846s] -- Up-to-date symlink: /home/prathamkelkar/ros2_ws/install/px4_msgs/include/px4_msgs/px4_msgs/msg/detail/sensor_baro__functions.h
[5.846s] -- Up-to-date symlink: /home/prathamkelkar/ros2_ws/install/px4_msgs/include/px4_msgs/px4_msgs/msg/detail/sensor_baro__struct.h
[5.846s] -- Up-to-date symlink: /home/prathamkelkar/ros2_ws/install/px4_msgs/include/px4_msgs/px4_msgs/msg/detail/sensor_baro__type_support.h
[5.846s] -- Up-to-date symlink: /home/prathamkelkar/ros2_ws/install/px4_msgs/include/px4_msgs/px4_msgs/msg/detail/sensor_combined__functions.h
[5.846s] -- Up-to-date symlink: /home/prathamkelkar/ros2_ws/install/px4_msgs/include/px4_msgs/px4_msgs/msg/detail/sensor_combined__struct.h
[5.846s] -- Up-to-date symlink: /home/prathamkelkar/ros2_ws/install/px4_msgs/include/px4_msgs/px4_msgs/msg/detail/sensor_combined__type_support.h
[5.847s] -- Up-to-date symlink: /home/prathamkelkar/ros2_ws/install/px4_msgs/include/px4_msgs/px4_msgs/msg/detail/sensor_correction__functions.h
[5.847s] -- Up-to-date symlink: /home/prathamkelkar/ros2_ws/install/px4_msgs/include/px4_msgs/px4_msgs/msg/detail/sensor_correction__struct.h
[5.847s] -- Up-to-date symlink: /home/prathamkelkar/ros2_ws/install/px4_msgs/include/px4_msgs/px4_msgs/msg/detail/sensor_correction__type_support.h
[5.847s] -- Up-to-date symlink: /home/prathamkelkar/ros2_ws/install/px4_msgs/include/px4_msgs/px4_msgs/msg/detail/sensor_gnss_relative__functions.h
[5.847s] -- Up-to-date symlink: /home/prathamkelkar/ros2_ws/install/px4_msgs/include/px4_msgs/px4_msgs/msg/detail/sensor_gnss_relative__struct.h
[5.847s] -- Up-to-date symlink: /home/prathamkelkar/ros2_ws/install/px4_msgs/include/px4_msgs/px4_msgs/msg/detail/sensor_gnss_relative__type_support.h
[5.847s] -- Up-to-date symlink: /home/prathamkelkar/ros2_ws/install/px4_msgs/include/px4_msgs/px4_msgs/msg/detail/sensor_gps__functions.h
[5.847s] -- Up-to-date symlink: /home/prathamkelkar/ros2_ws/install/px4_msgs/include/px4_msgs/px4_msgs/msg/detail/sensor_gps__struct.h
[5.847s] -- Up-to-date symlink: /home/prathamkelkar/ros2_ws/install/px4_msgs/include/px4_msgs/px4_msgs/msg/detail/sensor_gps__type_support.h
[5.847s] -- Up-to-date symlink: /home/prathamkelkar/ros2_ws/install/px4_msgs/include/px4_msgs/px4_msgs/msg/detail/sensor_gyro__functions.h
[5.848s] -- Up-to-date symlink: /home/prathamkelkar/ros2_ws/install/px4_msgs/include/px4_msgs/px4_msgs/msg/detail/sensor_gyro__struct.h
[5.848s] -- Up-to-date symlink: /home/prathamkelkar/ros2_ws/install/px4_msgs/include/px4_msgs/px4_msgs/msg/detail/sensor_gyro__type_support.h
[5.848s] -- Up-to-date symlink: /home/prathamkelkar/ros2_ws/install/px4_msgs/include/px4_msgs/px4_msgs/msg/detail/sensor_gyro_fft__functions.h
[5.848s] -- Up-to-date symlink: /home/prathamkelkar/ros2_ws/install/px4_msgs/include/px4_msgs/px4_msgs/msg/detail/sensor_gyro_fft__struct.h
[5.848s] -- Up-to-date symlink: /home/prathamkelkar/ros2_ws/install/px4_msgs/include/px4_msgs/px4_msgs/msg/detail/sensor_gyro_fft__type_support.h
[5.848s] -- Up-to-date symlink: /home/prathamkelkar/ros2_ws/install/px4_msgs/include/px4_msgs/px4_msgs/msg/detail/sensor_gyro_fifo__functions.h
[5.848s] -- Up-to-date symlink: /home/prathamkelkar/ros2_ws/install/px4_msgs/include/px4_msgs/px4_msgs/msg/detail/sensor_gyro_fifo__struct.h
[5.848s] -- Up-to-date symlink: /home/prathamkelkar/ros2_ws/install/px4_msgs/include/px4_msgs/px4_msgs/msg/detail/sensor_gyro_fifo__type_support.h
[5.848s] -- Up-to-date symlink: /home/prathamkelkar/ros2_ws/install/px4_msgs/include/px4_msgs/px4_msgs/msg/detail/sensor_hygrometer__functions.h
[5.848s] -- Up-to-date symlink: /home/prathamkelkar/ros2_ws/install/px4_msgs/include/px4_msgs/px4_msgs/msg/detail/sensor_hygrometer__struct.h
[5.848s] -- Up-to-date symlink: /home/prathamkelkar/ros2_ws/install/px4_msgs/include/px4_msgs/px4_msgs/msg/detail/sensor_hygrometer__type_support.h
[5.849s] -- Up-to-date symlink: /home/prathamkelkar/ros2_ws/install/px4_msgs/include/px4_msgs/px4_msgs/msg/detail/sensor_mag__functions.h
[5.849s] -- Up-to-date symlink: /home/prathamkelkar/ros2_ws/install/px4_msgs/include/px4_msgs/px4_msgs/msg/detail/sensor_mag__struct.h
[5.849s] -- Up-to-date symlink: /home/prathamkelkar/ros2_ws/install/px4_msgs/include/px4_msgs/px4_msgs/msg/detail/sensor_mag__type_support.h
[5.849s] -- Up-to-date symlink: /home/prathamkelkar/ros2_ws/install/px4_msgs/include/px4_msgs/px4_msgs/msg/detail/sensor_optical_flow__functions.h
[5.849s] -- Up-to-date symlink: /home/prathamkelkar/ros2_ws/install/px4_msgs/include/px4_msgs/px4_msgs/msg/detail/sensor_optical_flow__struct.h
[5.849s] -- Up-to-date symlink: /home/prathamkelkar/ros2_ws/install/px4_msgs/include/px4_msgs/px4_msgs/msg/detail/sensor_optical_flow__type_support.h
[5.849s] -- Up-to-date symlink: /home/prathamkelkar/ros2_ws/install/px4_msgs/include/px4_msgs/px4_msgs/msg/detail/sensor_preflight_mag__functions.h
[5.849s] -- Up-to-date symlink: /home/prathamkelkar/ros2_ws/install/px4_msgs/include/px4_msgs/px4_msgs/msg/detail/sensor_preflight_mag__struct.h
[5.849s] -- Up-to-date symlink: /home/prathamkelkar/ros2_ws/install/px4_msgs/include/px4_msgs/px4_msgs/msg/detail/sensor_preflight_mag__type_support.h
[5.849s] -- Up-to-date symlink: /home/prathamkelkar/ros2_ws/install/px4_msgs/include/px4_msgs/px4_msgs/msg/detail/sensor_selection__functions.h
[5.849s] -- Up-to-date symlink: /home/prathamkelkar/ros2_ws/install/px4_msgs/include/px4_msgs/px4_msgs/msg/detail/sensor_selection__struct.h
[5.850s] -- Up-to-date symlink: /home/prathamkelkar/ros2_ws/install/px4_msgs/include/px4_msgs/px4_msgs/msg/detail/sensor_selection__type_support.h
[5.850s] -- Up-to-date symlink: /home/prathamkelkar/ros2_ws/install/px4_msgs/include/px4_msgs/px4_msgs/msg/detail/sensor_uwb__functions.h
[5.850s] -- Up-to-date symlink: /home/prathamkelkar/ros2_ws/install/px4_msgs/include/px4_msgs/px4_msgs/msg/detail/sensor_uwb__struct.h
[5.850s] -- Up-to-date symlink: /home/prathamkelkar/ros2_ws/install/px4_msgs/include/px4_msgs/px4_msgs/msg/detail/sensor_uwb__type_support.h
[5.850s] -- Up-to-date symlink: /home/prathamkelkar/ros2_ws/install/px4_msgs/include/px4_msgs/px4_msgs/msg/detail/sensors_status__functions.h
[5.850s] -- Up-to-date symlink: /home/prathamkelkar/ros2_ws/install/px4_msgs/include/px4_msgs/px4_msgs/msg/detail/sensors_status__struct.h
[5.850s] -- Up-to-date symlink: /home/prathamkelkar/ros2_ws/install/px4_msgs/include/px4_msgs/px4_msgs/msg/detail/sensors_status__type_support.h
[5.850s] -- Up-to-date symlink: /home/prathamkelkar/ros2_ws/install/px4_msgs/include/px4_msgs/px4_msgs/msg/detail/sensors_status_imu__functions.h
[5.850s] -- Up-to-date symlink: /home/prathamkelkar/ros2_ws/install/px4_msgs/include/px4_msgs/px4_msgs/msg/detail/sensors_status_imu__struct.h
[5.850s] -- Up-to-date symlink: /home/prathamkelkar/ros2_ws/install/px4_msgs/include/px4_msgs/px4_msgs/msg/detail/sensors_status_imu__type_support.h
[5.851s] -- Up-to-date symlink: /home/prathamkelkar/ros2_ws/install/px4_msgs/include/px4_msgs/px4_msgs/msg/detail/system_power__functions.h
[5.851s] -- Up-to-date symlink: /home/prathamkelkar/ros2_ws/install/px4_msgs/include/px4_msgs/px4_msgs/msg/detail/system_power__struct.h
[5.851s] -- Up-to-date symlink: /home/prathamkelkar/ros2_ws/install/px4_msgs/include/px4_msgs/px4_msgs/msg/detail/system_power__type_support.h
[5.851s] -- Up-to-date symlink: /home/prathamkelkar/ros2_ws/install/px4_msgs/include/px4_msgs/px4_msgs/msg/detail/takeoff_status__functions.h
[5.851s] -- Up-to-date symlink: /home/prathamkelkar/ros2_ws/install/px4_msgs/include/px4_msgs/px4_msgs/msg/detail/takeoff_status__struct.h
[5.851s] -- Up-to-date symlink: /home/prathamkelkar/ros2_ws/install/px4_msgs/include/px4_msgs/px4_msgs/msg/detail/takeoff_status__type_support.h
[5.851s] -- Up-to-date symlink: /home/prathamkelkar/ros2_ws/install/px4_msgs/include/px4_msgs/px4_msgs/msg/detail/task_stack_info__functions.h
[5.851s] -- Up-to-date symlink: /home/prathamkelkar/ros2_ws/install/px4_msgs/include/px4_msgs/px4_msgs/msg/detail/task_stack_info__struct.h
[5.852s] -- Up-to-date symlink: /home/prathamkelkar/ros2_ws/install/px4_msgs/include/px4_msgs/px4_msgs/msg/detail/task_stack_info__type_support.h
[5.852s] -- Up-to-date symlink: /home/prathamkelkar/ros2_ws/install/px4_msgs/include/px4_msgs/px4_msgs/msg/detail/tecs_status__functions.h
[5.852s] -- Up-to-date symlink: /home/prathamkelkar/ros2_ws/install/px4_msgs/include/px4_msgs/px4_msgs/msg/detail/tecs_status__struct.h
[5.852s] -- Up-to-date symlink: /home/prathamkelkar/ros2_ws/install/px4_msgs/include/px4_msgs/px4_msgs/msg/detail/tecs_status__type_support.h
[5.852s] -- Up-to-date symlink: /home/prathamkelkar/ros2_ws/install/px4_msgs/include/px4_msgs/px4_msgs/msg/detail/telemetry_status__functions.h
[5.852s] -- Up-to-date symlink: /home/prathamkelkar/ros2_ws/install/px4_msgs/include/px4_msgs/px4_msgs/msg/detail/telemetry_status__struct.h
[5.852s] -- Up-to-date symlink: /home/prathamkelkar/ros2_ws/install/px4_msgs/include/px4_msgs/px4_msgs/msg/detail/telemetry_status__type_support.h
[5.852s] -- Up-to-date symlink: /home/prathamkelkar/ros2_ws/install/px4_msgs/include/px4_msgs/px4_msgs/msg/detail/tiltrotor_extra_controls__functions.h
[5.853s] -- Up-to-date symlink: /home/prathamkelkar/ros2_ws/install/px4_msgs/include/px4_msgs/px4_msgs/msg/detail/tiltrotor_extra_controls__struct.h
[5.853s] -- Up-to-date symlink: /home/prathamkelkar/ros2_ws/install/px4_msgs/include/px4_msgs/px4_msgs/msg/detail/tiltrotor_extra_controls__type_support.h
[5.853s] -- Up-to-date symlink: /home/prathamkelkar/ros2_ws/install/px4_msgs/include/px4_msgs/px4_msgs/msg/detail/timesync_status__functions.h
[5.853s] -- Up-to-date symlink: /home/prathamkelkar/ros2_ws/install/px4_msgs/include/px4_msgs/px4_msgs/msg/detail/timesync_status__struct.h
[5.853s] -- Up-to-date symlink: /home/prathamkelkar/ros2_ws/install/px4_msgs/include/px4_msgs/px4_msgs/msg/detail/timesync_status__type_support.h
[5.853s] -- Up-to-date symlink: /home/prathamkelkar/ros2_ws/install/px4_msgs/include/px4_msgs/px4_msgs/msg/detail/trajectory_bezier__functions.h
[5.853s] -- Up-to-date symlink: /home/prathamkelkar/ros2_ws/install/px4_msgs/include/px4_msgs/px4_msgs/msg/detail/trajectory_bezier__struct.h
[5.853s] -- Up-to-date symlink: /home/prathamkelkar/ros2_ws/install/px4_msgs/include/px4_msgs/px4_msgs/msg/detail/trajectory_bezier__type_support.h
[5.853s] -- Up-to-date symlink: /home/prathamkelkar/ros2_ws/install/px4_msgs/include/px4_msgs/px4_msgs/msg/detail/trajectory_setpoint__functions.h
[5.854s] -- Up-to-date symlink: /home/prathamkelkar/ros2_ws/install/px4_msgs/include/px4_msgs/px4_msgs/msg/detail/trajectory_setpoint__struct.h
[5.854s] -- Up-to-date symlink: /home/prathamkelkar/ros2_ws/install/px4_msgs/include/px4_msgs/px4_msgs/msg/detail/trajectory_setpoint__type_support.h
[5.854s] -- Up-to-date symlink: /home/prathamkelkar/ros2_ws/install/px4_msgs/include/px4_msgs/px4_msgs/msg/detail/trajectory_waypoint__functions.h
[5.854s] -- Up-to-date symlink: /home/prathamkelkar/ros2_ws/install/px4_msgs/include/px4_msgs/px4_msgs/msg/detail/trajectory_waypoint__struct.h
[5.854s] -- Up-to-date symlink: /home/prathamkelkar/ros2_ws/install/px4_msgs/include/px4_msgs/px4_msgs/msg/detail/trajectory_waypoint__type_support.h
[5.854s] -- Up-to-date symlink: /home/prathamkelkar/ros2_ws/install/px4_msgs/include/px4_msgs/px4_msgs/msg/detail/transponder_report__functions.h
[5.854s] -- Up-to-date symlink: /home/prathamkelkar/ros2_ws/install/px4_msgs/include/px4_msgs/px4_msgs/msg/detail/transponder_report__struct.h
[5.854s] -- Up-to-date symlink: /home/prathamkelkar/ros2_ws/install/px4_msgs/include/px4_msgs/px4_msgs/msg/detail/transponder_report__type_support.h
[5.855s] -- Up-to-date symlink: /home/prathamkelkar/ros2_ws/install/px4_msgs/include/px4_msgs/px4_msgs/msg/detail/tune_control__functions.h
[5.855s] -- Up-to-date symlink: /home/prathamkelkar/ros2_ws/install/px4_msgs/include/px4_msgs/px4_msgs/msg/detail/tune_control__struct.h
[5.855s] -- Up-to-date symlink: /home/prathamkelkar/ros2_ws/install/px4_msgs/include/px4_msgs/px4_msgs/msg/detail/tune_control__type_support.h
[5.855s] -- Up-to-date symlink: /home/prathamkelkar/ros2_ws/install/px4_msgs/include/px4_msgs/px4_msgs/msg/detail/uavcan_parameter_request__functions.h
[5.855s] -- Up-to-date symlink: /home/prathamkelkar/ros2_ws/install/px4_msgs/include/px4_msgs/px4_msgs/msg/detail/uavcan_parameter_request__struct.h
[5.855s] -- Up-to-date symlink: /home/prathamkelkar/ros2_ws/install/px4_msgs/include/px4_msgs/px4_msgs/msg/detail/uavcan_parameter_request__type_support.h
[5.855s] -- Up-to-date symlink: /home/prathamkelkar/ros2_ws/install/px4_msgs/include/px4_msgs/px4_msgs/msg/detail/uavcan_parameter_value__functions.h
[5.855s] -- Up-to-date symlink: /home/prathamkelkar/ros2_ws/install/px4_msgs/include/px4_msgs/px4_msgs/msg/detail/uavcan_parameter_value__struct.h
[5.855s] -- Up-to-date symlink: /home/prathamkelkar/ros2_ws/install/px4_msgs/include/px4_msgs/px4_msgs/msg/detail/uavcan_parameter_value__type_support.h
[5.856s] -- Up-to-date symlink: /home/prathamkelkar/ros2_ws/install/px4_msgs/include/px4_msgs/px4_msgs/msg/detail/ulog_stream__functions.h
[5.856s] -- Up-to-date symlink: /home/prathamkelkar/ros2_ws/install/px4_msgs/include/px4_msgs/px4_msgs/msg/detail/ulog_stream__struct.h
[5.856s] -- Up-to-date symlink: /home/prathamkelkar/ros2_ws/install/px4_msgs/include/px4_msgs/px4_msgs/msg/detail/ulog_stream__type_support.h
[5.856s] -- Up-to-date symlink: /home/prathamkelkar/ros2_ws/install/px4_msgs/include/px4_msgs/px4_msgs/msg/detail/ulog_stream_ack__functions.h
[5.856s] -- Up-to-date symlink: /home/prathamkelkar/ros2_ws/install/px4_msgs/include/px4_msgs/px4_msgs/msg/detail/ulog_stream_ack__struct.h
[5.856s] -- Up-to-date symlink: /home/prathamkelkar/ros2_ws/install/px4_msgs/include/px4_msgs/px4_msgs/msg/detail/ulog_stream_ack__type_support.h
[5.856s] -- Up-to-date symlink: /home/prathamkelkar/ros2_ws/install/px4_msgs/include/px4_msgs/px4_msgs/msg/detail/unregister_ext_component__functions.h
[5.856s] -- Up-to-date symlink: /home/prathamkelkar/ros2_ws/install/px4_msgs/include/px4_msgs/px4_msgs/msg/detail/unregister_ext_component__struct.h
[5.856s] -- Up-to-date symlink: /home/prathamkelkar/ros2_ws/install/px4_msgs/include/px4_msgs/px4_msgs/msg/detail/unregister_ext_component__type_support.h
[5.857s] -- Up-to-date symlink: /home/prathamkelkar/ros2_ws/install/px4_msgs/include/px4_msgs/px4_msgs/msg/detail/vehicle_acceleration__functions.h
[5.857s] -- Up-to-date symlink: /home/prathamkelkar/ros2_ws/install/px4_msgs/include/px4_msgs/px4_msgs/msg/detail/vehicle_acceleration__struct.h
[5.857s] -- Up-to-date symlink: /home/prathamkelkar/ros2_ws/install/px4_msgs/include/px4_msgs/px4_msgs/msg/detail/vehicle_acceleration__type_support.h
[5.857s] -- Up-to-date symlink: /home/prathamkelkar/ros2_ws/install/px4_msgs/include/px4_msgs/px4_msgs/msg/detail/vehicle_air_data__functions.h
[5.857s] -- Up-to-date symlink: /home/prathamkelkar/ros2_ws/install/px4_msgs/include/px4_msgs/px4_msgs/msg/detail/vehicle_air_data__struct.h
[5.857s] -- Up-to-date symlink: /home/prathamkelkar/ros2_ws/install/px4_msgs/include/px4_msgs/px4_msgs/msg/detail/vehicle_air_data__type_support.h
[5.857s] -- Up-to-date symlink: /home/prathamkelkar/ros2_ws/install/px4_msgs/include/px4_msgs/px4_msgs/msg/detail/vehicle_angular_acceleration_setpoint__functions.h
[5.857s] -- Up-to-date symlink: /home/prathamkelkar/ros2_ws/install/px4_msgs/include/px4_msgs/px4_msgs/msg/detail/vehicle_angular_acceleration_setpoint__struct.h
[5.858s] -- Up-to-date symlink: /home/prathamkelkar/ros2_ws/install/px4_msgs/include/px4_msgs/px4_msgs/msg/detail/vehicle_angular_acceleration_setpoint__type_support.h
[5.858s] -- Up-to-date symlink: /home/prathamkelkar/ros2_ws/install/px4_msgs/include/px4_msgs/px4_msgs/msg/detail/vehicle_angular_velocity__functions.h
[5.858s] -- Up-to-date symlink: /home/prathamkelkar/ros2_ws/install/px4_msgs/include/px4_msgs/px4_msgs/msg/detail/vehicle_angular_velocity__struct.h
[5.858s] -- Up-to-date symlink: /home/prathamkelkar/ros2_ws/install/px4_msgs/include/px4_msgs/px4_msgs/msg/detail/vehicle_angular_velocity__type_support.h
[5.858s] -- Up-to-date symlink: /home/prathamkelkar/ros2_ws/install/px4_msgs/include/px4_msgs/px4_msgs/msg/detail/vehicle_attitude__functions.h
[5.858s] -- Up-to-date symlink: /home/prathamkelkar/ros2_ws/install/px4_msgs/include/px4_msgs/px4_msgs/msg/detail/vehicle_attitude__struct.h
[5.858s] -- Up-to-date symlink: /home/prathamkelkar/ros2_ws/install/px4_msgs/include/px4_msgs/px4_msgs/msg/detail/vehicle_attitude__type_support.h
[5.858s] -- Up-to-date symlink: /home/prathamkelkar/ros2_ws/install/px4_msgs/include/px4_msgs/px4_msgs/msg/detail/vehicle_attitude_setpoint__functions.h
[5.859s] -- Up-to-date symlink: /home/prathamkelkar/ros2_ws/install/px4_msgs/include/px4_msgs/px4_msgs/msg/detail/vehicle_attitude_setpoint__struct.h
[5.859s] -- Up-to-date symlink: /home/prathamkelkar/ros2_ws/install/px4_msgs/include/px4_msgs/px4_msgs/msg/detail/vehicle_attitude_setpoint__type_support.h
[5.859s] -- Up-to-date symlink: /home/prathamkelkar/ros2_ws/install/px4_msgs/include/px4_msgs/px4_msgs/msg/detail/vehicle_command__functions.h
[5.859s] -- Up-to-date symlink: /home/prathamkelkar/ros2_ws/install/px4_msgs/include/px4_msgs/px4_msgs/msg/detail/vehicle_command__struct.h
[5.859s] -- Up-to-date symlink: /home/prathamkelkar/ros2_ws/install/px4_msgs/include/px4_msgs/px4_msgs/msg/detail/vehicle_command__type_support.h
[5.859s] -- Up-to-date symlink: /home/prathamkelkar/ros2_ws/install/px4_msgs/include/px4_msgs/px4_msgs/msg/detail/vehicle_command_ack__functions.h
[5.859s] -- Up-to-date symlink: /home/prathamkelkar/ros2_ws/install/px4_msgs/include/px4_msgs/px4_msgs/msg/detail/vehicle_command_ack__struct.h
[5.859s] -- Up-to-date symlink: /home/prathamkelkar/ros2_ws/install/px4_msgs/include/px4_msgs/px4_msgs/msg/detail/vehicle_command_ack__type_support.h
[5.860s] -- Up-to-date symlink: /home/prathamkelkar/ros2_ws/install/px4_msgs/include/px4_msgs/px4_msgs/msg/detail/vehicle_constraints__functions.h
[5.860s] -- Up-to-date symlink: /home/prathamkelkar/ros2_ws/install/px4_msgs/include/px4_msgs/px4_msgs/msg/detail/vehicle_constraints__struct.h
[5.860s] -- Up-to-date symlink: /home/prathamkelkar/ros2_ws/install/px4_msgs/include/px4_msgs/px4_msgs/msg/detail/vehicle_constraints__type_support.h
[5.860s] -- Up-to-date symlink: /home/prathamkelkar/ros2_ws/install/px4_msgs/include/px4_msgs/px4_msgs/msg/detail/vehicle_control_mode__functions.h
[5.860s] -- Up-to-date symlink: /home/prathamkelkar/ros2_ws/install/px4_msgs/include/px4_msgs/px4_msgs/msg/detail/vehicle_control_mode__struct.h
[5.860s] -- Up-to-date symlink: /home/prathamkelkar/ros2_ws/install/px4_msgs/include/px4_msgs/px4_msgs/msg/detail/vehicle_control_mode__type_support.h
[5.860s] -- Up-to-date symlink: /home/prathamkelkar/ros2_ws/install/px4_msgs/include/px4_msgs/px4_msgs/msg/detail/vehicle_global_position__functions.h
[5.860s] -- Up-to-date symlink: /home/prathamkelkar/ros2_ws/install/px4_msgs/include/px4_msgs/px4_msgs/msg/detail/vehicle_global_position__struct.h
[5.860s] -- Up-to-date symlink: /home/prathamkelkar/ros2_ws/install/px4_msgs/include/px4_msgs/px4_msgs/msg/detail/vehicle_global_position__type_support.h
[5.861s] -- Up-to-date symlink: /home/prathamkelkar/ros2_ws/install/px4_msgs/include/px4_msgs/px4_msgs/msg/detail/vehicle_imu__functions.h
[5.861s] -- Up-to-date symlink: /home/prathamkelkar/ros2_ws/install/px4_msgs/include/px4_msgs/px4_msgs/msg/detail/vehicle_imu__struct.h
[5.861s] -- Up-to-date symlink: /home/prathamkelkar/ros2_ws/install/px4_msgs/include/px4_msgs/px4_msgs/msg/detail/vehicle_imu__type_support.h
[5.861s] -- Up-to-date symlink: /home/prathamkelkar/ros2_ws/install/px4_msgs/include/px4_msgs/px4_msgs/msg/detail/vehicle_imu_status__functions.h
[5.861s] -- Up-to-date symlink: /home/prathamkelkar/ros2_ws/install/px4_msgs/include/px4_msgs/px4_msgs/msg/detail/vehicle_imu_status__struct.h
[5.861s] -- Up-to-date symlink: /home/prathamkelkar/ros2_ws/install/px4_msgs/include/px4_msgs/px4_msgs/msg/detail/vehicle_imu_status__type_support.h
[5.861s] -- Up-to-date symlink: /home/prathamkelkar/ros2_ws/install/px4_msgs/include/px4_msgs/px4_msgs/msg/detail/vehicle_land_detected__functions.h
[5.861s] -- Up-to-date symlink: /home/prathamkelkar/ros2_ws/install/px4_msgs/include/px4_msgs/px4_msgs/msg/detail/vehicle_land_detected__struct.h
[5.862s] -- Up-to-date symlink: /home/prathamkelkar/ros2_ws/install/px4_msgs/include/px4_msgs/px4_msgs/msg/detail/vehicle_land_detected__type_support.h
[5.862s] -- Up-to-date symlink: /home/prathamkelkar/ros2_ws/install/px4_msgs/include/px4_msgs/px4_msgs/msg/detail/vehicle_local_position__functions.h
[5.862s] -- Up-to-date symlink: /home/prathamkelkar/ros2_ws/install/px4_msgs/include/px4_msgs/px4_msgs/msg/detail/vehicle_local_position__struct.h
[5.862s] -- Up-to-date symlink: /home/prathamkelkar/ros2_ws/install/px4_msgs/include/px4_msgs/px4_msgs/msg/detail/vehicle_local_position__type_support.h
[5.862s] -- Up-to-date symlink: /home/prathamkelkar/ros2_ws/install/px4_msgs/include/px4_msgs/px4_msgs/msg/detail/vehicle_local_position_setpoint__functions.h
[5.862s] -- Up-to-date symlink: /home/prathamkelkar/ros2_ws/install/px4_msgs/include/px4_msgs/px4_msgs/msg/detail/vehicle_local_position_setpoint__struct.h
[5.862s] -- Up-to-date symlink: /home/prathamkelkar/ros2_ws/install/px4_msgs/include/px4_msgs/px4_msgs/msg/detail/vehicle_local_position_setpoint__type_support.h
[5.862s] -- Up-to-date symlink: /home/prathamkelkar/ros2_ws/install/px4_msgs/include/px4_msgs/px4_msgs/msg/detail/vehicle_magnetometer__functions.h
[5.862s] -- Up-to-date symlink: /home/prathamkelkar/ros2_ws/install/px4_msgs/include/px4_msgs/px4_msgs/msg/detail/vehicle_magnetometer__struct.h
[5.863s] -- Up-to-date symlink: /home/prathamkelkar/ros2_ws/install/px4_msgs/include/px4_msgs/px4_msgs/msg/detail/vehicle_magnetometer__type_support.h
[5.863s] -- Up-to-date symlink: /home/prathamkelkar/ros2_ws/install/px4_msgs/include/px4_msgs/px4_msgs/msg/detail/vehicle_odometry__functions.h
[5.863s] -- Up-to-date symlink: /home/prathamkelkar/ros2_ws/install/px4_msgs/include/px4_msgs/px4_msgs/msg/detail/vehicle_odometry__struct.h
[5.863s] -- Up-to-date symlink: /home/prathamkelkar/ros2_ws/install/px4_msgs/include/px4_msgs/px4_msgs/msg/detail/vehicle_odometry__type_support.h
[5.863s] -- Up-to-date symlink: /home/prathamkelkar/ros2_ws/install/px4_msgs/include/px4_msgs/px4_msgs/msg/detail/vehicle_optical_flow__functions.h
[5.863s] -- Up-to-date symlink: /home/prathamkelkar/ros2_ws/install/px4_msgs/include/px4_msgs/px4_msgs/msg/detail/vehicle_optical_flow__struct.h
[5.863s] -- Up-to-date symlink: /home/prathamkelkar/ros2_ws/install/px4_msgs/include/px4_msgs/px4_msgs/msg/detail/vehicle_optical_flow__type_support.h
[5.863s] -- Up-to-date symlink: /home/prathamkelkar/ros2_ws/install/px4_msgs/include/px4_msgs/px4_msgs/msg/detail/vehicle_optical_flow_vel__functions.h
[5.864s] -- Up-to-date symlink: /home/prathamkelkar/ros2_ws/install/px4_msgs/include/px4_msgs/px4_msgs/msg/detail/vehicle_optical_flow_vel__struct.h
[5.864s] -- Up-to-date symlink: /home/prathamkelkar/ros2_ws/install/px4_msgs/include/px4_msgs/px4_msgs/msg/detail/vehicle_optical_flow_vel__type_support.h
[5.864s] -- Up-to-date symlink: /home/prathamkelkar/ros2_ws/install/px4_msgs/include/px4_msgs/px4_msgs/msg/detail/vehicle_rates_setpoint__functions.h
[5.864s] -- Up-to-date symlink: /home/prathamkelkar/ros2_ws/install/px4_msgs/include/px4_msgs/px4_msgs/msg/detail/vehicle_rates_setpoint__struct.h
[5.864s] -- Up-to-date symlink: /home/prathamkelkar/ros2_ws/install/px4_msgs/include/px4_msgs/px4_msgs/msg/detail/vehicle_rates_setpoint__type_support.h
[5.864s] -- Up-to-date symlink: /home/prathamkelkar/ros2_ws/install/px4_msgs/include/px4_msgs/px4_msgs/msg/detail/vehicle_roi__functions.h
[5.864s] -- Up-to-date symlink: /home/prathamkelkar/ros2_ws/install/px4_msgs/include/px4_msgs/px4_msgs/msg/detail/vehicle_roi__struct.h
[5.864s] -- Up-to-date symlink: /home/prathamkelkar/ros2_ws/install/px4_msgs/include/px4_msgs/px4_msgs/msg/detail/vehicle_roi__type_support.h
[5.864s] -- Up-to-date symlink: /home/prathamkelkar/ros2_ws/install/px4_msgs/include/px4_msgs/px4_msgs/msg/detail/vehicle_status__functions.h
[5.865s] -- Up-to-date symlink: /home/prathamkelkar/ros2_ws/install/px4_msgs/include/px4_msgs/px4_msgs/msg/detail/vehicle_status__struct.h
[5.865s] -- Up-to-date symlink: /home/prathamkelkar/ros2_ws/install/px4_msgs/include/px4_msgs/px4_msgs/msg/detail/vehicle_status__type_support.h
[5.865s] -- Up-to-date symlink: /home/prathamkelkar/ros2_ws/install/px4_msgs/include/px4_msgs/px4_msgs/msg/detail/vehicle_thrust_setpoint__functions.h
[5.865s] -- Up-to-date symlink: /home/prathamkelkar/ros2_ws/install/px4_msgs/include/px4_msgs/px4_msgs/msg/detail/vehicle_thrust_setpoint__struct.h
[5.865s] -- Up-to-date symlink: /home/prathamkelkar/ros2_ws/install/px4_msgs/include/px4_msgs/px4_msgs/msg/detail/vehicle_thrust_setpoint__type_support.h
[5.865s] -- Up-to-date symlink: /home/prathamkelkar/ros2_ws/install/px4_msgs/include/px4_msgs/px4_msgs/msg/detail/vehicle_torque_setpoint__functions.h
[5.865s] -- Up-to-date symlink: /home/prathamkelkar/ros2_ws/install/px4_msgs/include/px4_msgs/px4_msgs/msg/detail/vehicle_torque_setpoint__struct.h
[5.865s] -- Up-to-date symlink: /home/prathamkelkar/ros2_ws/install/px4_msgs/include/px4_msgs/px4_msgs/msg/detail/vehicle_torque_setpoint__type_support.h
[5.866s] -- Up-to-date symlink: /home/prathamkelkar/ros2_ws/install/px4_msgs/include/px4_msgs/px4_msgs/msg/detail/vehicle_trajectory_bezier__functions.h
[5.866s] -- Up-to-date symlink: /home/prathamkelkar/ros2_ws/install/px4_msgs/include/px4_msgs/px4_msgs/msg/detail/vehicle_trajectory_bezier__struct.h
[5.866s] -- Up-to-date symlink: /home/prathamkelkar/ros2_ws/install/px4_msgs/include/px4_msgs/px4_msgs/msg/detail/vehicle_trajectory_bezier__type_support.h
[5.866s] -- Up-to-date symlink: /home/prathamkelkar/ros2_ws/install/px4_msgs/include/px4_msgs/px4_msgs/msg/detail/vehicle_trajectory_waypoint__functions.h
[5.866s] -- Up-to-date symlink: /home/prathamkelkar/ros2_ws/install/px4_msgs/include/px4_msgs/px4_msgs/msg/detail/vehicle_trajectory_waypoint__struct.h
[5.866s] -- Up-to-date symlink: /home/prathamkelkar/ros2_ws/install/px4_msgs/include/px4_msgs/px4_msgs/msg/detail/vehicle_trajectory_waypoint__type_support.h
[5.866s] -- Up-to-date symlink: /home/prathamkelkar/ros2_ws/install/px4_msgs/include/px4_msgs/px4_msgs/msg/detail/velocity_limits__functions.h
[5.866s] -- Up-to-date symlink: /home/prathamkelkar/ros2_ws/install/px4_msgs/include/px4_msgs/px4_msgs/msg/detail/velocity_limits__struct.h
[5.867s] -- Up-to-date symlink: /home/prathamkelkar/ros2_ws/install/px4_msgs/include/px4_msgs/px4_msgs/msg/detail/velocity_limits__type_support.h
[5.867s] -- Up-to-date symlink: /home/prathamkelkar/ros2_ws/install/px4_msgs/include/px4_msgs/px4_msgs/msg/detail/vtol_vehicle_status__functions.h
[5.867s] -- Up-to-date symlink: /home/prathamkelkar/ros2_ws/install/px4_msgs/include/px4_msgs/px4_msgs/msg/detail/vtol_vehicle_status__struct.h
[5.867s] -- Up-to-date symlink: /home/prathamkelkar/ros2_ws/install/px4_msgs/include/px4_msgs/px4_msgs/msg/detail/vtol_vehicle_status__type_support.h
[5.867s] -- Up-to-date symlink: /home/prathamkelkar/ros2_ws/install/px4_msgs/include/px4_msgs/px4_msgs/msg/detail/wheel_encoders__functions.h
[5.867s] -- Up-to-date symlink: /home/prathamkelkar/ros2_ws/install/px4_msgs/include/px4_msgs/px4_msgs/msg/detail/wheel_encoders__struct.h
[5.867s] -- Up-to-date symlink: /home/prathamkelkar/ros2_ws/install/px4_msgs/include/px4_msgs/px4_msgs/msg/detail/wheel_encoders__type_support.h
[5.867s] -- Up-to-date symlink: /home/prathamkelkar/ros2_ws/install/px4_msgs/include/px4_msgs/px4_msgs/msg/detail/wind__functions.h
[5.867s] -- Up-to-date symlink: /home/prathamkelkar/ros2_ws/install/px4_msgs/include/px4_msgs/px4_msgs/msg/detail/wind__struct.h
[5.868s] -- Up-to-date symlink: /home/prathamkelkar/ros2_ws/install/px4_msgs/include/px4_msgs/px4_msgs/msg/detail/wind__type_support.h
[5.868s] -- Up-to-date symlink: /home/prathamkelkar/ros2_ws/install/px4_msgs/include/px4_msgs/px4_msgs/msg/detail/yaw_estimator_status__functions.h
[5.868s] -- Up-to-date symlink: /home/prathamkelkar/ros2_ws/install/px4_msgs/include/px4_msgs/px4_msgs/msg/detail/yaw_estimator_status__struct.h
[5.868s] -- Up-to-date symlink: /home/prathamkelkar/ros2_ws/install/px4_msgs/include/px4_msgs/px4_msgs/msg/detail/yaw_estimator_status__type_support.h
[5.868s] -- Up-to-date symlink: /home/prathamkelkar/ros2_ws/install/px4_msgs/include/px4_msgs/px4_msgs/msg/differential_drive_setpoint.h
[5.868s] -- Up-to-date symlink: /home/prathamkelkar/ros2_ws/install/px4_msgs/include/px4_msgs/px4_msgs/msg/differential_pressure.h
[5.868s] -- Up-to-date symlink: /home/prathamkelkar/ros2_ws/install/px4_msgs/include/px4_msgs/px4_msgs/msg/distance_sensor.h
[5.868s] -- Up-to-date symlink: /home/prathamkelkar/ros2_ws/install/px4_msgs/include/px4_msgs/px4_msgs/msg/ekf2_timestamps.h
[5.868s] -- Up-to-date symlink: /home/prathamkelkar/ros2_ws/install/px4_msgs/include/px4_msgs/px4_msgs/msg/esc_report.h
[5.868s] -- Up-to-date symlink: /home/prathamkelkar/ros2_ws/install/px4_msgs/include/px4_msgs/px4_msgs/msg/esc_status.h
[5.869s] -- Up-to-date symlink: /home/prathamkelkar/ros2_ws/install/px4_msgs/include/px4_msgs/px4_msgs/msg/estimator_aid_source1d.h
[5.869s] -- Up-to-date symlink: /home/prathamkelkar/ros2_ws/install/px4_msgs/include/px4_msgs/px4_msgs/msg/estimator_aid_source2d.h
[5.869s] -- Up-to-date symlink: /home/prathamkelkar/ros2_ws/install/px4_msgs/include/px4_msgs/px4_msgs/msg/estimator_aid_source3d.h
[5.869s] -- Up-to-date symlink: /home/prathamkelkar/ros2_ws/install/px4_msgs/include/px4_msgs/px4_msgs/msg/estimator_bias.h
[5.869s] -- Up-to-date symlink: /home/prathamkelkar/ros2_ws/install/px4_msgs/include/px4_msgs/px4_msgs/msg/estimator_bias3d.h
[5.869s] -- Up-to-date symlink: /home/prathamkelkar/ros2_ws/install/px4_msgs/include/px4_msgs/px4_msgs/msg/estimator_event_flags.h
[5.869s] -- Up-to-date symlink: /home/prathamkelkar/ros2_ws/install/px4_msgs/include/px4_msgs/px4_msgs/msg/estimator_gps_status.h
[5.869s] -- Up-to-date symlink: /home/prathamkelkar/ros2_ws/install/px4_msgs/include/px4_msgs/px4_msgs/msg/estimator_innovations.h
[5.869s] -- Up-to-date symlink: /home/prathamkelkar/ros2_ws/install/px4_msgs/include/px4_msgs/px4_msgs/msg/estimator_selector_status.h
[5.869s] -- Up-to-date symlink: /home/prathamkelkar/ros2_ws/install/px4_msgs/include/px4_msgs/px4_msgs/msg/estimator_sensor_bias.h
[5.869s] -- Up-to-date symlink: /home/prathamkelkar/ros2_ws/install/px4_msgs/include/px4_msgs/px4_msgs/msg/estimator_states.h
[5.870s] -- Up-to-date symlink: /home/prathamkelkar/ros2_ws/install/px4_msgs/include/px4_msgs/px4_msgs/msg/estimator_status.h
[5.870s] -- Up-to-date symlink: /home/prathamkelkar/ros2_ws/install/px4_msgs/include/px4_msgs/px4_msgs/msg/estimator_status_flags.h
[5.870s] -- Up-to-date symlink: /home/prathamkelkar/ros2_ws/install/px4_msgs/include/px4_msgs/px4_msgs/msg/event.h
[5.870s] -- Up-to-date symlink: /home/prathamkelkar/ros2_ws/install/px4_msgs/include/px4_msgs/px4_msgs/msg/failsafe_flags.h
[5.870s] -- Up-to-date symlink: /home/prathamkelkar/ros2_ws/install/px4_msgs/include/px4_msgs/px4_msgs/msg/failure_detector_status.h
[5.870s] -- Up-to-date symlink: /home/prathamkelkar/ros2_ws/install/px4_msgs/include/px4_msgs/px4_msgs/msg/figure_eight_status.h
[5.870s] -- Up-to-date symlink: /home/prathamkelkar/ros2_ws/install/px4_msgs/include/px4_msgs/px4_msgs/msg/flight_phase_estimation.h
[5.870s] -- Up-to-date symlink: /home/prathamkelkar/ros2_ws/install/px4_msgs/include/px4_msgs/px4_msgs/msg/follow_target.h
[5.870s] -- Up-to-date symlink: /home/prathamkelkar/ros2_ws/install/px4_msgs/include/px4_msgs/px4_msgs/msg/follow_target_estimator.h
[5.870s] -- Up-to-date symlink: /home/prathamkelkar/ros2_ws/install/px4_msgs/include/px4_msgs/px4_msgs/msg/follow_target_status.h
[5.870s] -- Up-to-date symlink: /home/prathamkelkar/ros2_ws/install/px4_msgs/include/px4_msgs/px4_msgs/msg/generator_status.h
[5.871s] -- Up-to-date symlink: /home/prathamkelkar/ros2_ws/install/px4_msgs/include/px4_msgs/px4_msgs/msg/geofence_result.h
[5.871s] -- Up-to-date symlink: /home/prathamkelkar/ros2_ws/install/px4_msgs/include/px4_msgs/px4_msgs/msg/geofence_status.h
[5.871s] -- Up-to-date symlink: /home/prathamkelkar/ros2_ws/install/px4_msgs/include/px4_msgs/px4_msgs/msg/gimbal_controls.h
[5.871s] -- Up-to-date symlink: /home/prathamkelkar/ros2_ws/install/px4_msgs/include/px4_msgs/px4_msgs/msg/gimbal_device_attitude_status.h
[5.871s] -- Up-to-date symlink: /home/prathamkelkar/ros2_ws/install/px4_msgs/include/px4_msgs/px4_msgs/msg/gimbal_device_information.h
[5.871s] -- Up-to-date symlink: /home/prathamkelkar/ros2_ws/install/px4_msgs/include/px4_msgs/px4_msgs/msg/gimbal_device_set_attitude.h
[5.871s] -- Up-to-date symlink: /home/prathamkelkar/ros2_ws/install/px4_msgs/include/px4_msgs/px4_msgs/msg/gimbal_manager_information.h
[5.871s] -- Up-to-date symlink: /home/prathamkelkar/ros2_ws/install/px4_msgs/include/px4_msgs/px4_msgs/msg/gimbal_manager_set_attitude.h
[5.871s] -- Up-to-date symlink: /home/prathamkelkar/ros2_ws/install/px4_msgs/include/px4_msgs/px4_msgs/msg/gimbal_manager_set_manual_control.h
[5.871s] -- Up-to-date symlink: /home/prathamkelkar/ros2_ws/install/px4_msgs/include/px4_msgs/px4_msgs/msg/gimbal_manager_status.h
[5.871s] -- Up-to-date symlink: /home/prathamkelkar/ros2_ws/install/px4_msgs/include/px4_msgs/px4_msgs/msg/goto_setpoint.h
[5.872s] -- Up-to-date symlink: /home/prathamkelkar/ros2_ws/install/px4_msgs/include/px4_msgs/px4_msgs/msg/gpio_config.h
[5.872s] -- Up-to-date symlink: /home/prathamkelkar/ros2_ws/install/px4_msgs/include/px4_msgs/px4_msgs/msg/gpio_in.h
[5.872s] -- Up-to-date symlink: /home/prathamkelkar/ros2_ws/install/px4_msgs/include/px4_msgs/px4_msgs/msg/gpio_out.h
[5.872s] -- Up-to-date symlink: /home/prathamkelkar/ros2_ws/install/px4_msgs/include/px4_msgs/px4_msgs/msg/gpio_request.h
[5.872s] -- Up-to-date symlink: /home/prathamkelkar/ros2_ws/install/px4_msgs/include/px4_msgs/px4_msgs/msg/gps_dump.h
[5.872s] -- Up-to-date symlink: /home/prathamkelkar/ros2_ws/install/px4_msgs/include/px4_msgs/px4_msgs/msg/gps_inject_data.h
[5.872s] -- Up-to-date symlink: /home/prathamkelkar/ros2_ws/install/px4_msgs/include/px4_msgs/px4_msgs/msg/gripper.h
[5.872s] -- Up-to-date symlink: /home/prathamkelkar/ros2_ws/install/px4_msgs/include/px4_msgs/px4_msgs/msg/health_report.h
[5.872s] -- Up-to-date symlink: /home/prathamkelkar/ros2_ws/install/px4_msgs/include/px4_msgs/px4_msgs/msg/heater_status.h
[5.872s] -- Up-to-date symlink: /home/prathamkelkar/ros2_ws/install/px4_msgs/include/px4_msgs/px4_msgs/msg/home_position.h
[5.873s] -- Up-to-date symlink: /home/prathamkelkar/ros2_ws/install/px4_msgs/include/px4_msgs/px4_msgs/msg/hover_thrust_estimate.h
[5.873s] -- Up-to-date symlink: /home/prathamkelkar/ros2_ws/install/px4_msgs/include/px4_msgs/px4_msgs/msg/input_rc.h
[5.873s] -- Up-to-date symlink: /home/prathamkelkar/ros2_ws/install/px4_msgs/include/px4_msgs/px4_msgs/msg/internal_combustion_engine_status.h
[5.873s] -- Up-to-date symlink: /home/prathamkelkar/ros2_ws/install/px4_msgs/include/px4_msgs/px4_msgs/msg/iridiumsbd_status.h
[5.873s] -- Up-to-date symlink: /home/prathamkelkar/ros2_ws/install/px4_msgs/include/px4_msgs/px4_msgs/msg/irlock_report.h
[5.873s] -- Up-to-date symlink: /home/prathamkelkar/ros2_ws/install/px4_msgs/include/px4_msgs/px4_msgs/msg/landing_gear.h
[5.873s] -- Up-to-date symlink: /home/prathamkelkar/ros2_ws/install/px4_msgs/include/px4_msgs/px4_msgs/msg/landing_gear_wheel.h
[5.873s] -- Up-to-date symlink: /home/prathamkelkar/ros2_ws/install/px4_msgs/include/px4_msgs/px4_msgs/msg/landing_target_innovations.h
[5.873s] -- Up-to-date symlink: /home/prathamkelkar/ros2_ws/install/px4_msgs/include/px4_msgs/px4_msgs/msg/landing_target_pose.h
[5.873s] -- Up-to-date symlink: /home/prathamkelkar/ros2_ws/install/px4_msgs/include/px4_msgs/px4_msgs/msg/launch_detection_status.h
[5.873s] -- Up-to-date symlink: /home/prathamkelkar/ros2_ws/install/px4_msgs/include/px4_msgs/px4_msgs/msg/led_control.h
[5.874s] -- Up-to-date symlink: /home/prathamkelkar/ros2_ws/install/px4_msgs/include/px4_msgs/px4_msgs/msg/log_message.h
[5.874s] -- Up-to-date symlink: /home/prathamkelkar/ros2_ws/install/px4_msgs/include/px4_msgs/px4_msgs/msg/logger_status.h
[5.874s] -- Up-to-date symlink: /home/prathamkelkar/ros2_ws/install/px4_msgs/include/px4_msgs/px4_msgs/msg/mag_worker_data.h
[5.874s] -- Up-to-date symlink: /home/prathamkelkar/ros2_ws/install/px4_msgs/include/px4_msgs/px4_msgs/msg/magnetometer_bias_estimate.h
[5.874s] -- Up-to-date symlink: /home/prathamkelkar/ros2_ws/install/px4_msgs/include/px4_msgs/px4_msgs/msg/manual_control_setpoint.h
[5.874s] -- Up-to-date symlink: /home/prathamkelkar/ros2_ws/install/px4_msgs/include/px4_msgs/px4_msgs/msg/manual_control_switches.h
[5.874s] -- Up-to-date symlink: /home/prathamkelkar/ros2_ws/install/px4_msgs/include/px4_msgs/px4_msgs/msg/mavlink_log.h
[5.874s] -- Up-to-date symlink: /home/prathamkelkar/ros2_ws/install/px4_msgs/include/px4_msgs/px4_msgs/msg/mavlink_tunnel.h
[5.875s] -- Up-to-date symlink: /home/prathamkelkar/ros2_ws/install/px4_msgs/include/px4_msgs/px4_msgs/msg/message_format_request.h
[5.875s] -- Up-to-date symlink: /home/prathamkelkar/ros2_ws/install/px4_msgs/include/px4_msgs/px4_msgs/msg/message_format_response.h
[5.875s] -- Up-to-date symlink: /home/prathamkelkar/ros2_ws/install/px4_msgs/include/px4_msgs/px4_msgs/msg/mission.h
[5.875s] -- Up-to-date symlink: /home/prathamkelkar/ros2_ws/install/px4_msgs/include/px4_msgs/px4_msgs/msg/mission_result.h
[5.875s] -- Up-to-date symlink: /home/prathamkelkar/ros2_ws/install/px4_msgs/include/px4_msgs/px4_msgs/msg/mode_completed.h
[5.875s] -- Up-to-date symlink: /home/prathamkelkar/ros2_ws/install/px4_msgs/include/px4_msgs/px4_msgs/msg/mount_orientation.h
[5.875s] -- Up-to-date symlink: /home/prathamkelkar/ros2_ws/install/px4_msgs/include/px4_msgs/px4_msgs/msg/navigator_mission_item.h
[5.875s] -- Up-to-date symlink: /home/prathamkelkar/ros2_ws/install/px4_msgs/include/px4_msgs/px4_msgs/msg/normalized_unsigned_setpoint.h
[5.875s] -- Up-to-date symlink: /home/prathamkelkar/ros2_ws/install/px4_msgs/include/px4_msgs/px4_msgs/msg/npfg_status.h
[5.876s] -- Up-to-date symlink: /home/prathamkelkar/ros2_ws/install/px4_msgs/include/px4_msgs/px4_msgs/msg/obstacle_distance.h
[5.876s] -- Up-to-date symlink: /home/prathamkelkar/ros2_ws/install/px4_msgs/include/px4_msgs/px4_msgs/msg/offboard_control_mode.h
[5.876s] -- Up-to-date symlink: /home/prathamkelkar/ros2_ws/install/px4_msgs/include/px4_msgs/px4_msgs/msg/onboard_computer_status.h
[5.876s] -- Up-to-date symlink: /home/prathamkelkar/ros2_ws/install/px4_msgs/include/px4_msgs/px4_msgs/msg/orb_test.h
[5.876s] -- Up-to-date symlink: /home/prathamkelkar/ros2_ws/install/px4_msgs/include/px4_msgs/px4_msgs/msg/orb_test_large.h
[5.876s] -- Up-to-date symlink: /home/prathamkelkar/ros2_ws/install/px4_msgs/include/px4_msgs/px4_msgs/msg/orb_test_medium.h
[5.876s] -- Up-to-date symlink: /home/prathamkelkar/ros2_ws/install/px4_msgs/include/px4_msgs/px4_msgs/msg/orbit_status.h
[5.876s] -- Up-to-date symlink: /home/prathamkelkar/ros2_ws/install/px4_msgs/include/px4_msgs/px4_msgs/msg/parameter_reset_request.h
[5.876s] -- Up-to-date symlink: /home/prathamkelkar/ros2_ws/install/px4_msgs/include/px4_msgs/px4_msgs/msg/parameter_set_used_request.h
[5.877s] -- Up-to-date symlink: /home/prathamkelkar/ros2_ws/install/px4_msgs/include/px4_msgs/px4_msgs/msg/parameter_set_value_request.h
[5.877s] -- Up-to-date symlink: /home/prathamkelkar/ros2_ws/install/px4_msgs/include/px4_msgs/px4_msgs/msg/parameter_set_value_response.h
[5.877s] -- Up-to-date symlink: /home/prathamkelkar/ros2_ws/install/px4_msgs/include/px4_msgs/px4_msgs/msg/parameter_update.h
[5.877s] -- Up-to-date symlink: /home/prathamkelkar/ros2_ws/install/px4_msgs/include/px4_msgs/px4_msgs/msg/ping.h
[5.877s] -- Up-to-date symlink: /home/prathamkelkar/ros2_ws/install/px4_msgs/include/px4_msgs/px4_msgs/msg/position_controller_landing_status.h
[5.877s] -- Up-to-date symlink: /home/prathamkelkar/ros2_ws/install/px4_msgs/include/px4_msgs/px4_msgs/msg/position_controller_status.h
[5.877s] -- Up-to-date symlink: /home/prathamkelkar/ros2_ws/install/px4_msgs/include/px4_msgs/px4_msgs/msg/position_setpoint.h
[5.877s] -- Up-to-date symlink: /home/prathamkelkar/ros2_ws/install/px4_msgs/include/px4_msgs/px4_msgs/msg/position_setpoint_triplet.h
[5.878s] -- Up-to-date symlink: /home/prathamkelkar/ros2_ws/install/px4_msgs/include/px4_msgs/px4_msgs/msg/power_button_state.h
[5.878s] -- Up-to-date symlink: /home/prathamkelkar/ros2_ws/install/px4_msgs/include/px4_msgs/px4_msgs/msg/power_monitor.h
[5.878s] -- Up-to-date symlink: /home/prathamkelkar/ros2_ws/install/px4_msgs/include/px4_msgs/px4_msgs/msg/pps_capture.h
[5.878s] -- Up-to-date symlink: /home/prathamkelkar/ros2_ws/install/px4_msgs/include/px4_msgs/px4_msgs/msg/pwm_input.h
[5.878s] -- Up-to-date symlink: /home/prathamkelkar/ros2_ws/install/px4_msgs/include/px4_msgs/px4_msgs/msg/px4io_status.h
[5.878s] -- Up-to-date symlink: /home/prathamkelkar/ros2_ws/install/px4_msgs/include/px4_msgs/px4_msgs/msg/qshell_req.h
[5.878s] -- Up-to-date symlink: /home/prathamkelkar/ros2_ws/install/px4_msgs/include/px4_msgs/px4_msgs/msg/qshell_retval.h
[5.878s] -- Up-to-date symlink: /home/prathamkelkar/ros2_ws/install/px4_msgs/include/px4_msgs/px4_msgs/msg/radio_status.h
[5.879s] -- Up-to-date symlink: /home/prathamkelkar/ros2_ws/install/px4_msgs/include/px4_msgs/px4_msgs/msg/rate_ctrl_status.h
[5.879s] -- Up-to-date symlink: /home/prathamkelkar/ros2_ws/install/px4_msgs/include/px4_msgs/px4_msgs/msg/rc_channels.h
[5.879s] -- Up-to-date symlink: /home/prathamkelkar/ros2_ws/install/px4_msgs/include/px4_msgs/px4_msgs/msg/rc_parameter_map.h
[5.879s] -- Up-to-date symlink: /home/prathamkelkar/ros2_ws/install/px4_msgs/include/px4_msgs/px4_msgs/msg/register_ext_component_reply.h
[5.879s] -- Up-to-date symlink: /home/prathamkelkar/ros2_ws/install/px4_msgs/include/px4_msgs/px4_msgs/msg/register_ext_component_request.h
[5.879s] -- Up-to-date symlink: /home/prathamkelkar/ros2_ws/install/px4_msgs/include/px4_msgs/px4_msgs/msg/rosidl_generator_c__visibility_control.h
[5.879s] -- Up-to-date symlink: /home/prathamkelkar/ros2_ws/install/px4_msgs/include/px4_msgs/px4_msgs/msg/rpm.h
[5.879s] -- Up-to-date symlink: /home/prathamkelkar/ros2_ws/install/px4_msgs/include/px4_msgs/px4_msgs/msg/rtl_status.h
[5.879s] -- Up-to-date symlink: /home/prathamkelkar/ros2_ws/install/px4_msgs/include/px4_msgs/px4_msgs/msg/rtl_time_estimate.h
[5.880s] -- Up-to-date symlink: /home/prathamkelkar/ros2_ws/install/px4_msgs/include/px4_msgs/px4_msgs/msg/satellite_info.h
[5.880s] -- Up-to-date symlink: /home/prathamkelkar/ros2_ws/install/px4_msgs/include/px4_msgs/px4_msgs/msg/sensor_accel.h
[5.881s] -- Up-to-date symlink: /home/prathamkelkar/ros2_ws/install/px4_msgs/include/px4_msgs/px4_msgs/msg/sensor_accel_fifo.h
[5.881s] -- Up-to-date symlink: /home/prathamkelkar/ros2_ws/install/px4_msgs/include/px4_msgs/px4_msgs/msg/sensor_airflow.h
[5.881s] -- Up-to-date symlink: /home/prathamkelkar/ros2_ws/install/px4_msgs/include/px4_msgs/px4_msgs/msg/sensor_baro.h
[5.882s] -- Up-to-date symlink: /home/prathamkelkar/ros2_ws/install/px4_msgs/include/px4_msgs/px4_msgs/msg/sensor_combined.h
[5.882s] -- Up-to-date symlink: /home/prathamkelkar/ros2_ws/install/px4_msgs/include/px4_msgs/px4_msgs/msg/sensor_correction.h
[5.883s] -- Up-to-date symlink: /home/prathamkelkar/ros2_ws/install/px4_msgs/include/px4_msgs/px4_msgs/msg/sensor_gnss_relative.h
[5.883s] -- Up-to-date symlink: /home/prathamkelkar/ros2_ws/install/px4_msgs/include/px4_msgs/px4_msgs/msg/sensor_gps.h
[5.884s] -- Up-to-date symlink: /home/prathamkelkar/ros2_ws/install/px4_msgs/include/px4_msgs/px4_msgs/msg/sensor_gyro.h
[5.884s] -- Up-to-date symlink: /home/prathamkelkar/ros2_ws/install/px4_msgs/include/px4_msgs/px4_msgs/msg/sensor_gyro_fft.h
[5.884s] -- Up-to-date symlink: /home/prathamkelkar/ros2_ws/install/px4_msgs/include/px4_msgs/px4_msgs/msg/sensor_gyro_fifo.h
[5.885s] -- Up-to-date symlink: /home/prathamkelkar/ros2_ws/install/px4_msgs/include/px4_msgs/px4_msgs/msg/sensor_hygrometer.h
[5.885s] -- Up-to-date symlink: /home/prathamkelkar/ros2_ws/install/px4_msgs/include/px4_msgs/px4_msgs/msg/sensor_mag.h
[5.886s] -- Up-to-date symlink: /home/prathamkelkar/ros2_ws/install/px4_msgs/include/px4_msgs/px4_msgs/msg/sensor_optical_flow.h
[5.886s] -- Up-to-date symlink: /home/prathamkelkar/ros2_ws/install/px4_msgs/include/px4_msgs/px4_msgs/msg/sensor_preflight_mag.h
[5.886s] -- Up-to-date symlink: /home/prathamkelkar/ros2_ws/install/px4_msgs/include/px4_msgs/px4_msgs/msg/sensor_selection.h
[5.887s] -- Up-to-date symlink: /home/prathamkelkar/ros2_ws/install/px4_msgs/include/px4_msgs/px4_msgs/msg/sensor_uwb.h
[5.887s] -- Up-to-date symlink: /home/prathamkelkar/ros2_ws/install/px4_msgs/include/px4_msgs/px4_msgs/msg/sensors_status.h
[5.888s] -- Up-to-date symlink: /home/prathamkelkar/ros2_ws/install/px4_msgs/include/px4_msgs/px4_msgs/msg/sensors_status_imu.h
[5.888s] -- Up-to-date symlink: /home/prathamkelkar/ros2_ws/install/px4_msgs/include/px4_msgs/px4_msgs/msg/system_power.h
[5.888s] -- Up-to-date symlink: /home/prathamkelkar/ros2_ws/install/px4_msgs/include/px4_msgs/px4_msgs/msg/takeoff_status.h
[5.889s] -- Up-to-date symlink: /home/prathamkelkar/ros2_ws/install/px4_msgs/include/px4_msgs/px4_msgs/msg/task_stack_info.h
[5.889s] -- Up-to-date symlink: /home/prathamkelkar/ros2_ws/install/px4_msgs/include/px4_msgs/px4_msgs/msg/tecs_status.h
[5.890s] -- Up-to-date symlink: /home/prathamkelkar/ros2_ws/install/px4_msgs/include/px4_msgs/px4_msgs/msg/telemetry_status.h
[5.890s] -- Up-to-date symlink: /home/prathamkelkar/ros2_ws/install/px4_msgs/include/px4_msgs/px4_msgs/msg/tiltrotor_extra_controls.h
[5.890s] -- Up-to-date symlink: /home/prathamkelkar/ros2_ws/install/px4_msgs/include/px4_msgs/px4_msgs/msg/timesync_status.h
[5.891s] -- Up-to-date symlink: /home/prathamkelkar/ros2_ws/install/px4_msgs/include/px4_msgs/px4_msgs/msg/trajectory_bezier.h
[5.891s] -- Up-to-date symlink: /home/prathamkelkar/ros2_ws/install/px4_msgs/include/px4_msgs/px4_msgs/msg/trajectory_setpoint.h
[5.891s] -- Up-to-date symlink: /home/prathamkelkar/ros2_ws/install/px4_msgs/include/px4_msgs/px4_msgs/msg/trajectory_waypoint.h
[5.892s] -- Up-to-date symlink: /home/prathamkelkar/ros2_ws/install/px4_msgs/include/px4_msgs/px4_msgs/msg/transponder_report.h
[5.892s] -- Up-to-date symlink: /home/prathamkelkar/ros2_ws/install/px4_msgs/include/px4_msgs/px4_msgs/msg/tune_control.h
[5.893s] -- Up-to-date symlink: /home/prathamkelkar/ros2_ws/install/px4_msgs/include/px4_msgs/px4_msgs/msg/uavcan_parameter_request.h
[5.894s] -- Up-to-date symlink: /home/prathamkelkar/ros2_ws/install/px4_msgs/include/px4_msgs/px4_msgs/msg/uavcan_parameter_value.h
[5.894s] -- Up-to-date symlink: /home/prathamkelkar/ros2_ws/install/px4_msgs/include/px4_msgs/px4_msgs/msg/ulog_stream.h
[5.894s] -- Up-to-date symlink: /home/prathamkelkar/ros2_ws/install/px4_msgs/include/px4_msgs/px4_msgs/msg/ulog_stream_ack.h
[5.894s] -- Up-to-date symlink: /home/prathamkelkar/ros2_ws/install/px4_msgs/include/px4_msgs/px4_msgs/msg/unregister_ext_component.h
[5.894s] -- Up-to-date symlink: /home/prathamkelkar/ros2_ws/install/px4_msgs/include/px4_msgs/px4_msgs/msg/vehicle_acceleration.h
[5.894s] -- Up-to-date symlink: /home/prathamkelkar/ros2_ws/install/px4_msgs/include/px4_msgs/px4_msgs/msg/vehicle_air_data.h
[5.895s] -- Up-to-date symlink: /home/prathamkelkar/ros2_ws/install/px4_msgs/include/px4_msgs/px4_msgs/msg/vehicle_angular_acceleration_setpoint.h
[5.895s] -- Up-to-date symlink: /home/prathamkelkar/ros2_ws/install/px4_msgs/include/px4_msgs/px4_msgs/msg/vehicle_angular_velocity.h
[5.895s] -- Up-to-date symlink: /home/prathamkelkar/ros2_ws/install/px4_msgs/include/px4_msgs/px4_msgs/msg/vehicle_attitude.h
[5.895s] -- Up-to-date symlink: /home/prathamkelkar/ros2_ws/install/px4_msgs/include/px4_msgs/px4_msgs/msg/vehicle_attitude_setpoint.h
[5.895s] -- Up-to-date symlink: /home/prathamkelkar/ros2_ws/install/px4_msgs/include/px4_msgs/px4_msgs/msg/vehicle_command.h
[5.895s] -- Up-to-date symlink: /home/prathamkelkar/ros2_ws/install/px4_msgs/include/px4_msgs/px4_msgs/msg/vehicle_command_ack.h
[5.896s] -- Up-to-date symlink: /home/prathamkelkar/ros2_ws/install/px4_msgs/include/px4_msgs/px4_msgs/msg/vehicle_constraints.h
[5.896s] -- Up-to-date symlink: /home/prathamkelkar/ros2_ws/install/px4_msgs/include/px4_msgs/px4_msgs/msg/vehicle_control_mode.h
[5.896s] -- Up-to-date symlink: /home/prathamkelkar/ros2_ws/install/px4_msgs/include/px4_msgs/px4_msgs/msg/vehicle_global_position.h
[5.896s] -- Up-to-date symlink: /home/prathamkelkar/ros2_ws/install/px4_msgs/include/px4_msgs/px4_msgs/msg/vehicle_imu.h
[5.896s] -- Up-to-date symlink: /home/prathamkelkar/ros2_ws/install/px4_msgs/include/px4_msgs/px4_msgs/msg/vehicle_imu_status.h
[5.896s] -- Up-to-date symlink: /home/prathamkelkar/ros2_ws/install/px4_msgs/include/px4_msgs/px4_msgs/msg/vehicle_land_detected.h
[5.896s] -- Up-to-date symlink: /home/prathamkelkar/ros2_ws/install/px4_msgs/include/px4_msgs/px4_msgs/msg/vehicle_local_position.h
[5.896s] -- Up-to-date symlink: /home/prathamkelkar/ros2_ws/install/px4_msgs/include/px4_msgs/px4_msgs/msg/vehicle_local_position_setpoint.h
[5.896s] -- Up-to-date symlink: /home/prathamkelkar/ros2_ws/install/px4_msgs/include/px4_msgs/px4_msgs/msg/vehicle_magnetometer.h
[5.896s] -- Up-to-date symlink: /home/prathamkelkar/ros2_ws/install/px4_msgs/include/px4_msgs/px4_msgs/msg/vehicle_odometry.h
[5.897s] -- Up-to-date symlink: /home/prathamkelkar/ros2_ws/install/px4_msgs/include/px4_msgs/px4_msgs/msg/vehicle_optical_flow.h
[5.897s] -- Up-to-date symlink: /home/prathamkelkar/ros2_ws/install/px4_msgs/include/px4_msgs/px4_msgs/msg/vehicle_optical_flow_vel.h
[5.897s] -- Up-to-date symlink: /home/prathamkelkar/ros2_ws/install/px4_msgs/include/px4_msgs/px4_msgs/msg/vehicle_rates_setpoint.h
[5.897s] -- Up-to-date symlink: /home/prathamkelkar/ros2_ws/install/px4_msgs/include/px4_msgs/px4_msgs/msg/vehicle_roi.h
[5.897s] -- Up-to-date symlink: /home/prathamkelkar/ros2_ws/install/px4_msgs/include/px4_msgs/px4_msgs/msg/vehicle_status.h
[5.897s] -- Up-to-date symlink: /home/prathamkelkar/ros2_ws/install/px4_msgs/include/px4_msgs/px4_msgs/msg/vehicle_thrust_setpoint.h
[5.897s] -- Up-to-date symlink: /home/prathamkelkar/ros2_ws/install/px4_msgs/include/px4_msgs/px4_msgs/msg/vehicle_torque_setpoint.h
[5.897s] -- Up-to-date symlink: /home/prathamkelkar/ros2_ws/install/px4_msgs/include/px4_msgs/px4_msgs/msg/vehicle_trajectory_bezier.h
[5.897s] -- Up-to-date symlink: /home/prathamkelkar/ros2_ws/install/px4_msgs/include/px4_msgs/px4_msgs/msg/vehicle_trajectory_waypoint.h
[5.897s] -- Up-to-date symlink: /home/prathamkelkar/ros2_ws/install/px4_msgs/include/px4_msgs/px4_msgs/msg/velocity_limits.h
[5.897s] -- Up-to-date symlink: /home/prathamkelkar/ros2_ws/install/px4_msgs/include/px4_msgs/px4_msgs/msg/vtol_vehicle_status.h
[5.897s] -- Up-to-date symlink: /home/prathamkelkar/ros2_ws/install/px4_msgs/include/px4_msgs/px4_msgs/msg/wheel_encoders.h
[5.898s] -- Up-to-date symlink: /home/prathamkelkar/ros2_ws/install/px4_msgs/include/px4_msgs/px4_msgs/msg/wind.h
[5.898s] -- Up-to-date symlink: /home/prathamkelkar/ros2_ws/install/px4_msgs/include/px4_msgs/px4_msgs/msg/yaw_estimator_status.h
[5.898s] -- Up-to-date symlink: /home/prathamkelkar/ros2_ws/install/px4_msgs/include/px4_msgs/px4_msgs/srv/detail/vehicle_command__functions.h
[5.898s] -- Up-to-date symlink: /home/prathamkelkar/ros2_ws/install/px4_msgs/include/px4_msgs/px4_msgs/srv/detail/vehicle_command__struct.h
[5.898s] -- Up-to-date symlink: /home/prathamkelkar/ros2_ws/install/px4_msgs/include/px4_msgs/px4_msgs/srv/detail/vehicle_command__type_support.h
[5.898s] -- Up-to-date symlink: /home/prathamkelkar/ros2_ws/install/px4_msgs/include/px4_msgs/px4_msgs/srv/vehicle_command.h
[5.898s] -- Up-to-date symlink: /home/prathamkelkar/ros2_ws/install/px4_msgs/share/px4_msgs/environment/library_path.sh
[5.898s] -- Up-to-date symlink: /home/prathamkelkar/ros2_ws/install/px4_msgs/share/px4_msgs/environment/library_path.dsv
[5.898s] -- Up-to-date symlink: /home/prathamkelkar/ros2_ws/install/px4_msgs/include/px4_msgs/px4_msgs/msg/detail/action_request__rosidl_typesupport_fastrtps_c.h
[5.898s] -- Up-to-date symlink: /home/prathamkelkar/ros2_ws/install/px4_msgs/include/px4_msgs/px4_msgs/msg/detail/actuator_armed__rosidl_typesupport_fastrtps_c.h
[5.898s] -- Up-to-date symlink: /home/prathamkelkar/ros2_ws/install/px4_msgs/include/px4_msgs/px4_msgs/msg/detail/actuator_controls_status__rosidl_typesupport_fastrtps_c.h
[5.899s] -- Up-to-date symlink: /home/prathamkelkar/ros2_ws/install/px4_msgs/include/px4_msgs/px4_msgs/msg/detail/actuator_motors__rosidl_typesupport_fastrtps_c.h
[5.899s] -- Up-to-date symlink: /home/prathamkelkar/ros2_ws/install/px4_msgs/include/px4_msgs/px4_msgs/msg/detail/actuator_outputs__rosidl_typesupport_fastrtps_c.h
[5.899s] -- Up-to-date symlink: /home/prathamkelkar/ros2_ws/install/px4_msgs/include/px4_msgs/px4_msgs/msg/detail/actuator_servos__rosidl_typesupport_fastrtps_c.h
[5.899s] -- Up-to-date symlink: /home/prathamkelkar/ros2_ws/install/px4_msgs/include/px4_msgs/px4_msgs/msg/detail/actuator_servos_trim__rosidl_typesupport_fastrtps_c.h
[5.899s] -- Up-to-date symlink: /home/prathamkelkar/ros2_ws/install/px4_msgs/include/px4_msgs/px4_msgs/msg/detail/actuator_test__rosidl_typesupport_fastrtps_c.h
[5.899s] -- Up-to-date symlink: /home/prathamkelkar/ros2_ws/install/px4_msgs/include/px4_msgs/px4_msgs/msg/detail/adc_report__rosidl_typesupport_fastrtps_c.h
[5.899s] -- Up-to-date symlink: /home/prathamkelkar/ros2_ws/install/px4_msgs/include/px4_msgs/px4_msgs/msg/detail/airspeed__rosidl_typesupport_fastrtps_c.h
[5.899s] -- Up-to-date symlink: /home/prathamkelkar/ros2_ws/install/px4_msgs/include/px4_msgs/px4_msgs/msg/detail/airspeed_validated__rosidl_typesupport_fastrtps_c.h
[5.899s] -- Up-to-date symlink: /home/prathamkelkar/ros2_ws/install/px4_msgs/include/px4_msgs/px4_msgs/msg/detail/airspeed_wind__rosidl_typesupport_fastrtps_c.h
[5.899s] -- Up-to-date symlink: /home/prathamkelkar/ros2_ws/install/px4_msgs/include/px4_msgs/px4_msgs/msg/detail/arming_check_reply__rosidl_typesupport_fastrtps_c.h
[5.899s] -- Up-to-date symlink: /home/prathamkelkar/ros2_ws/install/px4_msgs/include/px4_msgs/px4_msgs/msg/detail/arming_check_request__rosidl_typesupport_fastrtps_c.h
[5.899s] -- Up-to-date symlink: /home/prathamkelkar/ros2_ws/install/px4_msgs/include/px4_msgs/px4_msgs/msg/detail/autotune_attitude_control_status__rosidl_typesupport_fastrtps_c.h
[5.899s] -- Up-to-date symlink: /home/prathamkelkar/ros2_ws/install/px4_msgs/include/px4_msgs/px4_msgs/msg/detail/battery_status__rosidl_typesupport_fastrtps_c.h
[5.900s] -- Up-to-date symlink: /home/prathamkelkar/ros2_ws/install/px4_msgs/include/px4_msgs/px4_msgs/msg/detail/buffer128__rosidl_typesupport_fastrtps_c.h
[5.900s] -- Up-to-date symlink: /home/prathamkelkar/ros2_ws/install/px4_msgs/include/px4_msgs/px4_msgs/msg/detail/button_event__rosidl_typesupport_fastrtps_c.h
[5.900s] -- Up-to-date symlink: /home/prathamkelkar/ros2_ws/install/px4_msgs/include/px4_msgs/px4_msgs/msg/detail/camera_capture__rosidl_typesupport_fastrtps_c.h
[5.900s] -- Up-to-date symlink: /home/prathamkelkar/ros2_ws/install/px4_msgs/include/px4_msgs/px4_msgs/msg/detail/camera_status__rosidl_typesupport_fastrtps_c.h
[5.900s] -- Up-to-date symlink: /home/prathamkelkar/ros2_ws/install/px4_msgs/include/px4_msgs/px4_msgs/msg/detail/camera_trigger__rosidl_typesupport_fastrtps_c.h
[5.900s] -- Up-to-date symlink: /home/prathamkelkar/ros2_ws/install/px4_msgs/include/px4_msgs/px4_msgs/msg/detail/can_interface_status__rosidl_typesupport_fastrtps_c.h
[5.900s] -- Up-to-date symlink: /home/prathamkelkar/ros2_ws/install/px4_msgs/include/px4_msgs/px4_msgs/msg/detail/cellular_status__rosidl_typesupport_fastrtps_c.h
[5.900s] -- Up-to-date symlink: /home/prathamkelkar/ros2_ws/install/px4_msgs/include/px4_msgs/px4_msgs/msg/detail/collision_constraints__rosidl_typesupport_fastrtps_c.h
[5.900s] -- Up-to-date symlink: /home/prathamkelkar/ros2_ws/install/px4_msgs/include/px4_msgs/px4_msgs/msg/detail/collision_report__rosidl_typesupport_fastrtps_c.h
[5.901s] -- Up-to-date symlink: /home/prathamkelkar/ros2_ws/install/px4_msgs/include/px4_msgs/px4_msgs/msg/detail/config_overrides__rosidl_typesupport_fastrtps_c.h
[5.901s] -- Up-to-date symlink: /home/prathamkelkar/ros2_ws/install/px4_msgs/include/px4_msgs/px4_msgs/msg/detail/control_allocator_status__rosidl_typesupport_fastrtps_c.h
[5.901s] -- Up-to-date symlink: /home/prathamkelkar/ros2_ws/install/px4_msgs/include/px4_msgs/px4_msgs/msg/detail/cpuload__rosidl_typesupport_fastrtps_c.h
[5.901s] -- Up-to-date symlink: /home/prathamkelkar/ros2_ws/install/px4_msgs/include/px4_msgs/px4_msgs/msg/detail/dataman_request__rosidl_typesupport_fastrtps_c.h
[5.901s] -- Up-to-date symlink: /home/prathamkelkar/ros2_ws/install/px4_msgs/include/px4_msgs/px4_msgs/msg/detail/dataman_response__rosidl_typesupport_fastrtps_c.h
[5.901s] -- Up-to-date symlink: /home/prathamkelkar/ros2_ws/install/px4_msgs/include/px4_msgs/px4_msgs/msg/detail/debug_array__rosidl_typesupport_fastrtps_c.h
[5.901s] -- Up-to-date symlink: /home/prathamkelkar/ros2_ws/install/px4_msgs/include/px4_msgs/px4_msgs/msg/detail/debug_key_value__rosidl_typesupport_fastrtps_c.h
[5.901s] -- Up-to-date symlink: /home/prathamkelkar/ros2_ws/install/px4_msgs/include/px4_msgs/px4_msgs/msg/detail/debug_value__rosidl_typesupport_fastrtps_c.h
[5.901s] -- Up-to-date symlink: /home/prathamkelkar/ros2_ws/install/px4_msgs/include/px4_msgs/px4_msgs/msg/detail/debug_vect__rosidl_typesupport_fastrtps_c.h
[5.901s] -- Up-to-date symlink: /home/prathamkelkar/ros2_ws/install/px4_msgs/include/px4_msgs/px4_msgs/msg/detail/differential_drive_setpoint__rosidl_typesupport_fastrtps_c.h
[5.902s] -- Up-to-date symlink: /home/prathamkelkar/ros2_ws/install/px4_msgs/include/px4_msgs/px4_msgs/msg/detail/differential_pressure__rosidl_typesupport_fastrtps_c.h
[5.902s] -- Up-to-date symlink: /home/prathamkelkar/ros2_ws/install/px4_msgs/include/px4_msgs/px4_msgs/msg/detail/distance_sensor__rosidl_typesupport_fastrtps_c.h
[5.902s] -- Up-to-date symlink: /home/prathamkelkar/ros2_ws/install/px4_msgs/include/px4_msgs/px4_msgs/msg/detail/ekf2_timestamps__rosidl_typesupport_fastrtps_c.h
[5.902s] -- Up-to-date symlink: /home/prathamkelkar/ros2_ws/install/px4_msgs/include/px4_msgs/px4_msgs/msg/detail/esc_report__rosidl_typesupport_fastrtps_c.h
[5.902s] -- Up-to-date symlink: /home/prathamkelkar/ros2_ws/install/px4_msgs/include/px4_msgs/px4_msgs/msg/detail/esc_status__rosidl_typesupport_fastrtps_c.h
[5.902s] -- Up-to-date symlink: /home/prathamkelkar/ros2_ws/install/px4_msgs/include/px4_msgs/px4_msgs/msg/detail/estimator_aid_source1d__rosidl_typesupport_fastrtps_c.h
[5.902s] -- Up-to-date symlink: /home/prathamkelkar/ros2_ws/install/px4_msgs/include/px4_msgs/px4_msgs/msg/detail/estimator_aid_source2d__rosidl_typesupport_fastrtps_c.h
[5.902s] -- Up-to-date symlink: /home/prathamkelkar/ros2_ws/install/px4_msgs/include/px4_msgs/px4_msgs/msg/detail/estimator_aid_source3d__rosidl_typesupport_fastrtps_c.h
[5.902s] -- Up-to-date symlink: /home/prathamkelkar/ros2_ws/install/px4_msgs/include/px4_msgs/px4_msgs/msg/detail/estimator_bias3d__rosidl_typesupport_fastrtps_c.h
[5.902s] -- Up-to-date symlink: /home/prathamkelkar/ros2_ws/install/px4_msgs/include/px4_msgs/px4_msgs/msg/detail/estimator_bias__rosidl_typesupport_fastrtps_c.h
[5.902s] -- Up-to-date symlink: /home/prathamkelkar/ros2_ws/install/px4_msgs/include/px4_msgs/px4_msgs/msg/detail/estimator_event_flags__rosidl_typesupport_fastrtps_c.h
[5.902s] -- Up-to-date symlink: /home/prathamkelkar/ros2_ws/install/px4_msgs/include/px4_msgs/px4_msgs/msg/detail/estimator_gps_status__rosidl_typesupport_fastrtps_c.h
[5.903s] -- Up-to-date symlink: /home/prathamkelkar/ros2_ws/install/px4_msgs/include/px4_msgs/px4_msgs/msg/detail/estimator_innovations__rosidl_typesupport_fastrtps_c.h
[5.903s] -- Up-to-date symlink: /home/prathamkelkar/ros2_ws/install/px4_msgs/include/px4_msgs/px4_msgs/msg/detail/estimator_selector_status__rosidl_typesupport_fastrtps_c.h
[5.903s] -- Up-to-date symlink: /home/prathamkelkar/ros2_ws/install/px4_msgs/include/px4_msgs/px4_msgs/msg/detail/estimator_sensor_bias__rosidl_typesupport_fastrtps_c.h
[5.903s] -- Up-to-date symlink: /home/prathamkelkar/ros2_ws/install/px4_msgs/include/px4_msgs/px4_msgs/msg/detail/estimator_states__rosidl_typesupport_fastrtps_c.h
[5.903s] -- Up-to-date symlink: /home/prathamkelkar/ros2_ws/install/px4_msgs/include/px4_msgs/px4_msgs/msg/detail/estimator_status__rosidl_typesupport_fastrtps_c.h
[5.903s] -- Up-to-date symlink: /home/prathamkelkar/ros2_ws/install/px4_msgs/include/px4_msgs/px4_msgs/msg/detail/estimator_status_flags__rosidl_typesupport_fastrtps_c.h
[5.903s] -- Up-to-date symlink: /home/prathamkelkar/ros2_ws/install/px4_msgs/include/px4_msgs/px4_msgs/msg/detail/event__rosidl_typesupport_fastrtps_c.h
[5.903s] -- Up-to-date symlink: /home/prathamkelkar/ros2_ws/install/px4_msgs/include/px4_msgs/px4_msgs/msg/detail/failsafe_flags__rosidl_typesupport_fastrtps_c.h
[5.903s] -- Up-to-date symlink: /home/prathamkelkar/ros2_ws/install/px4_msgs/include/px4_msgs/px4_msgs/msg/detail/failure_detector_status__rosidl_typesupport_fastrtps_c.h
[5.903s] -- Up-to-date symlink: /home/prathamkelkar/ros2_ws/install/px4_msgs/include/px4_msgs/px4_msgs/msg/detail/figure_eight_status__rosidl_typesupport_fastrtps_c.h
[5.904s] -- Up-to-date symlink: /home/prathamkelkar/ros2_ws/install/px4_msgs/include/px4_msgs/px4_msgs/msg/detail/flight_phase_estimation__rosidl_typesupport_fastrtps_c.h
[5.904s] -- Up-to-date symlink: /home/prathamkelkar/ros2_ws/install/px4_msgs/include/px4_msgs/px4_msgs/msg/detail/follow_target__rosidl_typesupport_fastrtps_c.h
[5.904s] -- Up-to-date symlink: /home/prathamkelkar/ros2_ws/install/px4_msgs/include/px4_msgs/px4_msgs/msg/detail/follow_target_estimator__rosidl_typesupport_fastrtps_c.h
[5.904s] -- Up-to-date symlink: /home/prathamkelkar/ros2_ws/install/px4_msgs/include/px4_msgs/px4_msgs/msg/detail/follow_target_status__rosidl_typesupport_fastrtps_c.h
[5.904s] -- Up-to-date symlink: /home/prathamkelkar/ros2_ws/install/px4_msgs/include/px4_msgs/px4_msgs/msg/detail/generator_status__rosidl_typesupport_fastrtps_c.h
[5.904s] -- Up-to-date symlink: /home/prathamkelkar/ros2_ws/install/px4_msgs/include/px4_msgs/px4_msgs/msg/detail/geofence_result__rosidl_typesupport_fastrtps_c.h
[5.904s] -- Up-to-date symlink: /home/prathamkelkar/ros2_ws/install/px4_msgs/include/px4_msgs/px4_msgs/msg/detail/geofence_status__rosidl_typesupport_fastrtps_c.h
[5.904s] -- Up-to-date symlink: /home/prathamkelkar/ros2_ws/install/px4_msgs/include/px4_msgs/px4_msgs/msg/detail/gimbal_controls__rosidl_typesupport_fastrtps_c.h
[5.904s] -- Up-to-date symlink: /home/prathamkelkar/ros2_ws/install/px4_msgs/include/px4_msgs/px4_msgs/msg/detail/gimbal_device_attitude_status__rosidl_typesupport_fastrtps_c.h
[5.904s] -- Up-to-date symlink: /home/prathamkelkar/ros2_ws/install/px4_msgs/include/px4_msgs/px4_msgs/msg/detail/gimbal_device_information__rosidl_typesupport_fastrtps_c.h
[5.904s] -- Up-to-date symlink: /home/prathamkelkar/ros2_ws/install/px4_msgs/include/px4_msgs/px4_msgs/msg/detail/gimbal_device_set_attitude__rosidl_typesupport_fastrtps_c.h
[5.904s] -- Up-to-date symlink: /home/prathamkelkar/ros2_ws/install/px4_msgs/include/px4_msgs/px4_msgs/msg/detail/gimbal_manager_information__rosidl_typesupport_fastrtps_c.h
[5.905s] -- Up-to-date symlink: /home/prathamkelkar/ros2_ws/install/px4_msgs/include/px4_msgs/px4_msgs/msg/detail/gimbal_manager_set_attitude__rosidl_typesupport_fastrtps_c.h
[5.905s] -- Up-to-date symlink: /home/prathamkelkar/ros2_ws/install/px4_msgs/include/px4_msgs/px4_msgs/msg/detail/gimbal_manager_set_manual_control__rosidl_typesupport_fastrtps_c.h
[5.905s] -- Up-to-date symlink: /home/prathamkelkar/ros2_ws/install/px4_msgs/include/px4_msgs/px4_msgs/msg/detail/gimbal_manager_status__rosidl_typesupport_fastrtps_c.h
[5.905s] -- Up-to-date symlink: /home/prathamkelkar/ros2_ws/install/px4_msgs/include/px4_msgs/px4_msgs/msg/detail/goto_setpoint__rosidl_typesupport_fastrtps_c.h
[5.905s] -- Up-to-date symlink: /home/prathamkelkar/ros2_ws/install/px4_msgs/include/px4_msgs/px4_msgs/msg/detail/gpio_config__rosidl_typesupport_fastrtps_c.h
[5.905s] -- Up-to-date symlink: /home/prathamkelkar/ros2_ws/install/px4_msgs/include/px4_msgs/px4_msgs/msg/detail/gpio_in__rosidl_typesupport_fastrtps_c.h
[5.905s] -- Up-to-date symlink: /home/prathamkelkar/ros2_ws/install/px4_msgs/include/px4_msgs/px4_msgs/msg/detail/gpio_out__rosidl_typesupport_fastrtps_c.h
[5.905s] -- Up-to-date symlink: /home/prathamkelkar/ros2_ws/install/px4_msgs/include/px4_msgs/px4_msgs/msg/detail/gpio_request__rosidl_typesupport_fastrtps_c.h
[5.905s] -- Up-to-date symlink: /home/prathamkelkar/ros2_ws/install/px4_msgs/include/px4_msgs/px4_msgs/msg/detail/gps_dump__rosidl_typesupport_fastrtps_c.h
[5.905s] -- Up-to-date symlink: /home/prathamkelkar/ros2_ws/install/px4_msgs/include/px4_msgs/px4_msgs/msg/detail/gps_inject_data__rosidl_typesupport_fastrtps_c.h
[5.905s] -- Up-to-date symlink: /home/prathamkelkar/ros2_ws/install/px4_msgs/include/px4_msgs/px4_msgs/msg/detail/gripper__rosidl_typesupport_fastrtps_c.h
[5.905s] -- Up-to-date symlink: /home/prathamkelkar/ros2_ws/install/px4_msgs/include/px4_msgs/px4_msgs/msg/detail/health_report__rosidl_typesupport_fastrtps_c.h
[5.905s] -- Up-to-date symlink: /home/prathamkelkar/ros2_ws/install/px4_msgs/include/px4_msgs/px4_msgs/msg/detail/heater_status__rosidl_typesupport_fastrtps_c.h
[5.905s] -- Up-to-date symlink: /home/prathamkelkar/ros2_ws/install/px4_msgs/include/px4_msgs/px4_msgs/msg/detail/home_position__rosidl_typesupport_fastrtps_c.h
[5.906s] -- Up-to-date symlink: /home/prathamkelkar/ros2_ws/install/px4_msgs/include/px4_msgs/px4_msgs/msg/detail/hover_thrust_estimate__rosidl_typesupport_fastrtps_c.h
[5.906s] -- Up-to-date symlink: /home/prathamkelkar/ros2_ws/install/px4_msgs/include/px4_msgs/px4_msgs/msg/detail/input_rc__rosidl_typesupport_fastrtps_c.h
[5.906s] -- Up-to-date symlink: /home/prathamkelkar/ros2_ws/install/px4_msgs/include/px4_msgs/px4_msgs/msg/detail/internal_combustion_engine_status__rosidl_typesupport_fastrtps_c.h
[5.906s] -- Up-to-date symlink: /home/prathamkelkar/ros2_ws/install/px4_msgs/include/px4_msgs/px4_msgs/msg/detail/iridiumsbd_status__rosidl_typesupport_fastrtps_c.h
[5.906s] -- Up-to-date symlink: /home/prathamkelkar/ros2_ws/install/px4_msgs/include/px4_msgs/px4_msgs/msg/detail/irlock_report__rosidl_typesupport_fastrtps_c.h
[5.906s] -- Up-to-date symlink: /home/prathamkelkar/ros2_ws/install/px4_msgs/include/px4_msgs/px4_msgs/msg/detail/landing_gear__rosidl_typesupport_fastrtps_c.h
[5.907s] -- Up-to-date symlink: /home/prathamkelkar/ros2_ws/install/px4_msgs/include/px4_msgs/px4_msgs/msg/detail/landing_gear_wheel__rosidl_typesupport_fastrtps_c.h
[5.907s] -- Up-to-date symlink: /home/prathamkelkar/ros2_ws/install/px4_msgs/include/px4_msgs/px4_msgs/msg/detail/landing_target_innovations__rosidl_typesupport_fastrtps_c.h
[5.907s] -- Up-to-date symlink: /home/prathamkelkar/ros2_ws/install/px4_msgs/include/px4_msgs/px4_msgs/msg/detail/landing_target_pose__rosidl_typesupport_fastrtps_c.h
[5.908s] -- Up-to-date symlink: /home/prathamkelkar/ros2_ws/install/px4_msgs/include/px4_msgs/px4_msgs/msg/detail/launch_detection_status__rosidl_typesupport_fastrtps_c.h
[5.908s] -- Up-to-date symlink: /home/prathamkelkar/ros2_ws/install/px4_msgs/include/px4_msgs/px4_msgs/msg/detail/led_control__rosidl_typesupport_fastrtps_c.h
[5.908s] -- Up-to-date symlink: /home/prathamkelkar/ros2_ws/install/px4_msgs/include/px4_msgs/px4_msgs/msg/detail/log_message__rosidl_typesupport_fastrtps_c.h
[5.908s] -- Up-to-date symlink: /home/prathamkelkar/ros2_ws/install/px4_msgs/include/px4_msgs/px4_msgs/msg/detail/logger_status__rosidl_typesupport_fastrtps_c.h
[5.909s] -- Up-to-date symlink: /home/prathamkelkar/ros2_ws/install/px4_msgs/include/px4_msgs/px4_msgs/msg/detail/mag_worker_data__rosidl_typesupport_fastrtps_c.h
[5.909s] -- Up-to-date symlink: /home/prathamkelkar/ros2_ws/install/px4_msgs/include/px4_msgs/px4_msgs/msg/detail/magnetometer_bias_estimate__rosidl_typesupport_fastrtps_c.h
[5.909s] -- Up-to-date symlink: /home/prathamkelkar/ros2_ws/install/px4_msgs/include/px4_msgs/px4_msgs/msg/detail/manual_control_setpoint__rosidl_typesupport_fastrtps_c.h
[5.909s] -- Up-to-date symlink: /home/prathamkelkar/ros2_ws/install/px4_msgs/include/px4_msgs/px4_msgs/msg/detail/manual_control_switches__rosidl_typesupport_fastrtps_c.h
[5.910s] -- Up-to-date symlink: /home/prathamkelkar/ros2_ws/install/px4_msgs/include/px4_msgs/px4_msgs/msg/detail/mavlink_log__rosidl_typesupport_fastrtps_c.h
[5.910s] -- Up-to-date symlink: /home/prathamkelkar/ros2_ws/install/px4_msgs/include/px4_msgs/px4_msgs/msg/detail/mavlink_tunnel__rosidl_typesupport_fastrtps_c.h
[5.910s] -- Up-to-date symlink: /home/prathamkelkar/ros2_ws/install/px4_msgs/include/px4_msgs/px4_msgs/msg/detail/message_format_request__rosidl_typesupport_fastrtps_c.h
[5.910s] -- Up-to-date symlink: /home/prathamkelkar/ros2_ws/install/px4_msgs/include/px4_msgs/px4_msgs/msg/detail/message_format_response__rosidl_typesupport_fastrtps_c.h
[5.910s] -- Up-to-date symlink: /home/prathamkelkar/ros2_ws/install/px4_msgs/include/px4_msgs/px4_msgs/msg/detail/mission__rosidl_typesupport_fastrtps_c.h
[5.911s] -- Up-to-date symlink: /home/prathamkelkar/ros2_ws/install/px4_msgs/include/px4_msgs/px4_msgs/msg/detail/mission_result__rosidl_typesupport_fastrtps_c.h
[5.911s] -- Up-to-date symlink: /home/prathamkelkar/ros2_ws/install/px4_msgs/include/px4_msgs/px4_msgs/msg/detail/mode_completed__rosidl_typesupport_fastrtps_c.h
[5.911s] -- Up-to-date symlink: /home/prathamkelkar/ros2_ws/install/px4_msgs/include/px4_msgs/px4_msgs/msg/detail/mount_orientation__rosidl_typesupport_fastrtps_c.h
[5.911s] -- Up-to-date symlink: /home/prathamkelkar/ros2_ws/install/px4_msgs/include/px4_msgs/px4_msgs/msg/detail/navigator_mission_item__rosidl_typesupport_fastrtps_c.h
[5.911s] -- Up-to-date symlink: /home/prathamkelkar/ros2_ws/install/px4_msgs/include/px4_msgs/px4_msgs/msg/detail/normalized_unsigned_setpoint__rosidl_typesupport_fastrtps_c.h
[5.912s] -- Up-to-date symlink: /home/prathamkelkar/ros2_ws/install/px4_msgs/include/px4_msgs/px4_msgs/msg/detail/npfg_status__rosidl_typesupport_fastrtps_c.h
[5.912s] -- Up-to-date symlink: /home/prathamkelkar/ros2_ws/install/px4_msgs/include/px4_msgs/px4_msgs/msg/detail/obstacle_distance__rosidl_typesupport_fastrtps_c.h
[5.912s] -- Up-to-date symlink: /home/prathamkelkar/ros2_ws/install/px4_msgs/include/px4_msgs/px4_msgs/msg/detail/offboard_control_mode__rosidl_typesupport_fastrtps_c.h
[5.913s] -- Up-to-date symlink: /home/prathamkelkar/ros2_ws/install/px4_msgs/include/px4_msgs/px4_msgs/msg/detail/onboard_computer_status__rosidl_typesupport_fastrtps_c.h
[5.913s] -- Up-to-date symlink: /home/prathamkelkar/ros2_ws/install/px4_msgs/include/px4_msgs/px4_msgs/msg/detail/orb_test__rosidl_typesupport_fastrtps_c.h
[5.913s] -- Up-to-date symlink: /home/prathamkelkar/ros2_ws/install/px4_msgs/include/px4_msgs/px4_msgs/msg/detail/orb_test_large__rosidl_typesupport_fastrtps_c.h
[5.913s] -- Up-to-date symlink: /home/prathamkelkar/ros2_ws/install/px4_msgs/include/px4_msgs/px4_msgs/msg/detail/orb_test_medium__rosidl_typesupport_fastrtps_c.h
[5.913s] -- Up-to-date symlink: /home/prathamkelkar/ros2_ws/install/px4_msgs/include/px4_msgs/px4_msgs/msg/detail/orbit_status__rosidl_typesupport_fastrtps_c.h
[5.914s] -- Up-to-date symlink: /home/prathamkelkar/ros2_ws/install/px4_msgs/include/px4_msgs/px4_msgs/msg/detail/parameter_reset_request__rosidl_typesupport_fastrtps_c.h
[5.914s] -- Up-to-date symlink: /home/prathamkelkar/ros2_ws/install/px4_msgs/include/px4_msgs/px4_msgs/msg/detail/parameter_set_used_request__rosidl_typesupport_fastrtps_c.h
[5.914s] -- Up-to-date symlink: /home/prathamkelkar/ros2_ws/install/px4_msgs/include/px4_msgs/px4_msgs/msg/detail/parameter_set_value_request__rosidl_typesupport_fastrtps_c.h
[5.914s] -- Up-to-date symlink: /home/prathamkelkar/ros2_ws/install/px4_msgs/include/px4_msgs/px4_msgs/msg/detail/parameter_set_value_response__rosidl_typesupport_fastrtps_c.h
[5.914s] -- Up-to-date symlink: /home/prathamkelkar/ros2_ws/install/px4_msgs/include/px4_msgs/px4_msgs/msg/detail/parameter_update__rosidl_typesupport_fastrtps_c.h
[5.915s] -- Up-to-date symlink: /home/prathamkelkar/ros2_ws/install/px4_msgs/include/px4_msgs/px4_msgs/msg/detail/ping__rosidl_typesupport_fastrtps_c.h
[5.915s] -- Up-to-date symlink: /home/prathamkelkar/ros2_ws/install/px4_msgs/include/px4_msgs/px4_msgs/msg/detail/position_controller_landing_status__rosidl_typesupport_fastrtps_c.h
[5.915s] -- Up-to-date symlink: /home/prathamkelkar/ros2_ws/install/px4_msgs/include/px4_msgs/px4_msgs/msg/detail/position_controller_status__rosidl_typesupport_fastrtps_c.h
[5.915s] -- Up-to-date symlink: /home/prathamkelkar/ros2_ws/install/px4_msgs/include/px4_msgs/px4_msgs/msg/detail/position_setpoint__rosidl_typesupport_fastrtps_c.h
[5.915s] -- Up-to-date symlink: /home/prathamkelkar/ros2_ws/install/px4_msgs/include/px4_msgs/px4_msgs/msg/detail/position_setpoint_triplet__rosidl_typesupport_fastrtps_c.h
[5.916s] -- Up-to-date symlink: /home/prathamkelkar/ros2_ws/install/px4_msgs/include/px4_msgs/px4_msgs/msg/detail/power_button_state__rosidl_typesupport_fastrtps_c.h
[5.916s] -- Up-to-date symlink: /home/prathamkelkar/ros2_ws/install/px4_msgs/include/px4_msgs/px4_msgs/msg/detail/power_monitor__rosidl_typesupport_fastrtps_c.h
[5.916s] -- Up-to-date symlink: /home/prathamkelkar/ros2_ws/install/px4_msgs/include/px4_msgs/px4_msgs/msg/detail/pps_capture__rosidl_typesupport_fastrtps_c.h
[5.916s] -- Up-to-date symlink: /home/prathamkelkar/ros2_ws/install/px4_msgs/include/px4_msgs/px4_msgs/msg/detail/pwm_input__rosidl_typesupport_fastrtps_c.h
[5.917s] -- Up-to-date symlink: /home/prathamkelkar/ros2_ws/install/px4_msgs/include/px4_msgs/px4_msgs/msg/detail/px4io_status__rosidl_typesupport_fastrtps_c.h
[5.917s] -- Up-to-date symlink: /home/prathamkelkar/ros2_ws/install/px4_msgs/include/px4_msgs/px4_msgs/msg/detail/qshell_req__rosidl_typesupport_fastrtps_c.h
[5.917s] -- Up-to-date symlink: /home/prathamkelkar/ros2_ws/install/px4_msgs/include/px4_msgs/px4_msgs/msg/detail/qshell_retval__rosidl_typesupport_fastrtps_c.h
[5.917s] -- Up-to-date symlink: /home/prathamkelkar/ros2_ws/install/px4_msgs/include/px4_msgs/px4_msgs/msg/detail/radio_status__rosidl_typesupport_fastrtps_c.h
[5.917s] -- Up-to-date symlink: /home/prathamkelkar/ros2_ws/install/px4_msgs/include/px4_msgs/px4_msgs/msg/detail/rate_ctrl_status__rosidl_typesupport_fastrtps_c.h
[5.917s] -- Up-to-date symlink: /home/prathamkelkar/ros2_ws/install/px4_msgs/include/px4_msgs/px4_msgs/msg/detail/rc_channels__rosidl_typesupport_fastrtps_c.h
[5.918s] -- Up-to-date symlink: /home/prathamkelkar/ros2_ws/install/px4_msgs/include/px4_msgs/px4_msgs/msg/detail/rc_parameter_map__rosidl_typesupport_fastrtps_c.h
[5.918s] -- Up-to-date symlink: /home/prathamkelkar/ros2_ws/install/px4_msgs/include/px4_msgs/px4_msgs/msg/detail/register_ext_component_reply__rosidl_typesupport_fastrtps_c.h
[5.918s] -- Up-to-date symlink: /home/prathamkelkar/ros2_ws/install/px4_msgs/include/px4_msgs/px4_msgs/msg/detail/register_ext_component_request__rosidl_typesupport_fastrtps_c.h
[5.918s] -- Up-to-date symlink: /home/prathamkelkar/ros2_ws/install/px4_msgs/include/px4_msgs/px4_msgs/msg/detail/rpm__rosidl_typesupport_fastrtps_c.h
[5.918s] -- Up-to-date symlink: /home/prathamkelkar/ros2_ws/install/px4_msgs/include/px4_msgs/px4_msgs/msg/detail/rtl_status__rosidl_typesupport_fastrtps_c.h
[5.918s] -- Up-to-date symlink: /home/prathamkelkar/ros2_ws/install/px4_msgs/include/px4_msgs/px4_msgs/msg/detail/rtl_time_estimate__rosidl_typesupport_fastrtps_c.h
[5.918s] -- Up-to-date symlink: /home/prathamkelkar/ros2_ws/install/px4_msgs/include/px4_msgs/px4_msgs/msg/detail/satellite_info__rosidl_typesupport_fastrtps_c.h
[5.919s] -- Up-to-date symlink: /home/prathamkelkar/ros2_ws/install/px4_msgs/include/px4_msgs/px4_msgs/msg/detail/sensor_accel__rosidl_typesupport_fastrtps_c.h
[5.919s] -- Up-to-date symlink: /home/prathamkelkar/ros2_ws/install/px4_msgs/include/px4_msgs/px4_msgs/msg/detail/sensor_accel_fifo__rosidl_typesupport_fastrtps_c.h
[5.919s] -- Up-to-date symlink: /home/prathamkelkar/ros2_ws/install/px4_msgs/include/px4_msgs/px4_msgs/msg/detail/sensor_airflow__rosidl_typesupport_fastrtps_c.h
[5.919s] -- Up-to-date symlink: /home/prathamkelkar/ros2_ws/install/px4_msgs/include/px4_msgs/px4_msgs/msg/detail/sensor_baro__rosidl_typesupport_fastrtps_c.h
[5.919s] -- Up-to-date symlink: /home/prathamkelkar/ros2_ws/install/px4_msgs/include/px4_msgs/px4_msgs/msg/detail/sensor_combined__rosidl_typesupport_fastrtps_c.h
[5.919s] -- Up-to-date symlink: /home/prathamkelkar/ros2_ws/install/px4_msgs/include/px4_msgs/px4_msgs/msg/detail/sensor_correction__rosidl_typesupport_fastrtps_c.h
[5.920s] -- Up-to-date symlink: /home/prathamkelkar/ros2_ws/install/px4_msgs/include/px4_msgs/px4_msgs/msg/detail/sensor_gnss_relative__rosidl_typesupport_fastrtps_c.h
[5.920s] -- Up-to-date symlink: /home/prathamkelkar/ros2_ws/install/px4_msgs/include/px4_msgs/px4_msgs/msg/detail/sensor_gps__rosidl_typesupport_fastrtps_c.h
[5.920s] -- Up-to-date symlink: /home/prathamkelkar/ros2_ws/install/px4_msgs/include/px4_msgs/px4_msgs/msg/detail/sensor_gyro__rosidl_typesupport_fastrtps_c.h
[5.921s] -- Up-to-date symlink: /home/prathamkelkar/ros2_ws/install/px4_msgs/include/px4_msgs/px4_msgs/msg/detail/sensor_gyro_fft__rosidl_typesupport_fastrtps_c.h
[5.922s] -- Up-to-date symlink: /home/prathamkelkar/ros2_ws/install/px4_msgs/include/px4_msgs/px4_msgs/msg/detail/sensor_gyro_fifo__rosidl_typesupport_fastrtps_c.h
[5.922s] -- Up-to-date symlink: /home/prathamkelkar/ros2_ws/install/px4_msgs/include/px4_msgs/px4_msgs/msg/detail/sensor_hygrometer__rosidl_typesupport_fastrtps_c.h
[5.922s] -- Up-to-date symlink: /home/prathamkelkar/ros2_ws/install/px4_msgs/include/px4_msgs/px4_msgs/msg/detail/sensor_mag__rosidl_typesupport_fastrtps_c.h
[5.923s] -- Up-to-date symlink: /home/prathamkelkar/ros2_ws/install/px4_msgs/include/px4_msgs/px4_msgs/msg/detail/sensor_optical_flow__rosidl_typesupport_fastrtps_c.h
[5.923s] -- Up-to-date symlink: /home/prathamkelkar/ros2_ws/install/px4_msgs/include/px4_msgs/px4_msgs/msg/detail/sensor_preflight_mag__rosidl_typesupport_fastrtps_c.h
[5.923s] -- Up-to-date symlink: /home/prathamkelkar/ros2_ws/install/px4_msgs/include/px4_msgs/px4_msgs/msg/detail/sensor_selection__rosidl_typesupport_fastrtps_c.h
[5.923s] -- Up-to-date symlink: /home/prathamkelkar/ros2_ws/install/px4_msgs/include/px4_msgs/px4_msgs/msg/detail/sensor_uwb__rosidl_typesupport_fastrtps_c.h
[5.924s] -- Up-to-date symlink: /home/prathamkelkar/ros2_ws/install/px4_msgs/include/px4_msgs/px4_msgs/msg/detail/sensors_status__rosidl_typesupport_fastrtps_c.h
[5.924s] -- Up-to-date symlink: /home/prathamkelkar/ros2_ws/install/px4_msgs/include/px4_msgs/px4_msgs/msg/detail/sensors_status_imu__rosidl_typesupport_fastrtps_c.h
[5.924s] -- Up-to-date symlink: /home/prathamkelkar/ros2_ws/install/px4_msgs/include/px4_msgs/px4_msgs/msg/detail/system_power__rosidl_typesupport_fastrtps_c.h
[5.924s] -- Up-to-date symlink: /home/prathamkelkar/ros2_ws/install/px4_msgs/include/px4_msgs/px4_msgs/msg/detail/takeoff_status__rosidl_typesupport_fastrtps_c.h
[5.925s] -- Up-to-date symlink: /home/prathamkelkar/ros2_ws/install/px4_msgs/include/px4_msgs/px4_msgs/msg/detail/task_stack_info__rosidl_typesupport_fastrtps_c.h
[5.925s] -- Up-to-date symlink: /home/prathamkelkar/ros2_ws/install/px4_msgs/include/px4_msgs/px4_msgs/msg/detail/tecs_status__rosidl_typesupport_fastrtps_c.h
[5.925s] -- Up-to-date symlink: /home/prathamkelkar/ros2_ws/install/px4_msgs/include/px4_msgs/px4_msgs/msg/detail/telemetry_status__rosidl_typesupport_fastrtps_c.h
[5.925s] -- Up-to-date symlink: /home/prathamkelkar/ros2_ws/install/px4_msgs/include/px4_msgs/px4_msgs/msg/detail/tiltrotor_extra_controls__rosidl_typesupport_fastrtps_c.h
[5.926s] -- Up-to-date symlink: /home/prathamkelkar/ros2_ws/install/px4_msgs/include/px4_msgs/px4_msgs/msg/detail/timesync_status__rosidl_typesupport_fastrtps_c.h
[5.926s] -- Up-to-date symlink: /home/prathamkelkar/ros2_ws/install/px4_msgs/include/px4_msgs/px4_msgs/msg/detail/trajectory_bezier__rosidl_typesupport_fastrtps_c.h
[5.926s] -- Up-to-date symlink: /home/prathamkelkar/ros2_ws/install/px4_msgs/include/px4_msgs/px4_msgs/msg/detail/trajectory_setpoint__rosidl_typesupport_fastrtps_c.h
[5.926s] -- Up-to-date symlink: /home/prathamkelkar/ros2_ws/install/px4_msgs/include/px4_msgs/px4_msgs/msg/detail/trajectory_waypoint__rosidl_typesupport_fastrtps_c.h
[5.926s] -- Up-to-date symlink: /home/prathamkelkar/ros2_ws/install/px4_msgs/include/px4_msgs/px4_msgs/msg/detail/transponder_report__rosidl_typesupport_fastrtps_c.h
[5.927s] -- Up-to-date symlink: /home/prathamkelkar/ros2_ws/install/px4_msgs/include/px4_msgs/px4_msgs/msg/detail/tune_control__rosidl_typesupport_fastrtps_c.h
[5.927s] -- Up-to-date symlink: /home/prathamkelkar/ros2_ws/install/px4_msgs/include/px4_msgs/px4_msgs/msg/detail/uavcan_parameter_request__rosidl_typesupport_fastrtps_c.h
[5.927s] -- Up-to-date symlink: /home/prathamkelkar/ros2_ws/install/px4_msgs/include/px4_msgs/px4_msgs/msg/detail/uavcan_parameter_value__rosidl_typesupport_fastrtps_c.h
[5.927s] -- Up-to-date symlink: /home/prathamkelkar/ros2_ws/install/px4_msgs/include/px4_msgs/px4_msgs/msg/detail/ulog_stream__rosidl_typesupport_fastrtps_c.h
[5.927s] -- Up-to-date symlink: /home/prathamkelkar/ros2_ws/install/px4_msgs/include/px4_msgs/px4_msgs/msg/detail/ulog_stream_ack__rosidl_typesupport_fastrtps_c.h
[5.928s] -- Up-to-date symlink: /home/prathamkelkar/ros2_ws/install/px4_msgs/include/px4_msgs/px4_msgs/msg/detail/unregister_ext_component__rosidl_typesupport_fastrtps_c.h
[5.928s] -- Up-to-date symlink: /home/prathamkelkar/ros2_ws/install/px4_msgs/include/px4_msgs/px4_msgs/msg/detail/vehicle_acceleration__rosidl_typesupport_fastrtps_c.h
[5.928s] -- Up-to-date symlink: /home/prathamkelkar/ros2_ws/install/px4_msgs/include/px4_msgs/px4_msgs/msg/detail/vehicle_air_data__rosidl_typesupport_fastrtps_c.h
[5.928s] -- Up-to-date symlink: /home/prathamkelkar/ros2_ws/install/px4_msgs/include/px4_msgs/px4_msgs/msg/detail/vehicle_angular_acceleration_setpoint__rosidl_typesupport_fastrtps_c.h
[5.928s] -- Up-to-date symlink: /home/prathamkelkar/ros2_ws/install/px4_msgs/include/px4_msgs/px4_msgs/msg/detail/vehicle_angular_velocity__rosidl_typesupport_fastrtps_c.h
[5.929s] -- Up-to-date symlink: /home/prathamkelkar/ros2_ws/install/px4_msgs/include/px4_msgs/px4_msgs/msg/detail/vehicle_attitude__rosidl_typesupport_fastrtps_c.h
[5.929s] -- Up-to-date symlink: /home/prathamkelkar/ros2_ws/install/px4_msgs/include/px4_msgs/px4_msgs/msg/detail/vehicle_attitude_setpoint__rosidl_typesupport_fastrtps_c.h
[5.929s] -- Up-to-date symlink: /home/prathamkelkar/ros2_ws/install/px4_msgs/include/px4_msgs/px4_msgs/msg/detail/vehicle_command__rosidl_typesupport_fastrtps_c.h
[5.929s] -- Up-to-date symlink: /home/prathamkelkar/ros2_ws/install/px4_msgs/include/px4_msgs/px4_msgs/msg/detail/vehicle_command_ack__rosidl_typesupport_fastrtps_c.h
[5.930s] -- Up-to-date symlink: /home/prathamkelkar/ros2_ws/install/px4_msgs/include/px4_msgs/px4_msgs/msg/detail/vehicle_constraints__rosidl_typesupport_fastrtps_c.h
[5.930s] -- Up-to-date symlink: /home/prathamkelkar/ros2_ws/install/px4_msgs/include/px4_msgs/px4_msgs/msg/detail/vehicle_control_mode__rosidl_typesupport_fastrtps_c.h
[5.930s] -- Up-to-date symlink: /home/prathamkelkar/ros2_ws/install/px4_msgs/include/px4_msgs/px4_msgs/msg/detail/vehicle_global_position__rosidl_typesupport_fastrtps_c.h
[5.930s] -- Up-to-date symlink: /home/prathamkelkar/ros2_ws/install/px4_msgs/include/px4_msgs/px4_msgs/msg/detail/vehicle_imu__rosidl_typesupport_fastrtps_c.h
[5.930s] -- Up-to-date symlink: /home/prathamkelkar/ros2_ws/install/px4_msgs/include/px4_msgs/px4_msgs/msg/detail/vehicle_imu_status__rosidl_typesupport_fastrtps_c.h
[5.931s] -- Up-to-date symlink: /home/prathamkelkar/ros2_ws/install/px4_msgs/include/px4_msgs/px4_msgs/msg/detail/vehicle_land_detected__rosidl_typesupport_fastrtps_c.h
[5.931s] -- Up-to-date symlink: /home/prathamkelkar/ros2_ws/install/px4_msgs/include/px4_msgs/px4_msgs/msg/detail/vehicle_local_position__rosidl_typesupport_fastrtps_c.h
[5.931s] -- Up-to-date symlink: /home/prathamkelkar/ros2_ws/install/px4_msgs/include/px4_msgs/px4_msgs/msg/detail/vehicle_local_position_setpoint__rosidl_typesupport_fastrtps_c.h
[5.931s] -- Up-to-date symlink: /home/prathamkelkar/ros2_ws/install/px4_msgs/include/px4_msgs/px4_msgs/msg/detail/vehicle_magnetometer__rosidl_typesupport_fastrtps_c.h
[5.931s] -- Up-to-date symlink: /home/prathamkelkar/ros2_ws/install/px4_msgs/include/px4_msgs/px4_msgs/msg/detail/vehicle_odometry__rosidl_typesupport_fastrtps_c.h
[5.932s] -- Up-to-date symlink: /home/prathamkelkar/ros2_ws/install/px4_msgs/include/px4_msgs/px4_msgs/msg/detail/vehicle_optical_flow__rosidl_typesupport_fastrtps_c.h
[5.932s] -- Up-to-date symlink: /home/prathamkelkar/ros2_ws/install/px4_msgs/include/px4_msgs/px4_msgs/msg/detail/vehicle_optical_flow_vel__rosidl_typesupport_fastrtps_c.h
[5.932s] -- Up-to-date symlink: /home/prathamkelkar/ros2_ws/install/px4_msgs/include/px4_msgs/px4_msgs/msg/detail/vehicle_rates_setpoint__rosidl_typesupport_fastrtps_c.h
[5.932s] -- Up-to-date symlink: /home/prathamkelkar/ros2_ws/install/px4_msgs/include/px4_msgs/px4_msgs/msg/detail/vehicle_roi__rosidl_typesupport_fastrtps_c.h
[5.932s] -- Up-to-date symlink: /home/prathamkelkar/ros2_ws/install/px4_msgs/include/px4_msgs/px4_msgs/msg/detail/vehicle_status__rosidl_typesupport_fastrtps_c.h
[5.933s] -- Up-to-date symlink: /home/prathamkelkar/ros2_ws/install/px4_msgs/include/px4_msgs/px4_msgs/msg/detail/vehicle_thrust_setpoint__rosidl_typesupport_fastrtps_c.h
[5.933s] -- Up-to-date symlink: /home/prathamkelkar/ros2_ws/install/px4_msgs/include/px4_msgs/px4_msgs/msg/detail/vehicle_torque_setpoint__rosidl_typesupport_fastrtps_c.h
[5.933s] -- Up-to-date symlink: /home/prathamkelkar/ros2_ws/install/px4_msgs/include/px4_msgs/px4_msgs/msg/detail/vehicle_trajectory_bezier__rosidl_typesupport_fastrtps_c.h
[5.933s] -- Up-to-date symlink: /home/prathamkelkar/ros2_ws/install/px4_msgs/include/px4_msgs/px4_msgs/msg/detail/vehicle_trajectory_waypoint__rosidl_typesupport_fastrtps_c.h
[5.933s] -- Up-to-date symlink: /home/prathamkelkar/ros2_ws/install/px4_msgs/include/px4_msgs/px4_msgs/msg/detail/velocity_limits__rosidl_typesupport_fastrtps_c.h
[5.934s] -- Up-to-date symlink: /home/prathamkelkar/ros2_ws/install/px4_msgs/include/px4_msgs/px4_msgs/msg/detail/vtol_vehicle_status__rosidl_typesupport_fastrtps_c.h
[5.934s] -- Up-to-date symlink: /home/prathamkelkar/ros2_ws/install/px4_msgs/include/px4_msgs/px4_msgs/msg/detail/wheel_encoders__rosidl_typesupport_fastrtps_c.h
[5.934s] -- Up-to-date symlink: /home/prathamkelkar/ros2_ws/install/px4_msgs/include/px4_msgs/px4_msgs/msg/detail/wind__rosidl_typesupport_fastrtps_c.h
[5.934s] -- Up-to-date symlink: /home/prathamkelkar/ros2_ws/install/px4_msgs/include/px4_msgs/px4_msgs/msg/detail/yaw_estimator_status__rosidl_typesupport_fastrtps_c.h
[5.934s] -- Up-to-date symlink: /home/prathamkelkar/ros2_ws/install/px4_msgs/include/px4_msgs/px4_msgs/msg/rosidl_typesupport_fastrtps_c__visibility_control.h
[5.935s] -- Up-to-date symlink: /home/prathamkelkar/ros2_ws/install/px4_msgs/include/px4_msgs/px4_msgs/srv/detail/vehicle_command__rosidl_typesupport_fastrtps_c.h
[5.935s] -- Up-to-date symlink: /home/prathamkelkar/ros2_ws/install/px4_msgs/include/px4_msgs/px4_msgs/msg/action_request.hpp
[5.935s] -- Up-to-date symlink: /home/prathamkelkar/ros2_ws/install/px4_msgs/include/px4_msgs/px4_msgs/msg/actuator_armed.hpp
[5.935s] -- Up-to-date symlink: /home/prathamkelkar/ros2_ws/install/px4_msgs/include/px4_msgs/px4_msgs/msg/actuator_controls_status.hpp
[5.935s] -- Up-to-date symlink: /home/prathamkelkar/ros2_ws/install/px4_msgs/include/px4_msgs/px4_msgs/msg/actuator_motors.hpp
[5.935s] -- Up-to-date symlink: /home/prathamkelkar/ros2_ws/install/px4_msgs/include/px4_msgs/px4_msgs/msg/actuator_outputs.hpp
[5.936s] -- Up-to-date symlink: /home/prathamkelkar/ros2_ws/install/px4_msgs/include/px4_msgs/px4_msgs/msg/actuator_servos.hpp
[5.936s] -- Up-to-date symlink: /home/prathamkelkar/ros2_ws/install/px4_msgs/include/px4_msgs/px4_msgs/msg/actuator_servos_trim.hpp
[5.936s] -- Up-to-date symlink: /home/prathamkelkar/ros2_ws/install/px4_msgs/include/px4_msgs/px4_msgs/msg/actuator_test.hpp
[5.936s] -- Up-to-date symlink: /home/prathamkelkar/ros2_ws/install/px4_msgs/include/px4_msgs/px4_msgs/msg/adc_report.hpp
[5.936s] -- Up-to-date symlink: /home/prathamkelkar/ros2_ws/install/px4_msgs/include/px4_msgs/px4_msgs/msg/airspeed.hpp
[5.936s] -- Up-to-date symlink: /home/prathamkelkar/ros2_ws/install/px4_msgs/include/px4_msgs/px4_msgs/msg/airspeed_validated.hpp
[5.937s] -- Up-to-date symlink: /home/prathamkelkar/ros2_ws/install/px4_msgs/include/px4_msgs/px4_msgs/msg/airspeed_wind.hpp
[5.937s] -- Up-to-date symlink: /home/prathamkelkar/ros2_ws/install/px4_msgs/include/px4_msgs/px4_msgs/msg/arming_check_reply.hpp
[5.937s] -- Up-to-date symlink: /home/prathamkelkar/ros2_ws/install/px4_msgs/include/px4_msgs/px4_msgs/msg/arming_check_request.hpp
[5.937s] -- Up-to-date symlink: /home/prathamkelkar/ros2_ws/install/px4_msgs/include/px4_msgs/px4_msgs/msg/autotune_attitude_control_status.hpp
[5.937s] -- Up-to-date symlink: /home/prathamkelkar/ros2_ws/install/px4_msgs/include/px4_msgs/px4_msgs/msg/battery_status.hpp
[5.938s] -- Up-to-date symlink: /home/prathamkelkar/ros2_ws/install/px4_msgs/include/px4_msgs/px4_msgs/msg/buffer128.hpp
[5.938s] -- Up-to-date symlink: /home/prathamkelkar/ros2_ws/install/px4_msgs/include/px4_msgs/px4_msgs/msg/button_event.hpp
[5.938s] -- Up-to-date symlink: /home/prathamkelkar/ros2_ws/install/px4_msgs/include/px4_msgs/px4_msgs/msg/camera_capture.hpp
[5.938s] -- Up-to-date symlink: /home/prathamkelkar/ros2_ws/install/px4_msgs/include/px4_msgs/px4_msgs/msg/camera_status.hpp
[5.938s] -- Up-to-date symlink: /home/prathamkelkar/ros2_ws/install/px4_msgs/include/px4_msgs/px4_msgs/msg/camera_trigger.hpp
[5.938s] -- Up-to-date symlink: /home/prathamkelkar/ros2_ws/install/px4_msgs/include/px4_msgs/px4_msgs/msg/can_interface_status.hpp
[5.939s] -- Up-to-date symlink: /home/prathamkelkar/ros2_ws/install/px4_msgs/include/px4_msgs/px4_msgs/msg/cellular_status.hpp
[5.939s] -- Up-to-date symlink: /home/prathamkelkar/ros2_ws/install/px4_msgs/include/px4_msgs/px4_msgs/msg/collision_constraints.hpp
[5.939s] -- Up-to-date symlink: /home/prathamkelkar/ros2_ws/install/px4_msgs/include/px4_msgs/px4_msgs/msg/collision_report.hpp
[5.940s] -- Up-to-date symlink: /home/prathamkelkar/ros2_ws/install/px4_msgs/include/px4_msgs/px4_msgs/msg/config_overrides.hpp
[5.940s] -- Up-to-date symlink: /home/prathamkelkar/ros2_ws/install/px4_msgs/include/px4_msgs/px4_msgs/msg/control_allocator_status.hpp
[5.940s] -- Up-to-date symlink: /home/prathamkelkar/ros2_ws/install/px4_msgs/include/px4_msgs/px4_msgs/msg/cpuload.hpp
[5.941s] -- Up-to-date symlink: /home/prathamkelkar/ros2_ws/install/px4_msgs/include/px4_msgs/px4_msgs/msg/dataman_request.hpp
[5.941s] -- Up-to-date symlink: /home/prathamkelkar/ros2_ws/install/px4_msgs/include/px4_msgs/px4_msgs/msg/dataman_response.hpp
[5.941s] -- Up-to-date symlink: /home/prathamkelkar/ros2_ws/install/px4_msgs/include/px4_msgs/px4_msgs/msg/debug_array.hpp
[5.941s] -- Up-to-date symlink: /home/prathamkelkar/ros2_ws/install/px4_msgs/include/px4_msgs/px4_msgs/msg/debug_key_value.hpp
[5.942s] -- Up-to-date symlink: /home/prathamkelkar/ros2_ws/install/px4_msgs/include/px4_msgs/px4_msgs/msg/debug_value.hpp
[5.942s] -- Up-to-date symlink: /home/prathamkelkar/ros2_ws/install/px4_msgs/include/px4_msgs/px4_msgs/msg/debug_vect.hpp
[5.942s] -- Up-to-date symlink: /home/prathamkelkar/ros2_ws/install/px4_msgs/include/px4_msgs/px4_msgs/msg/detail/action_request__builder.hpp
[5.942s] -- Up-to-date symlink: /home/prathamkelkar/ros2_ws/install/px4_msgs/include/px4_msgs/px4_msgs/msg/detail/action_request__struct.hpp
[5.943s] -- Up-to-date symlink: /home/prathamkelkar/ros2_ws/install/px4_msgs/include/px4_msgs/px4_msgs/msg/detail/action_request__traits.hpp
[5.943s] -- Up-to-date symlink: /home/prathamkelkar/ros2_ws/install/px4_msgs/include/px4_msgs/px4_msgs/msg/detail/action_request__type_support.hpp
[5.943s] -- Up-to-date symlink: /home/prathamkelkar/ros2_ws/install/px4_msgs/include/px4_msgs/px4_msgs/msg/detail/actuator_armed__builder.hpp
[5.943s] -- Up-to-date symlink: /home/prathamkelkar/ros2_ws/install/px4_msgs/include/px4_msgs/px4_msgs/msg/detail/actuator_armed__struct.hpp
[5.943s] -- Up-to-date symlink: /home/prathamkelkar/ros2_ws/install/px4_msgs/include/px4_msgs/px4_msgs/msg/detail/actuator_armed__traits.hpp
[5.943s] -- Up-to-date symlink: /home/prathamkelkar/ros2_ws/install/px4_msgs/include/px4_msgs/px4_msgs/msg/detail/actuator_armed__type_support.hpp
[5.944s] -- Up-to-date symlink: /home/prathamkelkar/ros2_ws/install/px4_msgs/include/px4_msgs/px4_msgs/msg/detail/actuator_controls_status__builder.hpp
[5.944s] -- Up-to-date symlink: /home/prathamkelkar/ros2_ws/install/px4_msgs/include/px4_msgs/px4_msgs/msg/detail/actuator_controls_status__struct.hpp
[5.944s] -- Up-to-date symlink: /home/prathamkelkar/ros2_ws/install/px4_msgs/include/px4_msgs/px4_msgs/msg/detail/actuator_controls_status__traits.hpp
[5.944s] -- Up-to-date symlink: /home/prathamkelkar/ros2_ws/install/px4_msgs/include/px4_msgs/px4_msgs/msg/detail/actuator_controls_status__type_support.hpp
[5.944s] -- Up-to-date symlink: /home/prathamkelkar/ros2_ws/install/px4_msgs/include/px4_msgs/px4_msgs/msg/detail/actuator_motors__builder.hpp
[5.944s] -- Up-to-date symlink: /home/prathamkelkar/ros2_ws/install/px4_msgs/include/px4_msgs/px4_msgs/msg/detail/actuator_motors__struct.hpp
[5.945s] -- Up-to-date symlink: /home/prathamkelkar/ros2_ws/install/px4_msgs/include/px4_msgs/px4_msgs/msg/detail/actuator_motors__traits.hpp
[5.945s] -- Up-to-date symlink: /home/prathamkelkar/ros2_ws/install/px4_msgs/include/px4_msgs/px4_msgs/msg/detail/actuator_motors__type_support.hpp
[5.945s] -- Up-to-date symlink: /home/prathamkelkar/ros2_ws/install/px4_msgs/include/px4_msgs/px4_msgs/msg/detail/actuator_outputs__builder.hpp
[5.945s] -- Up-to-date symlink: /home/prathamkelkar/ros2_ws/install/px4_msgs/include/px4_msgs/px4_msgs/msg/detail/actuator_outputs__struct.hpp
[5.945s] -- Up-to-date symlink: /home/prathamkelkar/ros2_ws/install/px4_msgs/include/px4_msgs/px4_msgs/msg/detail/actuator_outputs__traits.hpp
[5.946s] -- Up-to-date symlink: /home/prathamkelkar/ros2_ws/install/px4_msgs/include/px4_msgs/px4_msgs/msg/detail/actuator_outputs__type_support.hpp
[5.946s] -- Up-to-date symlink: /home/prathamkelkar/ros2_ws/install/px4_msgs/include/px4_msgs/px4_msgs/msg/detail/actuator_servos__builder.hpp
[5.946s] -- Up-to-date symlink: /home/prathamkelkar/ros2_ws/install/px4_msgs/include/px4_msgs/px4_msgs/msg/detail/actuator_servos__struct.hpp
[5.946s] -- Up-to-date symlink: /home/prathamkelkar/ros2_ws/install/px4_msgs/include/px4_msgs/px4_msgs/msg/detail/actuator_servos__traits.hpp
[5.946s] -- Up-to-date symlink: /home/prathamkelkar/ros2_ws/install/px4_msgs/include/px4_msgs/px4_msgs/msg/detail/actuator_servos__type_support.hpp
[5.946s] -- Up-to-date symlink: /home/prathamkelkar/ros2_ws/install/px4_msgs/include/px4_msgs/px4_msgs/msg/detail/actuator_servos_trim__builder.hpp
[5.947s] -- Up-to-date symlink: /home/prathamkelkar/ros2_ws/install/px4_msgs/include/px4_msgs/px4_msgs/msg/detail/actuator_servos_trim__struct.hpp
[5.947s] -- Up-to-date symlink: /home/prathamkelkar/ros2_ws/install/px4_msgs/include/px4_msgs/px4_msgs/msg/detail/actuator_servos_trim__traits.hpp
[5.947s] -- Up-to-date symlink: /home/prathamkelkar/ros2_ws/install/px4_msgs/include/px4_msgs/px4_msgs/msg/detail/actuator_servos_trim__type_support.hpp
[5.948s] -- Up-to-date symlink: /home/prathamkelkar/ros2_ws/install/px4_msgs/include/px4_msgs/px4_msgs/msg/detail/actuator_test__builder.hpp
[5.948s] -- Up-to-date symlink: /home/prathamkelkar/ros2_ws/install/px4_msgs/include/px4_msgs/px4_msgs/msg/detail/actuator_test__struct.hpp
[5.948s] -- Up-to-date symlink: /home/prathamkelkar/ros2_ws/install/px4_msgs/include/px4_msgs/px4_msgs/msg/detail/actuator_test__traits.hpp
[5.948s] -- Up-to-date symlink: /home/prathamkelkar/ros2_ws/install/px4_msgs/include/px4_msgs/px4_msgs/msg/detail/actuator_test__type_support.hpp
[5.949s] -- Up-to-date symlink: /home/prathamkelkar/ros2_ws/install/px4_msgs/include/px4_msgs/px4_msgs/msg/detail/adc_report__builder.hpp
[5.949s] -- Up-to-date symlink: /home/prathamkelkar/ros2_ws/install/px4_msgs/include/px4_msgs/px4_msgs/msg/detail/adc_report__struct.hpp
[5.949s] -- Up-to-date symlink: /home/prathamkelkar/ros2_ws/install/px4_msgs/include/px4_msgs/px4_msgs/msg/detail/adc_report__traits.hpp
[5.949s] -- Up-to-date symlink: /home/prathamkelkar/ros2_ws/install/px4_msgs/include/px4_msgs/px4_msgs/msg/detail/adc_report__type_support.hpp
[5.949s] -- Up-to-date symlink: /home/prathamkelkar/ros2_ws/install/px4_msgs/include/px4_msgs/px4_msgs/msg/detail/airspeed__builder.hpp
[5.950s] -- Up-to-date symlink: /home/prathamkelkar/ros2_ws/install/px4_msgs/include/px4_msgs/px4_msgs/msg/detail/airspeed__struct.hpp
[5.950s] -- Up-to-date symlink: /home/prathamkelkar/ros2_ws/install/px4_msgs/include/px4_msgs/px4_msgs/msg/detail/airspeed__traits.hpp
[5.950s] -- Up-to-date symlink: /home/prathamkelkar/ros2_ws/install/px4_msgs/include/px4_msgs/px4_msgs/msg/detail/airspeed__type_support.hpp
[5.950s] -- Up-to-date symlink: /home/prathamkelkar/ros2_ws/install/px4_msgs/include/px4_msgs/px4_msgs/msg/detail/airspeed_validated__builder.hpp
[5.951s] -- Up-to-date symlink: /home/prathamkelkar/ros2_ws/install/px4_msgs/include/px4_msgs/px4_msgs/msg/detail/airspeed_validated__struct.hpp
[5.951s] -- Up-to-date symlink: /home/prathamkelkar/ros2_ws/install/px4_msgs/include/px4_msgs/px4_msgs/msg/detail/airspeed_validated__traits.hpp
[5.951s] -- Up-to-date symlink: /home/prathamkelkar/ros2_ws/install/px4_msgs/include/px4_msgs/px4_msgs/msg/detail/airspeed_validated__type_support.hpp
[5.951s] -- Up-to-date symlink: /home/prathamkelkar/ros2_ws/install/px4_msgs/include/px4_msgs/px4_msgs/msg/detail/airspeed_wind__builder.hpp
[5.951s] -- Up-to-date symlink: /home/prathamkelkar/ros2_ws/install/px4_msgs/include/px4_msgs/px4_msgs/msg/detail/airspeed_wind__struct.hpp
[5.951s] -- Up-to-date symlink: /home/prathamkelkar/ros2_ws/install/px4_msgs/include/px4_msgs/px4_msgs/msg/detail/airspeed_wind__traits.hpp
[5.951s] -- Up-to-date symlink: /home/prathamkelkar/ros2_ws/install/px4_msgs/include/px4_msgs/px4_msgs/msg/detail/airspeed_wind__type_support.hpp
[5.952s] -- Up-to-date symlink: /home/prathamkelkar/ros2_ws/install/px4_msgs/include/px4_msgs/px4_msgs/msg/detail/arming_check_reply__builder.hpp
[5.952s] -- Up-to-date symlink: /home/prathamkelkar/ros2_ws/install/px4_msgs/include/px4_msgs/px4_msgs/msg/detail/arming_check_reply__struct.hpp
[5.952s] -- Up-to-date symlink: /home/prathamkelkar/ros2_ws/install/px4_msgs/include/px4_msgs/px4_msgs/msg/detail/arming_check_reply__traits.hpp
[5.952s] -- Up-to-date symlink: /home/prathamkelkar/ros2_ws/install/px4_msgs/include/px4_msgs/px4_msgs/msg/detail/arming_check_reply__type_support.hpp
[5.952s] -- Up-to-date symlink: /home/prathamkelkar/ros2_ws/install/px4_msgs/include/px4_msgs/px4_msgs/msg/detail/arming_check_request__builder.hpp
[5.953s] -- Up-to-date symlink: /home/prathamkelkar/ros2_ws/install/px4_msgs/include/px4_msgs/px4_msgs/msg/detail/arming_check_request__struct.hpp
[5.953s] -- Up-to-date symlink: /home/prathamkelkar/ros2_ws/install/px4_msgs/include/px4_msgs/px4_msgs/msg/detail/arming_check_request__traits.hpp
[5.953s] -- Up-to-date symlink: /home/prathamkelkar/ros2_ws/install/px4_msgs/include/px4_msgs/px4_msgs/msg/detail/arming_check_request__type_support.hpp
[5.953s] -- Up-to-date symlink: /home/prathamkelkar/ros2_ws/install/px4_msgs/include/px4_msgs/px4_msgs/msg/detail/autotune_attitude_control_status__builder.hpp
[5.953s] -- Up-to-date symlink: /home/prathamkelkar/ros2_ws/install/px4_msgs/include/px4_msgs/px4_msgs/msg/detail/autotune_attitude_control_status__struct.hpp
[5.953s] -- Up-to-date symlink: /home/prathamkelkar/ros2_ws/install/px4_msgs/include/px4_msgs/px4_msgs/msg/detail/autotune_attitude_control_status__traits.hpp
[5.954s] -- Up-to-date symlink: /home/prathamkelkar/ros2_ws/install/px4_msgs/include/px4_msgs/px4_msgs/msg/detail/autotune_attitude_control_status__type_support.hpp
[5.954s] -- Up-to-date symlink: /home/prathamkelkar/ros2_ws/install/px4_msgs/include/px4_msgs/px4_msgs/msg/detail/battery_status__builder.hpp
[5.954s] -- Up-to-date symlink: /home/prathamkelkar/ros2_ws/install/px4_msgs/include/px4_msgs/px4_msgs/msg/detail/battery_status__struct.hpp
[5.954s] -- Up-to-date symlink: /home/prathamkelkar/ros2_ws/install/px4_msgs/include/px4_msgs/px4_msgs/msg/detail/battery_status__traits.hpp
[5.954s] -- Up-to-date symlink: /home/prathamkelkar/ros2_ws/install/px4_msgs/include/px4_msgs/px4_msgs/msg/detail/battery_status__type_support.hpp
[5.954s] -- Up-to-date symlink: /home/prathamkelkar/ros2_ws/install/px4_msgs/include/px4_msgs/px4_msgs/msg/detail/buffer128__builder.hpp
[5.954s] -- Up-to-date symlink: /home/prathamkelkar/ros2_ws/install/px4_msgs/include/px4_msgs/px4_msgs/msg/detail/buffer128__struct.hpp
[5.955s] -- Up-to-date symlink: /home/prathamkelkar/ros2_ws/install/px4_msgs/include/px4_msgs/px4_msgs/msg/detail/buffer128__traits.hpp
[5.958s] -- Up-to-date symlink: /home/prathamkelkar/ros2_ws/install/px4_msgs/include/px4_msgs/px4_msgs/msg/detail/buffer128__type_support.hpp
[5.958s] -- Up-to-date symlink: /home/prathamkelkar/ros2_ws/install/px4_msgs/include/px4_msgs/px4_msgs/msg/detail/button_event__builder.hpp
[5.958s] -- Up-to-date symlink: /home/prathamkelkar/ros2_ws/install/px4_msgs/include/px4_msgs/px4_msgs/msg/detail/button_event__struct.hpp
[5.958s] -- Up-to-date symlink: /home/prathamkelkar/ros2_ws/install/px4_msgs/include/px4_msgs/px4_msgs/msg/detail/button_event__traits.hpp
[5.958s] -- Up-to-date symlink: /home/prathamkelkar/ros2_ws/install/px4_msgs/include/px4_msgs/px4_msgs/msg/detail/button_event__type_support.hpp
[5.958s] -- Up-to-date symlink: /home/prathamkelkar/ros2_ws/install/px4_msgs/include/px4_msgs/px4_msgs/msg/detail/camera_capture__builder.hpp
[5.959s] -- Up-to-date symlink: /home/prathamkelkar/ros2_ws/install/px4_msgs/include/px4_msgs/px4_msgs/msg/detail/camera_capture__struct.hpp
[5.959s] -- Up-to-date symlink: /home/prathamkelkar/ros2_ws/install/px4_msgs/include/px4_msgs/px4_msgs/msg/detail/camera_capture__traits.hpp
[5.959s] -- Up-to-date symlink: /home/prathamkelkar/ros2_ws/install/px4_msgs/include/px4_msgs/px4_msgs/msg/detail/camera_capture__type_support.hpp
[5.959s] -- Up-to-date symlink: /home/prathamkelkar/ros2_ws/install/px4_msgs/include/px4_msgs/px4_msgs/msg/detail/camera_status__builder.hpp
[5.959s] -- Up-to-date symlink: /home/prathamkelkar/ros2_ws/install/px4_msgs/include/px4_msgs/px4_msgs/msg/detail/camera_status__struct.hpp
[5.959s] -- Up-to-date symlink: /home/prathamkelkar/ros2_ws/install/px4_msgs/include/px4_msgs/px4_msgs/msg/detail/camera_status__traits.hpp
[5.959s] -- Up-to-date symlink: /home/prathamkelkar/ros2_ws/install/px4_msgs/include/px4_msgs/px4_msgs/msg/detail/camera_status__type_support.hpp
[5.959s] -- Up-to-date symlink: /home/prathamkelkar/ros2_ws/install/px4_msgs/include/px4_msgs/px4_msgs/msg/detail/camera_trigger__builder.hpp
[5.960s] -- Up-to-date symlink: /home/prathamkelkar/ros2_ws/install/px4_msgs/include/px4_msgs/px4_msgs/msg/detail/camera_trigger__struct.hpp
[5.960s] -- Up-to-date symlink: /home/prathamkelkar/ros2_ws/install/px4_msgs/include/px4_msgs/px4_msgs/msg/detail/camera_trigger__traits.hpp
[5.960s] -- Up-to-date symlink: /home/prathamkelkar/ros2_ws/install/px4_msgs/include/px4_msgs/px4_msgs/msg/detail/camera_trigger__type_support.hpp
[5.961s] -- Up-to-date symlink: /home/prathamkelkar/ros2_ws/install/px4_msgs/include/px4_msgs/px4_msgs/msg/detail/can_interface_status__builder.hpp
[5.961s] -- Up-to-date symlink: /home/prathamkelkar/ros2_ws/install/px4_msgs/include/px4_msgs/px4_msgs/msg/detail/can_interface_status__struct.hpp
[5.961s] -- Up-to-date symlink: /home/prathamkelkar/ros2_ws/install/px4_msgs/include/px4_msgs/px4_msgs/msg/detail/can_interface_status__traits.hpp
[5.961s] -- Up-to-date symlink: /home/prathamkelkar/ros2_ws/install/px4_msgs/include/px4_msgs/px4_msgs/msg/detail/can_interface_status__type_support.hpp
[5.961s] -- Up-to-date symlink: /home/prathamkelkar/ros2_ws/install/px4_msgs/include/px4_msgs/px4_msgs/msg/detail/cellular_status__builder.hpp
[5.961s] -- Up-to-date symlink: /home/prathamkelkar/ros2_ws/install/px4_msgs/include/px4_msgs/px4_msgs/msg/detail/cellular_status__struct.hpp
[5.962s] -- Up-to-date symlink: /home/prathamkelkar/ros2_ws/install/px4_msgs/include/px4_msgs/px4_msgs/msg/detail/cellular_status__traits.hpp
[5.962s] -- Up-to-date symlink: /home/prathamkelkar/ros2_ws/install/px4_msgs/include/px4_msgs/px4_msgs/msg/detail/cellular_status__type_support.hpp
[5.962s] -- Up-to-date symlink: /home/prathamkelkar/ros2_ws/install/px4_msgs/include/px4_msgs/px4_msgs/msg/detail/collision_constraints__builder.hpp
[5.962s] -- Up-to-date symlink: /home/prathamkelkar/ros2_ws/install/px4_msgs/include/px4_msgs/px4_msgs/msg/detail/collision_constraints__struct.hpp
[5.962s] -- Up-to-date symlink: /home/prathamkelkar/ros2_ws/install/px4_msgs/include/px4_msgs/px4_msgs/msg/detail/collision_constraints__traits.hpp
[5.962s] -- Up-to-date symlink: /home/prathamkelkar/ros2_ws/install/px4_msgs/include/px4_msgs/px4_msgs/msg/detail/collision_constraints__type_support.hpp
[5.963s] -- Up-to-date symlink: /home/prathamkelkar/ros2_ws/install/px4_msgs/include/px4_msgs/px4_msgs/msg/detail/collision_report__builder.hpp
[5.963s] -- Up-to-date symlink: /home/prathamkelkar/ros2_ws/install/px4_msgs/include/px4_msgs/px4_msgs/msg/detail/collision_report__struct.hpp
[5.963s] -- Up-to-date symlink: /home/prathamkelkar/ros2_ws/install/px4_msgs/include/px4_msgs/px4_msgs/msg/detail/collision_report__traits.hpp
[5.963s] -- Up-to-date symlink: /home/prathamkelkar/ros2_ws/install/px4_msgs/include/px4_msgs/px4_msgs/msg/detail/collision_report__type_support.hpp
[5.963s] -- Up-to-date symlink: /home/prathamkelkar/ros2_ws/install/px4_msgs/include/px4_msgs/px4_msgs/msg/detail/config_overrides__builder.hpp
[5.963s] -- Up-to-date symlink: /home/prathamkelkar/ros2_ws/install/px4_msgs/include/px4_msgs/px4_msgs/msg/detail/config_overrides__struct.hpp
[5.963s] -- Up-to-date symlink: /home/prathamkelkar/ros2_ws/install/px4_msgs/include/px4_msgs/px4_msgs/msg/detail/config_overrides__traits.hpp
[5.964s] -- Up-to-date symlink: /home/prathamkelkar/ros2_ws/install/px4_msgs/include/px4_msgs/px4_msgs/msg/detail/config_overrides__type_support.hpp
[5.964s] -- Up-to-date symlink: /home/prathamkelkar/ros2_ws/install/px4_msgs/include/px4_msgs/px4_msgs/msg/detail/control_allocator_status__builder.hpp
[5.964s] -- Up-to-date symlink: /home/prathamkelkar/ros2_ws/install/px4_msgs/include/px4_msgs/px4_msgs/msg/detail/control_allocator_status__struct.hpp
[5.964s] -- Up-to-date symlink: /home/prathamkelkar/ros2_ws/install/px4_msgs/include/px4_msgs/px4_msgs/msg/detail/control_allocator_status__traits.hpp
[5.964s] -- Up-to-date symlink: /home/prathamkelkar/ros2_ws/install/px4_msgs/include/px4_msgs/px4_msgs/msg/detail/control_allocator_status__type_support.hpp
[5.965s] -- Up-to-date symlink: /home/prathamkelkar/ros2_ws/install/px4_msgs/include/px4_msgs/px4_msgs/msg/detail/cpuload__builder.hpp
[5.965s] -- Up-to-date symlink: /home/prathamkelkar/ros2_ws/install/px4_msgs/include/px4_msgs/px4_msgs/msg/detail/cpuload__struct.hpp
[5.965s] -- Up-to-date symlink: /home/prathamkelkar/ros2_ws/install/px4_msgs/include/px4_msgs/px4_msgs/msg/detail/cpuload__traits.hpp
[5.965s] -- Up-to-date symlink: /home/prathamkelkar/ros2_ws/install/px4_msgs/include/px4_msgs/px4_msgs/msg/detail/cpuload__type_support.hpp
[5.965s] -- Up-to-date symlink: /home/prathamkelkar/ros2_ws/install/px4_msgs/include/px4_msgs/px4_msgs/msg/detail/dataman_request__builder.hpp
[5.965s] -- Up-to-date symlink: /home/prathamkelkar/ros2_ws/install/px4_msgs/include/px4_msgs/px4_msgs/msg/detail/dataman_request__struct.hpp
[5.966s] -- Up-to-date symlink: /home/prathamkelkar/ros2_ws/install/px4_msgs/include/px4_msgs/px4_msgs/msg/detail/dataman_request__traits.hpp
[5.966s] -- Up-to-date symlink: /home/prathamkelkar/ros2_ws/install/px4_msgs/include/px4_msgs/px4_msgs/msg/detail/dataman_request__type_support.hpp
[5.966s] -- Up-to-date symlink: /home/prathamkelkar/ros2_ws/install/px4_msgs/include/px4_msgs/px4_msgs/msg/detail/dataman_response__builder.hpp
[5.966s] -- Up-to-date symlink: /home/prathamkelkar/ros2_ws/install/px4_msgs/include/px4_msgs/px4_msgs/msg/detail/dataman_response__struct.hpp
[5.966s] -- Up-to-date symlink: /home/prathamkelkar/ros2_ws/install/px4_msgs/include/px4_msgs/px4_msgs/msg/detail/dataman_response__traits.hpp
[5.966s] -- Up-to-date symlink: /home/prathamkelkar/ros2_ws/install/px4_msgs/include/px4_msgs/px4_msgs/msg/detail/dataman_response__type_support.hpp
[5.966s] -- Up-to-date symlink: /home/prathamkelkar/ros2_ws/install/px4_msgs/include/px4_msgs/px4_msgs/msg/detail/debug_array__builder.hpp
[5.967s] -- Up-to-date symlink: /home/prathamkelkar/ros2_ws/install/px4_msgs/include/px4_msgs/px4_msgs/msg/detail/debug_array__struct.hpp
[5.967s] -- Up-to-date symlink: /home/prathamkelkar/ros2_ws/install/px4_msgs/include/px4_msgs/px4_msgs/msg/detail/debug_array__traits.hpp
[5.967s] -- Up-to-date symlink: /home/prathamkelkar/ros2_ws/install/px4_msgs/include/px4_msgs/px4_msgs/msg/detail/debug_array__type_support.hpp
[5.967s] -- Up-to-date symlink: /home/prathamkelkar/ros2_ws/install/px4_msgs/include/px4_msgs/px4_msgs/msg/detail/debug_key_value__builder.hpp
[5.967s] -- Up-to-date symlink: /home/prathamkelkar/ros2_ws/install/px4_msgs/include/px4_msgs/px4_msgs/msg/detail/debug_key_value__struct.hpp
[5.967s] -- Up-to-date symlink: /home/prathamkelkar/ros2_ws/install/px4_msgs/include/px4_msgs/px4_msgs/msg/detail/debug_key_value__traits.hpp
[5.967s] -- Up-to-date symlink: /home/prathamkelkar/ros2_ws/install/px4_msgs/include/px4_msgs/px4_msgs/msg/detail/debug_key_value__type_support.hpp
[5.967s] -- Up-to-date symlink: /home/prathamkelkar/ros2_ws/install/px4_msgs/include/px4_msgs/px4_msgs/msg/detail/debug_value__builder.hpp
[5.967s] -- Up-to-date symlink: /home/prathamkelkar/ros2_ws/install/px4_msgs/include/px4_msgs/px4_msgs/msg/detail/debug_value__struct.hpp
[5.968s] -- Up-to-date symlink: /home/prathamkelkar/ros2_ws/install/px4_msgs/include/px4_msgs/px4_msgs/msg/detail/debug_value__traits.hpp
[5.968s] -- Up-to-date symlink: /home/prathamkelkar/ros2_ws/install/px4_msgs/include/px4_msgs/px4_msgs/msg/detail/debug_value__type_support.hpp
[5.968s] -- Up-to-date symlink: /home/prathamkelkar/ros2_ws/install/px4_msgs/include/px4_msgs/px4_msgs/msg/detail/debug_vect__builder.hpp
[5.968s] -- Up-to-date symlink: /home/prathamkelkar/ros2_ws/install/px4_msgs/include/px4_msgs/px4_msgs/msg/detail/debug_vect__struct.hpp
[5.968s] -- Up-to-date symlink: /home/prathamkelkar/ros2_ws/install/px4_msgs/include/px4_msgs/px4_msgs/msg/detail/debug_vect__traits.hpp
[5.968s] -- Up-to-date symlink: /home/prathamkelkar/ros2_ws/install/px4_msgs/include/px4_msgs/px4_msgs/msg/detail/debug_vect__type_support.hpp
[5.968s] -- Up-to-date symlink: /home/prathamkelkar/ros2_ws/install/px4_msgs/include/px4_msgs/px4_msgs/msg/detail/differential_drive_setpoint__builder.hpp
[5.969s] -- Up-to-date symlink: /home/prathamkelkar/ros2_ws/install/px4_msgs/include/px4_msgs/px4_msgs/msg/detail/differential_drive_setpoint__struct.hpp
[5.969s] -- Up-to-date symlink: /home/prathamkelkar/ros2_ws/install/px4_msgs/include/px4_msgs/px4_msgs/msg/detail/differential_drive_setpoint__traits.hpp
[5.969s] -- Up-to-date symlink: /home/prathamkelkar/ros2_ws/install/px4_msgs/include/px4_msgs/px4_msgs/msg/detail/differential_drive_setpoint__type_support.hpp
[5.969s] -- Up-to-date symlink: /home/prathamkelkar/ros2_ws/install/px4_msgs/include/px4_msgs/px4_msgs/msg/detail/differential_pressure__builder.hpp
[5.969s] -- Up-to-date symlink: /home/prathamkelkar/ros2_ws/install/px4_msgs/include/px4_msgs/px4_msgs/msg/detail/differential_pressure__struct.hpp
[5.969s] -- Up-to-date symlink: /home/prathamkelkar/ros2_ws/install/px4_msgs/include/px4_msgs/px4_msgs/msg/detail/differential_pressure__traits.hpp
[5.970s] -- Up-to-date symlink: /home/prathamkelkar/ros2_ws/install/px4_msgs/include/px4_msgs/px4_msgs/msg/detail/differential_pressure__type_support.hpp
[5.970s] -- Up-to-date symlink: /home/prathamkelkar/ros2_ws/install/px4_msgs/include/px4_msgs/px4_msgs/msg/detail/distance_sensor__builder.hpp
[5.970s] -- Up-to-date symlink: /home/prathamkelkar/ros2_ws/install/px4_msgs/include/px4_msgs/px4_msgs/msg/detail/distance_sensor__struct.hpp
[5.970s] -- Up-to-date symlink: /home/prathamkelkar/ros2_ws/install/px4_msgs/include/px4_msgs/px4_msgs/msg/detail/distance_sensor__traits.hpp
[5.970s] -- Up-to-date symlink: /home/prathamkelkar/ros2_ws/install/px4_msgs/include/px4_msgs/px4_msgs/msg/detail/distance_sensor__type_support.hpp
[5.970s] -- Up-to-date symlink: /home/prathamkelkar/ros2_ws/install/px4_msgs/include/px4_msgs/px4_msgs/msg/detail/ekf2_timestamps__builder.hpp
[5.970s] -- Up-to-date symlink: /home/prathamkelkar/ros2_ws/install/px4_msgs/include/px4_msgs/px4_msgs/msg/detail/ekf2_timestamps__struct.hpp
[5.970s] -- Up-to-date symlink: /home/prathamkelkar/ros2_ws/install/px4_msgs/include/px4_msgs/px4_msgs/msg/detail/ekf2_timestamps__traits.hpp
[5.970s] -- Up-to-date symlink: /home/prathamkelkar/ros2_ws/install/px4_msgs/include/px4_msgs/px4_msgs/msg/detail/ekf2_timestamps__type_support.hpp
[5.971s] -- Up-to-date symlink: /home/prathamkelkar/ros2_ws/install/px4_msgs/include/px4_msgs/px4_msgs/msg/detail/esc_report__builder.hpp
[5.971s] -- Up-to-date symlink: /home/prathamkelkar/ros2_ws/install/px4_msgs/include/px4_msgs/px4_msgs/msg/detail/esc_report__struct.hpp
[5.971s] -- Up-to-date symlink: /home/prathamkelkar/ros2_ws/install/px4_msgs/include/px4_msgs/px4_msgs/msg/detail/esc_report__traits.hpp
[5.971s] -- Up-to-date symlink: /home/prathamkelkar/ros2_ws/install/px4_msgs/include/px4_msgs/px4_msgs/msg/detail/esc_report__type_support.hpp
[5.971s] -- Up-to-date symlink: /home/prathamkelkar/ros2_ws/install/px4_msgs/include/px4_msgs/px4_msgs/msg/detail/esc_status__builder.hpp
[5.971s] -- Up-to-date symlink: /home/prathamkelkar/ros2_ws/install/px4_msgs/include/px4_msgs/px4_msgs/msg/detail/esc_status__struct.hpp
[5.971s] -- Up-to-date symlink: /home/prathamkelkar/ros2_ws/install/px4_msgs/include/px4_msgs/px4_msgs/msg/detail/esc_status__traits.hpp
[5.972s] -- Up-to-date symlink: /home/prathamkelkar/ros2_ws/install/px4_msgs/include/px4_msgs/px4_msgs/msg/detail/esc_status__type_support.hpp
[5.972s] -- Up-to-date symlink: /home/prathamkelkar/ros2_ws/install/px4_msgs/include/px4_msgs/px4_msgs/msg/detail/estimator_aid_source1d__builder.hpp
[5.972s] -- Up-to-date symlink: /home/prathamkelkar/ros2_ws/install/px4_msgs/include/px4_msgs/px4_msgs/msg/detail/estimator_aid_source1d__struct.hpp
[5.972s] -- Up-to-date symlink: /home/prathamkelkar/ros2_ws/install/px4_msgs/include/px4_msgs/px4_msgs/msg/detail/estimator_aid_source1d__traits.hpp
[5.972s] -- Up-to-date symlink: /home/prathamkelkar/ros2_ws/install/px4_msgs/include/px4_msgs/px4_msgs/msg/detail/estimator_aid_source1d__type_support.hpp
[5.972s] -- Up-to-date symlink: /home/prathamkelkar/ros2_ws/install/px4_msgs/include/px4_msgs/px4_msgs/msg/detail/estimator_aid_source2d__builder.hpp
[5.972s] -- Up-to-date symlink: /home/prathamkelkar/ros2_ws/install/px4_msgs/include/px4_msgs/px4_msgs/msg/detail/estimator_aid_source2d__struct.hpp
[5.973s] -- Up-to-date symlink: /home/prathamkelkar/ros2_ws/install/px4_msgs/include/px4_msgs/px4_msgs/msg/detail/estimator_aid_source2d__traits.hpp
[5.973s] -- Up-to-date symlink: /home/prathamkelkar/ros2_ws/install/px4_msgs/include/px4_msgs/px4_msgs/msg/detail/estimator_aid_source2d__type_support.hpp
[5.973s] -- Up-to-date symlink: /home/prathamkelkar/ros2_ws/install/px4_msgs/include/px4_msgs/px4_msgs/msg/detail/estimator_aid_source3d__builder.hpp
[5.973s] -- Up-to-date symlink: /home/prathamkelkar/ros2_ws/install/px4_msgs/include/px4_msgs/px4_msgs/msg/detail/estimator_aid_source3d__struct.hpp
[5.973s] -- Up-to-date symlink: /home/prathamkelkar/ros2_ws/install/px4_msgs/include/px4_msgs/px4_msgs/msg/detail/estimator_aid_source3d__traits.hpp
[5.973s] -- Up-to-date symlink: /home/prathamkelkar/ros2_ws/install/px4_msgs/include/px4_msgs/px4_msgs/msg/detail/estimator_aid_source3d__type_support.hpp
[5.973s] -- Up-to-date symlink: /home/prathamkelkar/ros2_ws/install/px4_msgs/include/px4_msgs/px4_msgs/msg/detail/estimator_bias3d__builder.hpp
[5.974s] -- Up-to-date symlink: /home/prathamkelkar/ros2_ws/install/px4_msgs/include/px4_msgs/px4_msgs/msg/detail/estimator_bias3d__struct.hpp
[5.974s] -- Up-to-date symlink: /home/prathamkelkar/ros2_ws/install/px4_msgs/include/px4_msgs/px4_msgs/msg/detail/estimator_bias3d__traits.hpp
[5.974s] -- Up-to-date symlink: /home/prathamkelkar/ros2_ws/install/px4_msgs/include/px4_msgs/px4_msgs/msg/detail/estimator_bias3d__type_support.hpp
[5.974s] -- Up-to-date symlink: /home/prathamkelkar/ros2_ws/install/px4_msgs/include/px4_msgs/px4_msgs/msg/detail/estimator_bias__builder.hpp
[5.974s] -- Up-to-date symlink: /home/prathamkelkar/ros2_ws/install/px4_msgs/include/px4_msgs/px4_msgs/msg/detail/estimator_bias__struct.hpp
[5.974s] -- Up-to-date symlink: /home/prathamkelkar/ros2_ws/install/px4_msgs/include/px4_msgs/px4_msgs/msg/detail/estimator_bias__traits.hpp
[5.974s] -- Up-to-date symlink: /home/prathamkelkar/ros2_ws/install/px4_msgs/include/px4_msgs/px4_msgs/msg/detail/estimator_bias__type_support.hpp
[5.974s] -- Up-to-date symlink: /home/prathamkelkar/ros2_ws/install/px4_msgs/include/px4_msgs/px4_msgs/msg/detail/estimator_event_flags__builder.hpp
[5.974s] -- Up-to-date symlink: /home/prathamkelkar/ros2_ws/install/px4_msgs/include/px4_msgs/px4_msgs/msg/detail/estimator_event_flags__struct.hpp
[5.975s] -- Up-to-date symlink: /home/prathamkelkar/ros2_ws/install/px4_msgs/include/px4_msgs/px4_msgs/msg/detail/estimator_event_flags__traits.hpp
[5.975s] -- Up-to-date symlink: /home/prathamkelkar/ros2_ws/install/px4_msgs/include/px4_msgs/px4_msgs/msg/detail/estimator_event_flags__type_support.hpp
[5.975s] -- Up-to-date symlink: /home/prathamkelkar/ros2_ws/install/px4_msgs/include/px4_msgs/px4_msgs/msg/detail/estimator_gps_status__builder.hpp
[5.975s] -- Up-to-date symlink: /home/prathamkelkar/ros2_ws/install/px4_msgs/include/px4_msgs/px4_msgs/msg/detail/estimator_gps_status__struct.hpp
[5.975s] -- Up-to-date symlink: /home/prathamkelkar/ros2_ws/install/px4_msgs/include/px4_msgs/px4_msgs/msg/detail/estimator_gps_status__traits.hpp
[5.975s] -- Up-to-date symlink: /home/prathamkelkar/ros2_ws/install/px4_msgs/include/px4_msgs/px4_msgs/msg/detail/estimator_gps_status__type_support.hpp
[5.975s] -- Up-to-date symlink: /home/prathamkelkar/ros2_ws/install/px4_msgs/include/px4_msgs/px4_msgs/msg/detail/estimator_innovations__builder.hpp
[5.975s] -- Up-to-date symlink: /home/prathamkelkar/ros2_ws/install/px4_msgs/include/px4_msgs/px4_msgs/msg/detail/estimator_innovations__struct.hpp
[5.975s] -- Up-to-date symlink: /home/prathamkelkar/ros2_ws/install/px4_msgs/include/px4_msgs/px4_msgs/msg/detail/estimator_innovations__traits.hpp
[5.975s] -- Up-to-date symlink: /home/prathamkelkar/ros2_ws/install/px4_msgs/include/px4_msgs/px4_msgs/msg/detail/estimator_innovations__type_support.hpp
[5.975s] -- Up-to-date symlink: /home/prathamkelkar/ros2_ws/install/px4_msgs/include/px4_msgs/px4_msgs/msg/detail/estimator_selector_status__builder.hpp
[5.976s] -- Up-to-date symlink: /home/prathamkelkar/ros2_ws/install/px4_msgs/include/px4_msgs/px4_msgs/msg/detail/estimator_selector_status__struct.hpp
[5.976s] -- Up-to-date symlink: /home/prathamkelkar/ros2_ws/install/px4_msgs/include/px4_msgs/px4_msgs/msg/detail/estimator_selector_status__traits.hpp
[5.976s] -- Up-to-date symlink: /home/prathamkelkar/ros2_ws/install/px4_msgs/include/px4_msgs/px4_msgs/msg/detail/estimator_selector_status__type_support.hpp
[5.976s] -- Up-to-date symlink: /home/prathamkelkar/ros2_ws/install/px4_msgs/include/px4_msgs/px4_msgs/msg/detail/estimator_sensor_bias__builder.hpp
[5.976s] -- Up-to-date symlink: /home/prathamkelkar/ros2_ws/install/px4_msgs/include/px4_msgs/px4_msgs/msg/detail/estimator_sensor_bias__struct.hpp
[5.976s] -- Up-to-date symlink: /home/prathamkelkar/ros2_ws/install/px4_msgs/include/px4_msgs/px4_msgs/msg/detail/estimator_sensor_bias__traits.hpp
[5.976s] -- Up-to-date symlink: /home/prathamkelkar/ros2_ws/install/px4_msgs/include/px4_msgs/px4_msgs/msg/detail/estimator_sensor_bias__type_support.hpp
[5.976s] -- Up-to-date symlink: /home/prathamkelkar/ros2_ws/install/px4_msgs/include/px4_msgs/px4_msgs/msg/detail/estimator_states__builder.hpp
[5.977s] -- Up-to-date symlink: /home/prathamkelkar/ros2_ws/install/px4_msgs/include/px4_msgs/px4_msgs/msg/detail/estimator_states__struct.hpp
[5.977s] -- Up-to-date symlink: /home/prathamkelkar/ros2_ws/install/px4_msgs/include/px4_msgs/px4_msgs/msg/detail/estimator_states__traits.hpp
[5.977s] -- Up-to-date symlink: /home/prathamkelkar/ros2_ws/install/px4_msgs/include/px4_msgs/px4_msgs/msg/detail/estimator_states__type_support.hpp
[5.977s] -- Up-to-date symlink: /home/prathamkelkar/ros2_ws/install/px4_msgs/include/px4_msgs/px4_msgs/msg/detail/estimator_status__builder.hpp
[5.977s] -- Up-to-date symlink: /home/prathamkelkar/ros2_ws/install/px4_msgs/include/px4_msgs/px4_msgs/msg/detail/estimator_status__struct.hpp
[5.977s] -- Up-to-date symlink: /home/prathamkelkar/ros2_ws/install/px4_msgs/include/px4_msgs/px4_msgs/msg/detail/estimator_status__traits.hpp
[5.977s] -- Up-to-date symlink: /home/prathamkelkar/ros2_ws/install/px4_msgs/include/px4_msgs/px4_msgs/msg/detail/estimator_status__type_support.hpp
[5.978s] -- Up-to-date symlink: /home/prathamkelkar/ros2_ws/install/px4_msgs/include/px4_msgs/px4_msgs/msg/detail/estimator_status_flags__builder.hpp
[5.978s] -- Up-to-date symlink: /home/prathamkelkar/ros2_ws/install/px4_msgs/include/px4_msgs/px4_msgs/msg/detail/estimator_status_flags__struct.hpp
[5.978s] -- Up-to-date symlink: /home/prathamkelkar/ros2_ws/install/px4_msgs/include/px4_msgs/px4_msgs/msg/detail/estimator_status_flags__traits.hpp
[5.978s] -- Up-to-date symlink: /home/prathamkelkar/ros2_ws/install/px4_msgs/include/px4_msgs/px4_msgs/msg/detail/estimator_status_flags__type_support.hpp
[5.978s] -- Up-to-date symlink: /home/prathamkelkar/ros2_ws/install/px4_msgs/include/px4_msgs/px4_msgs/msg/detail/event__builder.hpp
[5.978s] -- Up-to-date symlink: /home/prathamkelkar/ros2_ws/install/px4_msgs/include/px4_msgs/px4_msgs/msg/detail/event__struct.hpp
[5.978s] -- Up-to-date symlink: /home/prathamkelkar/ros2_ws/install/px4_msgs/include/px4_msgs/px4_msgs/msg/detail/event__traits.hpp
[5.978s] -- Up-to-date symlink: /home/prathamkelkar/ros2_ws/install/px4_msgs/include/px4_msgs/px4_msgs/msg/detail/event__type_support.hpp
[5.978s] -- Up-to-date symlink: /home/prathamkelkar/ros2_ws/install/px4_msgs/include/px4_msgs/px4_msgs/msg/detail/failsafe_flags__builder.hpp
[5.978s] -- Up-to-date symlink: /home/prathamkelkar/ros2_ws/install/px4_msgs/include/px4_msgs/px4_msgs/msg/detail/failsafe_flags__struct.hpp
[5.979s] -- Up-to-date symlink: /home/prathamkelkar/ros2_ws/install/px4_msgs/include/px4_msgs/px4_msgs/msg/detail/failsafe_flags__traits.hpp
[5.979s] -- Up-to-date symlink: /home/prathamkelkar/ros2_ws/install/px4_msgs/include/px4_msgs/px4_msgs/msg/detail/failsafe_flags__type_support.hpp
[5.979s] -- Up-to-date symlink: /home/prathamkelkar/ros2_ws/install/px4_msgs/include/px4_msgs/px4_msgs/msg/detail/failure_detector_status__builder.hpp
[5.979s] -- Up-to-date symlink: /home/prathamkelkar/ros2_ws/install/px4_msgs/include/px4_msgs/px4_msgs/msg/detail/failure_detector_status__struct.hpp
[5.979s] -- Up-to-date symlink: /home/prathamkelkar/ros2_ws/install/px4_msgs/include/px4_msgs/px4_msgs/msg/detail/failure_detector_status__traits.hpp
[5.979s] -- Up-to-date symlink: /home/prathamkelkar/ros2_ws/install/px4_msgs/include/px4_msgs/px4_msgs/msg/detail/failure_detector_status__type_support.hpp
[5.979s] -- Up-to-date symlink: /home/prathamkelkar/ros2_ws/install/px4_msgs/include/px4_msgs/px4_msgs/msg/detail/figure_eight_status__builder.hpp
[5.979s] -- Up-to-date symlink: /home/prathamkelkar/ros2_ws/install/px4_msgs/include/px4_msgs/px4_msgs/msg/detail/figure_eight_status__struct.hpp
[5.980s] -- Up-to-date symlink: /home/prathamkelkar/ros2_ws/install/px4_msgs/include/px4_msgs/px4_msgs/msg/detail/figure_eight_status__traits.hpp
[5.980s] -- Up-to-date symlink: /home/prathamkelkar/ros2_ws/install/px4_msgs/include/px4_msgs/px4_msgs/msg/detail/figure_eight_status__type_support.hpp
[5.980s] -- Up-to-date symlink: /home/prathamkelkar/ros2_ws/install/px4_msgs/include/px4_msgs/px4_msgs/msg/detail/flight_phase_estimation__builder.hpp
[5.980s] -- Up-to-date symlink: /home/prathamkelkar/ros2_ws/install/px4_msgs/include/px4_msgs/px4_msgs/msg/detail/flight_phase_estimation__struct.hpp
[5.980s] -- Up-to-date symlink: /home/prathamkelkar/ros2_ws/install/px4_msgs/include/px4_msgs/px4_msgs/msg/detail/flight_phase_estimation__traits.hpp
[5.981s] -- Up-to-date symlink: /home/prathamkelkar/ros2_ws/install/px4_msgs/include/px4_msgs/px4_msgs/msg/detail/flight_phase_estimation__type_support.hpp
[5.981s] -- Up-to-date symlink: /home/prathamkelkar/ros2_ws/install/px4_msgs/include/px4_msgs/px4_msgs/msg/detail/follow_target__builder.hpp
[5.982s] -- Up-to-date symlink: /home/prathamkelkar/ros2_ws/install/px4_msgs/include/px4_msgs/px4_msgs/msg/detail/follow_target__struct.hpp
[5.982s] -- Up-to-date symlink: /home/prathamkelkar/ros2_ws/install/px4_msgs/include/px4_msgs/px4_msgs/msg/detail/follow_target__traits.hpp
[5.982s] -- Up-to-date symlink: /home/prathamkelkar/ros2_ws/install/px4_msgs/include/px4_msgs/px4_msgs/msg/detail/follow_target__type_support.hpp
[5.982s] -- Up-to-date symlink: /home/prathamkelkar/ros2_ws/install/px4_msgs/include/px4_msgs/px4_msgs/msg/detail/follow_target_estimator__builder.hpp
[5.982s] -- Up-to-date symlink: /home/prathamkelkar/ros2_ws/install/px4_msgs/include/px4_msgs/px4_msgs/msg/detail/follow_target_estimator__struct.hpp
[5.982s] -- Up-to-date symlink: /home/prathamkelkar/ros2_ws/install/px4_msgs/include/px4_msgs/px4_msgs/msg/detail/follow_target_estimator__traits.hpp
[5.982s] -- Up-to-date symlink: /home/prathamkelkar/ros2_ws/install/px4_msgs/include/px4_msgs/px4_msgs/msg/detail/follow_target_estimator__type_support.hpp
[5.983s] -- Up-to-date symlink: /home/prathamkelkar/ros2_ws/install/px4_msgs/include/px4_msgs/px4_msgs/msg/detail/follow_target_status__builder.hpp
[5.983s] -- Up-to-date symlink: /home/prathamkelkar/ros2_ws/install/px4_msgs/include/px4_msgs/px4_msgs/msg/detail/follow_target_status__struct.hpp
[5.983s] -- Up-to-date symlink: /home/prathamkelkar/ros2_ws/install/px4_msgs/include/px4_msgs/px4_msgs/msg/detail/follow_target_status__traits.hpp
[5.983s] -- Up-to-date symlink: /home/prathamkelkar/ros2_ws/install/px4_msgs/include/px4_msgs/px4_msgs/msg/detail/follow_target_status__type_support.hpp
[5.983s] -- Up-to-date symlink: /home/prathamkelkar/ros2_ws/install/px4_msgs/include/px4_msgs/px4_msgs/msg/detail/generator_status__builder.hpp
[5.983s] -- Up-to-date symlink: /home/prathamkelkar/ros2_ws/install/px4_msgs/include/px4_msgs/px4_msgs/msg/detail/generator_status__struct.hpp
[5.984s] -- Up-to-date symlink: /home/prathamkelkar/ros2_ws/install/px4_msgs/include/px4_msgs/px4_msgs/msg/detail/generator_status__traits.hpp
[5.984s] -- Up-to-date symlink: /home/prathamkelkar/ros2_ws/install/px4_msgs/include/px4_msgs/px4_msgs/msg/detail/generator_status__type_support.hpp
[5.984s] -- Up-to-date symlink: /home/prathamkelkar/ros2_ws/install/px4_msgs/include/px4_msgs/px4_msgs/msg/detail/geofence_result__builder.hpp
[5.984s] -- Up-to-date symlink: /home/prathamkelkar/ros2_ws/install/px4_msgs/include/px4_msgs/px4_msgs/msg/detail/geofence_result__struct.hpp
[5.984s] -- Up-to-date symlink: /home/prathamkelkar/ros2_ws/install/px4_msgs/include/px4_msgs/px4_msgs/msg/detail/geofence_result__traits.hpp
[5.984s] -- Up-to-date symlink: /home/prathamkelkar/ros2_ws/install/px4_msgs/include/px4_msgs/px4_msgs/msg/detail/geofence_result__type_support.hpp
[5.984s] -- Up-to-date symlink: /home/prathamkelkar/ros2_ws/install/px4_msgs/include/px4_msgs/px4_msgs/msg/detail/geofence_status__builder.hpp
[5.984s] -- Up-to-date symlink: /home/prathamkelkar/ros2_ws/install/px4_msgs/include/px4_msgs/px4_msgs/msg/detail/geofence_status__struct.hpp
[5.985s] -- Up-to-date symlink: /home/prathamkelkar/ros2_ws/install/px4_msgs/include/px4_msgs/px4_msgs/msg/detail/geofence_status__traits.hpp
[5.985s] -- Up-to-date symlink: /home/prathamkelkar/ros2_ws/install/px4_msgs/include/px4_msgs/px4_msgs/msg/detail/geofence_status__type_support.hpp
[5.985s] -- Up-to-date symlink: /home/prathamkelkar/ros2_ws/install/px4_msgs/include/px4_msgs/px4_msgs/msg/detail/gimbal_controls__builder.hpp
[5.985s] -- Up-to-date symlink: /home/prathamkelkar/ros2_ws/install/px4_msgs/include/px4_msgs/px4_msgs/msg/detail/gimbal_controls__struct.hpp
[5.985s] -- Up-to-date symlink: /home/prathamkelkar/ros2_ws/install/px4_msgs/include/px4_msgs/px4_msgs/msg/detail/gimbal_controls__traits.hpp
[5.985s] -- Up-to-date symlink: /home/prathamkelkar/ros2_ws/install/px4_msgs/include/px4_msgs/px4_msgs/msg/detail/gimbal_controls__type_support.hpp
[5.985s] -- Up-to-date symlink: /home/prathamkelkar/ros2_ws/install/px4_msgs/include/px4_msgs/px4_msgs/msg/detail/gimbal_device_attitude_status__builder.hpp
[5.985s] -- Up-to-date symlink: /home/prathamkelkar/ros2_ws/install/px4_msgs/include/px4_msgs/px4_msgs/msg/detail/gimbal_device_attitude_status__struct.hpp
[5.986s] -- Up-to-date symlink: /home/prathamkelkar/ros2_ws/install/px4_msgs/include/px4_msgs/px4_msgs/msg/detail/gimbal_device_attitude_status__traits.hpp
[5.986s] -- Up-to-date symlink: /home/prathamkelkar/ros2_ws/install/px4_msgs/include/px4_msgs/px4_msgs/msg/detail/gimbal_device_attitude_status__type_support.hpp
[5.986s] -- Up-to-date symlink: /home/prathamkelkar/ros2_ws/install/px4_msgs/include/px4_msgs/px4_msgs/msg/detail/gimbal_device_information__builder.hpp
[5.986s] -- Up-to-date symlink: /home/prathamkelkar/ros2_ws/install/px4_msgs/include/px4_msgs/px4_msgs/msg/detail/gimbal_device_information__struct.hpp
[5.986s] -- Up-to-date symlink: /home/prathamkelkar/ros2_ws/install/px4_msgs/include/px4_msgs/px4_msgs/msg/detail/gimbal_device_information__traits.hpp
[5.986s] -- Up-to-date symlink: /home/prathamkelkar/ros2_ws/install/px4_msgs/include/px4_msgs/px4_msgs/msg/detail/gimbal_device_information__type_support.hpp
[5.986s] -- Up-to-date symlink: /home/prathamkelkar/ros2_ws/install/px4_msgs/include/px4_msgs/px4_msgs/msg/detail/gimbal_device_set_attitude__builder.hpp
[5.987s] -- Up-to-date symlink: /home/prathamkelkar/ros2_ws/install/px4_msgs/include/px4_msgs/px4_msgs/msg/detail/gimbal_device_set_attitude__struct.hpp
[5.987s] -- Up-to-date symlink: /home/prathamkelkar/ros2_ws/install/px4_msgs/include/px4_msgs/px4_msgs/msg/detail/gimbal_device_set_attitude__traits.hpp
[5.987s] -- Up-to-date symlink: /home/prathamkelkar/ros2_ws/install/px4_msgs/include/px4_msgs/px4_msgs/msg/detail/gimbal_device_set_attitude__type_support.hpp
[5.987s] -- Up-to-date symlink: /home/prathamkelkar/ros2_ws/install/px4_msgs/include/px4_msgs/px4_msgs/msg/detail/gimbal_manager_information__builder.hpp
[5.987s] -- Up-to-date symlink: /home/prathamkelkar/ros2_ws/install/px4_msgs/include/px4_msgs/px4_msgs/msg/detail/gimbal_manager_information__struct.hpp
[5.987s] -- Up-to-date symlink: /home/prathamkelkar/ros2_ws/install/px4_msgs/include/px4_msgs/px4_msgs/msg/detail/gimbal_manager_information__traits.hpp
[5.987s] -- Up-to-date symlink: /home/prathamkelkar/ros2_ws/install/px4_msgs/include/px4_msgs/px4_msgs/msg/detail/gimbal_manager_information__type_support.hpp
[5.988s] -- Up-to-date symlink: /home/prathamkelkar/ros2_ws/install/px4_msgs/include/px4_msgs/px4_msgs/msg/detail/gimbal_manager_set_attitude__builder.hpp
[5.988s] -- Up-to-date symlink: /home/prathamkelkar/ros2_ws/install/px4_msgs/include/px4_msgs/px4_msgs/msg/detail/gimbal_manager_set_attitude__struct.hpp
[5.988s] -- Up-to-date symlink: /home/prathamkelkar/ros2_ws/install/px4_msgs/include/px4_msgs/px4_msgs/msg/detail/gimbal_manager_set_attitude__traits.hpp
[5.988s] -- Up-to-date symlink: /home/prathamkelkar/ros2_ws/install/px4_msgs/include/px4_msgs/px4_msgs/msg/detail/gimbal_manager_set_attitude__type_support.hpp
[5.988s] -- Up-to-date symlink: /home/prathamkelkar/ros2_ws/install/px4_msgs/include/px4_msgs/px4_msgs/msg/detail/gimbal_manager_set_manual_control__builder.hpp
[5.988s] -- Up-to-date symlink: /home/prathamkelkar/ros2_ws/install/px4_msgs/include/px4_msgs/px4_msgs/msg/detail/gimbal_manager_set_manual_control__struct.hpp
[5.988s] -- Up-to-date symlink: /home/prathamkelkar/ros2_ws/install/px4_msgs/include/px4_msgs/px4_msgs/msg/detail/gimbal_manager_set_manual_control__traits.hpp
[5.988s] -- Up-to-date symlink: /home/prathamkelkar/ros2_ws/install/px4_msgs/include/px4_msgs/px4_msgs/msg/detail/gimbal_manager_set_manual_control__type_support.hpp
[5.988s] -- Up-to-date symlink: /home/prathamkelkar/ros2_ws/install/px4_msgs/include/px4_msgs/px4_msgs/msg/detail/gimbal_manager_status__builder.hpp
[5.989s] -- Up-to-date symlink: /home/prathamkelkar/ros2_ws/install/px4_msgs/include/px4_msgs/px4_msgs/msg/detail/gimbal_manager_status__struct.hpp
[5.989s] -- Up-to-date symlink: /home/prathamkelkar/ros2_ws/install/px4_msgs/include/px4_msgs/px4_msgs/msg/detail/gimbal_manager_status__traits.hpp
[5.989s] -- Up-to-date symlink: /home/prathamkelkar/ros2_ws/install/px4_msgs/include/px4_msgs/px4_msgs/msg/detail/gimbal_manager_status__type_support.hpp
[5.989s] -- Up-to-date symlink: /home/prathamkelkar/ros2_ws/install/px4_msgs/include/px4_msgs/px4_msgs/msg/detail/goto_setpoint__builder.hpp
[5.989s] -- Up-to-date symlink: /home/prathamkelkar/ros2_ws/install/px4_msgs/include/px4_msgs/px4_msgs/msg/detail/goto_setpoint__struct.hpp
[5.989s] -- Up-to-date symlink: /home/prathamkelkar/ros2_ws/install/px4_msgs/include/px4_msgs/px4_msgs/msg/detail/goto_setpoint__traits.hpp
[5.989s] -- Up-to-date symlink: /home/prathamkelkar/ros2_ws/install/px4_msgs/include/px4_msgs/px4_msgs/msg/detail/goto_setpoint__type_support.hpp
[5.989s] -- Up-to-date symlink: /home/prathamkelkar/ros2_ws/install/px4_msgs/include/px4_msgs/px4_msgs/msg/detail/gpio_config__builder.hpp
[5.990s] -- Up-to-date symlink: /home/prathamkelkar/ros2_ws/install/px4_msgs/include/px4_msgs/px4_msgs/msg/detail/gpio_config__struct.hpp
[5.990s] -- Up-to-date symlink: /home/prathamkelkar/ros2_ws/install/px4_msgs/include/px4_msgs/px4_msgs/msg/detail/gpio_config__traits.hpp
[5.990s] -- Up-to-date symlink: /home/prathamkelkar/ros2_ws/install/px4_msgs/include/px4_msgs/px4_msgs/msg/detail/gpio_config__type_support.hpp
[5.990s] -- Up-to-date symlink: /home/prathamkelkar/ros2_ws/install/px4_msgs/include/px4_msgs/px4_msgs/msg/detail/gpio_in__builder.hpp
[5.990s] -- Up-to-date symlink: /home/prathamkelkar/ros2_ws/install/px4_msgs/include/px4_msgs/px4_msgs/msg/detail/gpio_in__struct.hpp
[5.990s] -- Up-to-date symlink: /home/prathamkelkar/ros2_ws/install/px4_msgs/include/px4_msgs/px4_msgs/msg/detail/gpio_in__traits.hpp
[5.990s] -- Up-to-date symlink: /home/prathamkelkar/ros2_ws/install/px4_msgs/include/px4_msgs/px4_msgs/msg/detail/gpio_in__type_support.hpp
[5.990s] -- Up-to-date symlink: /home/prathamkelkar/ros2_ws/install/px4_msgs/include/px4_msgs/px4_msgs/msg/detail/gpio_out__builder.hpp
[5.990s] -- Up-to-date symlink: /home/prathamkelkar/ros2_ws/install/px4_msgs/include/px4_msgs/px4_msgs/msg/detail/gpio_out__struct.hpp
[5.991s] -- Up-to-date symlink: /home/prathamkelkar/ros2_ws/install/px4_msgs/include/px4_msgs/px4_msgs/msg/detail/gpio_out__traits.hpp
[5.991s] -- Up-to-date symlink: /home/prathamkelkar/ros2_ws/install/px4_msgs/include/px4_msgs/px4_msgs/msg/detail/gpio_out__type_support.hpp
[5.991s] -- Up-to-date symlink: /home/prathamkelkar/ros2_ws/install/px4_msgs/include/px4_msgs/px4_msgs/msg/detail/gpio_request__builder.hpp
[5.991s] -- Up-to-date symlink: /home/prathamkelkar/ros2_ws/install/px4_msgs/include/px4_msgs/px4_msgs/msg/detail/gpio_request__struct.hpp
[5.992s] -- Up-to-date symlink: /home/prathamkelkar/ros2_ws/install/px4_msgs/include/px4_msgs/px4_msgs/msg/detail/gpio_request__traits.hpp
[5.992s] -- Up-to-date symlink: /home/prathamkelkar/ros2_ws/install/px4_msgs/include/px4_msgs/px4_msgs/msg/detail/gpio_request__type_support.hpp
[5.992s] -- Up-to-date symlink: /home/prathamkelkar/ros2_ws/install/px4_msgs/include/px4_msgs/px4_msgs/msg/detail/gps_dump__builder.hpp
[5.992s] -- Up-to-date symlink: /home/prathamkelkar/ros2_ws/install/px4_msgs/include/px4_msgs/px4_msgs/msg/detail/gps_dump__struct.hpp
[5.992s] -- Up-to-date symlink: /home/prathamkelkar/ros2_ws/install/px4_msgs/include/px4_msgs/px4_msgs/msg/detail/gps_dump__traits.hpp
[5.992s] -- Up-to-date symlink: /home/prathamkelkar/ros2_ws/install/px4_msgs/include/px4_msgs/px4_msgs/msg/detail/gps_dump__type_support.hpp
[5.992s] -- Up-to-date symlink: /home/prathamkelkar/ros2_ws/install/px4_msgs/include/px4_msgs/px4_msgs/msg/detail/gps_inject_data__builder.hpp
[5.993s] -- Up-to-date symlink: /home/prathamkelkar/ros2_ws/install/px4_msgs/include/px4_msgs/px4_msgs/msg/detail/gps_inject_data__struct.hpp
[5.993s] -- Up-to-date symlink: /home/prathamkelkar/ros2_ws/install/px4_msgs/include/px4_msgs/px4_msgs/msg/detail/gps_inject_data__traits.hpp
[5.993s] -- Up-to-date symlink: /home/prathamkelkar/ros2_ws/install/px4_msgs/include/px4_msgs/px4_msgs/msg/detail/gps_inject_data__type_support.hpp
[5.993s] -- Up-to-date symlink: /home/prathamkelkar/ros2_ws/install/px4_msgs/include/px4_msgs/px4_msgs/msg/detail/gripper__builder.hpp
[5.993s] -- Up-to-date symlink: /home/prathamkelkar/ros2_ws/install/px4_msgs/include/px4_msgs/px4_msgs/msg/detail/gripper__struct.hpp
[5.993s] -- Up-to-date symlink: /home/prathamkelkar/ros2_ws/install/px4_msgs/include/px4_msgs/px4_msgs/msg/detail/gripper__traits.hpp
[5.994s] -- Up-to-date symlink: /home/prathamkelkar/ros2_ws/install/px4_msgs/include/px4_msgs/px4_msgs/msg/detail/gripper__type_support.hpp
[5.994s] -- Up-to-date symlink: /home/prathamkelkar/ros2_ws/install/px4_msgs/include/px4_msgs/px4_msgs/msg/detail/health_report__builder.hpp
[5.994s] -- Up-to-date symlink: /home/prathamkelkar/ros2_ws/install/px4_msgs/include/px4_msgs/px4_msgs/msg/detail/health_report__struct.hpp
[5.994s] -- Up-to-date symlink: /home/prathamkelkar/ros2_ws/install/px4_msgs/include/px4_msgs/px4_msgs/msg/detail/health_report__traits.hpp
[5.994s] -- Up-to-date symlink: /home/prathamkelkar/ros2_ws/install/px4_msgs/include/px4_msgs/px4_msgs/msg/detail/health_report__type_support.hpp
[5.994s] -- Up-to-date symlink: /home/prathamkelkar/ros2_ws/install/px4_msgs/include/px4_msgs/px4_msgs/msg/detail/heater_status__builder.hpp
[5.994s] -- Up-to-date symlink: /home/prathamkelkar/ros2_ws/install/px4_msgs/include/px4_msgs/px4_msgs/msg/detail/heater_status__struct.hpp
[5.994s] -- Up-to-date symlink: /home/prathamkelkar/ros2_ws/install/px4_msgs/include/px4_msgs/px4_msgs/msg/detail/heater_status__traits.hpp
[5.995s] -- Up-to-date symlink: /home/prathamkelkar/ros2_ws/install/px4_msgs/include/px4_msgs/px4_msgs/msg/detail/heater_status__type_support.hpp
[5.995s] -- Up-to-date symlink: /home/prathamkelkar/ros2_ws/install/px4_msgs/include/px4_msgs/px4_msgs/msg/detail/home_position__builder.hpp
[5.995s] -- Up-to-date symlink: /home/prathamkelkar/ros2_ws/install/px4_msgs/include/px4_msgs/px4_msgs/msg/detail/home_position__struct.hpp
[5.995s] -- Up-to-date symlink: /home/prathamkelkar/ros2_ws/install/px4_msgs/include/px4_msgs/px4_msgs/msg/detail/home_position__traits.hpp
[5.995s] -- Up-to-date symlink: /home/prathamkelkar/ros2_ws/install/px4_msgs/include/px4_msgs/px4_msgs/msg/detail/home_position__type_support.hpp
[5.995s] -- Up-to-date symlink: /home/prathamkelkar/ros2_ws/install/px4_msgs/include/px4_msgs/px4_msgs/msg/detail/hover_thrust_estimate__builder.hpp
[5.995s] -- Up-to-date symlink: /home/prathamkelkar/ros2_ws/install/px4_msgs/include/px4_msgs/px4_msgs/msg/detail/hover_thrust_estimate__struct.hpp
[5.995s] -- Up-to-date symlink: /home/prathamkelkar/ros2_ws/install/px4_msgs/include/px4_msgs/px4_msgs/msg/detail/hover_thrust_estimate__traits.hpp
[5.996s] -- Up-to-date symlink: /home/prathamkelkar/ros2_ws/install/px4_msgs/include/px4_msgs/px4_msgs/msg/detail/hover_thrust_estimate__type_support.hpp
[5.996s] -- Up-to-date symlink: /home/prathamkelkar/ros2_ws/install/px4_msgs/include/px4_msgs/px4_msgs/msg/detail/input_rc__builder.hpp
[5.996s] -- Up-to-date symlink: /home/prathamkelkar/ros2_ws/install/px4_msgs/include/px4_msgs/px4_msgs/msg/detail/input_rc__struct.hpp
[5.996s] -- Up-to-date symlink: /home/prathamkelkar/ros2_ws/install/px4_msgs/include/px4_msgs/px4_msgs/msg/detail/input_rc__traits.hpp
[5.996s] -- Up-to-date symlink: /home/prathamkelkar/ros2_ws/install/px4_msgs/include/px4_msgs/px4_msgs/msg/detail/input_rc__type_support.hpp
[5.996s] -- Up-to-date symlink: /home/prathamkelkar/ros2_ws/install/px4_msgs/include/px4_msgs/px4_msgs/msg/detail/internal_combustion_engine_status__builder.hpp
[5.996s] -- Up-to-date symlink: /home/prathamkelkar/ros2_ws/install/px4_msgs/include/px4_msgs/px4_msgs/msg/detail/internal_combustion_engine_status__struct.hpp
[5.997s] -- Up-to-date symlink: /home/prathamkelkar/ros2_ws/install/px4_msgs/include/px4_msgs/px4_msgs/msg/detail/internal_combustion_engine_status__traits.hpp
[5.997s] -- Up-to-date symlink: /home/prathamkelkar/ros2_ws/install/px4_msgs/include/px4_msgs/px4_msgs/msg/detail/internal_combustion_engine_status__type_support.hpp
[5.997s] -- Up-to-date symlink: /home/prathamkelkar/ros2_ws/install/px4_msgs/include/px4_msgs/px4_msgs/msg/detail/iridiumsbd_status__builder.hpp
[5.997s] -- Up-to-date symlink: /home/prathamkelkar/ros2_ws/install/px4_msgs/include/px4_msgs/px4_msgs/msg/detail/iridiumsbd_status__struct.hpp
[5.997s] -- Up-to-date symlink: /home/prathamkelkar/ros2_ws/install/px4_msgs/include/px4_msgs/px4_msgs/msg/detail/iridiumsbd_status__traits.hpp
[5.997s] -- Up-to-date symlink: /home/prathamkelkar/ros2_ws/install/px4_msgs/include/px4_msgs/px4_msgs/msg/detail/iridiumsbd_status__type_support.hpp
[5.997s] -- Up-to-date symlink: /home/prathamkelkar/ros2_ws/install/px4_msgs/include/px4_msgs/px4_msgs/msg/detail/irlock_report__builder.hpp
[5.997s] -- Up-to-date symlink: /home/prathamkelkar/ros2_ws/install/px4_msgs/include/px4_msgs/px4_msgs/msg/detail/irlock_report__struct.hpp
[5.998s] -- Up-to-date symlink: /home/prathamkelkar/ros2_ws/install/px4_msgs/include/px4_msgs/px4_msgs/msg/detail/irlock_report__traits.hpp
[5.998s] -- Up-to-date symlink: /home/prathamkelkar/ros2_ws/install/px4_msgs/include/px4_msgs/px4_msgs/msg/detail/irlock_report__type_support.hpp
[5.998s] -- Up-to-date symlink: /home/prathamkelkar/ros2_ws/install/px4_msgs/include/px4_msgs/px4_msgs/msg/detail/landing_gear__builder.hpp
[5.998s] -- Up-to-date symlink: /home/prathamkelkar/ros2_ws/install/px4_msgs/include/px4_msgs/px4_msgs/msg/detail/landing_gear__struct.hpp
[5.998s] -- Up-to-date symlink: /home/prathamkelkar/ros2_ws/install/px4_msgs/include/px4_msgs/px4_msgs/msg/detail/landing_gear__traits.hpp
[5.998s] -- Up-to-date symlink: /home/prathamkelkar/ros2_ws/install/px4_msgs/include/px4_msgs/px4_msgs/msg/detail/landing_gear__type_support.hpp
[5.998s] -- Up-to-date symlink: /home/prathamkelkar/ros2_ws/install/px4_msgs/include/px4_msgs/px4_msgs/msg/detail/landing_gear_wheel__builder.hpp
[5.998s] -- Up-to-date symlink: /home/prathamkelkar/ros2_ws/install/px4_msgs/include/px4_msgs/px4_msgs/msg/detail/landing_gear_wheel__struct.hpp
[5.999s] -- Up-to-date symlink: /home/prathamkelkar/ros2_ws/install/px4_msgs/include/px4_msgs/px4_msgs/msg/detail/landing_gear_wheel__traits.hpp
[5.999s] -- Up-to-date symlink: /home/prathamkelkar/ros2_ws/install/px4_msgs/include/px4_msgs/px4_msgs/msg/detail/landing_gear_wheel__type_support.hpp
[5.999s] -- Up-to-date symlink: /home/prathamkelkar/ros2_ws/install/px4_msgs/include/px4_msgs/px4_msgs/msg/detail/landing_target_innovations__builder.hpp
[5.999s] -- Up-to-date symlink: /home/prathamkelkar/ros2_ws/install/px4_msgs/include/px4_msgs/px4_msgs/msg/detail/landing_target_innovations__struct.hpp
[5.999s] -- Up-to-date symlink: /home/prathamkelkar/ros2_ws/install/px4_msgs/include/px4_msgs/px4_msgs/msg/detail/landing_target_innovations__traits.hpp
[5.999s] -- Up-to-date symlink: /home/prathamkelkar/ros2_ws/install/px4_msgs/include/px4_msgs/px4_msgs/msg/detail/landing_target_innovations__type_support.hpp
[5.999s] -- Up-to-date symlink: /home/prathamkelkar/ros2_ws/install/px4_msgs/include/px4_msgs/px4_msgs/msg/detail/landing_target_pose__builder.hpp
[5.999s] -- Up-to-date symlink: /home/prathamkelkar/ros2_ws/install/px4_msgs/include/px4_msgs/px4_msgs/msg/detail/landing_target_pose__struct.hpp
[6.000s] -- Up-to-date symlink: /home/prathamkelkar/ros2_ws/install/px4_msgs/include/px4_msgs/px4_msgs/msg/detail/landing_target_pose__traits.hpp
[6.000s] -- Up-to-date symlink: /home/prathamkelkar/ros2_ws/install/px4_msgs/include/px4_msgs/px4_msgs/msg/detail/landing_target_pose__type_support.hpp
[6.000s] -- Up-to-date symlink: /home/prathamkelkar/ros2_ws/install/px4_msgs/include/px4_msgs/px4_msgs/msg/detail/launch_detection_status__builder.hpp
[6.000s] -- Up-to-date symlink: /home/prathamkelkar/ros2_ws/install/px4_msgs/include/px4_msgs/px4_msgs/msg/detail/launch_detection_status__struct.hpp
[6.000s] -- Up-to-date symlink: /home/prathamkelkar/ros2_ws/install/px4_msgs/include/px4_msgs/px4_msgs/msg/detail/launch_detection_status__traits.hpp
[6.000s] -- Up-to-date symlink: /home/prathamkelkar/ros2_ws/install/px4_msgs/include/px4_msgs/px4_msgs/msg/detail/launch_detection_status__type_support.hpp
[6.000s] -- Up-to-date symlink: /home/prathamkelkar/ros2_ws/install/px4_msgs/include/px4_msgs/px4_msgs/msg/detail/led_control__builder.hpp
[6.000s] -- Up-to-date symlink: /home/prathamkelkar/ros2_ws/install/px4_msgs/include/px4_msgs/px4_msgs/msg/detail/led_control__struct.hpp
[6.001s] -- Up-to-date symlink: /home/prathamkelkar/ros2_ws/install/px4_msgs/include/px4_msgs/px4_msgs/msg/detail/led_control__traits.hpp
[6.001s] -- Up-to-date symlink: /home/prathamkelkar/ros2_ws/install/px4_msgs/include/px4_msgs/px4_msgs/msg/detail/led_control__type_support.hpp
[6.001s] -- Up-to-date symlink: /home/prathamkelkar/ros2_ws/install/px4_msgs/include/px4_msgs/px4_msgs/msg/detail/log_message__builder.hpp
[6.001s] -- Up-to-date symlink: /home/prathamkelkar/ros2_ws/install/px4_msgs/include/px4_msgs/px4_msgs/msg/detail/log_message__struct.hpp
[6.001s] -- Up-to-date symlink: /home/prathamkelkar/ros2_ws/install/px4_msgs/include/px4_msgs/px4_msgs/msg/detail/log_message__traits.hpp
[6.001s] -- Up-to-date symlink: /home/prathamkelkar/ros2_ws/install/px4_msgs/include/px4_msgs/px4_msgs/msg/detail/log_message__type_support.hpp
[6.001s] -- Up-to-date symlink: /home/prathamkelkar/ros2_ws/install/px4_msgs/include/px4_msgs/px4_msgs/msg/detail/logger_status__builder.hpp
[6.002s] -- Up-to-date symlink: /home/prathamkelkar/ros2_ws/install/px4_msgs/include/px4_msgs/px4_msgs/msg/detail/logger_status__struct.hpp
[6.002s] -- Up-to-date symlink: /home/prathamkelkar/ros2_ws/install/px4_msgs/include/px4_msgs/px4_msgs/msg/detail/logger_status__traits.hpp
[6.002s] -- Up-to-date symlink: /home/prathamkelkar/ros2_ws/install/px4_msgs/include/px4_msgs/px4_msgs/msg/detail/logger_status__type_support.hpp
[6.002s] -- Up-to-date symlink: /home/prathamkelkar/ros2_ws/install/px4_msgs/include/px4_msgs/px4_msgs/msg/detail/mag_worker_data__builder.hpp
[6.002s] -- Up-to-date symlink: /home/prathamkelkar/ros2_ws/install/px4_msgs/include/px4_msgs/px4_msgs/msg/detail/mag_worker_data__struct.hpp
[6.002s] -- Up-to-date symlink: /home/prathamkelkar/ros2_ws/install/px4_msgs/include/px4_msgs/px4_msgs/msg/detail/mag_worker_data__traits.hpp
[6.002s] -- Up-to-date symlink: /home/prathamkelkar/ros2_ws/install/px4_msgs/include/px4_msgs/px4_msgs/msg/detail/mag_worker_data__type_support.hpp
[6.003s] -- Up-to-date symlink: /home/prathamkelkar/ros2_ws/install/px4_msgs/include/px4_msgs/px4_msgs/msg/detail/magnetometer_bias_estimate__builder.hpp
[6.003s] -- Up-to-date symlink: /home/prathamkelkar/ros2_ws/install/px4_msgs/include/px4_msgs/px4_msgs/msg/detail/magnetometer_bias_estimate__struct.hpp
[6.003s] -- Up-to-date symlink: /home/prathamkelkar/ros2_ws/install/px4_msgs/include/px4_msgs/px4_msgs/msg/detail/magnetometer_bias_estimate__traits.hpp
[6.003s] -- Up-to-date symlink: /home/prathamkelkar/ros2_ws/install/px4_msgs/include/px4_msgs/px4_msgs/msg/detail/magnetometer_bias_estimate__type_support.hpp
[6.003s] -- Up-to-date symlink: /home/prathamkelkar/ros2_ws/install/px4_msgs/include/px4_msgs/px4_msgs/msg/detail/manual_control_setpoint__builder.hpp
[6.003s] -- Up-to-date symlink: /home/prathamkelkar/ros2_ws/install/px4_msgs/include/px4_msgs/px4_msgs/msg/detail/manual_control_setpoint__struct.hpp
[6.003s] -- Up-to-date symlink: /home/prathamkelkar/ros2_ws/install/px4_msgs/include/px4_msgs/px4_msgs/msg/detail/manual_control_setpoint__traits.hpp
[6.003s] -- Up-to-date symlink: /home/prathamkelkar/ros2_ws/install/px4_msgs/include/px4_msgs/px4_msgs/msg/detail/manual_control_setpoint__type_support.hpp
[6.003s] -- Up-to-date symlink: /home/prathamkelkar/ros2_ws/install/px4_msgs/include/px4_msgs/px4_msgs/msg/detail/manual_control_switches__builder.hpp
[6.004s] -- Up-to-date symlink: /home/prathamkelkar/ros2_ws/install/px4_msgs/include/px4_msgs/px4_msgs/msg/detail/manual_control_switches__struct.hpp
[6.004s] -- Up-to-date symlink: /home/prathamkelkar/ros2_ws/install/px4_msgs/include/px4_msgs/px4_msgs/msg/detail/manual_control_switches__traits.hpp
[6.004s] -- Up-to-date symlink: /home/prathamkelkar/ros2_ws/install/px4_msgs/include/px4_msgs/px4_msgs/msg/detail/manual_control_switches__type_support.hpp
[6.004s] -- Up-to-date symlink: /home/prathamkelkar/ros2_ws/install/px4_msgs/include/px4_msgs/px4_msgs/msg/detail/mavlink_log__builder.hpp
[6.004s] -- Up-to-date symlink: /home/prathamkelkar/ros2_ws/install/px4_msgs/include/px4_msgs/px4_msgs/msg/detail/mavlink_log__struct.hpp
[6.004s] -- Up-to-date symlink: /home/prathamkelkar/ros2_ws/install/px4_msgs/include/px4_msgs/px4_msgs/msg/detail/mavlink_log__traits.hpp
[6.004s] -- Up-to-date symlink: /home/prathamkelkar/ros2_ws/install/px4_msgs/include/px4_msgs/px4_msgs/msg/detail/mavlink_log__type_support.hpp
[6.004s] -- Up-to-date symlink: /home/prathamkelkar/ros2_ws/install/px4_msgs/include/px4_msgs/px4_msgs/msg/detail/mavlink_tunnel__builder.hpp
[6.004s] -- Up-to-date symlink: /home/prathamkelkar/ros2_ws/install/px4_msgs/include/px4_msgs/px4_msgs/msg/detail/mavlink_tunnel__struct.hpp
[6.004s] -- Up-to-date symlink: /home/prathamkelkar/ros2_ws/install/px4_msgs/include/px4_msgs/px4_msgs/msg/detail/mavlink_tunnel__traits.hpp
[6.004s] -- Up-to-date symlink: /home/prathamkelkar/ros2_ws/install/px4_msgs/include/px4_msgs/px4_msgs/msg/detail/mavlink_tunnel__type_support.hpp
[6.005s] -- Up-to-date symlink: /home/prathamkelkar/ros2_ws/install/px4_msgs/include/px4_msgs/px4_msgs/msg/detail/message_format_request__builder.hpp
[6.005s] -- Up-to-date symlink: /home/prathamkelkar/ros2_ws/install/px4_msgs/include/px4_msgs/px4_msgs/msg/detail/message_format_request__struct.hpp
[6.005s] -- Up-to-date symlink: /home/prathamkelkar/ros2_ws/install/px4_msgs/include/px4_msgs/px4_msgs/msg/detail/message_format_request__traits.hpp
[6.005s] -- Up-to-date symlink: /home/prathamkelkar/ros2_ws/install/px4_msgs/include/px4_msgs/px4_msgs/msg/detail/message_format_request__type_support.hpp
[6.005s] -- Up-to-date symlink: /home/prathamkelkar/ros2_ws/install/px4_msgs/include/px4_msgs/px4_msgs/msg/detail/message_format_response__builder.hpp
[6.005s] -- Up-to-date symlink: /home/prathamkelkar/ros2_ws/install/px4_msgs/include/px4_msgs/px4_msgs/msg/detail/message_format_response__struct.hpp
[6.005s] -- Up-to-date symlink: /home/prathamkelkar/ros2_ws/install/px4_msgs/include/px4_msgs/px4_msgs/msg/detail/message_format_response__traits.hpp
[6.005s] -- Up-to-date symlink: /home/prathamkelkar/ros2_ws/install/px4_msgs/include/px4_msgs/px4_msgs/msg/detail/message_format_response__type_support.hpp
[6.005s] -- Up-to-date symlink: /home/prathamkelkar/ros2_ws/install/px4_msgs/include/px4_msgs/px4_msgs/msg/detail/mission__builder.hpp
[6.005s] -- Up-to-date symlink: /home/prathamkelkar/ros2_ws/install/px4_msgs/include/px4_msgs/px4_msgs/msg/detail/mission__struct.hpp
[6.005s] -- Up-to-date symlink: /home/prathamkelkar/ros2_ws/install/px4_msgs/include/px4_msgs/px4_msgs/msg/detail/mission__traits.hpp
[6.006s] -- Up-to-date symlink: /home/prathamkelkar/ros2_ws/install/px4_msgs/include/px4_msgs/px4_msgs/msg/detail/mission__type_support.hpp
[6.006s] -- Up-to-date symlink: /home/prathamkelkar/ros2_ws/install/px4_msgs/include/px4_msgs/px4_msgs/msg/detail/mission_result__builder.hpp
[6.006s] -- Up-to-date symlink: /home/prathamkelkar/ros2_ws/install/px4_msgs/include/px4_msgs/px4_msgs/msg/detail/mission_result__struct.hpp
[6.006s] -- Up-to-date symlink: /home/prathamkelkar/ros2_ws/install/px4_msgs/include/px4_msgs/px4_msgs/msg/detail/mission_result__traits.hpp
[6.006s] -- Up-to-date symlink: /home/prathamkelkar/ros2_ws/install/px4_msgs/include/px4_msgs/px4_msgs/msg/detail/mission_result__type_support.hpp
[6.006s] -- Up-to-date symlink: /home/prathamkelkar/ros2_ws/install/px4_msgs/include/px4_msgs/px4_msgs/msg/detail/mode_completed__builder.hpp
[6.006s] -- Up-to-date symlink: /home/prathamkelkar/ros2_ws/install/px4_msgs/include/px4_msgs/px4_msgs/msg/detail/mode_completed__struct.hpp
[6.006s] -- Up-to-date symlink: /home/prathamkelkar/ros2_ws/install/px4_msgs/include/px4_msgs/px4_msgs/msg/detail/mode_completed__traits.hpp
[6.006s] -- Up-to-date symlink: /home/prathamkelkar/ros2_ws/install/px4_msgs/include/px4_msgs/px4_msgs/msg/detail/mode_completed__type_support.hpp
[6.006s] -- Up-to-date symlink: /home/prathamkelkar/ros2_ws/install/px4_msgs/include/px4_msgs/px4_msgs/msg/detail/mount_orientation__builder.hpp
[6.007s] -- Up-to-date symlink: /home/prathamkelkar/ros2_ws/install/px4_msgs/include/px4_msgs/px4_msgs/msg/detail/mount_orientation__struct.hpp
[6.007s] -- Up-to-date symlink: /home/prathamkelkar/ros2_ws/install/px4_msgs/include/px4_msgs/px4_msgs/msg/detail/mount_orientation__traits.hpp
[6.007s] -- Up-to-date symlink: /home/prathamkelkar/ros2_ws/install/px4_msgs/include/px4_msgs/px4_msgs/msg/detail/mount_orientation__type_support.hpp
[6.007s] -- Up-to-date symlink: /home/prathamkelkar/ros2_ws/install/px4_msgs/include/px4_msgs/px4_msgs/msg/detail/navigator_mission_item__builder.hpp
[6.007s] -- Up-to-date symlink: /home/prathamkelkar/ros2_ws/install/px4_msgs/include/px4_msgs/px4_msgs/msg/detail/navigator_mission_item__struct.hpp
[6.007s] -- Up-to-date symlink: /home/prathamkelkar/ros2_ws/install/px4_msgs/include/px4_msgs/px4_msgs/msg/detail/navigator_mission_item__traits.hpp
[6.007s] -- Up-to-date symlink: /home/prathamkelkar/ros2_ws/install/px4_msgs/include/px4_msgs/px4_msgs/msg/detail/navigator_mission_item__type_support.hpp
[6.007s] -- Up-to-date symlink: /home/prathamkelkar/ros2_ws/install/px4_msgs/include/px4_msgs/px4_msgs/msg/detail/normalized_unsigned_setpoint__builder.hpp
[6.007s] -- Up-to-date symlink: /home/prathamkelkar/ros2_ws/install/px4_msgs/include/px4_msgs/px4_msgs/msg/detail/normalized_unsigned_setpoint__struct.hpp
[6.007s] -- Up-to-date symlink: /home/prathamkelkar/ros2_ws/install/px4_msgs/include/px4_msgs/px4_msgs/msg/detail/normalized_unsigned_setpoint__traits.hpp
[6.008s] -- Up-to-date symlink: /home/prathamkelkar/ros2_ws/install/px4_msgs/include/px4_msgs/px4_msgs/msg/detail/normalized_unsigned_setpoint__type_support.hpp
[6.008s] -- Up-to-date symlink: /home/prathamkelkar/ros2_ws/install/px4_msgs/include/px4_msgs/px4_msgs/msg/detail/npfg_status__builder.hpp
[6.008s] -- Up-to-date symlink: /home/prathamkelkar/ros2_ws/install/px4_msgs/include/px4_msgs/px4_msgs/msg/detail/npfg_status__struct.hpp
[6.008s] -- Up-to-date symlink: /home/prathamkelkar/ros2_ws/install/px4_msgs/include/px4_msgs/px4_msgs/msg/detail/npfg_status__traits.hpp
[6.008s] -- Up-to-date symlink: /home/prathamkelkar/ros2_ws/install/px4_msgs/include/px4_msgs/px4_msgs/msg/detail/npfg_status__type_support.hpp
[6.008s] -- Up-to-date symlink: /home/prathamkelkar/ros2_ws/install/px4_msgs/include/px4_msgs/px4_msgs/msg/detail/obstacle_distance__builder.hpp
[6.008s] -- Up-to-date symlink: /home/prathamkelkar/ros2_ws/install/px4_msgs/include/px4_msgs/px4_msgs/msg/detail/obstacle_distance__struct.hpp
[6.008s] -- Up-to-date symlink: /home/prathamkelkar/ros2_ws/install/px4_msgs/include/px4_msgs/px4_msgs/msg/detail/obstacle_distance__traits.hpp
[6.009s] -- Up-to-date symlink: /home/prathamkelkar/ros2_ws/install/px4_msgs/include/px4_msgs/px4_msgs/msg/detail/obstacle_distance__type_support.hpp
[6.009s] -- Up-to-date symlink: /home/prathamkelkar/ros2_ws/install/px4_msgs/include/px4_msgs/px4_msgs/msg/detail/offboard_control_mode__builder.hpp
[6.009s] -- Up-to-date symlink: /home/prathamkelkar/ros2_ws/install/px4_msgs/include/px4_msgs/px4_msgs/msg/detail/offboard_control_mode__struct.hpp
[6.009s] -- Up-to-date symlink: /home/prathamkelkar/ros2_ws/install/px4_msgs/include/px4_msgs/px4_msgs/msg/detail/offboard_control_mode__traits.hpp
[6.009s] -- Up-to-date symlink: /home/prathamkelkar/ros2_ws/install/px4_msgs/include/px4_msgs/px4_msgs/msg/detail/offboard_control_mode__type_support.hpp
[6.009s] -- Up-to-date symlink: /home/prathamkelkar/ros2_ws/install/px4_msgs/include/px4_msgs/px4_msgs/msg/detail/onboard_computer_status__builder.hpp
[6.009s] -- Up-to-date symlink: /home/prathamkelkar/ros2_ws/install/px4_msgs/include/px4_msgs/px4_msgs/msg/detail/onboard_computer_status__struct.hpp
[6.009s] -- Up-to-date symlink: /home/prathamkelkar/ros2_ws/install/px4_msgs/include/px4_msgs/px4_msgs/msg/detail/onboard_computer_status__traits.hpp
[6.010s] -- Up-to-date symlink: /home/prathamkelkar/ros2_ws/install/px4_msgs/include/px4_msgs/px4_msgs/msg/detail/onboard_computer_status__type_support.hpp
[6.010s] -- Up-to-date symlink: /home/prathamkelkar/ros2_ws/install/px4_msgs/include/px4_msgs/px4_msgs/msg/detail/orb_test__builder.hpp
[6.010s] -- Up-to-date symlink: /home/prathamkelkar/ros2_ws/install/px4_msgs/include/px4_msgs/px4_msgs/msg/detail/orb_test__struct.hpp
[6.010s] -- Up-to-date symlink: /home/prathamkelkar/ros2_ws/install/px4_msgs/include/px4_msgs/px4_msgs/msg/detail/orb_test__traits.hpp
[6.010s] -- Up-to-date symlink: /home/prathamkelkar/ros2_ws/install/px4_msgs/include/px4_msgs/px4_msgs/msg/detail/orb_test__type_support.hpp
[6.010s] -- Up-to-date symlink: /home/prathamkelkar/ros2_ws/install/px4_msgs/include/px4_msgs/px4_msgs/msg/detail/orb_test_large__builder.hpp
[6.010s] -- Up-to-date symlink: /home/prathamkelkar/ros2_ws/install/px4_msgs/include/px4_msgs/px4_msgs/msg/detail/orb_test_large__struct.hpp
[6.010s] -- Up-to-date symlink: /home/prathamkelkar/ros2_ws/install/px4_msgs/include/px4_msgs/px4_msgs/msg/detail/orb_test_large__traits.hpp
[6.011s] -- Up-to-date symlink: /home/prathamkelkar/ros2_ws/install/px4_msgs/include/px4_msgs/px4_msgs/msg/detail/orb_test_large__type_support.hpp
[6.011s] -- Up-to-date symlink: /home/prathamkelkar/ros2_ws/install/px4_msgs/include/px4_msgs/px4_msgs/msg/detail/orb_test_medium__builder.hpp
[6.011s] -- Up-to-date symlink: /home/prathamkelkar/ros2_ws/install/px4_msgs/include/px4_msgs/px4_msgs/msg/detail/orb_test_medium__struct.hpp
[6.011s] -- Up-to-date symlink: /home/prathamkelkar/ros2_ws/install/px4_msgs/include/px4_msgs/px4_msgs/msg/detail/orb_test_medium__traits.hpp
[6.011s] -- Up-to-date symlink: /home/prathamkelkar/ros2_ws/install/px4_msgs/include/px4_msgs/px4_msgs/msg/detail/orb_test_medium__type_support.hpp
[6.011s] -- Up-to-date symlink: /home/prathamkelkar/ros2_ws/install/px4_msgs/include/px4_msgs/px4_msgs/msg/detail/orbit_status__builder.hpp
[6.011s] -- Up-to-date symlink: /home/prathamkelkar/ros2_ws/install/px4_msgs/include/px4_msgs/px4_msgs/msg/detail/orbit_status__struct.hpp
[6.011s] -- Up-to-date symlink: /home/prathamkelkar/ros2_ws/install/px4_msgs/include/px4_msgs/px4_msgs/msg/detail/orbit_status__traits.hpp
[6.012s] -- Up-to-date symlink: /home/prathamkelkar/ros2_ws/install/px4_msgs/include/px4_msgs/px4_msgs/msg/detail/orbit_status__type_support.hpp
[6.012s] -- Up-to-date symlink: /home/prathamkelkar/ros2_ws/install/px4_msgs/include/px4_msgs/px4_msgs/msg/detail/parameter_reset_request__builder.hpp
[6.012s] -- Up-to-date symlink: /home/prathamkelkar/ros2_ws/install/px4_msgs/include/px4_msgs/px4_msgs/msg/detail/parameter_reset_request__struct.hpp
[6.012s] -- Up-to-date symlink: /home/prathamkelkar/ros2_ws/install/px4_msgs/include/px4_msgs/px4_msgs/msg/detail/parameter_reset_request__traits.hpp
[6.012s] -- Up-to-date symlink: /home/prathamkelkar/ros2_ws/install/px4_msgs/include/px4_msgs/px4_msgs/msg/detail/parameter_reset_request__type_support.hpp
[6.012s] -- Up-to-date symlink: /home/prathamkelkar/ros2_ws/install/px4_msgs/include/px4_msgs/px4_msgs/msg/detail/parameter_set_used_request__builder.hpp
[6.012s] -- Up-to-date symlink: /home/prathamkelkar/ros2_ws/install/px4_msgs/include/px4_msgs/px4_msgs/msg/detail/parameter_set_used_request__struct.hpp
[6.013s] -- Up-to-date symlink: /home/prathamkelkar/ros2_ws/install/px4_msgs/include/px4_msgs/px4_msgs/msg/detail/parameter_set_used_request__traits.hpp
[6.013s] -- Up-to-date symlink: /home/prathamkelkar/ros2_ws/install/px4_msgs/include/px4_msgs/px4_msgs/msg/detail/parameter_set_used_request__type_support.hpp
[6.013s] -- Up-to-date symlink: /home/prathamkelkar/ros2_ws/install/px4_msgs/include/px4_msgs/px4_msgs/msg/detail/parameter_set_value_request__builder.hpp
[6.013s] -- Up-to-date symlink: /home/prathamkelkar/ros2_ws/install/px4_msgs/include/px4_msgs/px4_msgs/msg/detail/parameter_set_value_request__struct.hpp
[6.013s] -- Up-to-date symlink: /home/prathamkelkar/ros2_ws/install/px4_msgs/include/px4_msgs/px4_msgs/msg/detail/parameter_set_value_request__traits.hpp
[6.013s] -- Up-to-date symlink: /home/prathamkelkar/ros2_ws/install/px4_msgs/include/px4_msgs/px4_msgs/msg/detail/parameter_set_value_request__type_support.hpp
[6.013s] -- Up-to-date symlink: /home/prathamkelkar/ros2_ws/install/px4_msgs/include/px4_msgs/px4_msgs/msg/detail/parameter_set_value_response__builder.hpp
[6.013s] -- Up-to-date symlink: /home/prathamkelkar/ros2_ws/install/px4_msgs/include/px4_msgs/px4_msgs/msg/detail/parameter_set_value_response__struct.hpp
[6.014s] -- Up-to-date symlink: /home/prathamkelkar/ros2_ws/install/px4_msgs/include/px4_msgs/px4_msgs/msg/detail/parameter_set_value_response__traits.hpp
[6.014s] -- Up-to-date symlink: /home/prathamkelkar/ros2_ws/install/px4_msgs/include/px4_msgs/px4_msgs/msg/detail/parameter_set_value_response__type_support.hpp
[6.014s] -- Up-to-date symlink: /home/prathamkelkar/ros2_ws/install/px4_msgs/include/px4_msgs/px4_msgs/msg/detail/parameter_update__builder.hpp
[6.014s] -- Up-to-date symlink: /home/prathamkelkar/ros2_ws/install/px4_msgs/include/px4_msgs/px4_msgs/msg/detail/parameter_update__struct.hpp
[6.014s] -- Up-to-date symlink: /home/prathamkelkar/ros2_ws/install/px4_msgs/include/px4_msgs/px4_msgs/msg/detail/parameter_update__traits.hpp
[6.014s] -- Up-to-date symlink: /home/prathamkelkar/ros2_ws/install/px4_msgs/include/px4_msgs/px4_msgs/msg/detail/parameter_update__type_support.hpp
[6.014s] -- Up-to-date symlink: /home/prathamkelkar/ros2_ws/install/px4_msgs/include/px4_msgs/px4_msgs/msg/detail/ping__builder.hpp
[6.014s] -- Up-to-date symlink: /home/prathamkelkar/ros2_ws/install/px4_msgs/include/px4_msgs/px4_msgs/msg/detail/ping__struct.hpp
[6.015s] -- Up-to-date symlink: /home/prathamkelkar/ros2_ws/install/px4_msgs/include/px4_msgs/px4_msgs/msg/detail/ping__traits.hpp
[6.015s] -- Up-to-date symlink: /home/prathamkelkar/ros2_ws/install/px4_msgs/include/px4_msgs/px4_msgs/msg/detail/ping__type_support.hpp
[6.015s] -- Up-to-date symlink: /home/prathamkelkar/ros2_ws/install/px4_msgs/include/px4_msgs/px4_msgs/msg/detail/position_controller_landing_status__builder.hpp
[6.015s] -- Up-to-date symlink: /home/prathamkelkar/ros2_ws/install/px4_msgs/include/px4_msgs/px4_msgs/msg/detail/position_controller_landing_status__struct.hpp
[6.016s] -- Up-to-date symlink: /home/prathamkelkar/ros2_ws/install/px4_msgs/include/px4_msgs/px4_msgs/msg/detail/position_controller_landing_status__traits.hpp
[6.016s] -- Up-to-date symlink: /home/prathamkelkar/ros2_ws/install/px4_msgs/include/px4_msgs/px4_msgs/msg/detail/position_controller_landing_status__type_support.hpp
[6.016s] -- Up-to-date symlink: /home/prathamkelkar/ros2_ws/install/px4_msgs/include/px4_msgs/px4_msgs/msg/detail/position_controller_status__builder.hpp
[6.016s] -- Up-to-date symlink: /home/prathamkelkar/ros2_ws/install/px4_msgs/include/px4_msgs/px4_msgs/msg/detail/position_controller_status__struct.hpp
[6.016s] -- Up-to-date symlink: /home/prathamkelkar/ros2_ws/install/px4_msgs/include/px4_msgs/px4_msgs/msg/detail/position_controller_status__traits.hpp
[6.016s] -- Up-to-date symlink: /home/prathamkelkar/ros2_ws/install/px4_msgs/include/px4_msgs/px4_msgs/msg/detail/position_controller_status__type_support.hpp
[6.017s] -- Up-to-date symlink: /home/prathamkelkar/ros2_ws/install/px4_msgs/include/px4_msgs/px4_msgs/msg/detail/position_setpoint__builder.hpp
[6.017s] -- Up-to-date symlink: /home/prathamkelkar/ros2_ws/install/px4_msgs/include/px4_msgs/px4_msgs/msg/detail/position_setpoint__struct.hpp
[6.017s] -- Up-to-date symlink: /home/prathamkelkar/ros2_ws/install/px4_msgs/include/px4_msgs/px4_msgs/msg/detail/position_setpoint__traits.hpp
[6.017s] -- Up-to-date symlink: /home/prathamkelkar/ros2_ws/install/px4_msgs/include/px4_msgs/px4_msgs/msg/detail/position_setpoint__type_support.hpp
[6.017s] -- Up-to-date symlink: /home/prathamkelkar/ros2_ws/install/px4_msgs/include/px4_msgs/px4_msgs/msg/detail/position_setpoint_triplet__builder.hpp
[6.018s] -- Up-to-date symlink: /home/prathamkelkar/ros2_ws/install/px4_msgs/include/px4_msgs/px4_msgs/msg/detail/position_setpoint_triplet__struct.hpp
[6.018s] -- Up-to-date symlink: /home/prathamkelkar/ros2_ws/install/px4_msgs/include/px4_msgs/px4_msgs/msg/detail/position_setpoint_triplet__traits.hpp
[6.018s] -- Up-to-date symlink: /home/prathamkelkar/ros2_ws/install/px4_msgs/include/px4_msgs/px4_msgs/msg/detail/position_setpoint_triplet__type_support.hpp
[6.018s] -- Up-to-date symlink: /home/prathamkelkar/ros2_ws/install/px4_msgs/include/px4_msgs/px4_msgs/msg/detail/power_button_state__builder.hpp
[6.018s] -- Up-to-date symlink: /home/prathamkelkar/ros2_ws/install/px4_msgs/include/px4_msgs/px4_msgs/msg/detail/power_button_state__struct.hpp
[6.018s] -- Up-to-date symlink: /home/prathamkelkar/ros2_ws/install/px4_msgs/include/px4_msgs/px4_msgs/msg/detail/power_button_state__traits.hpp
[6.019s] -- Up-to-date symlink: /home/prathamkelkar/ros2_ws/install/px4_msgs/include/px4_msgs/px4_msgs/msg/detail/power_button_state__type_support.hpp
[6.019s] -- Up-to-date symlink: /home/prathamkelkar/ros2_ws/install/px4_msgs/include/px4_msgs/px4_msgs/msg/detail/power_monitor__builder.hpp
[6.019s] -- Up-to-date symlink: /home/prathamkelkar/ros2_ws/install/px4_msgs/include/px4_msgs/px4_msgs/msg/detail/power_monitor__struct.hpp
[6.019s] -- Up-to-date symlink: /home/prathamkelkar/ros2_ws/install/px4_msgs/include/px4_msgs/px4_msgs/msg/detail/power_monitor__traits.hpp
[6.019s] -- Up-to-date symlink: /home/prathamkelkar/ros2_ws/install/px4_msgs/include/px4_msgs/px4_msgs/msg/detail/power_monitor__type_support.hpp
[6.020s] -- Up-to-date symlink: /home/prathamkelkar/ros2_ws/install/px4_msgs/include/px4_msgs/px4_msgs/msg/detail/pps_capture__builder.hpp
[6.020s] -- Up-to-date symlink: /home/prathamkelkar/ros2_ws/install/px4_msgs/include/px4_msgs/px4_msgs/msg/detail/pps_capture__struct.hpp
[6.020s] -- Up-to-date symlink: /home/prathamkelkar/ros2_ws/install/px4_msgs/include/px4_msgs/px4_msgs/msg/detail/pps_capture__traits.hpp
[6.020s] -- Up-to-date symlink: /home/prathamkelkar/ros2_ws/install/px4_msgs/include/px4_msgs/px4_msgs/msg/detail/pps_capture__type_support.hpp
[6.020s] -- Up-to-date symlink: /home/prathamkelkar/ros2_ws/install/px4_msgs/include/px4_msgs/px4_msgs/msg/detail/pwm_input__builder.hpp
[6.020s] -- Up-to-date symlink: /home/prathamkelkar/ros2_ws/install/px4_msgs/include/px4_msgs/px4_msgs/msg/detail/pwm_input__struct.hpp
[6.020s] -- Up-to-date symlink: /home/prathamkelkar/ros2_ws/install/px4_msgs/include/px4_msgs/px4_msgs/msg/detail/pwm_input__traits.hpp
[6.020s] -- Up-to-date symlink: /home/prathamkelkar/ros2_ws/install/px4_msgs/include/px4_msgs/px4_msgs/msg/detail/pwm_input__type_support.hpp
[6.021s] -- Up-to-date symlink: /home/prathamkelkar/ros2_ws/install/px4_msgs/include/px4_msgs/px4_msgs/msg/detail/px4io_status__builder.hpp
[6.021s] -- Up-to-date symlink: /home/prathamkelkar/ros2_ws/install/px4_msgs/include/px4_msgs/px4_msgs/msg/detail/px4io_status__struct.hpp
[6.021s] -- Up-to-date symlink: /home/prathamkelkar/ros2_ws/install/px4_msgs/include/px4_msgs/px4_msgs/msg/detail/px4io_status__traits.hpp
[6.021s] -- Up-to-date symlink: /home/prathamkelkar/ros2_ws/install/px4_msgs/include/px4_msgs/px4_msgs/msg/detail/px4io_status__type_support.hpp
[6.022s] -- Up-to-date symlink: /home/prathamkelkar/ros2_ws/install/px4_msgs/include/px4_msgs/px4_msgs/msg/detail/qshell_req__builder.hpp
[6.022s] -- Up-to-date symlink: /home/prathamkelkar/ros2_ws/install/px4_msgs/include/px4_msgs/px4_msgs/msg/detail/qshell_req__struct.hpp
[6.022s] -- Up-to-date symlink: /home/prathamkelkar/ros2_ws/install/px4_msgs/include/px4_msgs/px4_msgs/msg/detail/qshell_req__traits.hpp
[6.022s] -- Up-to-date symlink: /home/prathamkelkar/ros2_ws/install/px4_msgs/include/px4_msgs/px4_msgs/msg/detail/qshell_req__type_support.hpp
[6.022s] -- Up-to-date symlink: /home/prathamkelkar/ros2_ws/install/px4_msgs/include/px4_msgs/px4_msgs/msg/detail/qshell_retval__builder.hpp
[6.022s] -- Up-to-date symlink: /home/prathamkelkar/ros2_ws/install/px4_msgs/include/px4_msgs/px4_msgs/msg/detail/qshell_retval__struct.hpp
[6.023s] -- Up-to-date symlink: /home/prathamkelkar/ros2_ws/install/px4_msgs/include/px4_msgs/px4_msgs/msg/detail/qshell_retval__traits.hpp
[6.023s] -- Up-to-date symlink: /home/prathamkelkar/ros2_ws/install/px4_msgs/include/px4_msgs/px4_msgs/msg/detail/qshell_retval__type_support.hpp
[6.023s] -- Up-to-date symlink: /home/prathamkelkar/ros2_ws/install/px4_msgs/include/px4_msgs/px4_msgs/msg/detail/radio_status__builder.hpp
[6.023s] -- Up-to-date symlink: /home/prathamkelkar/ros2_ws/install/px4_msgs/include/px4_msgs/px4_msgs/msg/detail/radio_status__struct.hpp
[6.023s] -- Up-to-date symlink: /home/prathamkelkar/ros2_ws/install/px4_msgs/include/px4_msgs/px4_msgs/msg/detail/radio_status__traits.hpp
[6.023s] -- Up-to-date symlink: /home/prathamkelkar/ros2_ws/install/px4_msgs/include/px4_msgs/px4_msgs/msg/detail/radio_status__type_support.hpp
[6.024s] -- Up-to-date symlink: /home/prathamkelkar/ros2_ws/install/px4_msgs/include/px4_msgs/px4_msgs/msg/detail/rate_ctrl_status__builder.hpp
[6.024s] -- Up-to-date symlink: /home/prathamkelkar/ros2_ws/install/px4_msgs/include/px4_msgs/px4_msgs/msg/detail/rate_ctrl_status__struct.hpp
[6.024s] -- Up-to-date symlink: /home/prathamkelkar/ros2_ws/install/px4_msgs/include/px4_msgs/px4_msgs/msg/detail/rate_ctrl_status__traits.hpp
[6.024s] -- Up-to-date symlink: /home/prathamkelkar/ros2_ws/install/px4_msgs/include/px4_msgs/px4_msgs/msg/detail/rate_ctrl_status__type_support.hpp
[6.024s] -- Up-to-date symlink: /home/prathamkelkar/ros2_ws/install/px4_msgs/include/px4_msgs/px4_msgs/msg/detail/rc_channels__builder.hpp
[6.024s] -- Up-to-date symlink: /home/prathamkelkar/ros2_ws/install/px4_msgs/include/px4_msgs/px4_msgs/msg/detail/rc_channels__struct.hpp
[6.024s] -- Up-to-date symlink: /home/prathamkelkar/ros2_ws/install/px4_msgs/include/px4_msgs/px4_msgs/msg/detail/rc_channels__traits.hpp
[6.025s] -- Up-to-date symlink: /home/prathamkelkar/ros2_ws/install/px4_msgs/include/px4_msgs/px4_msgs/msg/detail/rc_channels__type_support.hpp
[6.025s] -- Up-to-date symlink: /home/prathamkelkar/ros2_ws/install/px4_msgs/include/px4_msgs/px4_msgs/msg/detail/rc_parameter_map__builder.hpp
[6.025s] -- Up-to-date symlink: /home/prathamkelkar/ros2_ws/install/px4_msgs/include/px4_msgs/px4_msgs/msg/detail/rc_parameter_map__struct.hpp
[6.025s] -- Up-to-date symlink: /home/prathamkelkar/ros2_ws/install/px4_msgs/include/px4_msgs/px4_msgs/msg/detail/rc_parameter_map__traits.hpp
[6.025s] -- Up-to-date symlink: /home/prathamkelkar/ros2_ws/install/px4_msgs/include/px4_msgs/px4_msgs/msg/detail/rc_parameter_map__type_support.hpp
[6.025s] -- Up-to-date symlink: /home/prathamkelkar/ros2_ws/install/px4_msgs/include/px4_msgs/px4_msgs/msg/detail/register_ext_component_reply__builder.hpp
[6.026s] -- Up-to-date symlink: /home/prathamkelkar/ros2_ws/install/px4_msgs/include/px4_msgs/px4_msgs/msg/detail/register_ext_component_reply__struct.hpp
[6.026s] -- Up-to-date symlink: /home/prathamkelkar/ros2_ws/install/px4_msgs/include/px4_msgs/px4_msgs/msg/detail/register_ext_component_reply__traits.hpp
[6.026s] -- Up-to-date symlink: /home/prathamkelkar/ros2_ws/install/px4_msgs/include/px4_msgs/px4_msgs/msg/detail/register_ext_component_reply__type_support.hpp
[6.026s] -- Up-to-date symlink: /home/prathamkelkar/ros2_ws/install/px4_msgs/include/px4_msgs/px4_msgs/msg/detail/register_ext_component_request__builder.hpp
[6.026s] -- Up-to-date symlink: /home/prathamkelkar/ros2_ws/install/px4_msgs/include/px4_msgs/px4_msgs/msg/detail/register_ext_component_request__struct.hpp
[6.026s] -- Up-to-date symlink: /home/prathamkelkar/ros2_ws/install/px4_msgs/include/px4_msgs/px4_msgs/msg/detail/register_ext_component_request__traits.hpp
[6.027s] -- Up-to-date symlink: /home/prathamkelkar/ros2_ws/install/px4_msgs/include/px4_msgs/px4_msgs/msg/detail/register_ext_component_request__type_support.hpp
[6.027s] -- Up-to-date symlink: /home/prathamkelkar/ros2_ws/install/px4_msgs/include/px4_msgs/px4_msgs/msg/detail/rpm__builder.hpp
[6.027s] -- Up-to-date symlink: /home/prathamkelkar/ros2_ws/install/px4_msgs/include/px4_msgs/px4_msgs/msg/detail/rpm__struct.hpp
[6.027s] -- Up-to-date symlink: /home/prathamkelkar/ros2_ws/install/px4_msgs/include/px4_msgs/px4_msgs/msg/detail/rpm__traits.hpp
[6.027s] -- Up-to-date symlink: /home/prathamkelkar/ros2_ws/install/px4_msgs/include/px4_msgs/px4_msgs/msg/detail/rpm__type_support.hpp
[6.027s] -- Up-to-date symlink: /home/prathamkelkar/ros2_ws/install/px4_msgs/include/px4_msgs/px4_msgs/msg/detail/rtl_status__builder.hpp
[6.028s] -- Up-to-date symlink: /home/prathamkelkar/ros2_ws/install/px4_msgs/include/px4_msgs/px4_msgs/msg/detail/rtl_status__struct.hpp
[6.028s] -- Up-to-date symlink: /home/prathamkelkar/ros2_ws/install/px4_msgs/include/px4_msgs/px4_msgs/msg/detail/rtl_status__traits.hpp
[6.028s] -- Up-to-date symlink: /home/prathamkelkar/ros2_ws/install/px4_msgs/include/px4_msgs/px4_msgs/msg/detail/rtl_status__type_support.hpp
[6.028s] -- Up-to-date symlink: /home/prathamkelkar/ros2_ws/install/px4_msgs/include/px4_msgs/px4_msgs/msg/detail/rtl_time_estimate__builder.hpp
[6.028s] -- Up-to-date symlink: /home/prathamkelkar/ros2_ws/install/px4_msgs/include/px4_msgs/px4_msgs/msg/detail/rtl_time_estimate__struct.hpp
[6.029s] -- Up-to-date symlink: /home/prathamkelkar/ros2_ws/install/px4_msgs/include/px4_msgs/px4_msgs/msg/detail/rtl_time_estimate__traits.hpp
[6.029s] -- Up-to-date symlink: /home/prathamkelkar/ros2_ws/install/px4_msgs/include/px4_msgs/px4_msgs/msg/detail/rtl_time_estimate__type_support.hpp
[6.029s] -- Up-to-date symlink: /home/prathamkelkar/ros2_ws/install/px4_msgs/include/px4_msgs/px4_msgs/msg/detail/satellite_info__builder.hpp
[6.029s] -- Up-to-date symlink: /home/prathamkelkar/ros2_ws/install/px4_msgs/include/px4_msgs/px4_msgs/msg/detail/satellite_info__struct.hpp
[6.029s] -- Up-to-date symlink: /home/prathamkelkar/ros2_ws/install/px4_msgs/include/px4_msgs/px4_msgs/msg/detail/satellite_info__traits.hpp
[6.029s] -- Up-to-date symlink: /home/prathamkelkar/ros2_ws/install/px4_msgs/include/px4_msgs/px4_msgs/msg/detail/satellite_info__type_support.hpp
[6.030s] -- Up-to-date symlink: /home/prathamkelkar/ros2_ws/install/px4_msgs/include/px4_msgs/px4_msgs/msg/detail/sensor_accel__builder.hpp
[6.030s] -- Up-to-date symlink: /home/prathamkelkar/ros2_ws/install/px4_msgs/include/px4_msgs/px4_msgs/msg/detail/sensor_accel__struct.hpp
[6.030s] -- Up-to-date symlink: /home/prathamkelkar/ros2_ws/install/px4_msgs/include/px4_msgs/px4_msgs/msg/detail/sensor_accel__traits.hpp
[6.030s] -- Up-to-date symlink: /home/prathamkelkar/ros2_ws/install/px4_msgs/include/px4_msgs/px4_msgs/msg/detail/sensor_accel__type_support.hpp
[6.030s] -- Up-to-date symlink: /home/prathamkelkar/ros2_ws/install/px4_msgs/include/px4_msgs/px4_msgs/msg/detail/sensor_accel_fifo__builder.hpp
[6.031s] -- Up-to-date symlink: /home/prathamkelkar/ros2_ws/install/px4_msgs/include/px4_msgs/px4_msgs/msg/detail/sensor_accel_fifo__struct.hpp
[6.031s] -- Up-to-date symlink: /home/prathamkelkar/ros2_ws/install/px4_msgs/include/px4_msgs/px4_msgs/msg/detail/sensor_accel_fifo__traits.hpp
[6.031s] -- Up-to-date symlink: /home/prathamkelkar/ros2_ws/install/px4_msgs/include/px4_msgs/px4_msgs/msg/detail/sensor_accel_fifo__type_support.hpp
[6.031s] -- Up-to-date symlink: /home/prathamkelkar/ros2_ws/install/px4_msgs/include/px4_msgs/px4_msgs/msg/detail/sensor_airflow__builder.hpp
[6.032s] -- Up-to-date symlink: /home/prathamkelkar/ros2_ws/install/px4_msgs/include/px4_msgs/px4_msgs/msg/detail/sensor_airflow__struct.hpp
[6.032s] -- Up-to-date symlink: /home/prathamkelkar/ros2_ws/install/px4_msgs/include/px4_msgs/px4_msgs/msg/detail/sensor_airflow__traits.hpp
[6.032s] -- Up-to-date symlink: /home/prathamkelkar/ros2_ws/install/px4_msgs/include/px4_msgs/px4_msgs/msg/detail/sensor_airflow__type_support.hpp
[6.032s] -- Up-to-date symlink: /home/prathamkelkar/ros2_ws/install/px4_msgs/include/px4_msgs/px4_msgs/msg/detail/sensor_baro__builder.hpp
[6.032s] -- Up-to-date symlink: /home/prathamkelkar/ros2_ws/install/px4_msgs/include/px4_msgs/px4_msgs/msg/detail/sensor_baro__struct.hpp
[6.032s] -- Up-to-date symlink: /home/prathamkelkar/ros2_ws/install/px4_msgs/include/px4_msgs/px4_msgs/msg/detail/sensor_baro__traits.hpp
[6.033s] -- Up-to-date symlink: /home/prathamkelkar/ros2_ws/install/px4_msgs/include/px4_msgs/px4_msgs/msg/detail/sensor_baro__type_support.hpp
[6.033s] -- Up-to-date symlink: /home/prathamkelkar/ros2_ws/install/px4_msgs/include/px4_msgs/px4_msgs/msg/detail/sensor_combined__builder.hpp
[6.033s] -- Up-to-date symlink: /home/prathamkelkar/ros2_ws/install/px4_msgs/include/px4_msgs/px4_msgs/msg/detail/sensor_combined__struct.hpp
[6.033s] -- Up-to-date symlink: /home/prathamkelkar/ros2_ws/install/px4_msgs/include/px4_msgs/px4_msgs/msg/detail/sensor_combined__traits.hpp
[6.033s] -- Up-to-date symlink: /home/prathamkelkar/ros2_ws/install/px4_msgs/include/px4_msgs/px4_msgs/msg/detail/sensor_combined__type_support.hpp
[6.034s] -- Up-to-date symlink: /home/prathamkelkar/ros2_ws/install/px4_msgs/include/px4_msgs/px4_msgs/msg/detail/sensor_correction__builder.hpp
[6.034s] -- Up-to-date symlink: /home/prathamkelkar/ros2_ws/install/px4_msgs/include/px4_msgs/px4_msgs/msg/detail/sensor_correction__struct.hpp
[6.034s] -- Up-to-date symlink: /home/prathamkelkar/ros2_ws/install/px4_msgs/include/px4_msgs/px4_msgs/msg/detail/sensor_correction__traits.hpp
[6.034s] -- Up-to-date symlink: /home/prathamkelkar/ros2_ws/install/px4_msgs/include/px4_msgs/px4_msgs/msg/detail/sensor_correction__type_support.hpp
[6.034s] -- Up-to-date symlink: /home/prathamkelkar/ros2_ws/install/px4_msgs/include/px4_msgs/px4_msgs/msg/detail/sensor_gnss_relative__builder.hpp
[6.034s] -- Up-to-date symlink: /home/prathamkelkar/ros2_ws/install/px4_msgs/include/px4_msgs/px4_msgs/msg/detail/sensor_gnss_relative__struct.hpp
[6.034s] -- Up-to-date symlink: /home/prathamkelkar/ros2_ws/install/px4_msgs/include/px4_msgs/px4_msgs/msg/detail/sensor_gnss_relative__traits.hpp
[6.035s] -- Up-to-date symlink: /home/prathamkelkar/ros2_ws/install/px4_msgs/include/px4_msgs/px4_msgs/msg/detail/sensor_gnss_relative__type_support.hpp
[6.035s] -- Up-to-date symlink: /home/prathamkelkar/ros2_ws/install/px4_msgs/include/px4_msgs/px4_msgs/msg/detail/sensor_gps__builder.hpp
[6.035s] -- Up-to-date symlink: /home/prathamkelkar/ros2_ws/install/px4_msgs/include/px4_msgs/px4_msgs/msg/detail/sensor_gps__struct.hpp
[6.035s] -- Up-to-date symlink: /home/prathamkelkar/ros2_ws/install/px4_msgs/include/px4_msgs/px4_msgs/msg/detail/sensor_gps__traits.hpp
[6.035s] -- Up-to-date symlink: /home/prathamkelkar/ros2_ws/install/px4_msgs/include/px4_msgs/px4_msgs/msg/detail/sensor_gps__type_support.hpp
[6.035s] -- Up-to-date symlink: /home/prathamkelkar/ros2_ws/install/px4_msgs/include/px4_msgs/px4_msgs/msg/detail/sensor_gyro__builder.hpp
[6.036s] -- Up-to-date symlink: /home/prathamkelkar/ros2_ws/install/px4_msgs/include/px4_msgs/px4_msgs/msg/detail/sensor_gyro__struct.hpp
[6.036s] -- Up-to-date symlink: /home/prathamkelkar/ros2_ws/install/px4_msgs/include/px4_msgs/px4_msgs/msg/detail/sensor_gyro__traits.hpp
[6.036s] -- Up-to-date symlink: /home/prathamkelkar/ros2_ws/install/px4_msgs/include/px4_msgs/px4_msgs/msg/detail/sensor_gyro__type_support.hpp
[6.036s] -- Up-to-date symlink: /home/prathamkelkar/ros2_ws/install/px4_msgs/include/px4_msgs/px4_msgs/msg/detail/sensor_gyro_fft__builder.hpp
[6.036s] -- Up-to-date symlink: /home/prathamkelkar/ros2_ws/install/px4_msgs/include/px4_msgs/px4_msgs/msg/detail/sensor_gyro_fft__struct.hpp
[6.036s] -- Up-to-date symlink: /home/prathamkelkar/ros2_ws/install/px4_msgs/include/px4_msgs/px4_msgs/msg/detail/sensor_gyro_fft__traits.hpp
[6.036s] -- Up-to-date symlink: /home/prathamkelkar/ros2_ws/install/px4_msgs/include/px4_msgs/px4_msgs/msg/detail/sensor_gyro_fft__type_support.hpp
[6.037s] -- Up-to-date symlink: /home/prathamkelkar/ros2_ws/install/px4_msgs/include/px4_msgs/px4_msgs/msg/detail/sensor_gyro_fifo__builder.hpp
[6.037s] -- Up-to-date symlink: /home/prathamkelkar/ros2_ws/install/px4_msgs/include/px4_msgs/px4_msgs/msg/detail/sensor_gyro_fifo__struct.hpp
[6.037s] -- Up-to-date symlink: /home/prathamkelkar/ros2_ws/install/px4_msgs/include/px4_msgs/px4_msgs/msg/detail/sensor_gyro_fifo__traits.hpp
[6.037s] -- Up-to-date symlink: /home/prathamkelkar/ros2_ws/install/px4_msgs/include/px4_msgs/px4_msgs/msg/detail/sensor_gyro_fifo__type_support.hpp
[6.037s] -- Up-to-date symlink: /home/prathamkelkar/ros2_ws/install/px4_msgs/include/px4_msgs/px4_msgs/msg/detail/sensor_hygrometer__builder.hpp
[6.037s] -- Up-to-date symlink: /home/prathamkelkar/ros2_ws/install/px4_msgs/include/px4_msgs/px4_msgs/msg/detail/sensor_hygrometer__struct.hpp
[6.037s] -- Up-to-date symlink: /home/prathamkelkar/ros2_ws/install/px4_msgs/include/px4_msgs/px4_msgs/msg/detail/sensor_hygrometer__traits.hpp
[6.037s] -- Up-to-date symlink: /home/prathamkelkar/ros2_ws/install/px4_msgs/include/px4_msgs/px4_msgs/msg/detail/sensor_hygrometer__type_support.hpp
[6.037s] -- Up-to-date symlink: /home/prathamkelkar/ros2_ws/install/px4_msgs/include/px4_msgs/px4_msgs/msg/detail/sensor_mag__builder.hpp
[6.038s] -- Up-to-date symlink: /home/prathamkelkar/ros2_ws/install/px4_msgs/include/px4_msgs/px4_msgs/msg/detail/sensor_mag__struct.hpp
[6.038s] -- Up-to-date symlink: /home/prathamkelkar/ros2_ws/install/px4_msgs/include/px4_msgs/px4_msgs/msg/detail/sensor_mag__traits.hpp
[6.038s] -- Up-to-date symlink: /home/prathamkelkar/ros2_ws/install/px4_msgs/include/px4_msgs/px4_msgs/msg/detail/sensor_mag__type_support.hpp
[6.038s] -- Up-to-date symlink: /home/prathamkelkar/ros2_ws/install/px4_msgs/include/px4_msgs/px4_msgs/msg/detail/sensor_optical_flow__builder.hpp
[6.038s] -- Up-to-date symlink: /home/prathamkelkar/ros2_ws/install/px4_msgs/include/px4_msgs/px4_msgs/msg/detail/sensor_optical_flow__struct.hpp
[6.038s] -- Up-to-date symlink: /home/prathamkelkar/ros2_ws/install/px4_msgs/include/px4_msgs/px4_msgs/msg/detail/sensor_optical_flow__traits.hpp
[6.038s] -- Up-to-date symlink: /home/prathamkelkar/ros2_ws/install/px4_msgs/include/px4_msgs/px4_msgs/msg/detail/sensor_optical_flow__type_support.hpp
[6.038s] -- Up-to-date symlink: /home/prathamkelkar/ros2_ws/install/px4_msgs/include/px4_msgs/px4_msgs/msg/detail/sensor_preflight_mag__builder.hpp
[6.038s] -- Up-to-date symlink: /home/prathamkelkar/ros2_ws/install/px4_msgs/include/px4_msgs/px4_msgs/msg/detail/sensor_preflight_mag__struct.hpp
[6.038s] -- Up-to-date symlink: /home/prathamkelkar/ros2_ws/install/px4_msgs/include/px4_msgs/px4_msgs/msg/detail/sensor_preflight_mag__traits.hpp
[6.039s] -- Up-to-date symlink: /home/prathamkelkar/ros2_ws/install/px4_msgs/include/px4_msgs/px4_msgs/msg/detail/sensor_preflight_mag__type_support.hpp
[6.039s] -- Up-to-date symlink: /home/prathamkelkar/ros2_ws/install/px4_msgs/include/px4_msgs/px4_msgs/msg/detail/sensor_selection__builder.hpp
[6.039s] -- Up-to-date symlink: /home/prathamkelkar/ros2_ws/install/px4_msgs/include/px4_msgs/px4_msgs/msg/detail/sensor_selection__struct.hpp
[6.039s] -- Up-to-date symlink: /home/prathamkelkar/ros2_ws/install/px4_msgs/include/px4_msgs/px4_msgs/msg/detail/sensor_selection__traits.hpp
[6.039s] -- Up-to-date symlink: /home/prathamkelkar/ros2_ws/install/px4_msgs/include/px4_msgs/px4_msgs/msg/detail/sensor_selection__type_support.hpp
[6.039s] -- Up-to-date symlink: /home/prathamkelkar/ros2_ws/install/px4_msgs/include/px4_msgs/px4_msgs/msg/detail/sensor_uwb__builder.hpp
[6.039s] -- Up-to-date symlink: /home/prathamkelkar/ros2_ws/install/px4_msgs/include/px4_msgs/px4_msgs/msg/detail/sensor_uwb__struct.hpp
[6.039s] -- Up-to-date symlink: /home/prathamkelkar/ros2_ws/install/px4_msgs/include/px4_msgs/px4_msgs/msg/detail/sensor_uwb__traits.hpp
[6.040s] -- Up-to-date symlink: /home/prathamkelkar/ros2_ws/install/px4_msgs/include/px4_msgs/px4_msgs/msg/detail/sensor_uwb__type_support.hpp
[6.040s] -- Up-to-date symlink: /home/prathamkelkar/ros2_ws/install/px4_msgs/include/px4_msgs/px4_msgs/msg/detail/sensors_status__builder.hpp
[6.040s] -- Up-to-date symlink: /home/prathamkelkar/ros2_ws/install/px4_msgs/include/px4_msgs/px4_msgs/msg/detail/sensors_status__struct.hpp
[6.040s] -- Up-to-date symlink: /home/prathamkelkar/ros2_ws/install/px4_msgs/include/px4_msgs/px4_msgs/msg/detail/sensors_status__traits.hpp
[6.040s] -- Up-to-date symlink: /home/prathamkelkar/ros2_ws/install/px4_msgs/include/px4_msgs/px4_msgs/msg/detail/sensors_status__type_support.hpp
[6.040s] -- Up-to-date symlink: /home/prathamkelkar/ros2_ws/install/px4_msgs/include/px4_msgs/px4_msgs/msg/detail/sensors_status_imu__builder.hpp
[6.040s] -- Up-to-date symlink: /home/prathamkelkar/ros2_ws/install/px4_msgs/include/px4_msgs/px4_msgs/msg/detail/sensors_status_imu__struct.hpp
[6.040s] -- Up-to-date symlink: /home/prathamkelkar/ros2_ws/install/px4_msgs/include/px4_msgs/px4_msgs/msg/detail/sensors_status_imu__traits.hpp
[6.040s] -- Up-to-date symlink: /home/prathamkelkar/ros2_ws/install/px4_msgs/include/px4_msgs/px4_msgs/msg/detail/sensors_status_imu__type_support.hpp
[6.041s] -- Up-to-date symlink: /home/prathamkelkar/ros2_ws/install/px4_msgs/include/px4_msgs/px4_msgs/msg/detail/system_power__builder.hpp
[6.041s] -- Up-to-date symlink: /home/prathamkelkar/ros2_ws/install/px4_msgs/include/px4_msgs/px4_msgs/msg/detail/system_power__struct.hpp
[6.041s] -- Up-to-date symlink: /home/prathamkelkar/ros2_ws/install/px4_msgs/include/px4_msgs/px4_msgs/msg/detail/system_power__traits.hpp
[6.041s] -- Up-to-date symlink: /home/prathamkelkar/ros2_ws/install/px4_msgs/include/px4_msgs/px4_msgs/msg/detail/system_power__type_support.hpp
[6.041s] -- Up-to-date symlink: /home/prathamkelkar/ros2_ws/install/px4_msgs/include/px4_msgs/px4_msgs/msg/detail/takeoff_status__builder.hpp
[6.041s] -- Up-to-date symlink: /home/prathamkelkar/ros2_ws/install/px4_msgs/include/px4_msgs/px4_msgs/msg/detail/takeoff_status__struct.hpp
[6.041s] -- Up-to-date symlink: /home/prathamkelkar/ros2_ws/install/px4_msgs/include/px4_msgs/px4_msgs/msg/detail/takeoff_status__traits.hpp
[6.041s] -- Up-to-date symlink: /home/prathamkelkar/ros2_ws/install/px4_msgs/include/px4_msgs/px4_msgs/msg/detail/takeoff_status__type_support.hpp
[6.041s] -- Up-to-date symlink: /home/prathamkelkar/ros2_ws/install/px4_msgs/include/px4_msgs/px4_msgs/msg/detail/task_stack_info__builder.hpp
[6.041s] -- Up-to-date symlink: /home/prathamkelkar/ros2_ws/install/px4_msgs/include/px4_msgs/px4_msgs/msg/detail/task_stack_info__struct.hpp
[6.042s] -- Up-to-date symlink: /home/prathamkelkar/ros2_ws/install/px4_msgs/include/px4_msgs/px4_msgs/msg/detail/task_stack_info__traits.hpp
[6.042s] -- Up-to-date symlink: /home/prathamkelkar/ros2_ws/install/px4_msgs/include/px4_msgs/px4_msgs/msg/detail/task_stack_info__type_support.hpp
[6.042s] -- Up-to-date symlink: /home/prathamkelkar/ros2_ws/install/px4_msgs/include/px4_msgs/px4_msgs/msg/detail/tecs_status__builder.hpp
[6.042s] -- Up-to-date symlink: /home/prathamkelkar/ros2_ws/install/px4_msgs/include/px4_msgs/px4_msgs/msg/detail/tecs_status__struct.hpp
[6.042s] -- Up-to-date symlink: /home/prathamkelkar/ros2_ws/install/px4_msgs/include/px4_msgs/px4_msgs/msg/detail/tecs_status__traits.hpp
[6.042s] -- Up-to-date symlink: /home/prathamkelkar/ros2_ws/install/px4_msgs/include/px4_msgs/px4_msgs/msg/detail/tecs_status__type_support.hpp
[6.042s] -- Up-to-date symlink: /home/prathamkelkar/ros2_ws/install/px4_msgs/include/px4_msgs/px4_msgs/msg/detail/telemetry_status__builder.hpp
[6.042s] -- Up-to-date symlink: /home/prathamkelkar/ros2_ws/install/px4_msgs/include/px4_msgs/px4_msgs/msg/detail/telemetry_status__struct.hpp
[6.043s] -- Up-to-date symlink: /home/prathamkelkar/ros2_ws/install/px4_msgs/include/px4_msgs/px4_msgs/msg/detail/telemetry_status__traits.hpp
[6.043s] -- Up-to-date symlink: /home/prathamkelkar/ros2_ws/install/px4_msgs/include/px4_msgs/px4_msgs/msg/detail/telemetry_status__type_support.hpp
[6.043s] -- Up-to-date symlink: /home/prathamkelkar/ros2_ws/install/px4_msgs/include/px4_msgs/px4_msgs/msg/detail/tiltrotor_extra_controls__builder.hpp
[6.043s] -- Up-to-date symlink: /home/prathamkelkar/ros2_ws/install/px4_msgs/include/px4_msgs/px4_msgs/msg/detail/tiltrotor_extra_controls__struct.hpp
[6.043s] -- Up-to-date symlink: /home/prathamkelkar/ros2_ws/install/px4_msgs/include/px4_msgs/px4_msgs/msg/detail/tiltrotor_extra_controls__traits.hpp
[6.043s] -- Up-to-date symlink: /home/prathamkelkar/ros2_ws/install/px4_msgs/include/px4_msgs/px4_msgs/msg/detail/tiltrotor_extra_controls__type_support.hpp
[6.043s] -- Up-to-date symlink: /home/prathamkelkar/ros2_ws/install/px4_msgs/include/px4_msgs/px4_msgs/msg/detail/timesync_status__builder.hpp
[6.043s] -- Up-to-date symlink: /home/prathamkelkar/ros2_ws/install/px4_msgs/include/px4_msgs/px4_msgs/msg/detail/timesync_status__struct.hpp
[6.043s] -- Up-to-date symlink: /home/prathamkelkar/ros2_ws/install/px4_msgs/include/px4_msgs/px4_msgs/msg/detail/timesync_status__traits.hpp
[6.044s] -- Up-to-date symlink: /home/prathamkelkar/ros2_ws/install/px4_msgs/include/px4_msgs/px4_msgs/msg/detail/timesync_status__type_support.hpp
[6.044s] -- Up-to-date symlink: /home/prathamkelkar/ros2_ws/install/px4_msgs/include/px4_msgs/px4_msgs/msg/detail/trajectory_bezier__builder.hpp
[6.044s] -- Up-to-date symlink: /home/prathamkelkar/ros2_ws/install/px4_msgs/include/px4_msgs/px4_msgs/msg/detail/trajectory_bezier__struct.hpp
[6.044s] -- Up-to-date symlink: /home/prathamkelkar/ros2_ws/install/px4_msgs/include/px4_msgs/px4_msgs/msg/detail/trajectory_bezier__traits.hpp
[6.044s] -- Up-to-date symlink: /home/prathamkelkar/ros2_ws/install/px4_msgs/include/px4_msgs/px4_msgs/msg/detail/trajectory_bezier__type_support.hpp
[6.044s] -- Up-to-date symlink: /home/prathamkelkar/ros2_ws/install/px4_msgs/include/px4_msgs/px4_msgs/msg/detail/trajectory_setpoint__builder.hpp
[6.044s] -- Up-to-date symlink: /home/prathamkelkar/ros2_ws/install/px4_msgs/include/px4_msgs/px4_msgs/msg/detail/trajectory_setpoint__struct.hpp
[6.044s] -- Up-to-date symlink: /home/prathamkelkar/ros2_ws/install/px4_msgs/include/px4_msgs/px4_msgs/msg/detail/trajectory_setpoint__traits.hpp
[6.045s] -- Up-to-date symlink: /home/prathamkelkar/ros2_ws/install/px4_msgs/include/px4_msgs/px4_msgs/msg/detail/trajectory_setpoint__type_support.hpp
[6.045s] -- Up-to-date symlink: /home/prathamkelkar/ros2_ws/install/px4_msgs/include/px4_msgs/px4_msgs/msg/detail/trajectory_waypoint__builder.hpp
[6.045s] -- Up-to-date symlink: /home/prathamkelkar/ros2_ws/install/px4_msgs/include/px4_msgs/px4_msgs/msg/detail/trajectory_waypoint__struct.hpp
[6.045s] -- Up-to-date symlink: /home/prathamkelkar/ros2_ws/install/px4_msgs/include/px4_msgs/px4_msgs/msg/detail/trajectory_waypoint__traits.hpp
[6.045s] -- Up-to-date symlink: /home/prathamkelkar/ros2_ws/install/px4_msgs/include/px4_msgs/px4_msgs/msg/detail/trajectory_waypoint__type_support.hpp
[6.045s] -- Up-to-date symlink: /home/prathamkelkar/ros2_ws/install/px4_msgs/include/px4_msgs/px4_msgs/msg/detail/transponder_report__builder.hpp
[6.045s] -- Up-to-date symlink: /home/prathamkelkar/ros2_ws/install/px4_msgs/include/px4_msgs/px4_msgs/msg/detail/transponder_report__struct.hpp
[6.045s] -- Up-to-date symlink: /home/prathamkelkar/ros2_ws/install/px4_msgs/include/px4_msgs/px4_msgs/msg/detail/transponder_report__traits.hpp
[6.045s] -- Up-to-date symlink: /home/prathamkelkar/ros2_ws/install/px4_msgs/include/px4_msgs/px4_msgs/msg/detail/transponder_report__type_support.hpp
[6.045s] -- Up-to-date symlink: /home/prathamkelkar/ros2_ws/install/px4_msgs/include/px4_msgs/px4_msgs/msg/detail/tune_control__builder.hpp
[6.045s] -- Up-to-date symlink: /home/prathamkelkar/ros2_ws/install/px4_msgs/include/px4_msgs/px4_msgs/msg/detail/tune_control__struct.hpp
[6.046s] -- Up-to-date symlink: /home/prathamkelkar/ros2_ws/install/px4_msgs/include/px4_msgs/px4_msgs/msg/detail/tune_control__traits.hpp
[6.046s] -- Up-to-date symlink: /home/prathamkelkar/ros2_ws/install/px4_msgs/include/px4_msgs/px4_msgs/msg/detail/tune_control__type_support.hpp
[6.046s] -- Up-to-date symlink: /home/prathamkelkar/ros2_ws/install/px4_msgs/include/px4_msgs/px4_msgs/msg/detail/uavcan_parameter_request__builder.hpp
[6.046s] -- Up-to-date symlink: /home/prathamkelkar/ros2_ws/install/px4_msgs/include/px4_msgs/px4_msgs/msg/detail/uavcan_parameter_request__struct.hpp
[6.046s] -- Up-to-date symlink: /home/prathamkelkar/ros2_ws/install/px4_msgs/include/px4_msgs/px4_msgs/msg/detail/uavcan_parameter_request__traits.hpp
[6.046s] -- Up-to-date symlink: /home/prathamkelkar/ros2_ws/install/px4_msgs/include/px4_msgs/px4_msgs/msg/detail/uavcan_parameter_request__type_support.hpp
[6.046s] -- Up-to-date symlink: /home/prathamkelkar/ros2_ws/install/px4_msgs/include/px4_msgs/px4_msgs/msg/detail/uavcan_parameter_value__builder.hpp
[6.046s] -- Up-to-date symlink: /home/prathamkelkar/ros2_ws/install/px4_msgs/include/px4_msgs/px4_msgs/msg/detail/uavcan_parameter_value__struct.hpp
[6.047s] -- Up-to-date symlink: /home/prathamkelkar/ros2_ws/install/px4_msgs/include/px4_msgs/px4_msgs/msg/detail/uavcan_parameter_value__traits.hpp
[6.047s] -- Up-to-date symlink: /home/prathamkelkar/ros2_ws/install/px4_msgs/include/px4_msgs/px4_msgs/msg/detail/uavcan_parameter_value__type_support.hpp
[6.047s] -- Up-to-date symlink: /home/prathamkelkar/ros2_ws/install/px4_msgs/include/px4_msgs/px4_msgs/msg/detail/ulog_stream__builder.hpp
[6.047s] -- Up-to-date symlink: /home/prathamkelkar/ros2_ws/install/px4_msgs/include/px4_msgs/px4_msgs/msg/detail/ulog_stream__struct.hpp
[6.047s] -- Up-to-date symlink: /home/prathamkelkar/ros2_ws/install/px4_msgs/include/px4_msgs/px4_msgs/msg/detail/ulog_stream__traits.hpp
[6.047s] -- Up-to-date symlink: /home/prathamkelkar/ros2_ws/install/px4_msgs/include/px4_msgs/px4_msgs/msg/detail/ulog_stream__type_support.hpp
[6.047s] -- Up-to-date symlink: /home/prathamkelkar/ros2_ws/install/px4_msgs/include/px4_msgs/px4_msgs/msg/detail/ulog_stream_ack__builder.hpp
[6.047s] -- Up-to-date symlink: /home/prathamkelkar/ros2_ws/install/px4_msgs/include/px4_msgs/px4_msgs/msg/detail/ulog_stream_ack__struct.hpp
[6.047s] -- Up-to-date symlink: /home/prathamkelkar/ros2_ws/install/px4_msgs/include/px4_msgs/px4_msgs/msg/detail/ulog_stream_ack__traits.hpp
[6.048s] -- Up-to-date symlink: /home/prathamkelkar/ros2_ws/install/px4_msgs/include/px4_msgs/px4_msgs/msg/detail/ulog_stream_ack__type_support.hpp
[6.048s] -- Up-to-date symlink: /home/prathamkelkar/ros2_ws/install/px4_msgs/include/px4_msgs/px4_msgs/msg/detail/unregister_ext_component__builder.hpp
[6.048s] -- Up-to-date symlink: /home/prathamkelkar/ros2_ws/install/px4_msgs/include/px4_msgs/px4_msgs/msg/detail/unregister_ext_component__struct.hpp
[6.048s] -- Up-to-date symlink: /home/prathamkelkar/ros2_ws/install/px4_msgs/include/px4_msgs/px4_msgs/msg/detail/unregister_ext_component__traits.hpp
[6.048s] -- Up-to-date symlink: /home/prathamkelkar/ros2_ws/install/px4_msgs/include/px4_msgs/px4_msgs/msg/detail/unregister_ext_component__type_support.hpp
[6.048s] -- Up-to-date symlink: /home/prathamkelkar/ros2_ws/install/px4_msgs/include/px4_msgs/px4_msgs/msg/detail/vehicle_acceleration__builder.hpp
[6.048s] -- Up-to-date symlink: /home/prathamkelkar/ros2_ws/install/px4_msgs/include/px4_msgs/px4_msgs/msg/detail/vehicle_acceleration__struct.hpp
[6.048s] -- Up-to-date symlink: /home/prathamkelkar/ros2_ws/install/px4_msgs/include/px4_msgs/px4_msgs/msg/detail/vehicle_acceleration__traits.hpp
[6.049s] -- Up-to-date symlink: /home/prathamkelkar/ros2_ws/install/px4_msgs/include/px4_msgs/px4_msgs/msg/detail/vehicle_acceleration__type_support.hpp
[6.049s] -- Up-to-date symlink: /home/prathamkelkar/ros2_ws/install/px4_msgs/include/px4_msgs/px4_msgs/msg/detail/vehicle_air_data__builder.hpp
[6.049s] -- Up-to-date symlink: /home/prathamkelkar/ros2_ws/install/px4_msgs/include/px4_msgs/px4_msgs/msg/detail/vehicle_air_data__struct.hpp
[6.049s] -- Up-to-date symlink: /home/prathamkelkar/ros2_ws/install/px4_msgs/include/px4_msgs/px4_msgs/msg/detail/vehicle_air_data__traits.hpp
[6.049s] -- Up-to-date symlink: /home/prathamkelkar/ros2_ws/install/px4_msgs/include/px4_msgs/px4_msgs/msg/detail/vehicle_air_data__type_support.hpp
[6.049s] -- Up-to-date symlink: /home/prathamkelkar/ros2_ws/install/px4_msgs/include/px4_msgs/px4_msgs/msg/detail/vehicle_angular_acceleration_setpoint__builder.hpp
[6.049s] -- Up-to-date symlink: /home/prathamkelkar/ros2_ws/install/px4_msgs/include/px4_msgs/px4_msgs/msg/detail/vehicle_angular_acceleration_setpoint__struct.hpp
[6.049s] -- Up-to-date symlink: /home/prathamkelkar/ros2_ws/install/px4_msgs/include/px4_msgs/px4_msgs/msg/detail/vehicle_angular_acceleration_setpoint__traits.hpp
[6.049s] -- Up-to-date symlink: /home/prathamkelkar/ros2_ws/install/px4_msgs/include/px4_msgs/px4_msgs/msg/detail/vehicle_angular_acceleration_setpoint__type_support.hpp
[6.050s] -- Up-to-date symlink: /home/prathamkelkar/ros2_ws/install/px4_msgs/include/px4_msgs/px4_msgs/msg/detail/vehicle_angular_velocity__builder.hpp
[6.050s] -- Up-to-date symlink: /home/prathamkelkar/ros2_ws/install/px4_msgs/include/px4_msgs/px4_msgs/msg/detail/vehicle_angular_velocity__struct.hpp
[6.050s] -- Up-to-date symlink: /home/prathamkelkar/ros2_ws/install/px4_msgs/include/px4_msgs/px4_msgs/msg/detail/vehicle_angular_velocity__traits.hpp
[6.050s] -- Up-to-date symlink: /home/prathamkelkar/ros2_ws/install/px4_msgs/include/px4_msgs/px4_msgs/msg/detail/vehicle_angular_velocity__type_support.hpp
[6.050s] -- Up-to-date symlink: /home/prathamkelkar/ros2_ws/install/px4_msgs/include/px4_msgs/px4_msgs/msg/detail/vehicle_attitude__builder.hpp
[6.050s] -- Up-to-date symlink: /home/prathamkelkar/ros2_ws/install/px4_msgs/include/px4_msgs/px4_msgs/msg/detail/vehicle_attitude__struct.hpp
[6.050s] -- Up-to-date symlink: /home/prathamkelkar/ros2_ws/install/px4_msgs/include/px4_msgs/px4_msgs/msg/detail/vehicle_attitude__traits.hpp
[6.050s] -- Up-to-date symlink: /home/prathamkelkar/ros2_ws/install/px4_msgs/include/px4_msgs/px4_msgs/msg/detail/vehicle_attitude__type_support.hpp
[6.051s] -- Up-to-date symlink: /home/prathamkelkar/ros2_ws/install/px4_msgs/include/px4_msgs/px4_msgs/msg/detail/vehicle_attitude_setpoint__builder.hpp
[6.051s] -- Up-to-date symlink: /home/prathamkelkar/ros2_ws/install/px4_msgs/include/px4_msgs/px4_msgs/msg/detail/vehicle_attitude_setpoint__struct.hpp
[6.051s] -- Up-to-date symlink: /home/prathamkelkar/ros2_ws/install/px4_msgs/include/px4_msgs/px4_msgs/msg/detail/vehicle_attitude_setpoint__traits.hpp
[6.051s] -- Up-to-date symlink: /home/prathamkelkar/ros2_ws/install/px4_msgs/include/px4_msgs/px4_msgs/msg/detail/vehicle_attitude_setpoint__type_support.hpp
[6.051s] -- Up-to-date symlink: /home/prathamkelkar/ros2_ws/install/px4_msgs/include/px4_msgs/px4_msgs/msg/detail/vehicle_command__builder.hpp
[6.051s] -- Up-to-date symlink: /home/prathamkelkar/ros2_ws/install/px4_msgs/include/px4_msgs/px4_msgs/msg/detail/vehicle_command__struct.hpp
[6.051s] -- Up-to-date symlink: /home/prathamkelkar/ros2_ws/install/px4_msgs/include/px4_msgs/px4_msgs/msg/detail/vehicle_command__traits.hpp
[6.051s] -- Up-to-date symlink: /home/prathamkelkar/ros2_ws/install/px4_msgs/include/px4_msgs/px4_msgs/msg/detail/vehicle_command__type_support.hpp
[6.052s] -- Up-to-date symlink: /home/prathamkelkar/ros2_ws/install/px4_msgs/include/px4_msgs/px4_msgs/msg/detail/vehicle_command_ack__builder.hpp
[6.052s] -- Up-to-date symlink: /home/prathamkelkar/ros2_ws/install/px4_msgs/include/px4_msgs/px4_msgs/msg/detail/vehicle_command_ack__struct.hpp
[6.052s] -- Up-to-date symlink: /home/prathamkelkar/ros2_ws/install/px4_msgs/include/px4_msgs/px4_msgs/msg/detail/vehicle_command_ack__traits.hpp
[6.052s] -- Up-to-date symlink: /home/prathamkelkar/ros2_ws/install/px4_msgs/include/px4_msgs/px4_msgs/msg/detail/vehicle_command_ack__type_support.hpp
[6.052s] -- Up-to-date symlink: /home/prathamkelkar/ros2_ws/install/px4_msgs/include/px4_msgs/px4_msgs/msg/detail/vehicle_constraints__builder.hpp
[6.052s] -- Up-to-date symlink: /home/prathamkelkar/ros2_ws/install/px4_msgs/include/px4_msgs/px4_msgs/msg/detail/vehicle_constraints__struct.hpp
[6.052s] -- Up-to-date symlink: /home/prathamkelkar/ros2_ws/install/px4_msgs/include/px4_msgs/px4_msgs/msg/detail/vehicle_constraints__traits.hpp
[6.052s] -- Up-to-date symlink: /home/prathamkelkar/ros2_ws/install/px4_msgs/include/px4_msgs/px4_msgs/msg/detail/vehicle_constraints__type_support.hpp
[6.052s] -- Up-to-date symlink: /home/prathamkelkar/ros2_ws/install/px4_msgs/include/px4_msgs/px4_msgs/msg/detail/vehicle_control_mode__builder.hpp
[6.052s] -- Up-to-date symlink: /home/prathamkelkar/ros2_ws/install/px4_msgs/include/px4_msgs/px4_msgs/msg/detail/vehicle_control_mode__struct.hpp
[6.053s] -- Up-to-date symlink: /home/prathamkelkar/ros2_ws/install/px4_msgs/include/px4_msgs/px4_msgs/msg/detail/vehicle_control_mode__traits.hpp
[6.053s] -- Up-to-date symlink: /home/prathamkelkar/ros2_ws/install/px4_msgs/include/px4_msgs/px4_msgs/msg/detail/vehicle_control_mode__type_support.hpp
[6.053s] -- Up-to-date symlink: /home/prathamkelkar/ros2_ws/install/px4_msgs/include/px4_msgs/px4_msgs/msg/detail/vehicle_global_position__builder.hpp
[6.053s] -- Up-to-date symlink: /home/prathamkelkar/ros2_ws/install/px4_msgs/include/px4_msgs/px4_msgs/msg/detail/vehicle_global_position__struct.hpp
[6.053s] -- Up-to-date symlink: /home/prathamkelkar/ros2_ws/install/px4_msgs/include/px4_msgs/px4_msgs/msg/detail/vehicle_global_position__traits.hpp
[6.053s] -- Up-to-date symlink: /home/prathamkelkar/ros2_ws/install/px4_msgs/include/px4_msgs/px4_msgs/msg/detail/vehicle_global_position__type_support.hpp
[6.053s] -- Up-to-date symlink: /home/prathamkelkar/ros2_ws/install/px4_msgs/include/px4_msgs/px4_msgs/msg/detail/vehicle_imu__builder.hpp
[6.053s] -- Up-to-date symlink: /home/prathamkelkar/ros2_ws/install/px4_msgs/include/px4_msgs/px4_msgs/msg/detail/vehicle_imu__struct.hpp
[6.054s] -- Up-to-date symlink: /home/prathamkelkar/ros2_ws/install/px4_msgs/include/px4_msgs/px4_msgs/msg/detail/vehicle_imu__traits.hpp
[6.054s] -- Up-to-date symlink: /home/prathamkelkar/ros2_ws/install/px4_msgs/include/px4_msgs/px4_msgs/msg/detail/vehicle_imu__type_support.hpp
[6.054s] -- Up-to-date symlink: /home/prathamkelkar/ros2_ws/install/px4_msgs/include/px4_msgs/px4_msgs/msg/detail/vehicle_imu_status__builder.hpp
[6.054s] -- Up-to-date symlink: /home/prathamkelkar/ros2_ws/install/px4_msgs/include/px4_msgs/px4_msgs/msg/detail/vehicle_imu_status__struct.hpp
[6.054s] -- Up-to-date symlink: /home/prathamkelkar/ros2_ws/install/px4_msgs/include/px4_msgs/px4_msgs/msg/detail/vehicle_imu_status__traits.hpp
[6.054s] -- Up-to-date symlink: /home/prathamkelkar/ros2_ws/install/px4_msgs/include/px4_msgs/px4_msgs/msg/detail/vehicle_imu_status__type_support.hpp
[6.054s] -- Up-to-date symlink: /home/prathamkelkar/ros2_ws/install/px4_msgs/include/px4_msgs/px4_msgs/msg/detail/vehicle_land_detected__builder.hpp
[6.054s] -- Up-to-date symlink: /home/prathamkelkar/ros2_ws/install/px4_msgs/include/px4_msgs/px4_msgs/msg/detail/vehicle_land_detected__struct.hpp
[6.054s] -- Up-to-date symlink: /home/prathamkelkar/ros2_ws/install/px4_msgs/include/px4_msgs/px4_msgs/msg/detail/vehicle_land_detected__traits.hpp
[6.055s] -- Up-to-date symlink: /home/prathamkelkar/ros2_ws/install/px4_msgs/include/px4_msgs/px4_msgs/msg/detail/vehicle_land_detected__type_support.hpp
[6.055s] -- Up-to-date symlink: /home/prathamkelkar/ros2_ws/install/px4_msgs/include/px4_msgs/px4_msgs/msg/detail/vehicle_local_position__builder.hpp
[6.055s] -- Up-to-date symlink: /home/prathamkelkar/ros2_ws/install/px4_msgs/include/px4_msgs/px4_msgs/msg/detail/vehicle_local_position__struct.hpp
[6.055s] -- Up-to-date symlink: /home/prathamkelkar/ros2_ws/install/px4_msgs/include/px4_msgs/px4_msgs/msg/detail/vehicle_local_position__traits.hpp
[6.055s] -- Up-to-date symlink: /home/prathamkelkar/ros2_ws/install/px4_msgs/include/px4_msgs/px4_msgs/msg/detail/vehicle_local_position__type_support.hpp
[6.055s] -- Up-to-date symlink: /home/prathamkelkar/ros2_ws/install/px4_msgs/include/px4_msgs/px4_msgs/msg/detail/vehicle_local_position_setpoint__builder.hpp
[6.055s] -- Up-to-date symlink: /home/prathamkelkar/ros2_ws/install/px4_msgs/include/px4_msgs/px4_msgs/msg/detail/vehicle_local_position_setpoint__struct.hpp
[6.055s] -- Up-to-date symlink: /home/prathamkelkar/ros2_ws/install/px4_msgs/include/px4_msgs/px4_msgs/msg/detail/vehicle_local_position_setpoint__traits.hpp
[6.055s] -- Up-to-date symlink: /home/prathamkelkar/ros2_ws/install/px4_msgs/include/px4_msgs/px4_msgs/msg/detail/vehicle_local_position_setpoint__type_support.hpp
[6.056s] -- Up-to-date symlink: /home/prathamkelkar/ros2_ws/install/px4_msgs/include/px4_msgs/px4_msgs/msg/detail/vehicle_magnetometer__builder.hpp
[6.056s] -- Up-to-date symlink: /home/prathamkelkar/ros2_ws/install/px4_msgs/include/px4_msgs/px4_msgs/msg/detail/vehicle_magnetometer__struct.hpp
[6.056s] -- Up-to-date symlink: /home/prathamkelkar/ros2_ws/install/px4_msgs/include/px4_msgs/px4_msgs/msg/detail/vehicle_magnetometer__traits.hpp
[6.056s] -- Up-to-date symlink: /home/prathamkelkar/ros2_ws/install/px4_msgs/include/px4_msgs/px4_msgs/msg/detail/vehicle_magnetometer__type_support.hpp
[6.056s] -- Up-to-date symlink: /home/prathamkelkar/ros2_ws/install/px4_msgs/include/px4_msgs/px4_msgs/msg/detail/vehicle_odometry__builder.hpp
[6.056s] -- Up-to-date symlink: /home/prathamkelkar/ros2_ws/install/px4_msgs/include/px4_msgs/px4_msgs/msg/detail/vehicle_odometry__struct.hpp
[6.056s] -- Up-to-date symlink: /home/prathamkelkar/ros2_ws/install/px4_msgs/include/px4_msgs/px4_msgs/msg/detail/vehicle_odometry__traits.hpp
[6.056s] -- Up-to-date symlink: /home/prathamkelkar/ros2_ws/install/px4_msgs/include/px4_msgs/px4_msgs/msg/detail/vehicle_odometry__type_support.hpp
[6.057s] -- Up-to-date symlink: /home/prathamkelkar/ros2_ws/install/px4_msgs/include/px4_msgs/px4_msgs/msg/detail/vehicle_optical_flow__builder.hpp
[6.057s] -- Up-to-date symlink: /home/prathamkelkar/ros2_ws/install/px4_msgs/include/px4_msgs/px4_msgs/msg/detail/vehicle_optical_flow__struct.hpp
[6.057s] -- Up-to-date symlink: /home/prathamkelkar/ros2_ws/install/px4_msgs/include/px4_msgs/px4_msgs/msg/detail/vehicle_optical_flow__traits.hpp
[6.057s] -- Up-to-date symlink: /home/prathamkelkar/ros2_ws/install/px4_msgs/include/px4_msgs/px4_msgs/msg/detail/vehicle_optical_flow__type_support.hpp
[6.057s] -- Up-to-date symlink: /home/prathamkelkar/ros2_ws/install/px4_msgs/include/px4_msgs/px4_msgs/msg/detail/vehicle_optical_flow_vel__builder.hpp
[6.057s] -- Up-to-date symlink: /home/prathamkelkar/ros2_ws/install/px4_msgs/include/px4_msgs/px4_msgs/msg/detail/vehicle_optical_flow_vel__struct.hpp
[6.057s] -- Up-to-date symlink: /home/prathamkelkar/ros2_ws/install/px4_msgs/include/px4_msgs/px4_msgs/msg/detail/vehicle_optical_flow_vel__traits.hpp
[6.058s] -- Up-to-date symlink: /home/prathamkelkar/ros2_ws/install/px4_msgs/include/px4_msgs/px4_msgs/msg/detail/vehicle_optical_flow_vel__type_support.hpp
[6.058s] -- Up-to-date symlink: /home/prathamkelkar/ros2_ws/install/px4_msgs/include/px4_msgs/px4_msgs/msg/detail/vehicle_rates_setpoint__builder.hpp
[6.058s] -- Up-to-date symlink: /home/prathamkelkar/ros2_ws/install/px4_msgs/include/px4_msgs/px4_msgs/msg/detail/vehicle_rates_setpoint__struct.hpp
[6.058s] -- Up-to-date symlink: /home/prathamkelkar/ros2_ws/install/px4_msgs/include/px4_msgs/px4_msgs/msg/detail/vehicle_rates_setpoint__traits.hpp
[6.058s] -- Up-to-date symlink: /home/prathamkelkar/ros2_ws/install/px4_msgs/include/px4_msgs/px4_msgs/msg/detail/vehicle_rates_setpoint__type_support.hpp
[6.058s] -- Up-to-date symlink: /home/prathamkelkar/ros2_ws/install/px4_msgs/include/px4_msgs/px4_msgs/msg/detail/vehicle_roi__builder.hpp
[6.058s] -- Up-to-date symlink: /home/prathamkelkar/ros2_ws/install/px4_msgs/include/px4_msgs/px4_msgs/msg/detail/vehicle_roi__struct.hpp
[6.058s] -- Up-to-date symlink: /home/prathamkelkar/ros2_ws/install/px4_msgs/include/px4_msgs/px4_msgs/msg/detail/vehicle_roi__traits.hpp
[6.058s] -- Up-to-date symlink: /home/prathamkelkar/ros2_ws/install/px4_msgs/include/px4_msgs/px4_msgs/msg/detail/vehicle_roi__type_support.hpp
[6.059s] -- Up-to-date symlink: /home/prathamkelkar/ros2_ws/install/px4_msgs/include/px4_msgs/px4_msgs/msg/detail/vehicle_status__builder.hpp
[6.059s] -- Up-to-date symlink: /home/prathamkelkar/ros2_ws/install/px4_msgs/include/px4_msgs/px4_msgs/msg/detail/vehicle_status__struct.hpp
[6.059s] -- Up-to-date symlink: /home/prathamkelkar/ros2_ws/install/px4_msgs/include/px4_msgs/px4_msgs/msg/detail/vehicle_status__traits.hpp
[6.059s] -- Up-to-date symlink: /home/prathamkelkar/ros2_ws/install/px4_msgs/include/px4_msgs/px4_msgs/msg/detail/vehicle_status__type_support.hpp
[6.059s] -- Up-to-date symlink: /home/prathamkelkar/ros2_ws/install/px4_msgs/include/px4_msgs/px4_msgs/msg/detail/vehicle_thrust_setpoint__builder.hpp
[6.059s] -- Up-to-date symlink: /home/prathamkelkar/ros2_ws/install/px4_msgs/include/px4_msgs/px4_msgs/msg/detail/vehicle_thrust_setpoint__struct.hpp
[6.059s] -- Up-to-date symlink: /home/prathamkelkar/ros2_ws/install/px4_msgs/include/px4_msgs/px4_msgs/msg/detail/vehicle_thrust_setpoint__traits.hpp
[6.059s] -- Up-to-date symlink: /home/prathamkelkar/ros2_ws/install/px4_msgs/include/px4_msgs/px4_msgs/msg/detail/vehicle_thrust_setpoint__type_support.hpp
[6.059s] -- Up-to-date symlink: /home/prathamkelkar/ros2_ws/install/px4_msgs/include/px4_msgs/px4_msgs/msg/detail/vehicle_torque_setpoint__builder.hpp
[6.060s] -- Up-to-date symlink: /home/prathamkelkar/ros2_ws/install/px4_msgs/include/px4_msgs/px4_msgs/msg/detail/vehicle_torque_setpoint__struct.hpp
[6.060s] -- Up-to-date symlink: /home/prathamkelkar/ros2_ws/install/px4_msgs/include/px4_msgs/px4_msgs/msg/detail/vehicle_torque_setpoint__traits.hpp
[6.060s] -- Up-to-date symlink: /home/prathamkelkar/ros2_ws/install/px4_msgs/include/px4_msgs/px4_msgs/msg/detail/vehicle_torque_setpoint__type_support.hpp
[6.060s] -- Up-to-date symlink: /home/prathamkelkar/ros2_ws/install/px4_msgs/include/px4_msgs/px4_msgs/msg/detail/vehicle_trajectory_bezier__builder.hpp
[6.060s] -- Up-to-date symlink: /home/prathamkelkar/ros2_ws/install/px4_msgs/include/px4_msgs/px4_msgs/msg/detail/vehicle_trajectory_bezier__struct.hpp
[6.060s] -- Up-to-date symlink: /home/prathamkelkar/ros2_ws/install/px4_msgs/include/px4_msgs/px4_msgs/msg/detail/vehicle_trajectory_bezier__traits.hpp
[6.060s] -- Up-to-date symlink: /home/prathamkelkar/ros2_ws/install/px4_msgs/include/px4_msgs/px4_msgs/msg/detail/vehicle_trajectory_bezier__type_support.hpp
[6.060s] -- Up-to-date symlink: /home/prathamkelkar/ros2_ws/install/px4_msgs/include/px4_msgs/px4_msgs/msg/detail/vehicle_trajectory_waypoint__builder.hpp
[6.060s] -- Up-to-date symlink: /home/prathamkelkar/ros2_ws/install/px4_msgs/include/px4_msgs/px4_msgs/msg/detail/vehicle_trajectory_waypoint__struct.hpp
[6.061s] -- Up-to-date symlink: /home/prathamkelkar/ros2_ws/install/px4_msgs/include/px4_msgs/px4_msgs/msg/detail/vehicle_trajectory_waypoint__traits.hpp
[6.061s] -- Up-to-date symlink: /home/prathamkelkar/ros2_ws/install/px4_msgs/include/px4_msgs/px4_msgs/msg/detail/vehicle_trajectory_waypoint__type_support.hpp
[6.061s] -- Up-to-date symlink: /home/prathamkelkar/ros2_ws/install/px4_msgs/include/px4_msgs/px4_msgs/msg/detail/velocity_limits__builder.hpp
[6.061s] -- Up-to-date symlink: /home/prathamkelkar/ros2_ws/install/px4_msgs/include/px4_msgs/px4_msgs/msg/detail/velocity_limits__struct.hpp
[6.061s] -- Up-to-date symlink: /home/prathamkelkar/ros2_ws/install/px4_msgs/include/px4_msgs/px4_msgs/msg/detail/velocity_limits__traits.hpp
[6.061s] -- Up-to-date symlink: /home/prathamkelkar/ros2_ws/install/px4_msgs/include/px4_msgs/px4_msgs/msg/detail/velocity_limits__type_support.hpp
[6.061s] -- Up-to-date symlink: /home/prathamkelkar/ros2_ws/install/px4_msgs/include/px4_msgs/px4_msgs/msg/detail/vtol_vehicle_status__builder.hpp
[6.061s] -- Up-to-date symlink: /home/prathamkelkar/ros2_ws/install/px4_msgs/include/px4_msgs/px4_msgs/msg/detail/vtol_vehicle_status__struct.hpp
[6.061s] -- Up-to-date symlink: /home/prathamkelkar/ros2_ws/install/px4_msgs/include/px4_msgs/px4_msgs/msg/detail/vtol_vehicle_status__traits.hpp
[6.062s] -- Up-to-date symlink: /home/prathamkelkar/ros2_ws/install/px4_msgs/include/px4_msgs/px4_msgs/msg/detail/vtol_vehicle_status__type_support.hpp
[6.062s] -- Up-to-date symlink: /home/prathamkelkar/ros2_ws/install/px4_msgs/include/px4_msgs/px4_msgs/msg/detail/wheel_encoders__builder.hpp
[6.062s] -- Up-to-date symlink: /home/prathamkelkar/ros2_ws/install/px4_msgs/include/px4_msgs/px4_msgs/msg/detail/wheel_encoders__struct.hpp
[6.062s] -- Up-to-date symlink: /home/prathamkelkar/ros2_ws/install/px4_msgs/include/px4_msgs/px4_msgs/msg/detail/wheel_encoders__traits.hpp
[6.062s] -- Up-to-date symlink: /home/prathamkelkar/ros2_ws/install/px4_msgs/include/px4_msgs/px4_msgs/msg/detail/wheel_encoders__type_support.hpp
[6.062s] -- Up-to-date symlink: /home/prathamkelkar/ros2_ws/install/px4_msgs/include/px4_msgs/px4_msgs/msg/detail/wind__builder.hpp
[6.062s] -- Up-to-date symlink: /home/prathamkelkar/ros2_ws/install/px4_msgs/include/px4_msgs/px4_msgs/msg/detail/wind__struct.hpp
[6.062s] -- Up-to-date symlink: /home/prathamkelkar/ros2_ws/install/px4_msgs/include/px4_msgs/px4_msgs/msg/detail/wind__traits.hpp
[6.062s] -- Up-to-date symlink: /home/prathamkelkar/ros2_ws/install/px4_msgs/include/px4_msgs/px4_msgs/msg/detail/wind__type_support.hpp
[6.063s] -- Up-to-date symlink: /home/prathamkelkar/ros2_ws/install/px4_msgs/include/px4_msgs/px4_msgs/msg/detail/yaw_estimator_status__builder.hpp
[6.063s] -- Up-to-date symlink: /home/prathamkelkar/ros2_ws/install/px4_msgs/include/px4_msgs/px4_msgs/msg/detail/yaw_estimator_status__struct.hpp
[6.063s] -- Up-to-date symlink: /home/prathamkelkar/ros2_ws/install/px4_msgs/include/px4_msgs/px4_msgs/msg/detail/yaw_estimator_status__traits.hpp
[6.063s] -- Up-to-date symlink: /home/prathamkelkar/ros2_ws/install/px4_msgs/include/px4_msgs/px4_msgs/msg/detail/yaw_estimator_status__type_support.hpp
[6.063s] -- Up-to-date symlink: /home/prathamkelkar/ros2_ws/install/px4_msgs/include/px4_msgs/px4_msgs/msg/differential_drive_setpoint.hpp
[6.063s] -- Up-to-date symlink: /home/prathamkelkar/ros2_ws/install/px4_msgs/include/px4_msgs/px4_msgs/msg/differential_pressure.hpp
[6.063s] -- Up-to-date symlink: /home/prathamkelkar/ros2_ws/install/px4_msgs/include/px4_msgs/px4_msgs/msg/distance_sensor.hpp
[6.063s] -- Up-to-date symlink: /home/prathamkelkar/ros2_ws/install/px4_msgs/include/px4_msgs/px4_msgs/msg/ekf2_timestamps.hpp
[6.063s] -- Up-to-date symlink: /home/prathamkelkar/ros2_ws/install/px4_msgs/include/px4_msgs/px4_msgs/msg/esc_report.hpp
[6.064s] -- Up-to-date symlink: /home/prathamkelkar/ros2_ws/install/px4_msgs/include/px4_msgs/px4_msgs/msg/esc_status.hpp
[6.064s] -- Up-to-date symlink: /home/prathamkelkar/ros2_ws/install/px4_msgs/include/px4_msgs/px4_msgs/msg/estimator_aid_source1d.hpp
[6.064s] -- Up-to-date symlink: /home/prathamkelkar/ros2_ws/install/px4_msgs/include/px4_msgs/px4_msgs/msg/estimator_aid_source2d.hpp
[6.064s] -- Up-to-date symlink: /home/prathamkelkar/ros2_ws/install/px4_msgs/include/px4_msgs/px4_msgs/msg/estimator_aid_source3d.hpp
[6.064s] -- Up-to-date symlink: /home/prathamkelkar/ros2_ws/install/px4_msgs/include/px4_msgs/px4_msgs/msg/estimator_bias.hpp
[6.064s] -- Up-to-date symlink: /home/prathamkelkar/ros2_ws/install/px4_msgs/include/px4_msgs/px4_msgs/msg/estimator_bias3d.hpp
[6.064s] -- Up-to-date symlink: /home/prathamkelkar/ros2_ws/install/px4_msgs/include/px4_msgs/px4_msgs/msg/estimator_event_flags.hpp
[6.064s] -- Up-to-date symlink: /home/prathamkelkar/ros2_ws/install/px4_msgs/include/px4_msgs/px4_msgs/msg/estimator_gps_status.hpp
[6.065s] -- Up-to-date symlink: /home/prathamkelkar/ros2_ws/install/px4_msgs/include/px4_msgs/px4_msgs/msg/estimator_innovations.hpp
[6.065s] -- Up-to-date symlink: /home/prathamkelkar/ros2_ws/install/px4_msgs/include/px4_msgs/px4_msgs/msg/estimator_selector_status.hpp
[6.065s] -- Up-to-date symlink: /home/prathamkelkar/ros2_ws/install/px4_msgs/include/px4_msgs/px4_msgs/msg/estimator_sensor_bias.hpp
[6.065s] -- Up-to-date symlink: /home/prathamkelkar/ros2_ws/install/px4_msgs/include/px4_msgs/px4_msgs/msg/estimator_states.hpp
[6.065s] -- Up-to-date symlink: /home/prathamkelkar/ros2_ws/install/px4_msgs/include/px4_msgs/px4_msgs/msg/estimator_status.hpp
[6.065s] -- Up-to-date symlink: /home/prathamkelkar/ros2_ws/install/px4_msgs/include/px4_msgs/px4_msgs/msg/estimator_status_flags.hpp
[6.065s] -- Up-to-date symlink: /home/prathamkelkar/ros2_ws/install/px4_msgs/include/px4_msgs/px4_msgs/msg/event.hpp
[6.065s] -- Up-to-date symlink: /home/prathamkelkar/ros2_ws/install/px4_msgs/include/px4_msgs/px4_msgs/msg/failsafe_flags.hpp
[6.065s] -- Up-to-date symlink: /home/prathamkelkar/ros2_ws/install/px4_msgs/include/px4_msgs/px4_msgs/msg/failure_detector_status.hpp
[6.066s] -- Up-to-date symlink: /home/prathamkelkar/ros2_ws/install/px4_msgs/include/px4_msgs/px4_msgs/msg/figure_eight_status.hpp
[6.066s] -- Up-to-date symlink: /home/prathamkelkar/ros2_ws/install/px4_msgs/include/px4_msgs/px4_msgs/msg/flight_phase_estimation.hpp
[6.066s] -- Up-to-date symlink: /home/prathamkelkar/ros2_ws/install/px4_msgs/include/px4_msgs/px4_msgs/msg/follow_target.hpp
[6.066s] -- Up-to-date symlink: /home/prathamkelkar/ros2_ws/install/px4_msgs/include/px4_msgs/px4_msgs/msg/follow_target_estimator.hpp
[6.066s] -- Up-to-date symlink: /home/prathamkelkar/ros2_ws/install/px4_msgs/include/px4_msgs/px4_msgs/msg/follow_target_status.hpp
[6.066s] -- Up-to-date symlink: /home/prathamkelkar/ros2_ws/install/px4_msgs/include/px4_msgs/px4_msgs/msg/generator_status.hpp
[6.066s] -- Up-to-date symlink: /home/prathamkelkar/ros2_ws/install/px4_msgs/include/px4_msgs/px4_msgs/msg/geofence_result.hpp
[6.066s] -- Up-to-date symlink: /home/prathamkelkar/ros2_ws/install/px4_msgs/include/px4_msgs/px4_msgs/msg/geofence_status.hpp
[6.067s] -- Up-to-date symlink: /home/prathamkelkar/ros2_ws/install/px4_msgs/include/px4_msgs/px4_msgs/msg/gimbal_controls.hpp
[6.067s] -- Up-to-date symlink: /home/prathamkelkar/ros2_ws/install/px4_msgs/include/px4_msgs/px4_msgs/msg/gimbal_device_attitude_status.hpp
[6.067s] -- Up-to-date symlink: /home/prathamkelkar/ros2_ws/install/px4_msgs/include/px4_msgs/px4_msgs/msg/gimbal_device_information.hpp
[6.067s] -- Up-to-date symlink: /home/prathamkelkar/ros2_ws/install/px4_msgs/include/px4_msgs/px4_msgs/msg/gimbal_device_set_attitude.hpp
[6.067s] -- Up-to-date symlink: /home/prathamkelkar/ros2_ws/install/px4_msgs/include/px4_msgs/px4_msgs/msg/gimbal_manager_information.hpp
[6.067s] -- Up-to-date symlink: /home/prathamkelkar/ros2_ws/install/px4_msgs/include/px4_msgs/px4_msgs/msg/gimbal_manager_set_attitude.hpp
[6.067s] -- Up-to-date symlink: /home/prathamkelkar/ros2_ws/install/px4_msgs/include/px4_msgs/px4_msgs/msg/gimbal_manager_set_manual_control.hpp
[6.068s] -- Up-to-date symlink: /home/prathamkelkar/ros2_ws/install/px4_msgs/include/px4_msgs/px4_msgs/msg/gimbal_manager_status.hpp
[6.068s] -- Up-to-date symlink: /home/prathamkelkar/ros2_ws/install/px4_msgs/include/px4_msgs/px4_msgs/msg/goto_setpoint.hpp
[6.068s] -- Up-to-date symlink: /home/prathamkelkar/ros2_ws/install/px4_msgs/include/px4_msgs/px4_msgs/msg/gpio_config.hpp
[6.068s] -- Up-to-date symlink: /home/prathamkelkar/ros2_ws/install/px4_msgs/include/px4_msgs/px4_msgs/msg/gpio_in.hpp
[6.068s] -- Up-to-date symlink: /home/prathamkelkar/ros2_ws/install/px4_msgs/include/px4_msgs/px4_msgs/msg/gpio_out.hpp
[6.068s] -- Up-to-date symlink: /home/prathamkelkar/ros2_ws/install/px4_msgs/include/px4_msgs/px4_msgs/msg/gpio_request.hpp
[6.068s] -- Up-to-date symlink: /home/prathamkelkar/ros2_ws/install/px4_msgs/include/px4_msgs/px4_msgs/msg/gps_dump.hpp
[6.068s] -- Up-to-date symlink: /home/prathamkelkar/ros2_ws/install/px4_msgs/include/px4_msgs/px4_msgs/msg/gps_inject_data.hpp
[6.068s] -- Up-to-date symlink: /home/prathamkelkar/ros2_ws/install/px4_msgs/include/px4_msgs/px4_msgs/msg/gripper.hpp
[6.068s] -- Up-to-date symlink: /home/prathamkelkar/ros2_ws/install/px4_msgs/include/px4_msgs/px4_msgs/msg/health_report.hpp
[6.068s] -- Up-to-date symlink: /home/prathamkelkar/ros2_ws/install/px4_msgs/include/px4_msgs/px4_msgs/msg/heater_status.hpp
[6.069s] -- Up-to-date symlink: /home/prathamkelkar/ros2_ws/install/px4_msgs/include/px4_msgs/px4_msgs/msg/home_position.hpp
[6.069s] -- Up-to-date symlink: /home/prathamkelkar/ros2_ws/install/px4_msgs/include/px4_msgs/px4_msgs/msg/hover_thrust_estimate.hpp
[6.069s] -- Up-to-date symlink: /home/prathamkelkar/ros2_ws/install/px4_msgs/include/px4_msgs/px4_msgs/msg/input_rc.hpp
[6.069s] -- Up-to-date symlink: /home/prathamkelkar/ros2_ws/install/px4_msgs/include/px4_msgs/px4_msgs/msg/internal_combustion_engine_status.hpp
[6.069s] -- Up-to-date symlink: /home/prathamkelkar/ros2_ws/install/px4_msgs/include/px4_msgs/px4_msgs/msg/iridiumsbd_status.hpp
[6.069s] -- Up-to-date symlink: /home/prathamkelkar/ros2_ws/install/px4_msgs/include/px4_msgs/px4_msgs/msg/irlock_report.hpp
[6.069s] -- Up-to-date symlink: /home/prathamkelkar/ros2_ws/install/px4_msgs/include/px4_msgs/px4_msgs/msg/landing_gear.hpp
[6.069s] -- Up-to-date symlink: /home/prathamkelkar/ros2_ws/install/px4_msgs/include/px4_msgs/px4_msgs/msg/landing_gear_wheel.hpp
[6.069s] -- Up-to-date symlink: /home/prathamkelkar/ros2_ws/install/px4_msgs/include/px4_msgs/px4_msgs/msg/landing_target_innovations.hpp
[6.069s] -- Up-to-date symlink: /home/prathamkelkar/ros2_ws/install/px4_msgs/include/px4_msgs/px4_msgs/msg/landing_target_pose.hpp
[6.069s] -- Up-to-date symlink: /home/prathamkelkar/ros2_ws/install/px4_msgs/include/px4_msgs/px4_msgs/msg/launch_detection_status.hpp
[6.070s] -- Up-to-date symlink: /home/prathamkelkar/ros2_ws/install/px4_msgs/include/px4_msgs/px4_msgs/msg/led_control.hpp
[6.070s] -- Up-to-date symlink: /home/prathamkelkar/ros2_ws/install/px4_msgs/include/px4_msgs/px4_msgs/msg/log_message.hpp
[6.070s] -- Up-to-date symlink: /home/prathamkelkar/ros2_ws/install/px4_msgs/include/px4_msgs/px4_msgs/msg/logger_status.hpp
[6.070s] -- Up-to-date symlink: /home/prathamkelkar/ros2_ws/install/px4_msgs/include/px4_msgs/px4_msgs/msg/mag_worker_data.hpp
[6.070s] -- Up-to-date symlink: /home/prathamkelkar/ros2_ws/install/px4_msgs/include/px4_msgs/px4_msgs/msg/magnetometer_bias_estimate.hpp
[6.070s] -- Up-to-date symlink: /home/prathamkelkar/ros2_ws/install/px4_msgs/include/px4_msgs/px4_msgs/msg/manual_control_setpoint.hpp
[6.070s] -- Up-to-date symlink: /home/prathamkelkar/ros2_ws/install/px4_msgs/include/px4_msgs/px4_msgs/msg/manual_control_switches.hpp
[6.070s] -- Up-to-date symlink: /home/prathamkelkar/ros2_ws/install/px4_msgs/include/px4_msgs/px4_msgs/msg/mavlink_log.hpp
[6.070s] -- Up-to-date symlink: /home/prathamkelkar/ros2_ws/install/px4_msgs/include/px4_msgs/px4_msgs/msg/mavlink_tunnel.hpp
[6.070s] -- Up-to-date symlink: /home/prathamkelkar/ros2_ws/install/px4_msgs/include/px4_msgs/px4_msgs/msg/message_format_request.hpp
[6.071s] -- Up-to-date symlink: /home/prathamkelkar/ros2_ws/install/px4_msgs/include/px4_msgs/px4_msgs/msg/message_format_response.hpp
[6.071s] -- Up-to-date symlink: /home/prathamkelkar/ros2_ws/install/px4_msgs/include/px4_msgs/px4_msgs/msg/mission.hpp
[6.071s] -- Up-to-date symlink: /home/prathamkelkar/ros2_ws/install/px4_msgs/include/px4_msgs/px4_msgs/msg/mission_result.hpp
[6.071s] -- Up-to-date symlink: /home/prathamkelkar/ros2_ws/install/px4_msgs/include/px4_msgs/px4_msgs/msg/mode_completed.hpp
[6.071s] -- Up-to-date symlink: /home/prathamkelkar/ros2_ws/install/px4_msgs/include/px4_msgs/px4_msgs/msg/mount_orientation.hpp
[6.071s] -- Up-to-date symlink: /home/prathamkelkar/ros2_ws/install/px4_msgs/include/px4_msgs/px4_msgs/msg/navigator_mission_item.hpp
[6.071s] -- Up-to-date symlink: /home/prathamkelkar/ros2_ws/install/px4_msgs/include/px4_msgs/px4_msgs/msg/normalized_unsigned_setpoint.hpp
[6.071s] -- Up-to-date symlink: /home/prathamkelkar/ros2_ws/install/px4_msgs/include/px4_msgs/px4_msgs/msg/npfg_status.hpp
[6.071s] -- Up-to-date symlink: /home/prathamkelkar/ros2_ws/install/px4_msgs/include/px4_msgs/px4_msgs/msg/obstacle_distance.hpp
[6.071s] -- Up-to-date symlink: /home/prathamkelkar/ros2_ws/install/px4_msgs/include/px4_msgs/px4_msgs/msg/offboard_control_mode.hpp
[6.071s] -- Up-to-date symlink: /home/prathamkelkar/ros2_ws/install/px4_msgs/include/px4_msgs/px4_msgs/msg/onboard_computer_status.hpp
[6.072s] -- Up-to-date symlink: /home/prathamkelkar/ros2_ws/install/px4_msgs/include/px4_msgs/px4_msgs/msg/orb_test.hpp
[6.072s] -- Up-to-date symlink: /home/prathamkelkar/ros2_ws/install/px4_msgs/include/px4_msgs/px4_msgs/msg/orb_test_large.hpp
[6.072s] -- Up-to-date symlink: /home/prathamkelkar/ros2_ws/install/px4_msgs/include/px4_msgs/px4_msgs/msg/orb_test_medium.hpp
[6.072s] -- Up-to-date symlink: /home/prathamkelkar/ros2_ws/install/px4_msgs/include/px4_msgs/px4_msgs/msg/orbit_status.hpp
[6.072s] -- Up-to-date symlink: /home/prathamkelkar/ros2_ws/install/px4_msgs/include/px4_msgs/px4_msgs/msg/parameter_reset_request.hpp
[6.072s] -- Up-to-date symlink: /home/prathamkelkar/ros2_ws/install/px4_msgs/include/px4_msgs/px4_msgs/msg/parameter_set_used_request.hpp
[6.072s] -- Up-to-date symlink: /home/prathamkelkar/ros2_ws/install/px4_msgs/include/px4_msgs/px4_msgs/msg/parameter_set_value_request.hpp
[6.072s] -- Up-to-date symlink: /home/prathamkelkar/ros2_ws/install/px4_msgs/include/px4_msgs/px4_msgs/msg/parameter_set_value_response.hpp
[6.072s] -- Up-to-date symlink: /home/prathamkelkar/ros2_ws/install/px4_msgs/include/px4_msgs/px4_msgs/msg/parameter_update.hpp
[6.072s] -- Up-to-date symlink: /home/prathamkelkar/ros2_ws/install/px4_msgs/include/px4_msgs/px4_msgs/msg/ping.hpp
[6.072s] -- Up-to-date symlink: /home/prathamkelkar/ros2_ws/install/px4_msgs/include/px4_msgs/px4_msgs/msg/position_controller_landing_status.hpp
[6.073s] -- Up-to-date symlink: /home/prathamkelkar/ros2_ws/install/px4_msgs/include/px4_msgs/px4_msgs/msg/position_controller_status.hpp
[6.073s] -- Up-to-date symlink: /home/prathamkelkar/ros2_ws/install/px4_msgs/include/px4_msgs/px4_msgs/msg/position_setpoint.hpp
[6.073s] -- Up-to-date symlink: /home/prathamkelkar/ros2_ws/install/px4_msgs/include/px4_msgs/px4_msgs/msg/position_setpoint_triplet.hpp
[6.073s] -- Up-to-date symlink: /home/prathamkelkar/ros2_ws/install/px4_msgs/include/px4_msgs/px4_msgs/msg/power_button_state.hpp
[6.073s] -- Up-to-date symlink: /home/prathamkelkar/ros2_ws/install/px4_msgs/include/px4_msgs/px4_msgs/msg/power_monitor.hpp
[6.073s] -- Up-to-date symlink: /home/prathamkelkar/ros2_ws/install/px4_msgs/include/px4_msgs/px4_msgs/msg/pps_capture.hpp
[6.073s] -- Up-to-date symlink: /home/prathamkelkar/ros2_ws/install/px4_msgs/include/px4_msgs/px4_msgs/msg/pwm_input.hpp
[6.073s] -- Up-to-date symlink: /home/prathamkelkar/ros2_ws/install/px4_msgs/include/px4_msgs/px4_msgs/msg/px4io_status.hpp
[6.073s] -- Up-to-date symlink: /home/prathamkelkar/ros2_ws/install/px4_msgs/include/px4_msgs/px4_msgs/msg/qshell_req.hpp
[6.073s] -- Up-to-date symlink: /home/prathamkelkar/ros2_ws/install/px4_msgs/include/px4_msgs/px4_msgs/msg/qshell_retval.hpp
[6.073s] -- Up-to-date symlink: /home/prathamkelkar/ros2_ws/install/px4_msgs/include/px4_msgs/px4_msgs/msg/radio_status.hpp
[6.074s] -- Up-to-date symlink: /home/prathamkelkar/ros2_ws/install/px4_msgs/include/px4_msgs/px4_msgs/msg/rate_ctrl_status.hpp
[6.074s] -- Up-to-date symlink: /home/prathamkelkar/ros2_ws/install/px4_msgs/include/px4_msgs/px4_msgs/msg/rc_channels.hpp
[6.074s] -- Up-to-date symlink: /home/prathamkelkar/ros2_ws/install/px4_msgs/include/px4_msgs/px4_msgs/msg/rc_parameter_map.hpp
[6.074s] -- Up-to-date symlink: /home/prathamkelkar/ros2_ws/install/px4_msgs/include/px4_msgs/px4_msgs/msg/register_ext_component_reply.hpp
[6.074s] -- Up-to-date symlink: /home/prathamkelkar/ros2_ws/install/px4_msgs/include/px4_msgs/px4_msgs/msg/register_ext_component_request.hpp
[6.074s] -- Up-to-date symlink: /home/prathamkelkar/ros2_ws/install/px4_msgs/include/px4_msgs/px4_msgs/msg/rosidl_generator_cpp__visibility_control.hpp
[6.074s] -- Up-to-date symlink: /home/prathamkelkar/ros2_ws/install/px4_msgs/include/px4_msgs/px4_msgs/msg/rpm.hpp
[6.074s] -- Up-to-date symlink: /home/prathamkelkar/ros2_ws/install/px4_msgs/include/px4_msgs/px4_msgs/msg/rtl_status.hpp
[6.074s] -- Up-to-date symlink: /home/prathamkelkar/ros2_ws/install/px4_msgs/include/px4_msgs/px4_msgs/msg/rtl_time_estimate.hpp
[6.075s] -- Up-to-date symlink: /home/prathamkelkar/ros2_ws/install/px4_msgs/include/px4_msgs/px4_msgs/msg/satellite_info.hpp
[6.075s] -- Up-to-date symlink: /home/prathamkelkar/ros2_ws/install/px4_msgs/include/px4_msgs/px4_msgs/msg/sensor_accel.hpp
[6.075s] -- Up-to-date symlink: /home/prathamkelkar/ros2_ws/install/px4_msgs/include/px4_msgs/px4_msgs/msg/sensor_accel_fifo.hpp
[6.075s] -- Up-to-date symlink: /home/prathamkelkar/ros2_ws/install/px4_msgs/include/px4_msgs/px4_msgs/msg/sensor_airflow.hpp
[6.075s] -- Up-to-date symlink: /home/prathamkelkar/ros2_ws/install/px4_msgs/include/px4_msgs/px4_msgs/msg/sensor_baro.hpp
[6.075s] -- Up-to-date symlink: /home/prathamkelkar/ros2_ws/install/px4_msgs/include/px4_msgs/px4_msgs/msg/sensor_combined.hpp
[6.075s] -- Up-to-date symlink: /home/prathamkelkar/ros2_ws/install/px4_msgs/include/px4_msgs/px4_msgs/msg/sensor_correction.hpp
[6.075s] -- Up-to-date symlink: /home/prathamkelkar/ros2_ws/install/px4_msgs/include/px4_msgs/px4_msgs/msg/sensor_gnss_relative.hpp
[6.075s] -- Up-to-date symlink: /home/prathamkelkar/ros2_ws/install/px4_msgs/include/px4_msgs/px4_msgs/msg/sensor_gps.hpp
[6.075s] -- Up-to-date symlink: /home/prathamkelkar/ros2_ws/install/px4_msgs/include/px4_msgs/px4_msgs/msg/sensor_gyro.hpp
[6.076s] -- Up-to-date symlink: /home/prathamkelkar/ros2_ws/install/px4_msgs/include/px4_msgs/px4_msgs/msg/sensor_gyro_fft.hpp
[6.076s] -- Up-to-date symlink: /home/prathamkelkar/ros2_ws/install/px4_msgs/include/px4_msgs/px4_msgs/msg/sensor_gyro_fifo.hpp
[6.076s] -- Up-to-date symlink: /home/prathamkelkar/ros2_ws/install/px4_msgs/include/px4_msgs/px4_msgs/msg/sensor_hygrometer.hpp
[6.076s] -- Up-to-date symlink: /home/prathamkelkar/ros2_ws/install/px4_msgs/include/px4_msgs/px4_msgs/msg/sensor_mag.hpp
[6.076s] -- Up-to-date symlink: /home/prathamkelkar/ros2_ws/install/px4_msgs/include/px4_msgs/px4_msgs/msg/sensor_optical_flow.hpp
[6.076s] -- Up-to-date symlink: /home/prathamkelkar/ros2_ws/install/px4_msgs/include/px4_msgs/px4_msgs/msg/sensor_preflight_mag.hpp
[6.076s] -- Up-to-date symlink: /home/prathamkelkar/ros2_ws/install/px4_msgs/include/px4_msgs/px4_msgs/msg/sensor_selection.hpp
[6.076s] -- Up-to-date symlink: /home/prathamkelkar/ros2_ws/install/px4_msgs/include/px4_msgs/px4_msgs/msg/sensor_uwb.hpp
[6.076s] -- Up-to-date symlink: /home/prathamkelkar/ros2_ws/install/px4_msgs/include/px4_msgs/px4_msgs/msg/sensors_status.hpp
[6.077s] -- Up-to-date symlink: /home/prathamkelkar/ros2_ws/install/px4_msgs/include/px4_msgs/px4_msgs/msg/sensors_status_imu.hpp
[6.077s] -- Up-to-date symlink: /home/prathamkelkar/ros2_ws/install/px4_msgs/include/px4_msgs/px4_msgs/msg/system_power.hpp
[6.077s] -- Up-to-date symlink: /home/prathamkelkar/ros2_ws/install/px4_msgs/include/px4_msgs/px4_msgs/msg/takeoff_status.hpp
[6.077s] -- Up-to-date symlink: /home/prathamkelkar/ros2_ws/install/px4_msgs/include/px4_msgs/px4_msgs/msg/task_stack_info.hpp
[6.077s] -- Up-to-date symlink: /home/prathamkelkar/ros2_ws/install/px4_msgs/include/px4_msgs/px4_msgs/msg/tecs_status.hpp
[6.077s] -- Up-to-date symlink: /home/prathamkelkar/ros2_ws/install/px4_msgs/include/px4_msgs/px4_msgs/msg/telemetry_status.hpp
[6.077s] -- Up-to-date symlink: /home/prathamkelkar/ros2_ws/install/px4_msgs/include/px4_msgs/px4_msgs/msg/tiltrotor_extra_controls.hpp
[6.077s] -- Up-to-date symlink: /home/prathamkelkar/ros2_ws/install/px4_msgs/include/px4_msgs/px4_msgs/msg/timesync_status.hpp
[6.077s] -- Up-to-date symlink: /home/prathamkelkar/ros2_ws/install/px4_msgs/include/px4_msgs/px4_msgs/msg/trajectory_bezier.hpp
[6.077s] -- Up-to-date symlink: /home/prathamkelkar/ros2_ws/install/px4_msgs/include/px4_msgs/px4_msgs/msg/trajectory_setpoint.hpp
[6.078s] -- Up-to-date symlink: /home/prathamkelkar/ros2_ws/install/px4_msgs/include/px4_msgs/px4_msgs/msg/trajectory_waypoint.hpp
[6.078s] -- Up-to-date symlink: /home/prathamkelkar/ros2_ws/install/px4_msgs/include/px4_msgs/px4_msgs/msg/transponder_report.hpp
[6.078s] -- Up-to-date symlink: /home/prathamkelkar/ros2_ws/install/px4_msgs/include/px4_msgs/px4_msgs/msg/tune_control.hpp
[6.078s] -- Up-to-date symlink: /home/prathamkelkar/ros2_ws/install/px4_msgs/include/px4_msgs/px4_msgs/msg/uavcan_parameter_request.hpp
[6.078s] -- Up-to-date symlink: /home/prathamkelkar/ros2_ws/install/px4_msgs/include/px4_msgs/px4_msgs/msg/uavcan_parameter_value.hpp
[6.078s] -- Up-to-date symlink: /home/prathamkelkar/ros2_ws/install/px4_msgs/include/px4_msgs/px4_msgs/msg/ulog_stream.hpp
[6.078s] -- Up-to-date symlink: /home/prathamkelkar/ros2_ws/install/px4_msgs/include/px4_msgs/px4_msgs/msg/ulog_stream_ack.hpp
[6.078s] -- Up-to-date symlink: /home/prathamkelkar/ros2_ws/install/px4_msgs/include/px4_msgs/px4_msgs/msg/unregister_ext_component.hpp
[6.078s] -- Up-to-date symlink: /home/prathamkelkar/ros2_ws/install/px4_msgs/include/px4_msgs/px4_msgs/msg/vehicle_acceleration.hpp
[6.079s] -- Up-to-date symlink: /home/prathamkelkar/ros2_ws/install/px4_msgs/include/px4_msgs/px4_msgs/msg/vehicle_air_data.hpp
[6.079s] -- Up-to-date symlink: /home/prathamkelkar/ros2_ws/install/px4_msgs/include/px4_msgs/px4_msgs/msg/vehicle_angular_acceleration_setpoint.hpp
[6.079s] -- Up-to-date symlink: /home/prathamkelkar/ros2_ws/install/px4_msgs/include/px4_msgs/px4_msgs/msg/vehicle_angular_velocity.hpp
[6.079s] -- Up-to-date symlink: /home/prathamkelkar/ros2_ws/install/px4_msgs/include/px4_msgs/px4_msgs/msg/vehicle_attitude.hpp
[6.079s] -- Up-to-date symlink: /home/prathamkelkar/ros2_ws/install/px4_msgs/include/px4_msgs/px4_msgs/msg/vehicle_attitude_setpoint.hpp
[6.079s] -- Up-to-date symlink: /home/prathamkelkar/ros2_ws/install/px4_msgs/include/px4_msgs/px4_msgs/msg/vehicle_command.hpp
[6.079s] -- Up-to-date symlink: /home/prathamkelkar/ros2_ws/install/px4_msgs/include/px4_msgs/px4_msgs/msg/vehicle_command_ack.hpp
[6.079s] -- Up-to-date symlink: /home/prathamkelkar/ros2_ws/install/px4_msgs/include/px4_msgs/px4_msgs/msg/vehicle_constraints.hpp
[6.079s] -- Up-to-date symlink: /home/prathamkelkar/ros2_ws/install/px4_msgs/include/px4_msgs/px4_msgs/msg/vehicle_control_mode.hpp
[6.079s] -- Up-to-date symlink: /home/prathamkelkar/ros2_ws/install/px4_msgs/include/px4_msgs/px4_msgs/msg/vehicle_global_position.hpp
[6.080s] -- Up-to-date symlink: /home/prathamkelkar/ros2_ws/install/px4_msgs/include/px4_msgs/px4_msgs/msg/vehicle_imu.hpp
[6.080s] -- Up-to-date symlink: /home/prathamkelkar/ros2_ws/install/px4_msgs/include/px4_msgs/px4_msgs/msg/vehicle_imu_status.hpp
[6.080s] -- Up-to-date symlink: /home/prathamkelkar/ros2_ws/install/px4_msgs/include/px4_msgs/px4_msgs/msg/vehicle_land_detected.hpp
[6.080s] -- Up-to-date symlink: /home/prathamkelkar/ros2_ws/install/px4_msgs/include/px4_msgs/px4_msgs/msg/vehicle_local_position.hpp
[6.080s] -- Up-to-date symlink: /home/prathamkelkar/ros2_ws/install/px4_msgs/include/px4_msgs/px4_msgs/msg/vehicle_local_position_setpoint.hpp
[6.080s] -- Up-to-date symlink: /home/prathamkelkar/ros2_ws/install/px4_msgs/include/px4_msgs/px4_msgs/msg/vehicle_magnetometer.hpp
[6.080s] -- Up-to-date symlink: /home/prathamkelkar/ros2_ws/install/px4_msgs/include/px4_msgs/px4_msgs/msg/vehicle_odometry.hpp
[6.080s] -- Up-to-date symlink: /home/prathamkelkar/ros2_ws/install/px4_msgs/include/px4_msgs/px4_msgs/msg/vehicle_optical_flow.hpp
[6.080s] -- Up-to-date symlink: /home/prathamkelkar/ros2_ws/install/px4_msgs/include/px4_msgs/px4_msgs/msg/vehicle_optical_flow_vel.hpp
[6.081s] -- Up-to-date symlink: /home/prathamkelkar/ros2_ws/install/px4_msgs/include/px4_msgs/px4_msgs/msg/vehicle_rates_setpoint.hpp
[6.081s] -- Up-to-date symlink: /home/prathamkelkar/ros2_ws/install/px4_msgs/include/px4_msgs/px4_msgs/msg/vehicle_roi.hpp
[6.081s] -- Up-to-date symlink: /home/prathamkelkar/ros2_ws/install/px4_msgs/include/px4_msgs/px4_msgs/msg/vehicle_status.hpp
[6.081s] -- Up-to-date symlink: /home/prathamkelkar/ros2_ws/install/px4_msgs/include/px4_msgs/px4_msgs/msg/vehicle_thrust_setpoint.hpp
[6.081s] -- Up-to-date symlink: /home/prathamkelkar/ros2_ws/install/px4_msgs/include/px4_msgs/px4_msgs/msg/vehicle_torque_setpoint.hpp
[6.081s] -- Up-to-date symlink: /home/prathamkelkar/ros2_ws/install/px4_msgs/include/px4_msgs/px4_msgs/msg/vehicle_trajectory_bezier.hpp
[6.081s] -- Up-to-date symlink: /home/prathamkelkar/ros2_ws/install/px4_msgs/include/px4_msgs/px4_msgs/msg/vehicle_trajectory_waypoint.hpp
[6.081s] -- Up-to-date symlink: /home/prathamkelkar/ros2_ws/install/px4_msgs/include/px4_msgs/px4_msgs/msg/velocity_limits.hpp
[6.081s] -- Up-to-date symlink: /home/prathamkelkar/ros2_ws/install/px4_msgs/include/px4_msgs/px4_msgs/msg/vtol_vehicle_status.hpp
[6.081s] -- Up-to-date symlink: /home/prathamkelkar/ros2_ws/install/px4_msgs/include/px4_msgs/px4_msgs/msg/wheel_encoders.hpp
[6.082s] -- Up-to-date symlink: /home/prathamkelkar/ros2_ws/install/px4_msgs/include/px4_msgs/px4_msgs/msg/wind.hpp
[6.082s] -- Up-to-date symlink: /home/prathamkelkar/ros2_ws/install/px4_msgs/include/px4_msgs/px4_msgs/msg/yaw_estimator_status.hpp
[6.082s] -- Up-to-date symlink: /home/prathamkelkar/ros2_ws/install/px4_msgs/include/px4_msgs/px4_msgs/srv/detail/vehicle_command__builder.hpp
[6.082s] -- Up-to-date symlink: /home/prathamkelkar/ros2_ws/install/px4_msgs/include/px4_msgs/px4_msgs/srv/detail/vehicle_command__struct.hpp
[6.082s] -- Up-to-date symlink: /home/prathamkelkar/ros2_ws/install/px4_msgs/include/px4_msgs/px4_msgs/srv/detail/vehicle_command__traits.hpp
[6.082s] -- Up-to-date symlink: /home/prathamkelkar/ros2_ws/install/px4_msgs/include/px4_msgs/px4_msgs/srv/detail/vehicle_command__type_support.hpp
[6.082s] -- Up-to-date symlink: /home/prathamkelkar/ros2_ws/install/px4_msgs/include/px4_msgs/px4_msgs/srv/vehicle_command.hpp
[6.082s] -- Up-to-date symlink: /home/prathamkelkar/ros2_ws/install/px4_msgs/include/px4_msgs/px4_msgs/msg/detail/action_request__rosidl_typesupport_fastrtps_cpp.hpp
[6.082s] -- Up-to-date symlink: /home/prathamkelkar/ros2_ws/install/px4_msgs/include/px4_msgs/px4_msgs/msg/detail/actuator_armed__rosidl_typesupport_fastrtps_cpp.hpp
[6.083s] -- Up-to-date symlink: /home/prathamkelkar/ros2_ws/install/px4_msgs/include/px4_msgs/px4_msgs/msg/detail/actuator_controls_status__rosidl_typesupport_fastrtps_cpp.hpp
[6.083s] -- Up-to-date symlink: /home/prathamkelkar/ros2_ws/install/px4_msgs/include/px4_msgs/px4_msgs/msg/detail/actuator_motors__rosidl_typesupport_fastrtps_cpp.hpp
[6.083s] -- Up-to-date symlink: /home/prathamkelkar/ros2_ws/install/px4_msgs/include/px4_msgs/px4_msgs/msg/detail/actuator_outputs__rosidl_typesupport_fastrtps_cpp.hpp
[6.083s] -- Up-to-date symlink: /home/prathamkelkar/ros2_ws/install/px4_msgs/include/px4_msgs/px4_msgs/msg/detail/actuator_servos__rosidl_typesupport_fastrtps_cpp.hpp
[6.083s] -- Up-to-date symlink: /home/prathamkelkar/ros2_ws/install/px4_msgs/include/px4_msgs/px4_msgs/msg/detail/actuator_servos_trim__rosidl_typesupport_fastrtps_cpp.hpp
[6.083s] -- Up-to-date symlink: /home/prathamkelkar/ros2_ws/install/px4_msgs/include/px4_msgs/px4_msgs/msg/detail/actuator_test__rosidl_typesupport_fastrtps_cpp.hpp
[6.083s] -- Up-to-date symlink: /home/prathamkelkar/ros2_ws/install/px4_msgs/include/px4_msgs/px4_msgs/msg/detail/adc_report__rosidl_typesupport_fastrtps_cpp.hpp
[6.083s] -- Up-to-date symlink: /home/prathamkelkar/ros2_ws/install/px4_msgs/include/px4_msgs/px4_msgs/msg/detail/airspeed__rosidl_typesupport_fastrtps_cpp.hpp
[6.083s] -- Up-to-date symlink: /home/prathamkelkar/ros2_ws/install/px4_msgs/include/px4_msgs/px4_msgs/msg/detail/airspeed_validated__rosidl_typesupport_fastrtps_cpp.hpp
[6.083s] -- Up-to-date symlink: /home/prathamkelkar/ros2_ws/install/px4_msgs/include/px4_msgs/px4_msgs/msg/detail/airspeed_wind__rosidl_typesupport_fastrtps_cpp.hpp
[6.084s] -- Up-to-date symlink: /home/prathamkelkar/ros2_ws/install/px4_msgs/include/px4_msgs/px4_msgs/msg/detail/arming_check_reply__rosidl_typesupport_fastrtps_cpp.hpp
[6.084s] -- Up-to-date symlink: /home/prathamkelkar/ros2_ws/install/px4_msgs/include/px4_msgs/px4_msgs/msg/detail/arming_check_request__rosidl_typesupport_fastrtps_cpp.hpp
[6.084s] -- Up-to-date symlink: /home/prathamkelkar/ros2_ws/install/px4_msgs/include/px4_msgs/px4_msgs/msg/detail/autotune_attitude_control_status__rosidl_typesupport_fastrtps_cpp.hpp
[6.084s] -- Up-to-date symlink: /home/prathamkelkar/ros2_ws/install/px4_msgs/include/px4_msgs/px4_msgs/msg/detail/battery_status__rosidl_typesupport_fastrtps_cpp.hpp
[6.084s] -- Up-to-date symlink: /home/prathamkelkar/ros2_ws/install/px4_msgs/include/px4_msgs/px4_msgs/msg/detail/buffer128__rosidl_typesupport_fastrtps_cpp.hpp
[6.084s] -- Up-to-date symlink: /home/prathamkelkar/ros2_ws/install/px4_msgs/include/px4_msgs/px4_msgs/msg/detail/button_event__rosidl_typesupport_fastrtps_cpp.hpp
[6.084s] -- Up-to-date symlink: /home/prathamkelkar/ros2_ws/install/px4_msgs/include/px4_msgs/px4_msgs/msg/detail/camera_capture__rosidl_typesupport_fastrtps_cpp.hpp
[6.084s] -- Up-to-date symlink: /home/prathamkelkar/ros2_ws/install/px4_msgs/include/px4_msgs/px4_msgs/msg/detail/camera_status__rosidl_typesupport_fastrtps_cpp.hpp
[6.084s] -- Up-to-date symlink: /home/prathamkelkar/ros2_ws/install/px4_msgs/include/px4_msgs/px4_msgs/msg/detail/camera_trigger__rosidl_typesupport_fastrtps_cpp.hpp
[6.085s] -- Up-to-date symlink: /home/prathamkelkar/ros2_ws/install/px4_msgs/include/px4_msgs/px4_msgs/msg/detail/can_interface_status__rosidl_typesupport_fastrtps_cpp.hpp
[6.085s] -- Up-to-date symlink: /home/prathamkelkar/ros2_ws/install/px4_msgs/include/px4_msgs/px4_msgs/msg/detail/cellular_status__rosidl_typesupport_fastrtps_cpp.hpp
[6.085s] -- Up-to-date symlink: /home/prathamkelkar/ros2_ws/install/px4_msgs/include/px4_msgs/px4_msgs/msg/detail/collision_constraints__rosidl_typesupport_fastrtps_cpp.hpp
[6.085s] -- Up-to-date symlink: /home/prathamkelkar/ros2_ws/install/px4_msgs/include/px4_msgs/px4_msgs/msg/detail/collision_report__rosidl_typesupport_fastrtps_cpp.hpp
[6.085s] -- Up-to-date symlink: /home/prathamkelkar/ros2_ws/install/px4_msgs/include/px4_msgs/px4_msgs/msg/detail/config_overrides__rosidl_typesupport_fastrtps_cpp.hpp
[6.085s] -- Up-to-date symlink: /home/prathamkelkar/ros2_ws/install/px4_msgs/include/px4_msgs/px4_msgs/msg/detail/control_allocator_status__rosidl_typesupport_fastrtps_cpp.hpp
[6.085s] -- Up-to-date symlink: /home/prathamkelkar/ros2_ws/install/px4_msgs/include/px4_msgs/px4_msgs/msg/detail/cpuload__rosidl_typesupport_fastrtps_cpp.hpp
[6.085s] -- Up-to-date symlink: /home/prathamkelkar/ros2_ws/install/px4_msgs/include/px4_msgs/px4_msgs/msg/detail/dataman_request__rosidl_typesupport_fastrtps_cpp.hpp
[6.086s] -- Up-to-date symlink: /home/prathamkelkar/ros2_ws/install/px4_msgs/include/px4_msgs/px4_msgs/msg/detail/dataman_response__rosidl_typesupport_fastrtps_cpp.hpp
[6.086s] -- Up-to-date symlink: /home/prathamkelkar/ros2_ws/install/px4_msgs/include/px4_msgs/px4_msgs/msg/detail/debug_array__rosidl_typesupport_fastrtps_cpp.hpp
[6.086s] -- Up-to-date symlink: /home/prathamkelkar/ros2_ws/install/px4_msgs/include/px4_msgs/px4_msgs/msg/detail/debug_key_value__rosidl_typesupport_fastrtps_cpp.hpp
[6.086s] -- Up-to-date symlink: /home/prathamkelkar/ros2_ws/install/px4_msgs/include/px4_msgs/px4_msgs/msg/detail/debug_value__rosidl_typesupport_fastrtps_cpp.hpp
[6.086s] -- Up-to-date symlink: /home/prathamkelkar/ros2_ws/install/px4_msgs/include/px4_msgs/px4_msgs/msg/detail/debug_vect__rosidl_typesupport_fastrtps_cpp.hpp
[6.086s] -- Up-to-date symlink: /home/prathamkelkar/ros2_ws/install/px4_msgs/include/px4_msgs/px4_msgs/msg/detail/differential_drive_setpoint__rosidl_typesupport_fastrtps_cpp.hpp
[6.086s] -- Up-to-date symlink: /home/prathamkelkar/ros2_ws/install/px4_msgs/include/px4_msgs/px4_msgs/msg/detail/differential_pressure__rosidl_typesupport_fastrtps_cpp.hpp
[6.086s] -- Up-to-date symlink: /home/prathamkelkar/ros2_ws/install/px4_msgs/include/px4_msgs/px4_msgs/msg/detail/distance_sensor__rosidl_typesupport_fastrtps_cpp.hpp
[6.086s] -- Up-to-date symlink: /home/prathamkelkar/ros2_ws/install/px4_msgs/include/px4_msgs/px4_msgs/msg/detail/ekf2_timestamps__rosidl_typesupport_fastrtps_cpp.hpp
[6.087s] -- Up-to-date symlink: /home/prathamkelkar/ros2_ws/install/px4_msgs/include/px4_msgs/px4_msgs/msg/detail/esc_report__rosidl_typesupport_fastrtps_cpp.hpp
[6.087s] -- Up-to-date symlink: /home/prathamkelkar/ros2_ws/install/px4_msgs/include/px4_msgs/px4_msgs/msg/detail/esc_status__rosidl_typesupport_fastrtps_cpp.hpp
[6.087s] -- Up-to-date symlink: /home/prathamkelkar/ros2_ws/install/px4_msgs/include/px4_msgs/px4_msgs/msg/detail/estimator_aid_source1d__rosidl_typesupport_fastrtps_cpp.hpp
[6.087s] -- Up-to-date symlink: /home/prathamkelkar/ros2_ws/install/px4_msgs/include/px4_msgs/px4_msgs/msg/detail/estimator_aid_source2d__rosidl_typesupport_fastrtps_cpp.hpp
[6.087s] -- Up-to-date symlink: /home/prathamkelkar/ros2_ws/install/px4_msgs/include/px4_msgs/px4_msgs/msg/detail/estimator_aid_source3d__rosidl_typesupport_fastrtps_cpp.hpp
[6.087s] -- Up-to-date symlink: /home/prathamkelkar/ros2_ws/install/px4_msgs/include/px4_msgs/px4_msgs/msg/detail/estimator_bias3d__rosidl_typesupport_fastrtps_cpp.hpp
[6.087s] -- Up-to-date symlink: /home/prathamkelkar/ros2_ws/install/px4_msgs/include/px4_msgs/px4_msgs/msg/detail/estimator_bias__rosidl_typesupport_fastrtps_cpp.hpp
[6.087s] -- Up-to-date symlink: /home/prathamkelkar/ros2_ws/install/px4_msgs/include/px4_msgs/px4_msgs/msg/detail/estimator_event_flags__rosidl_typesupport_fastrtps_cpp.hpp
[6.087s] -- Up-to-date symlink: /home/prathamkelkar/ros2_ws/install/px4_msgs/include/px4_msgs/px4_msgs/msg/detail/estimator_gps_status__rosidl_typesupport_fastrtps_cpp.hpp
[6.087s] -- Up-to-date symlink: /home/prathamkelkar/ros2_ws/install/px4_msgs/include/px4_msgs/px4_msgs/msg/detail/estimator_innovations__rosidl_typesupport_fastrtps_cpp.hpp
[6.088s] -- Up-to-date symlink: /home/prathamkelkar/ros2_ws/install/px4_msgs/include/px4_msgs/px4_msgs/msg/detail/estimator_selector_status__rosidl_typesupport_fastrtps_cpp.hpp
[6.088s] -- Up-to-date symlink: /home/prathamkelkar/ros2_ws/install/px4_msgs/include/px4_msgs/px4_msgs/msg/detail/estimator_sensor_bias__rosidl_typesupport_fastrtps_cpp.hpp
[6.088s] -- Up-to-date symlink: /home/prathamkelkar/ros2_ws/install/px4_msgs/include/px4_msgs/px4_msgs/msg/detail/estimator_states__rosidl_typesupport_fastrtps_cpp.hpp
[6.088s] -- Up-to-date symlink: /home/prathamkelkar/ros2_ws/install/px4_msgs/include/px4_msgs/px4_msgs/msg/detail/estimator_status__rosidl_typesupport_fastrtps_cpp.hpp
[6.088s] -- Up-to-date symlink: /home/prathamkelkar/ros2_ws/install/px4_msgs/include/px4_msgs/px4_msgs/msg/detail/estimator_status_flags__rosidl_typesupport_fastrtps_cpp.hpp
[6.088s] -- Up-to-date symlink: /home/prathamkelkar/ros2_ws/install/px4_msgs/include/px4_msgs/px4_msgs/msg/detail/event__rosidl_typesupport_fastrtps_cpp.hpp
[6.088s] -- Up-to-date symlink: /home/prathamkelkar/ros2_ws/install/px4_msgs/include/px4_msgs/px4_msgs/msg/detail/failsafe_flags__rosidl_typesupport_fastrtps_cpp.hpp
[6.088s] -- Up-to-date symlink: /home/prathamkelkar/ros2_ws/install/px4_msgs/include/px4_msgs/px4_msgs/msg/detail/failure_detector_status__rosidl_typesupport_fastrtps_cpp.hpp
[6.088s] -- Up-to-date symlink: /home/prathamkelkar/ros2_ws/install/px4_msgs/include/px4_msgs/px4_msgs/msg/detail/figure_eight_status__rosidl_typesupport_fastrtps_cpp.hpp
[6.089s] -- Up-to-date symlink: /home/prathamkelkar/ros2_ws/install/px4_msgs/include/px4_msgs/px4_msgs/msg/detail/flight_phase_estimation__rosidl_typesupport_fastrtps_cpp.hpp
[6.089s] -- Up-to-date symlink: /home/prathamkelkar/ros2_ws/install/px4_msgs/include/px4_msgs/px4_msgs/msg/detail/follow_target__rosidl_typesupport_fastrtps_cpp.hpp
[6.089s] -- Up-to-date symlink: /home/prathamkelkar/ros2_ws/install/px4_msgs/include/px4_msgs/px4_msgs/msg/detail/follow_target_estimator__rosidl_typesupport_fastrtps_cpp.hpp
[6.089s] -- Up-to-date symlink: /home/prathamkelkar/ros2_ws/install/px4_msgs/include/px4_msgs/px4_msgs/msg/detail/follow_target_status__rosidl_typesupport_fastrtps_cpp.hpp
[6.089s] -- Up-to-date symlink: /home/prathamkelkar/ros2_ws/install/px4_msgs/include/px4_msgs/px4_msgs/msg/detail/generator_status__rosidl_typesupport_fastrtps_cpp.hpp
[6.089s] -- Up-to-date symlink: /home/prathamkelkar/ros2_ws/install/px4_msgs/include/px4_msgs/px4_msgs/msg/detail/geofence_result__rosidl_typesupport_fastrtps_cpp.hpp
[6.089s] -- Up-to-date symlink: /home/prathamkelkar/ros2_ws/install/px4_msgs/include/px4_msgs/px4_msgs/msg/detail/geofence_status__rosidl_typesupport_fastrtps_cpp.hpp
[6.089s] -- Up-to-date symlink: /home/prathamkelkar/ros2_ws/install/px4_msgs/include/px4_msgs/px4_msgs/msg/detail/gimbal_controls__rosidl_typesupport_fastrtps_cpp.hpp
[6.089s] -- Up-to-date symlink: /home/prathamkelkar/ros2_ws/install/px4_msgs/include/px4_msgs/px4_msgs/msg/detail/gimbal_device_attitude_status__rosidl_typesupport_fastrtps_cpp.hpp
[6.089s] -- Up-to-date symlink: /home/prathamkelkar/ros2_ws/install/px4_msgs/include/px4_msgs/px4_msgs/msg/detail/gimbal_device_information__rosidl_typesupport_fastrtps_cpp.hpp
[6.089s] -- Up-to-date symlink: /home/prathamkelkar/ros2_ws/install/px4_msgs/include/px4_msgs/px4_msgs/msg/detail/gimbal_device_set_attitude__rosidl_typesupport_fastrtps_cpp.hpp
[6.090s] -- Up-to-date symlink: /home/prathamkelkar/ros2_ws/install/px4_msgs/include/px4_msgs/px4_msgs/msg/detail/gimbal_manager_information__rosidl_typesupport_fastrtps_cpp.hpp
[6.090s] -- Up-to-date symlink: /home/prathamkelkar/ros2_ws/install/px4_msgs/include/px4_msgs/px4_msgs/msg/detail/gimbal_manager_set_attitude__rosidl_typesupport_fastrtps_cpp.hpp
[6.090s] -- Up-to-date symlink: /home/prathamkelkar/ros2_ws/install/px4_msgs/include/px4_msgs/px4_msgs/msg/detail/gimbal_manager_set_manual_control__rosidl_typesupport_fastrtps_cpp.hpp
[6.090s] -- Up-to-date symlink: /home/prathamkelkar/ros2_ws/install/px4_msgs/include/px4_msgs/px4_msgs/msg/detail/gimbal_manager_status__rosidl_typesupport_fastrtps_cpp.hpp
[6.090s] -- Up-to-date symlink: /home/prathamkelkar/ros2_ws/install/px4_msgs/include/px4_msgs/px4_msgs/msg/detail/goto_setpoint__rosidl_typesupport_fastrtps_cpp.hpp
[6.090s] -- Up-to-date symlink: /home/prathamkelkar/ros2_ws/install/px4_msgs/include/px4_msgs/px4_msgs/msg/detail/gpio_config__rosidl_typesupport_fastrtps_cpp.hpp
[6.090s] -- Up-to-date symlink: /home/prathamkelkar/ros2_ws/install/px4_msgs/include/px4_msgs/px4_msgs/msg/detail/gpio_in__rosidl_typesupport_fastrtps_cpp.hpp
[6.090s] -- Up-to-date symlink: /home/prathamkelkar/ros2_ws/install/px4_msgs/include/px4_msgs/px4_msgs/msg/detail/gpio_out__rosidl_typesupport_fastrtps_cpp.hpp
[6.090s] -- Up-to-date symlink: /home/prathamkelkar/ros2_ws/install/px4_msgs/include/px4_msgs/px4_msgs/msg/detail/gpio_request__rosidl_typesupport_fastrtps_cpp.hpp
[6.090s] -- Up-to-date symlink: /home/prathamkelkar/ros2_ws/install/px4_msgs/include/px4_msgs/px4_msgs/msg/detail/gps_dump__rosidl_typesupport_fastrtps_cpp.hpp
[6.091s] -- Up-to-date symlink: /home/prathamkelkar/ros2_ws/install/px4_msgs/include/px4_msgs/px4_msgs/msg/detail/gps_inject_data__rosidl_typesupport_fastrtps_cpp.hpp
[6.091s] -- Up-to-date symlink: /home/prathamkelkar/ros2_ws/install/px4_msgs/include/px4_msgs/px4_msgs/msg/detail/gripper__rosidl_typesupport_fastrtps_cpp.hpp
[6.091s] -- Up-to-date symlink: /home/prathamkelkar/ros2_ws/install/px4_msgs/include/px4_msgs/px4_msgs/msg/detail/health_report__rosidl_typesupport_fastrtps_cpp.hpp
[6.091s] -- Up-to-date symlink: /home/prathamkelkar/ros2_ws/install/px4_msgs/include/px4_msgs/px4_msgs/msg/detail/heater_status__rosidl_typesupport_fastrtps_cpp.hpp
[6.091s] -- Up-to-date symlink: /home/prathamkelkar/ros2_ws/install/px4_msgs/include/px4_msgs/px4_msgs/msg/detail/home_position__rosidl_typesupport_fastrtps_cpp.hpp
[6.091s] -- Up-to-date symlink: /home/prathamkelkar/ros2_ws/install/px4_msgs/include/px4_msgs/px4_msgs/msg/detail/hover_thrust_estimate__rosidl_typesupport_fastrtps_cpp.hpp
[6.091s] -- Up-to-date symlink: /home/prathamkelkar/ros2_ws/install/px4_msgs/include/px4_msgs/px4_msgs/msg/detail/input_rc__rosidl_typesupport_fastrtps_cpp.hpp
[6.091s] -- Up-to-date symlink: /home/prathamkelkar/ros2_ws/install/px4_msgs/include/px4_msgs/px4_msgs/msg/detail/internal_combustion_engine_status__rosidl_typesupport_fastrtps_cpp.hpp
[6.091s] -- Up-to-date symlink: /home/prathamkelkar/ros2_ws/install/px4_msgs/include/px4_msgs/px4_msgs/msg/detail/iridiumsbd_status__rosidl_typesupport_fastrtps_cpp.hpp
[6.091s] -- Up-to-date symlink: /home/prathamkelkar/ros2_ws/install/px4_msgs/include/px4_msgs/px4_msgs/msg/detail/irlock_report__rosidl_typesupport_fastrtps_cpp.hpp
[6.091s] -- Up-to-date symlink: /home/prathamkelkar/ros2_ws/install/px4_msgs/include/px4_msgs/px4_msgs/msg/detail/landing_gear__rosidl_typesupport_fastrtps_cpp.hpp
[6.092s] -- Up-to-date symlink: /home/prathamkelkar/ros2_ws/install/px4_msgs/include/px4_msgs/px4_msgs/msg/detail/landing_gear_wheel__rosidl_typesupport_fastrtps_cpp.hpp
[6.092s] -- Up-to-date symlink: /home/prathamkelkar/ros2_ws/install/px4_msgs/include/px4_msgs/px4_msgs/msg/detail/landing_target_innovations__rosidl_typesupport_fastrtps_cpp.hpp
[6.092s] -- Up-to-date symlink: /home/prathamkelkar/ros2_ws/install/px4_msgs/include/px4_msgs/px4_msgs/msg/detail/landing_target_pose__rosidl_typesupport_fastrtps_cpp.hpp
[6.092s] -- Up-to-date symlink: /home/prathamkelkar/ros2_ws/install/px4_msgs/include/px4_msgs/px4_msgs/msg/detail/launch_detection_status__rosidl_typesupport_fastrtps_cpp.hpp
[6.092s] -- Up-to-date symlink: /home/prathamkelkar/ros2_ws/install/px4_msgs/include/px4_msgs/px4_msgs/msg/detail/led_control__rosidl_typesupport_fastrtps_cpp.hpp
[6.092s] -- Up-to-date symlink: /home/prathamkelkar/ros2_ws/install/px4_msgs/include/px4_msgs/px4_msgs/msg/detail/log_message__rosidl_typesupport_fastrtps_cpp.hpp
[6.092s] -- Up-to-date symlink: /home/prathamkelkar/ros2_ws/install/px4_msgs/include/px4_msgs/px4_msgs/msg/detail/logger_status__rosidl_typesupport_fastrtps_cpp.hpp
[6.092s] -- Up-to-date symlink: /home/prathamkelkar/ros2_ws/install/px4_msgs/include/px4_msgs/px4_msgs/msg/detail/mag_worker_data__rosidl_typesupport_fastrtps_cpp.hpp
[6.092s] -- Up-to-date symlink: /home/prathamkelkar/ros2_ws/install/px4_msgs/include/px4_msgs/px4_msgs/msg/detail/magnetometer_bias_estimate__rosidl_typesupport_fastrtps_cpp.hpp
[6.092s] -- Up-to-date symlink: /home/prathamkelkar/ros2_ws/install/px4_msgs/include/px4_msgs/px4_msgs/msg/detail/manual_control_setpoint__rosidl_typesupport_fastrtps_cpp.hpp
[6.092s] -- Up-to-date symlink: /home/prathamkelkar/ros2_ws/install/px4_msgs/include/px4_msgs/px4_msgs/msg/detail/manual_control_switches__rosidl_typesupport_fastrtps_cpp.hpp
[6.093s] -- Up-to-date symlink: /home/prathamkelkar/ros2_ws/install/px4_msgs/include/px4_msgs/px4_msgs/msg/detail/mavlink_log__rosidl_typesupport_fastrtps_cpp.hpp
[6.093s] -- Up-to-date symlink: /home/prathamkelkar/ros2_ws/install/px4_msgs/include/px4_msgs/px4_msgs/msg/detail/mavlink_tunnel__rosidl_typesupport_fastrtps_cpp.hpp
[6.093s] -- Up-to-date symlink: /home/prathamkelkar/ros2_ws/install/px4_msgs/include/px4_msgs/px4_msgs/msg/detail/message_format_request__rosidl_typesupport_fastrtps_cpp.hpp
[6.093s] -- Up-to-date symlink: /home/prathamkelkar/ros2_ws/install/px4_msgs/include/px4_msgs/px4_msgs/msg/detail/message_format_response__rosidl_typesupport_fastrtps_cpp.hpp
[6.093s] -- Up-to-date symlink: /home/prathamkelkar/ros2_ws/install/px4_msgs/include/px4_msgs/px4_msgs/msg/detail/mission__rosidl_typesupport_fastrtps_cpp.hpp
[6.093s] -- Up-to-date symlink: /home/prathamkelkar/ros2_ws/install/px4_msgs/include/px4_msgs/px4_msgs/msg/detail/mission_result__rosidl_typesupport_fastrtps_cpp.hpp
[6.093s] -- Up-to-date symlink: /home/prathamkelkar/ros2_ws/install/px4_msgs/include/px4_msgs/px4_msgs/msg/detail/mode_completed__rosidl_typesupport_fastrtps_cpp.hpp
[6.093s] -- Up-to-date symlink: /home/prathamkelkar/ros2_ws/install/px4_msgs/include/px4_msgs/px4_msgs/msg/detail/mount_orientation__rosidl_typesupport_fastrtps_cpp.hpp
[6.093s] -- Up-to-date symlink: /home/prathamkelkar/ros2_ws/install/px4_msgs/include/px4_msgs/px4_msgs/msg/detail/navigator_mission_item__rosidl_typesupport_fastrtps_cpp.hpp
[6.093s] -- Up-to-date symlink: /home/prathamkelkar/ros2_ws/install/px4_msgs/include/px4_msgs/px4_msgs/msg/detail/normalized_unsigned_setpoint__rosidl_typesupport_fastrtps_cpp.hpp
[6.094s] -- Up-to-date symlink: /home/prathamkelkar/ros2_ws/install/px4_msgs/include/px4_msgs/px4_msgs/msg/detail/npfg_status__rosidl_typesupport_fastrtps_cpp.hpp
[6.094s] -- Up-to-date symlink: /home/prathamkelkar/ros2_ws/install/px4_msgs/include/px4_msgs/px4_msgs/msg/detail/obstacle_distance__rosidl_typesupport_fastrtps_cpp.hpp
[6.094s] -- Up-to-date symlink: /home/prathamkelkar/ros2_ws/install/px4_msgs/include/px4_msgs/px4_msgs/msg/detail/offboard_control_mode__rosidl_typesupport_fastrtps_cpp.hpp
[6.094s] -- Up-to-date symlink: /home/prathamkelkar/ros2_ws/install/px4_msgs/include/px4_msgs/px4_msgs/msg/detail/onboard_computer_status__rosidl_typesupport_fastrtps_cpp.hpp
[6.094s] -- Up-to-date symlink: /home/prathamkelkar/ros2_ws/install/px4_msgs/include/px4_msgs/px4_msgs/msg/detail/orb_test__rosidl_typesupport_fastrtps_cpp.hpp
[6.094s] -- Up-to-date symlink: /home/prathamkelkar/ros2_ws/install/px4_msgs/include/px4_msgs/px4_msgs/msg/detail/orb_test_large__rosidl_typesupport_fastrtps_cpp.hpp
[6.094s] -- Up-to-date symlink: /home/prathamkelkar/ros2_ws/install/px4_msgs/include/px4_msgs/px4_msgs/msg/detail/orb_test_medium__rosidl_typesupport_fastrtps_cpp.hpp
[6.094s] -- Up-to-date symlink: /home/prathamkelkar/ros2_ws/install/px4_msgs/include/px4_msgs/px4_msgs/msg/detail/orbit_status__rosidl_typesupport_fastrtps_cpp.hpp
[6.094s] -- Up-to-date symlink: /home/prathamkelkar/ros2_ws/install/px4_msgs/include/px4_msgs/px4_msgs/msg/detail/parameter_reset_request__rosidl_typesupport_fastrtps_cpp.hpp
[6.094s] -- Up-to-date symlink: /home/prathamkelkar/ros2_ws/install/px4_msgs/include/px4_msgs/px4_msgs/msg/detail/parameter_set_used_request__rosidl_typesupport_fastrtps_cpp.hpp
[6.095s] -- Up-to-date symlink: /home/prathamkelkar/ros2_ws/install/px4_msgs/include/px4_msgs/px4_msgs/msg/detail/parameter_set_value_request__rosidl_typesupport_fastrtps_cpp.hpp
[6.095s] -- Up-to-date symlink: /home/prathamkelkar/ros2_ws/install/px4_msgs/include/px4_msgs/px4_msgs/msg/detail/parameter_set_value_response__rosidl_typesupport_fastrtps_cpp.hpp
[6.095s] -- Up-to-date symlink: /home/prathamkelkar/ros2_ws/install/px4_msgs/include/px4_msgs/px4_msgs/msg/detail/parameter_update__rosidl_typesupport_fastrtps_cpp.hpp
[6.095s] -- Up-to-date symlink: /home/prathamkelkar/ros2_ws/install/px4_msgs/include/px4_msgs/px4_msgs/msg/detail/ping__rosidl_typesupport_fastrtps_cpp.hpp
[6.095s] -- Up-to-date symlink: /home/prathamkelkar/ros2_ws/install/px4_msgs/include/px4_msgs/px4_msgs/msg/detail/position_controller_landing_status__rosidl_typesupport_fastrtps_cpp.hpp
[6.095s] -- Up-to-date symlink: /home/prathamkelkar/ros2_ws/install/px4_msgs/include/px4_msgs/px4_msgs/msg/detail/position_controller_status__rosidl_typesupport_fastrtps_cpp.hpp
[6.095s] -- Up-to-date symlink: /home/prathamkelkar/ros2_ws/install/px4_msgs/include/px4_msgs/px4_msgs/msg/detail/position_setpoint__rosidl_typesupport_fastrtps_cpp.hpp
[6.095s] -- Up-to-date symlink: /home/prathamkelkar/ros2_ws/install/px4_msgs/include/px4_msgs/px4_msgs/msg/detail/position_setpoint_triplet__rosidl_typesupport_fastrtps_cpp.hpp
[6.095s] -- Up-to-date symlink: /home/prathamkelkar/ros2_ws/install/px4_msgs/include/px4_msgs/px4_msgs/msg/detail/power_button_state__rosidl_typesupport_fastrtps_cpp.hpp
[6.095s] -- Up-to-date symlink: /home/prathamkelkar/ros2_ws/install/px4_msgs/include/px4_msgs/px4_msgs/msg/detail/power_monitor__rosidl_typesupport_fastrtps_cpp.hpp
[6.096s] -- Up-to-date symlink: /home/prathamkelkar/ros2_ws/install/px4_msgs/include/px4_msgs/px4_msgs/msg/detail/pps_capture__rosidl_typesupport_fastrtps_cpp.hpp
[6.096s] -- Up-to-date symlink: /home/prathamkelkar/ros2_ws/install/px4_msgs/include/px4_msgs/px4_msgs/msg/detail/pwm_input__rosidl_typesupport_fastrtps_cpp.hpp
[6.096s] -- Up-to-date symlink: /home/prathamkelkar/ros2_ws/install/px4_msgs/include/px4_msgs/px4_msgs/msg/detail/px4io_status__rosidl_typesupport_fastrtps_cpp.hpp
[6.096s] -- Up-to-date symlink: /home/prathamkelkar/ros2_ws/install/px4_msgs/include/px4_msgs/px4_msgs/msg/detail/qshell_req__rosidl_typesupport_fastrtps_cpp.hpp
[6.096s] -- Up-to-date symlink: /home/prathamkelkar/ros2_ws/install/px4_msgs/include/px4_msgs/px4_msgs/msg/detail/qshell_retval__rosidl_typesupport_fastrtps_cpp.hpp
[6.096s] -- Up-to-date symlink: /home/prathamkelkar/ros2_ws/install/px4_msgs/include/px4_msgs/px4_msgs/msg/detail/radio_status__rosidl_typesupport_fastrtps_cpp.hpp
[6.096s] -- Up-to-date symlink: /home/prathamkelkar/ros2_ws/install/px4_msgs/include/px4_msgs/px4_msgs/msg/detail/rate_ctrl_status__rosidl_typesupport_fastrtps_cpp.hpp
[6.096s] -- Up-to-date symlink: /home/prathamkelkar/ros2_ws/install/px4_msgs/include/px4_msgs/px4_msgs/msg/detail/rc_channels__rosidl_typesupport_fastrtps_cpp.hpp
[6.096s] -- Up-to-date symlink: /home/prathamkelkar/ros2_ws/install/px4_msgs/include/px4_msgs/px4_msgs/msg/detail/rc_parameter_map__rosidl_typesupport_fastrtps_cpp.hpp
[6.096s] -- Up-to-date symlink: /home/prathamkelkar/ros2_ws/install/px4_msgs/include/px4_msgs/px4_msgs/msg/detail/register_ext_component_reply__rosidl_typesupport_fastrtps_cpp.hpp
[6.097s] -- Up-to-date symlink: /home/prathamkelkar/ros2_ws/install/px4_msgs/include/px4_msgs/px4_msgs/msg/detail/register_ext_component_request__rosidl_typesupport_fastrtps_cpp.hpp
[6.097s] -- Up-to-date symlink: /home/prathamkelkar/ros2_ws/install/px4_msgs/include/px4_msgs/px4_msgs/msg/detail/rpm__rosidl_typesupport_fastrtps_cpp.hpp
[6.097s] -- Up-to-date symlink: /home/prathamkelkar/ros2_ws/install/px4_msgs/include/px4_msgs/px4_msgs/msg/detail/rtl_status__rosidl_typesupport_fastrtps_cpp.hpp
[6.097s] -- Up-to-date symlink: /home/prathamkelkar/ros2_ws/install/px4_msgs/include/px4_msgs/px4_msgs/msg/detail/rtl_time_estimate__rosidl_typesupport_fastrtps_cpp.hpp
[6.097s] -- Up-to-date symlink: /home/prathamkelkar/ros2_ws/install/px4_msgs/include/px4_msgs/px4_msgs/msg/detail/satellite_info__rosidl_typesupport_fastrtps_cpp.hpp
[6.097s] -- Up-to-date symlink: /home/prathamkelkar/ros2_ws/install/px4_msgs/include/px4_msgs/px4_msgs/msg/detail/sensor_accel__rosidl_typesupport_fastrtps_cpp.hpp
[6.097s] -- Up-to-date symlink: /home/prathamkelkar/ros2_ws/install/px4_msgs/include/px4_msgs/px4_msgs/msg/detail/sensor_accel_fifo__rosidl_typesupport_fastrtps_cpp.hpp
[6.097s] -- Up-to-date symlink: /home/prathamkelkar/ros2_ws/install/px4_msgs/include/px4_msgs/px4_msgs/msg/detail/sensor_airflow__rosidl_typesupport_fastrtps_cpp.hpp
[6.097s] -- Up-to-date symlink: /home/prathamkelkar/ros2_ws/install/px4_msgs/include/px4_msgs/px4_msgs/msg/detail/sensor_baro__rosidl_typesupport_fastrtps_cpp.hpp
[6.097s] -- Up-to-date symlink: /home/prathamkelkar/ros2_ws/install/px4_msgs/include/px4_msgs/px4_msgs/msg/detail/sensor_combined__rosidl_typesupport_fastrtps_cpp.hpp
[6.098s] -- Up-to-date symlink: /home/prathamkelkar/ros2_ws/install/px4_msgs/include/px4_msgs/px4_msgs/msg/detail/sensor_correction__rosidl_typesupport_fastrtps_cpp.hpp
[6.098s] -- Up-to-date symlink: /home/prathamkelkar/ros2_ws/install/px4_msgs/include/px4_msgs/px4_msgs/msg/detail/sensor_gnss_relative__rosidl_typesupport_fastrtps_cpp.hpp
[6.098s] -- Up-to-date symlink: /home/prathamkelkar/ros2_ws/install/px4_msgs/include/px4_msgs/px4_msgs/msg/detail/sensor_gps__rosidl_typesupport_fastrtps_cpp.hpp
[6.098s] -- Up-to-date symlink: /home/prathamkelkar/ros2_ws/install/px4_msgs/include/px4_msgs/px4_msgs/msg/detail/sensor_gyro__rosidl_typesupport_fastrtps_cpp.hpp
[6.098s] -- Up-to-date symlink: /home/prathamkelkar/ros2_ws/install/px4_msgs/include/px4_msgs/px4_msgs/msg/detail/sensor_gyro_fft__rosidl_typesupport_fastrtps_cpp.hpp
[6.098s] -- Up-to-date symlink: /home/prathamkelkar/ros2_ws/install/px4_msgs/include/px4_msgs/px4_msgs/msg/detail/sensor_gyro_fifo__rosidl_typesupport_fastrtps_cpp.hpp
[6.098s] -- Up-to-date symlink: /home/prathamkelkar/ros2_ws/install/px4_msgs/include/px4_msgs/px4_msgs/msg/detail/sensor_hygrometer__rosidl_typesupport_fastrtps_cpp.hpp
[6.098s] -- Up-to-date symlink: /home/prathamkelkar/ros2_ws/install/px4_msgs/include/px4_msgs/px4_msgs/msg/detail/sensor_mag__rosidl_typesupport_fastrtps_cpp.hpp
[6.098s] -- Up-to-date symlink: /home/prathamkelkar/ros2_ws/install/px4_msgs/include/px4_msgs/px4_msgs/msg/detail/sensor_optical_flow__rosidl_typesupport_fastrtps_cpp.hpp
[6.099s] -- Up-to-date symlink: /home/prathamkelkar/ros2_ws/install/px4_msgs/include/px4_msgs/px4_msgs/msg/detail/sensor_preflight_mag__rosidl_typesupport_fastrtps_cpp.hpp
[6.099s] -- Up-to-date symlink: /home/prathamkelkar/ros2_ws/install/px4_msgs/include/px4_msgs/px4_msgs/msg/detail/sensor_selection__rosidl_typesupport_fastrtps_cpp.hpp
[6.099s] -- Up-to-date symlink: /home/prathamkelkar/ros2_ws/install/px4_msgs/include/px4_msgs/px4_msgs/msg/detail/sensor_uwb__rosidl_typesupport_fastrtps_cpp.hpp
[6.099s] -- Up-to-date symlink: /home/prathamkelkar/ros2_ws/install/px4_msgs/include/px4_msgs/px4_msgs/msg/detail/sensors_status__rosidl_typesupport_fastrtps_cpp.hpp
[6.099s] -- Up-to-date symlink: /home/prathamkelkar/ros2_ws/install/px4_msgs/include/px4_msgs/px4_msgs/msg/detail/sensors_status_imu__rosidl_typesupport_fastrtps_cpp.hpp
[6.099s] -- Up-to-date symlink: /home/prathamkelkar/ros2_ws/install/px4_msgs/include/px4_msgs/px4_msgs/msg/detail/system_power__rosidl_typesupport_fastrtps_cpp.hpp
[6.099s] -- Up-to-date symlink: /home/prathamkelkar/ros2_ws/install/px4_msgs/include/px4_msgs/px4_msgs/msg/detail/takeoff_status__rosidl_typesupport_fastrtps_cpp.hpp
[6.099s] -- Up-to-date symlink: /home/prathamkelkar/ros2_ws/install/px4_msgs/include/px4_msgs/px4_msgs/msg/detail/task_stack_info__rosidl_typesupport_fastrtps_cpp.hpp
[6.099s] -- Up-to-date symlink: /home/prathamkelkar/ros2_ws/install/px4_msgs/include/px4_msgs/px4_msgs/msg/detail/tecs_status__rosidl_typesupport_fastrtps_cpp.hpp
[6.099s] -- Up-to-date symlink: /home/prathamkelkar/ros2_ws/install/px4_msgs/include/px4_msgs/px4_msgs/msg/detail/telemetry_status__rosidl_typesupport_fastrtps_cpp.hpp
[6.099s] -- Up-to-date symlink: /home/prathamkelkar/ros2_ws/install/px4_msgs/include/px4_msgs/px4_msgs/msg/detail/tiltrotor_extra_controls__rosidl_typesupport_fastrtps_cpp.hpp
[6.100s] -- Up-to-date symlink: /home/prathamkelkar/ros2_ws/install/px4_msgs/include/px4_msgs/px4_msgs/msg/detail/timesync_status__rosidl_typesupport_fastrtps_cpp.hpp
[6.100s] -- Up-to-date symlink: /home/prathamkelkar/ros2_ws/install/px4_msgs/include/px4_msgs/px4_msgs/msg/detail/trajectory_bezier__rosidl_typesupport_fastrtps_cpp.hpp
[6.100s] -- Up-to-date symlink: /home/prathamkelkar/ros2_ws/install/px4_msgs/include/px4_msgs/px4_msgs/msg/detail/trajectory_setpoint__rosidl_typesupport_fastrtps_cpp.hpp
[6.100s] -- Up-to-date symlink: /home/prathamkelkar/ros2_ws/install/px4_msgs/include/px4_msgs/px4_msgs/msg/detail/trajectory_waypoint__rosidl_typesupport_fastrtps_cpp.hpp
[6.100s] -- Up-to-date symlink: /home/prathamkelkar/ros2_ws/install/px4_msgs/include/px4_msgs/px4_msgs/msg/detail/transponder_report__rosidl_typesupport_fastrtps_cpp.hpp
[6.100s] -- Up-to-date symlink: /home/prathamkelkar/ros2_ws/install/px4_msgs/include/px4_msgs/px4_msgs/msg/detail/tune_control__rosidl_typesupport_fastrtps_cpp.hpp
[6.100s] -- Up-to-date symlink: /home/prathamkelkar/ros2_ws/install/px4_msgs/include/px4_msgs/px4_msgs/msg/detail/uavcan_parameter_request__rosidl_typesupport_fastrtps_cpp.hpp
[6.100s] -- Up-to-date symlink: /home/prathamkelkar/ros2_ws/install/px4_msgs/include/px4_msgs/px4_msgs/msg/detail/uavcan_parameter_value__rosidl_typesupport_fastrtps_cpp.hpp
[6.100s] -- Up-to-date symlink: /home/prathamkelkar/ros2_ws/install/px4_msgs/include/px4_msgs/px4_msgs/msg/detail/ulog_stream__rosidl_typesupport_fastrtps_cpp.hpp
[6.100s] -- Up-to-date symlink: /home/prathamkelkar/ros2_ws/install/px4_msgs/include/px4_msgs/px4_msgs/msg/detail/ulog_stream_ack__rosidl_typesupport_fastrtps_cpp.hpp
[6.100s] -- Up-to-date symlink: /home/prathamkelkar/ros2_ws/install/px4_msgs/include/px4_msgs/px4_msgs/msg/detail/unregister_ext_component__rosidl_typesupport_fastrtps_cpp.hpp
[6.101s] -- Up-to-date symlink: /home/prathamkelkar/ros2_ws/install/px4_msgs/include/px4_msgs/px4_msgs/msg/detail/vehicle_acceleration__rosidl_typesupport_fastrtps_cpp.hpp
[6.101s] -- Up-to-date symlink: /home/prathamkelkar/ros2_ws/install/px4_msgs/include/px4_msgs/px4_msgs/msg/detail/vehicle_air_data__rosidl_typesupport_fastrtps_cpp.hpp
[6.101s] -- Up-to-date symlink: /home/prathamkelkar/ros2_ws/install/px4_msgs/include/px4_msgs/px4_msgs/msg/detail/vehicle_angular_acceleration_setpoint__rosidl_typesupport_fastrtps_cpp.hpp
[6.101s] -- Up-to-date symlink: /home/prathamkelkar/ros2_ws/install/px4_msgs/include/px4_msgs/px4_msgs/msg/detail/vehicle_angular_velocity__rosidl_typesupport_fastrtps_cpp.hpp
[6.101s] -- Up-to-date symlink: /home/prathamkelkar/ros2_ws/install/px4_msgs/include/px4_msgs/px4_msgs/msg/detail/vehicle_attitude__rosidl_typesupport_fastrtps_cpp.hpp
[6.101s] -- Up-to-date symlink: /home/prathamkelkar/ros2_ws/install/px4_msgs/include/px4_msgs/px4_msgs/msg/detail/vehicle_attitude_setpoint__rosidl_typesupport_fastrtps_cpp.hpp
[6.101s] -- Up-to-date symlink: /home/prathamkelkar/ros2_ws/install/px4_msgs/include/px4_msgs/px4_msgs/msg/detail/vehicle_command__rosidl_typesupport_fastrtps_cpp.hpp
[6.101s] -- Up-to-date symlink: /home/prathamkelkar/ros2_ws/install/px4_msgs/include/px4_msgs/px4_msgs/msg/detail/vehicle_command_ack__rosidl_typesupport_fastrtps_cpp.hpp
[6.101s] -- Up-to-date symlink: /home/prathamkelkar/ros2_ws/install/px4_msgs/include/px4_msgs/px4_msgs/msg/detail/vehicle_constraints__rosidl_typesupport_fastrtps_cpp.hpp
[6.101s] -- Up-to-date symlink: /home/prathamkelkar/ros2_ws/install/px4_msgs/include/px4_msgs/px4_msgs/msg/detail/vehicle_control_mode__rosidl_typesupport_fastrtps_cpp.hpp
[6.101s] -- Up-to-date symlink: /home/prathamkelkar/ros2_ws/install/px4_msgs/include/px4_msgs/px4_msgs/msg/detail/vehicle_global_position__rosidl_typesupport_fastrtps_cpp.hpp
[6.102s] -- Up-to-date symlink: /home/prathamkelkar/ros2_ws/install/px4_msgs/include/px4_msgs/px4_msgs/msg/detail/vehicle_imu__rosidl_typesupport_fastrtps_cpp.hpp
[6.102s] -- Up-to-date symlink: /home/prathamkelkar/ros2_ws/install/px4_msgs/include/px4_msgs/px4_msgs/msg/detail/vehicle_imu_status__rosidl_typesupport_fastrtps_cpp.hpp
[6.102s] -- Up-to-date symlink: /home/prathamkelkar/ros2_ws/install/px4_msgs/include/px4_msgs/px4_msgs/msg/detail/vehicle_land_detected__rosidl_typesupport_fastrtps_cpp.hpp
[6.102s] -- Up-to-date symlink: /home/prathamkelkar/ros2_ws/install/px4_msgs/include/px4_msgs/px4_msgs/msg/detail/vehicle_local_position__rosidl_typesupport_fastrtps_cpp.hpp
[6.102s] -- Up-to-date symlink: /home/prathamkelkar/ros2_ws/install/px4_msgs/include/px4_msgs/px4_msgs/msg/detail/vehicle_local_position_setpoint__rosidl_typesupport_fastrtps_cpp.hpp
[6.102s] -- Up-to-date symlink: /home/prathamkelkar/ros2_ws/install/px4_msgs/include/px4_msgs/px4_msgs/msg/detail/vehicle_magnetometer__rosidl_typesupport_fastrtps_cpp.hpp
[6.102s] -- Up-to-date symlink: /home/prathamkelkar/ros2_ws/install/px4_msgs/include/px4_msgs/px4_msgs/msg/detail/vehicle_odometry__rosidl_typesupport_fastrtps_cpp.hpp
[6.102s] -- Up-to-date symlink: /home/prathamkelkar/ros2_ws/install/px4_msgs/include/px4_msgs/px4_msgs/msg/detail/vehicle_optical_flow__rosidl_typesupport_fastrtps_cpp.hpp
[6.102s] -- Up-to-date symlink: /home/prathamkelkar/ros2_ws/install/px4_msgs/include/px4_msgs/px4_msgs/msg/detail/vehicle_optical_flow_vel__rosidl_typesupport_fastrtps_cpp.hpp
[6.102s] -- Up-to-date symlink: /home/prathamkelkar/ros2_ws/install/px4_msgs/include/px4_msgs/px4_msgs/msg/detail/vehicle_rates_setpoint__rosidl_typesupport_fastrtps_cpp.hpp
[6.103s] -- Up-to-date symlink: /home/prathamkelkar/ros2_ws/install/px4_msgs/include/px4_msgs/px4_msgs/msg/detail/vehicle_roi__rosidl_typesupport_fastrtps_cpp.hpp
[6.103s] -- Up-to-date symlink: /home/prathamkelkar/ros2_ws/install/px4_msgs/include/px4_msgs/px4_msgs/msg/detail/vehicle_status__rosidl_typesupport_fastrtps_cpp.hpp
[6.103s] -- Up-to-date symlink: /home/prathamkelkar/ros2_ws/install/px4_msgs/include/px4_msgs/px4_msgs/msg/detail/vehicle_thrust_setpoint__rosidl_typesupport_fastrtps_cpp.hpp
[6.103s] -- Up-to-date symlink: /home/prathamkelkar/ros2_ws/install/px4_msgs/include/px4_msgs/px4_msgs/msg/detail/vehicle_torque_setpoint__rosidl_typesupport_fastrtps_cpp.hpp
[6.103s] -- Up-to-date symlink: /home/prathamkelkar/ros2_ws/install/px4_msgs/include/px4_msgs/px4_msgs/msg/detail/vehicle_trajectory_bezier__rosidl_typesupport_fastrtps_cpp.hpp
[6.103s] -- Up-to-date symlink: /home/prathamkelkar/ros2_ws/install/px4_msgs/include/px4_msgs/px4_msgs/msg/detail/vehicle_trajectory_waypoint__rosidl_typesupport_fastrtps_cpp.hpp
[6.103s] -- Up-to-date symlink: /home/prathamkelkar/ros2_ws/install/px4_msgs/include/px4_msgs/px4_msgs/msg/detail/velocity_limits__rosidl_typesupport_fastrtps_cpp.hpp
[6.103s] -- Up-to-date symlink: /home/prathamkelkar/ros2_ws/install/px4_msgs/include/px4_msgs/px4_msgs/msg/detail/vtol_vehicle_status__rosidl_typesupport_fastrtps_cpp.hpp
[6.103s] -- Up-to-date symlink: /home/prathamkelkar/ros2_ws/install/px4_msgs/include/px4_msgs/px4_msgs/msg/detail/wheel_encoders__rosidl_typesupport_fastrtps_cpp.hpp
[6.103s] -- Up-to-date symlink: /home/prathamkelkar/ros2_ws/install/px4_msgs/include/px4_msgs/px4_msgs/msg/detail/wind__rosidl_typesupport_fastrtps_cpp.hpp
[6.103s] -- Up-to-date symlink: /home/prathamkelkar/ros2_ws/install/px4_msgs/include/px4_msgs/px4_msgs/msg/detail/yaw_estimator_status__rosidl_typesupport_fastrtps_cpp.hpp
[6.104s] -- Up-to-date symlink: /home/prathamkelkar/ros2_ws/install/px4_msgs/include/px4_msgs/px4_msgs/msg/rosidl_typesupport_fastrtps_cpp__visibility_control.h
[6.104s] -- Up-to-date symlink: /home/prathamkelkar/ros2_ws/install/px4_msgs/include/px4_msgs/px4_msgs/srv/detail/vehicle_command__rosidl_typesupport_fastrtps_cpp.hpp
[6.104s] -- Up-to-date symlink: /home/prathamkelkar/ros2_ws/install/px4_msgs/include/px4_msgs/px4_msgs/msg/detail/action_request__rosidl_typesupport_introspection_c.h
[6.104s] -- Up-to-date symlink: /home/prathamkelkar/ros2_ws/install/px4_msgs/include/px4_msgs/px4_msgs/msg/detail/actuator_armed__rosidl_typesupport_introspection_c.h
[6.104s] -- Up-to-date symlink: /home/prathamkelkar/ros2_ws/install/px4_msgs/include/px4_msgs/px4_msgs/msg/detail/actuator_controls_status__rosidl_typesupport_introspection_c.h
[6.104s] -- Up-to-date symlink: /home/prathamkelkar/ros2_ws/install/px4_msgs/include/px4_msgs/px4_msgs/msg/detail/actuator_motors__rosidl_typesupport_introspection_c.h
[6.104s] -- Up-to-date symlink: /home/prathamkelkar/ros2_ws/install/px4_msgs/include/px4_msgs/px4_msgs/msg/detail/actuator_outputs__rosidl_typesupport_introspection_c.h
[6.104s] -- Up-to-date symlink: /home/prathamkelkar/ros2_ws/install/px4_msgs/include/px4_msgs/px4_msgs/msg/detail/actuator_servos__rosidl_typesupport_introspection_c.h
[6.104s] -- Up-to-date symlink: /home/prathamkelkar/ros2_ws/install/px4_msgs/include/px4_msgs/px4_msgs/msg/detail/actuator_servos_trim__rosidl_typesupport_introspection_c.h
[6.104s] -- Up-to-date symlink: /home/prathamkelkar/ros2_ws/install/px4_msgs/include/px4_msgs/px4_msgs/msg/detail/actuator_test__rosidl_typesupport_introspection_c.h
[6.104s] -- Up-to-date symlink: /home/prathamkelkar/ros2_ws/install/px4_msgs/include/px4_msgs/px4_msgs/msg/detail/adc_report__rosidl_typesupport_introspection_c.h
[6.105s] -- Up-to-date symlink: /home/prathamkelkar/ros2_ws/install/px4_msgs/include/px4_msgs/px4_msgs/msg/detail/airspeed__rosidl_typesupport_introspection_c.h
[6.105s] -- Up-to-date symlink: /home/prathamkelkar/ros2_ws/install/px4_msgs/include/px4_msgs/px4_msgs/msg/detail/airspeed_validated__rosidl_typesupport_introspection_c.h
[6.105s] -- Up-to-date symlink: /home/prathamkelkar/ros2_ws/install/px4_msgs/include/px4_msgs/px4_msgs/msg/detail/airspeed_wind__rosidl_typesupport_introspection_c.h
[6.105s] -- Up-to-date symlink: /home/prathamkelkar/ros2_ws/install/px4_msgs/include/px4_msgs/px4_msgs/msg/detail/arming_check_reply__rosidl_typesupport_introspection_c.h
[6.105s] -- Up-to-date symlink: /home/prathamkelkar/ros2_ws/install/px4_msgs/include/px4_msgs/px4_msgs/msg/detail/arming_check_request__rosidl_typesupport_introspection_c.h
[6.105s] -- Up-to-date symlink: /home/prathamkelkar/ros2_ws/install/px4_msgs/include/px4_msgs/px4_msgs/msg/detail/autotune_attitude_control_status__rosidl_typesupport_introspection_c.h
[6.105s] -- Up-to-date symlink: /home/prathamkelkar/ros2_ws/install/px4_msgs/include/px4_msgs/px4_msgs/msg/detail/battery_status__rosidl_typesupport_introspection_c.h
[6.105s] -- Up-to-date symlink: /home/prathamkelkar/ros2_ws/install/px4_msgs/include/px4_msgs/px4_msgs/msg/detail/buffer128__rosidl_typesupport_introspection_c.h
[6.105s] -- Up-to-date symlink: /home/prathamkelkar/ros2_ws/install/px4_msgs/include/px4_msgs/px4_msgs/msg/detail/button_event__rosidl_typesupport_introspection_c.h
[6.105s] -- Up-to-date symlink: /home/prathamkelkar/ros2_ws/install/px4_msgs/include/px4_msgs/px4_msgs/msg/detail/camera_capture__rosidl_typesupport_introspection_c.h
[6.105s] -- Up-to-date symlink: /home/prathamkelkar/ros2_ws/install/px4_msgs/include/px4_msgs/px4_msgs/msg/detail/camera_status__rosidl_typesupport_introspection_c.h
[6.106s] -- Up-to-date symlink: /home/prathamkelkar/ros2_ws/install/px4_msgs/include/px4_msgs/px4_msgs/msg/detail/camera_trigger__rosidl_typesupport_introspection_c.h
[6.106s] -- Up-to-date symlink: /home/prathamkelkar/ros2_ws/install/px4_msgs/include/px4_msgs/px4_msgs/msg/detail/can_interface_status__rosidl_typesupport_introspection_c.h
[6.106s] -- Up-to-date symlink: /home/prathamkelkar/ros2_ws/install/px4_msgs/include/px4_msgs/px4_msgs/msg/detail/cellular_status__rosidl_typesupport_introspection_c.h
[6.106s] -- Up-to-date symlink: /home/prathamkelkar/ros2_ws/install/px4_msgs/include/px4_msgs/px4_msgs/msg/detail/collision_constraints__rosidl_typesupport_introspection_c.h
[6.106s] -- Up-to-date symlink: /home/prathamkelkar/ros2_ws/install/px4_msgs/include/px4_msgs/px4_msgs/msg/detail/collision_report__rosidl_typesupport_introspection_c.h
[6.106s] -- Up-to-date symlink: /home/prathamkelkar/ros2_ws/install/px4_msgs/include/px4_msgs/px4_msgs/msg/detail/config_overrides__rosidl_typesupport_introspection_c.h
[6.106s] -- Up-to-date symlink: /home/prathamkelkar/ros2_ws/install/px4_msgs/include/px4_msgs/px4_msgs/msg/detail/control_allocator_status__rosidl_typesupport_introspection_c.h
[6.106s] -- Up-to-date symlink: /home/prathamkelkar/ros2_ws/install/px4_msgs/include/px4_msgs/px4_msgs/msg/detail/cpuload__rosidl_typesupport_introspection_c.h
[6.106s] -- Up-to-date symlink: /home/prathamkelkar/ros2_ws/install/px4_msgs/include/px4_msgs/px4_msgs/msg/detail/dataman_request__rosidl_typesupport_introspection_c.h
[6.106s] -- Up-to-date symlink: /home/prathamkelkar/ros2_ws/install/px4_msgs/include/px4_msgs/px4_msgs/msg/detail/dataman_response__rosidl_typesupport_introspection_c.h
[6.106s] -- Up-to-date symlink: /home/prathamkelkar/ros2_ws/install/px4_msgs/include/px4_msgs/px4_msgs/msg/detail/debug_array__rosidl_typesupport_introspection_c.h
[6.107s] -- Up-to-date symlink: /home/prathamkelkar/ros2_ws/install/px4_msgs/include/px4_msgs/px4_msgs/msg/detail/debug_key_value__rosidl_typesupport_introspection_c.h
[6.107s] -- Up-to-date symlink: /home/prathamkelkar/ros2_ws/install/px4_msgs/include/px4_msgs/px4_msgs/msg/detail/debug_value__rosidl_typesupport_introspection_c.h
[6.107s] -- Up-to-date symlink: /home/prathamkelkar/ros2_ws/install/px4_msgs/include/px4_msgs/px4_msgs/msg/detail/debug_vect__rosidl_typesupport_introspection_c.h
[6.107s] -- Up-to-date symlink: /home/prathamkelkar/ros2_ws/install/px4_msgs/include/px4_msgs/px4_msgs/msg/detail/differential_drive_setpoint__rosidl_typesupport_introspection_c.h
[6.107s] -- Up-to-date symlink: /home/prathamkelkar/ros2_ws/install/px4_msgs/include/px4_msgs/px4_msgs/msg/detail/differential_pressure__rosidl_typesupport_introspection_c.h
[6.107s] -- Up-to-date symlink: /home/prathamkelkar/ros2_ws/install/px4_msgs/include/px4_msgs/px4_msgs/msg/detail/distance_sensor__rosidl_typesupport_introspection_c.h
[6.107s] -- Up-to-date symlink: /home/prathamkelkar/ros2_ws/install/px4_msgs/include/px4_msgs/px4_msgs/msg/detail/ekf2_timestamps__rosidl_typesupport_introspection_c.h
[6.107s] -- Up-to-date symlink: /home/prathamkelkar/ros2_ws/install/px4_msgs/include/px4_msgs/px4_msgs/msg/detail/esc_report__rosidl_typesupport_introspection_c.h
[6.107s] -- Up-to-date symlink: /home/prathamkelkar/ros2_ws/install/px4_msgs/include/px4_msgs/px4_msgs/msg/detail/esc_status__rosidl_typesupport_introspection_c.h
[6.107s] -- Up-to-date symlink: /home/prathamkelkar/ros2_ws/install/px4_msgs/include/px4_msgs/px4_msgs/msg/detail/estimator_aid_source1d__rosidl_typesupport_introspection_c.h
[6.107s] -- Up-to-date symlink: /home/prathamkelkar/ros2_ws/install/px4_msgs/include/px4_msgs/px4_msgs/msg/detail/estimator_aid_source2d__rosidl_typesupport_introspection_c.h
[6.108s] -- Up-to-date symlink: /home/prathamkelkar/ros2_ws/install/px4_msgs/include/px4_msgs/px4_msgs/msg/detail/estimator_aid_source3d__rosidl_typesupport_introspection_c.h
[6.108s] -- Up-to-date symlink: /home/prathamkelkar/ros2_ws/install/px4_msgs/include/px4_msgs/px4_msgs/msg/detail/estimator_bias3d__rosidl_typesupport_introspection_c.h
[6.108s] -- Up-to-date symlink: /home/prathamkelkar/ros2_ws/install/px4_msgs/include/px4_msgs/px4_msgs/msg/detail/estimator_bias__rosidl_typesupport_introspection_c.h
[6.108s] -- Up-to-date symlink: /home/prathamkelkar/ros2_ws/install/px4_msgs/include/px4_msgs/px4_msgs/msg/detail/estimator_event_flags__rosidl_typesupport_introspection_c.h
[6.108s] -- Up-to-date symlink: /home/prathamkelkar/ros2_ws/install/px4_msgs/include/px4_msgs/px4_msgs/msg/detail/estimator_gps_status__rosidl_typesupport_introspection_c.h
[6.108s] -- Up-to-date symlink: /home/prathamkelkar/ros2_ws/install/px4_msgs/include/px4_msgs/px4_msgs/msg/detail/estimator_innovations__rosidl_typesupport_introspection_c.h
[6.108s] -- Up-to-date symlink: /home/prathamkelkar/ros2_ws/install/px4_msgs/include/px4_msgs/px4_msgs/msg/detail/estimator_selector_status__rosidl_typesupport_introspection_c.h
[6.108s] -- Up-to-date symlink: /home/prathamkelkar/ros2_ws/install/px4_msgs/include/px4_msgs/px4_msgs/msg/detail/estimator_sensor_bias__rosidl_typesupport_introspection_c.h
[6.108s] -- Up-to-date symlink: /home/prathamkelkar/ros2_ws/install/px4_msgs/include/px4_msgs/px4_msgs/msg/detail/estimator_states__rosidl_typesupport_introspection_c.h
[6.108s] -- Up-to-date symlink: /home/prathamkelkar/ros2_ws/install/px4_msgs/include/px4_msgs/px4_msgs/msg/detail/estimator_status__rosidl_typesupport_introspection_c.h
[6.108s] -- Up-to-date symlink: /home/prathamkelkar/ros2_ws/install/px4_msgs/include/px4_msgs/px4_msgs/msg/detail/estimator_status_flags__rosidl_typesupport_introspection_c.h
[6.109s] -- Up-to-date symlink: /home/prathamkelkar/ros2_ws/install/px4_msgs/include/px4_msgs/px4_msgs/msg/detail/event__rosidl_typesupport_introspection_c.h
[6.109s] -- Up-to-date symlink: /home/prathamkelkar/ros2_ws/install/px4_msgs/include/px4_msgs/px4_msgs/msg/detail/failsafe_flags__rosidl_typesupport_introspection_c.h
[6.109s] -- Up-to-date symlink: /home/prathamkelkar/ros2_ws/install/px4_msgs/include/px4_msgs/px4_msgs/msg/detail/failure_detector_status__rosidl_typesupport_introspection_c.h
[6.109s] -- Up-to-date symlink: /home/prathamkelkar/ros2_ws/install/px4_msgs/include/px4_msgs/px4_msgs/msg/detail/figure_eight_status__rosidl_typesupport_introspection_c.h
[6.109s] -- Up-to-date symlink: /home/prathamkelkar/ros2_ws/install/px4_msgs/include/px4_msgs/px4_msgs/msg/detail/flight_phase_estimation__rosidl_typesupport_introspection_c.h
[6.109s] -- Up-to-date symlink: /home/prathamkelkar/ros2_ws/install/px4_msgs/include/px4_msgs/px4_msgs/msg/detail/follow_target__rosidl_typesupport_introspection_c.h
[6.109s] -- Up-to-date symlink: /home/prathamkelkar/ros2_ws/install/px4_msgs/include/px4_msgs/px4_msgs/msg/detail/follow_target_estimator__rosidl_typesupport_introspection_c.h
[6.109s] -- Up-to-date symlink: /home/prathamkelkar/ros2_ws/install/px4_msgs/include/px4_msgs/px4_msgs/msg/detail/follow_target_status__rosidl_typesupport_introspection_c.h
[6.109s] -- Up-to-date symlink: /home/prathamkelkar/ros2_ws/install/px4_msgs/include/px4_msgs/px4_msgs/msg/detail/generator_status__rosidl_typesupport_introspection_c.h
[6.109s] -- Up-to-date symlink: /home/prathamkelkar/ros2_ws/install/px4_msgs/include/px4_msgs/px4_msgs/msg/detail/geofence_result__rosidl_typesupport_introspection_c.h
[6.109s] -- Up-to-date symlink: /home/prathamkelkar/ros2_ws/install/px4_msgs/include/px4_msgs/px4_msgs/msg/detail/geofence_status__rosidl_typesupport_introspection_c.h
[6.110s] -- Up-to-date symlink: /home/prathamkelkar/ros2_ws/install/px4_msgs/include/px4_msgs/px4_msgs/msg/detail/gimbal_controls__rosidl_typesupport_introspection_c.h
[6.110s] -- Up-to-date symlink: /home/prathamkelkar/ros2_ws/install/px4_msgs/include/px4_msgs/px4_msgs/msg/detail/gimbal_device_attitude_status__rosidl_typesupport_introspection_c.h
[6.110s] -- Up-to-date symlink: /home/prathamkelkar/ros2_ws/install/px4_msgs/include/px4_msgs/px4_msgs/msg/detail/gimbal_device_information__rosidl_typesupport_introspection_c.h
[6.110s] -- Up-to-date symlink: /home/prathamkelkar/ros2_ws/install/px4_msgs/include/px4_msgs/px4_msgs/msg/detail/gimbal_device_set_attitude__rosidl_typesupport_introspection_c.h
[6.110s] -- Up-to-date symlink: /home/prathamkelkar/ros2_ws/install/px4_msgs/include/px4_msgs/px4_msgs/msg/detail/gimbal_manager_information__rosidl_typesupport_introspection_c.h
[6.110s] -- Up-to-date symlink: /home/prathamkelkar/ros2_ws/install/px4_msgs/include/px4_msgs/px4_msgs/msg/detail/gimbal_manager_set_attitude__rosidl_typesupport_introspection_c.h
[6.110s] -- Up-to-date symlink: /home/prathamkelkar/ros2_ws/install/px4_msgs/include/px4_msgs/px4_msgs/msg/detail/gimbal_manager_set_manual_control__rosidl_typesupport_introspection_c.h
[6.110s] -- Up-to-date symlink: /home/prathamkelkar/ros2_ws/install/px4_msgs/include/px4_msgs/px4_msgs/msg/detail/gimbal_manager_status__rosidl_typesupport_introspection_c.h
[6.110s] -- Up-to-date symlink: /home/prathamkelkar/ros2_ws/install/px4_msgs/include/px4_msgs/px4_msgs/msg/detail/goto_setpoint__rosidl_typesupport_introspection_c.h
[6.110s] -- Up-to-date symlink: /home/prathamkelkar/ros2_ws/install/px4_msgs/include/px4_msgs/px4_msgs/msg/detail/gpio_config__rosidl_typesupport_introspection_c.h
[6.110s] -- Up-to-date symlink: /home/prathamkelkar/ros2_ws/install/px4_msgs/include/px4_msgs/px4_msgs/msg/detail/gpio_in__rosidl_typesupport_introspection_c.h
[6.111s] -- Up-to-date symlink: /home/prathamkelkar/ros2_ws/install/px4_msgs/include/px4_msgs/px4_msgs/msg/detail/gpio_out__rosidl_typesupport_introspection_c.h
[6.111s] -- Up-to-date symlink: /home/prathamkelkar/ros2_ws/install/px4_msgs/include/px4_msgs/px4_msgs/msg/detail/gpio_request__rosidl_typesupport_introspection_c.h
[6.111s] -- Up-to-date symlink: /home/prathamkelkar/ros2_ws/install/px4_msgs/include/px4_msgs/px4_msgs/msg/detail/gps_dump__rosidl_typesupport_introspection_c.h
[6.111s] -- Up-to-date symlink: /home/prathamkelkar/ros2_ws/install/px4_msgs/include/px4_msgs/px4_msgs/msg/detail/gps_inject_data__rosidl_typesupport_introspection_c.h
[6.111s] -- Up-to-date symlink: /home/prathamkelkar/ros2_ws/install/px4_msgs/include/px4_msgs/px4_msgs/msg/detail/gripper__rosidl_typesupport_introspection_c.h
[6.111s] -- Up-to-date symlink: /home/prathamkelkar/ros2_ws/install/px4_msgs/include/px4_msgs/px4_msgs/msg/detail/health_report__rosidl_typesupport_introspection_c.h
[6.111s] -- Up-to-date symlink: /home/prathamkelkar/ros2_ws/install/px4_msgs/include/px4_msgs/px4_msgs/msg/detail/heater_status__rosidl_typesupport_introspection_c.h
[6.111s] -- Up-to-date symlink: /home/prathamkelkar/ros2_ws/install/px4_msgs/include/px4_msgs/px4_msgs/msg/detail/home_position__rosidl_typesupport_introspection_c.h
[6.111s] -- Up-to-date symlink: /home/prathamkelkar/ros2_ws/install/px4_msgs/include/px4_msgs/px4_msgs/msg/detail/hover_thrust_estimate__rosidl_typesupport_introspection_c.h
[6.111s] -- Up-to-date symlink: /home/prathamkelkar/ros2_ws/install/px4_msgs/include/px4_msgs/px4_msgs/msg/detail/input_rc__rosidl_typesupport_introspection_c.h
[6.111s] -- Up-to-date symlink: /home/prathamkelkar/ros2_ws/install/px4_msgs/include/px4_msgs/px4_msgs/msg/detail/internal_combustion_engine_status__rosidl_typesupport_introspection_c.h
[6.112s] -- Up-to-date symlink: /home/prathamkelkar/ros2_ws/install/px4_msgs/include/px4_msgs/px4_msgs/msg/detail/iridiumsbd_status__rosidl_typesupport_introspection_c.h
[6.112s] -- Up-to-date symlink: /home/prathamkelkar/ros2_ws/install/px4_msgs/include/px4_msgs/px4_msgs/msg/detail/irlock_report__rosidl_typesupport_introspection_c.h
[6.112s] -- Up-to-date symlink: /home/prathamkelkar/ros2_ws/install/px4_msgs/include/px4_msgs/px4_msgs/msg/detail/landing_gear__rosidl_typesupport_introspection_c.h
[6.112s] -- Up-to-date symlink: /home/prathamkelkar/ros2_ws/install/px4_msgs/include/px4_msgs/px4_msgs/msg/detail/landing_gear_wheel__rosidl_typesupport_introspection_c.h
[6.112s] -- Up-to-date symlink: /home/prathamkelkar/ros2_ws/install/px4_msgs/include/px4_msgs/px4_msgs/msg/detail/landing_target_innovations__rosidl_typesupport_introspection_c.h
[6.112s] -- Up-to-date symlink: /home/prathamkelkar/ros2_ws/install/px4_msgs/include/px4_msgs/px4_msgs/msg/detail/landing_target_pose__rosidl_typesupport_introspection_c.h
[6.112s] -- Up-to-date symlink: /home/prathamkelkar/ros2_ws/install/px4_msgs/include/px4_msgs/px4_msgs/msg/detail/launch_detection_status__rosidl_typesupport_introspection_c.h
[6.112s] -- Up-to-date symlink: /home/prathamkelkar/ros2_ws/install/px4_msgs/include/px4_msgs/px4_msgs/msg/detail/led_control__rosidl_typesupport_introspection_c.h
[6.112s] -- Up-to-date symlink: /home/prathamkelkar/ros2_ws/install/px4_msgs/include/px4_msgs/px4_msgs/msg/detail/log_message__rosidl_typesupport_introspection_c.h
[6.112s] -- Up-to-date symlink: /home/prathamkelkar/ros2_ws/install/px4_msgs/include/px4_msgs/px4_msgs/msg/detail/logger_status__rosidl_typesupport_introspection_c.h
[6.112s] -- Up-to-date symlink: /home/prathamkelkar/ros2_ws/install/px4_msgs/include/px4_msgs/px4_msgs/msg/detail/mag_worker_data__rosidl_typesupport_introspection_c.h
[6.113s] -- Up-to-date symlink: /home/prathamkelkar/ros2_ws/install/px4_msgs/include/px4_msgs/px4_msgs/msg/detail/magnetometer_bias_estimate__rosidl_typesupport_introspection_c.h
[6.113s] -- Up-to-date symlink: /home/prathamkelkar/ros2_ws/install/px4_msgs/include/px4_msgs/px4_msgs/msg/detail/manual_control_setpoint__rosidl_typesupport_introspection_c.h
[6.113s] -- Up-to-date symlink: /home/prathamkelkar/ros2_ws/install/px4_msgs/include/px4_msgs/px4_msgs/msg/detail/manual_control_switches__rosidl_typesupport_introspection_c.h
[6.113s] -- Up-to-date symlink: /home/prathamkelkar/ros2_ws/install/px4_msgs/include/px4_msgs/px4_msgs/msg/detail/mavlink_log__rosidl_typesupport_introspection_c.h
[6.113s] -- Up-to-date symlink: /home/prathamkelkar/ros2_ws/install/px4_msgs/include/px4_msgs/px4_msgs/msg/detail/mavlink_tunnel__rosidl_typesupport_introspection_c.h
[6.113s] -- Up-to-date symlink: /home/prathamkelkar/ros2_ws/install/px4_msgs/include/px4_msgs/px4_msgs/msg/detail/message_format_request__rosidl_typesupport_introspection_c.h
[6.113s] -- Up-to-date symlink: /home/prathamkelkar/ros2_ws/install/px4_msgs/include/px4_msgs/px4_msgs/msg/detail/message_format_response__rosidl_typesupport_introspection_c.h
[6.113s] -- Up-to-date symlink: /home/prathamkelkar/ros2_ws/install/px4_msgs/include/px4_msgs/px4_msgs/msg/detail/mission__rosidl_typesupport_introspection_c.h
[6.113s] -- Up-to-date symlink: /home/prathamkelkar/ros2_ws/install/px4_msgs/include/px4_msgs/px4_msgs/msg/detail/mission_result__rosidl_typesupport_introspection_c.h
[6.113s] -- Up-to-date symlink: /home/prathamkelkar/ros2_ws/install/px4_msgs/include/px4_msgs/px4_msgs/msg/detail/mode_completed__rosidl_typesupport_introspection_c.h
[6.113s] -- Up-to-date symlink: /home/prathamkelkar/ros2_ws/install/px4_msgs/include/px4_msgs/px4_msgs/msg/detail/mount_orientation__rosidl_typesupport_introspection_c.h
[6.114s] -- Up-to-date symlink: /home/prathamkelkar/ros2_ws/install/px4_msgs/include/px4_msgs/px4_msgs/msg/detail/navigator_mission_item__rosidl_typesupport_introspection_c.h
[6.114s] -- Up-to-date symlink: /home/prathamkelkar/ros2_ws/install/px4_msgs/include/px4_msgs/px4_msgs/msg/detail/normalized_unsigned_setpoint__rosidl_typesupport_introspection_c.h
[6.114s] -- Up-to-date symlink: /home/prathamkelkar/ros2_ws/install/px4_msgs/include/px4_msgs/px4_msgs/msg/detail/npfg_status__rosidl_typesupport_introspection_c.h
[6.114s] -- Up-to-date symlink: /home/prathamkelkar/ros2_ws/install/px4_msgs/include/px4_msgs/px4_msgs/msg/detail/obstacle_distance__rosidl_typesupport_introspection_c.h
[6.114s] -- Up-to-date symlink: /home/prathamkelkar/ros2_ws/install/px4_msgs/include/px4_msgs/px4_msgs/msg/detail/offboard_control_mode__rosidl_typesupport_introspection_c.h
[6.114s] -- Up-to-date symlink: /home/prathamkelkar/ros2_ws/install/px4_msgs/include/px4_msgs/px4_msgs/msg/detail/onboard_computer_status__rosidl_typesupport_introspection_c.h
[6.114s] -- Up-to-date symlink: /home/prathamkelkar/ros2_ws/install/px4_msgs/include/px4_msgs/px4_msgs/msg/detail/orb_test__rosidl_typesupport_introspection_c.h
[6.114s] -- Up-to-date symlink: /home/prathamkelkar/ros2_ws/install/px4_msgs/include/px4_msgs/px4_msgs/msg/detail/orb_test_large__rosidl_typesupport_introspection_c.h
[6.114s] -- Up-to-date symlink: /home/prathamkelkar/ros2_ws/install/px4_msgs/include/px4_msgs/px4_msgs/msg/detail/orb_test_medium__rosidl_typesupport_introspection_c.h
[6.114s] -- Up-to-date symlink: /home/prathamkelkar/ros2_ws/install/px4_msgs/include/px4_msgs/px4_msgs/msg/detail/orbit_status__rosidl_typesupport_introspection_c.h
[6.114s] -- Up-to-date symlink: /home/prathamkelkar/ros2_ws/install/px4_msgs/include/px4_msgs/px4_msgs/msg/detail/parameter_reset_request__rosidl_typesupport_introspection_c.h
[6.115s] -- Up-to-date symlink: /home/prathamkelkar/ros2_ws/install/px4_msgs/include/px4_msgs/px4_msgs/msg/detail/parameter_set_used_request__rosidl_typesupport_introspection_c.h
[6.115s] -- Up-to-date symlink: /home/prathamkelkar/ros2_ws/install/px4_msgs/include/px4_msgs/px4_msgs/msg/detail/parameter_set_value_request__rosidl_typesupport_introspection_c.h
[6.115s] -- Up-to-date symlink: /home/prathamkelkar/ros2_ws/install/px4_msgs/include/px4_msgs/px4_msgs/msg/detail/parameter_set_value_response__rosidl_typesupport_introspection_c.h
[6.115s] -- Up-to-date symlink: /home/prathamkelkar/ros2_ws/install/px4_msgs/include/px4_msgs/px4_msgs/msg/detail/parameter_update__rosidl_typesupport_introspection_c.h
[6.115s] -- Up-to-date symlink: /home/prathamkelkar/ros2_ws/install/px4_msgs/include/px4_msgs/px4_msgs/msg/detail/ping__rosidl_typesupport_introspection_c.h
[6.115s] -- Up-to-date symlink: /home/prathamkelkar/ros2_ws/install/px4_msgs/include/px4_msgs/px4_msgs/msg/detail/position_controller_landing_status__rosidl_typesupport_introspection_c.h
[6.115s] -- Up-to-date symlink: /home/prathamkelkar/ros2_ws/install/px4_msgs/include/px4_msgs/px4_msgs/msg/detail/position_controller_status__rosidl_typesupport_introspection_c.h
[6.115s] -- Up-to-date symlink: /home/prathamkelkar/ros2_ws/install/px4_msgs/include/px4_msgs/px4_msgs/msg/detail/position_setpoint__rosidl_typesupport_introspection_c.h
[6.115s] -- Up-to-date symlink: /home/prathamkelkar/ros2_ws/install/px4_msgs/include/px4_msgs/px4_msgs/msg/detail/position_setpoint_triplet__rosidl_typesupport_introspection_c.h
[6.115s] -- Up-to-date symlink: /home/prathamkelkar/ros2_ws/install/px4_msgs/include/px4_msgs/px4_msgs/msg/detail/power_button_state__rosidl_typesupport_introspection_c.h
[6.115s] -- Up-to-date symlink: /home/prathamkelkar/ros2_ws/install/px4_msgs/include/px4_msgs/px4_msgs/msg/detail/power_monitor__rosidl_typesupport_introspection_c.h
[6.116s] -- Up-to-date symlink: /home/prathamkelkar/ros2_ws/install/px4_msgs/include/px4_msgs/px4_msgs/msg/detail/pps_capture__rosidl_typesupport_introspection_c.h
[6.116s] -- Up-to-date symlink: /home/prathamkelkar/ros2_ws/install/px4_msgs/include/px4_msgs/px4_msgs/msg/detail/pwm_input__rosidl_typesupport_introspection_c.h
[6.116s] -- Up-to-date symlink: /home/prathamkelkar/ros2_ws/install/px4_msgs/include/px4_msgs/px4_msgs/msg/detail/px4io_status__rosidl_typesupport_introspection_c.h
[6.116s] -- Up-to-date symlink: /home/prathamkelkar/ros2_ws/install/px4_msgs/include/px4_msgs/px4_msgs/msg/detail/qshell_req__rosidl_typesupport_introspection_c.h
[6.116s] -- Up-to-date symlink: /home/prathamkelkar/ros2_ws/install/px4_msgs/include/px4_msgs/px4_msgs/msg/detail/qshell_retval__rosidl_typesupport_introspection_c.h
[6.116s] -- Up-to-date symlink: /home/prathamkelkar/ros2_ws/install/px4_msgs/include/px4_msgs/px4_msgs/msg/detail/radio_status__rosidl_typesupport_introspection_c.h
[6.116s] -- Up-to-date symlink: /home/prathamkelkar/ros2_ws/install/px4_msgs/include/px4_msgs/px4_msgs/msg/detail/rate_ctrl_status__rosidl_typesupport_introspection_c.h
[6.116s] -- Up-to-date symlink: /home/prathamkelkar/ros2_ws/install/px4_msgs/include/px4_msgs/px4_msgs/msg/detail/rc_channels__rosidl_typesupport_introspection_c.h
[6.116s] -- Up-to-date symlink: /home/prathamkelkar/ros2_ws/install/px4_msgs/include/px4_msgs/px4_msgs/msg/detail/rc_parameter_map__rosidl_typesupport_introspection_c.h
[6.116s] -- Up-to-date symlink: /home/prathamkelkar/ros2_ws/install/px4_msgs/include/px4_msgs/px4_msgs/msg/detail/register_ext_component_reply__rosidl_typesupport_introspection_c.h
[6.116s] -- Up-to-date symlink: /home/prathamkelkar/ros2_ws/install/px4_msgs/include/px4_msgs/px4_msgs/msg/detail/register_ext_component_request__rosidl_typesupport_introspection_c.h
[6.117s] -- Up-to-date symlink: /home/prathamkelkar/ros2_ws/install/px4_msgs/include/px4_msgs/px4_msgs/msg/detail/rpm__rosidl_typesupport_introspection_c.h
[6.117s] -- Up-to-date symlink: /home/prathamkelkar/ros2_ws/install/px4_msgs/include/px4_msgs/px4_msgs/msg/detail/rtl_status__rosidl_typesupport_introspection_c.h
[6.117s] -- Up-to-date symlink: /home/prathamkelkar/ros2_ws/install/px4_msgs/include/px4_msgs/px4_msgs/msg/detail/rtl_time_estimate__rosidl_typesupport_introspection_c.h
[6.117s] -- Up-to-date symlink: /home/prathamkelkar/ros2_ws/install/px4_msgs/include/px4_msgs/px4_msgs/msg/detail/satellite_info__rosidl_typesupport_introspection_c.h
[6.117s] -- Up-to-date symlink: /home/prathamkelkar/ros2_ws/install/px4_msgs/include/px4_msgs/px4_msgs/msg/detail/sensor_accel__rosidl_typesupport_introspection_c.h
[6.117s] -- Up-to-date symlink: /home/prathamkelkar/ros2_ws/install/px4_msgs/include/px4_msgs/px4_msgs/msg/detail/sensor_accel_fifo__rosidl_typesupport_introspection_c.h
[6.117s] -- Up-to-date symlink: /home/prathamkelkar/ros2_ws/install/px4_msgs/include/px4_msgs/px4_msgs/msg/detail/sensor_airflow__rosidl_typesupport_introspection_c.h
[6.117s] -- Up-to-date symlink: /home/prathamkelkar/ros2_ws/install/px4_msgs/include/px4_msgs/px4_msgs/msg/detail/sensor_baro__rosidl_typesupport_introspection_c.h
[6.117s] -- Up-to-date symlink: /home/prathamkelkar/ros2_ws/install/px4_msgs/include/px4_msgs/px4_msgs/msg/detail/sensor_combined__rosidl_typesupport_introspection_c.h
[6.117s] -- Up-to-date symlink: /home/prathamkelkar/ros2_ws/install/px4_msgs/include/px4_msgs/px4_msgs/msg/detail/sensor_correction__rosidl_typesupport_introspection_c.h
[6.117s] -- Up-to-date symlink: /home/prathamkelkar/ros2_ws/install/px4_msgs/include/px4_msgs/px4_msgs/msg/detail/sensor_gnss_relative__rosidl_typesupport_introspection_c.h
[6.118s] -- Up-to-date symlink: /home/prathamkelkar/ros2_ws/install/px4_msgs/include/px4_msgs/px4_msgs/msg/detail/sensor_gps__rosidl_typesupport_introspection_c.h
[6.118s] -- Up-to-date symlink: /home/prathamkelkar/ros2_ws/install/px4_msgs/include/px4_msgs/px4_msgs/msg/detail/sensor_gyro__rosidl_typesupport_introspection_c.h
[6.118s] -- Up-to-date symlink: /home/prathamkelkar/ros2_ws/install/px4_msgs/include/px4_msgs/px4_msgs/msg/detail/sensor_gyro_fft__rosidl_typesupport_introspection_c.h
[6.118s] -- Up-to-date symlink: /home/prathamkelkar/ros2_ws/install/px4_msgs/include/px4_msgs/px4_msgs/msg/detail/sensor_gyro_fifo__rosidl_typesupport_introspection_c.h
[6.118s] -- Up-to-date symlink: /home/prathamkelkar/ros2_ws/install/px4_msgs/include/px4_msgs/px4_msgs/msg/detail/sensor_hygrometer__rosidl_typesupport_introspection_c.h
[6.118s] -- Up-to-date symlink: /home/prathamkelkar/ros2_ws/install/px4_msgs/include/px4_msgs/px4_msgs/msg/detail/sensor_mag__rosidl_typesupport_introspection_c.h
[6.118s] -- Up-to-date symlink: /home/prathamkelkar/ros2_ws/install/px4_msgs/include/px4_msgs/px4_msgs/msg/detail/sensor_optical_flow__rosidl_typesupport_introspection_c.h
[6.118s] -- Up-to-date symlink: /home/prathamkelkar/ros2_ws/install/px4_msgs/include/px4_msgs/px4_msgs/msg/detail/sensor_preflight_mag__rosidl_typesupport_introspection_c.h
[6.118s] -- Up-to-date symlink: /home/prathamkelkar/ros2_ws/install/px4_msgs/include/px4_msgs/px4_msgs/msg/detail/sensor_selection__rosidl_typesupport_introspection_c.h
[6.118s] -- Up-to-date symlink: /home/prathamkelkar/ros2_ws/install/px4_msgs/include/px4_msgs/px4_msgs/msg/detail/sensor_uwb__rosidl_typesupport_introspection_c.h
[6.118s] -- Up-to-date symlink: /home/prathamkelkar/ros2_ws/install/px4_msgs/include/px4_msgs/px4_msgs/msg/detail/sensors_status__rosidl_typesupport_introspection_c.h
[6.119s] -- Up-to-date symlink: /home/prathamkelkar/ros2_ws/install/px4_msgs/include/px4_msgs/px4_msgs/msg/detail/sensors_status_imu__rosidl_typesupport_introspection_c.h
[6.119s] -- Up-to-date symlink: /home/prathamkelkar/ros2_ws/install/px4_msgs/include/px4_msgs/px4_msgs/msg/detail/system_power__rosidl_typesupport_introspection_c.h
[6.119s] -- Up-to-date symlink: /home/prathamkelkar/ros2_ws/install/px4_msgs/include/px4_msgs/px4_msgs/msg/detail/takeoff_status__rosidl_typesupport_introspection_c.h
[6.119s] -- Up-to-date symlink: /home/prathamkelkar/ros2_ws/install/px4_msgs/include/px4_msgs/px4_msgs/msg/detail/task_stack_info__rosidl_typesupport_introspection_c.h
[6.119s] -- Up-to-date symlink: /home/prathamkelkar/ros2_ws/install/px4_msgs/include/px4_msgs/px4_msgs/msg/detail/tecs_status__rosidl_typesupport_introspection_c.h
[6.119s] -- Up-to-date symlink: /home/prathamkelkar/ros2_ws/install/px4_msgs/include/px4_msgs/px4_msgs/msg/detail/telemetry_status__rosidl_typesupport_introspection_c.h
[6.119s] -- Up-to-date symlink: /home/prathamkelkar/ros2_ws/install/px4_msgs/include/px4_msgs/px4_msgs/msg/detail/tiltrotor_extra_controls__rosidl_typesupport_introspection_c.h
[6.119s] -- Up-to-date symlink: /home/prathamkelkar/ros2_ws/install/px4_msgs/include/px4_msgs/px4_msgs/msg/detail/timesync_status__rosidl_typesupport_introspection_c.h
[6.119s] -- Up-to-date symlink: /home/prathamkelkar/ros2_ws/install/px4_msgs/include/px4_msgs/px4_msgs/msg/detail/trajectory_bezier__rosidl_typesupport_introspection_c.h
[6.119s] -- Up-to-date symlink: /home/prathamkelkar/ros2_ws/install/px4_msgs/include/px4_msgs/px4_msgs/msg/detail/trajectory_setpoint__rosidl_typesupport_introspection_c.h
[6.119s] -- Up-to-date symlink: /home/prathamkelkar/ros2_ws/install/px4_msgs/include/px4_msgs/px4_msgs/msg/detail/trajectory_waypoint__rosidl_typesupport_introspection_c.h
[6.120s] -- Up-to-date symlink: /home/prathamkelkar/ros2_ws/install/px4_msgs/include/px4_msgs/px4_msgs/msg/detail/transponder_report__rosidl_typesupport_introspection_c.h
[6.120s] -- Up-to-date symlink: /home/prathamkelkar/ros2_ws/install/px4_msgs/include/px4_msgs/px4_msgs/msg/detail/tune_control__rosidl_typesupport_introspection_c.h
[6.120s] -- Up-to-date symlink: /home/prathamkelkar/ros2_ws/install/px4_msgs/include/px4_msgs/px4_msgs/msg/detail/uavcan_parameter_request__rosidl_typesupport_introspection_c.h
[6.120s] -- Up-to-date symlink: /home/prathamkelkar/ros2_ws/install/px4_msgs/include/px4_msgs/px4_msgs/msg/detail/uavcan_parameter_value__rosidl_typesupport_introspection_c.h
[6.120s] -- Up-to-date symlink: /home/prathamkelkar/ros2_ws/install/px4_msgs/include/px4_msgs/px4_msgs/msg/detail/ulog_stream__rosidl_typesupport_introspection_c.h
[6.120s] -- Up-to-date symlink: /home/prathamkelkar/ros2_ws/install/px4_msgs/include/px4_msgs/px4_msgs/msg/detail/ulog_stream_ack__rosidl_typesupport_introspection_c.h
[6.120s] -- Up-to-date symlink: /home/prathamkelkar/ros2_ws/install/px4_msgs/include/px4_msgs/px4_msgs/msg/detail/unregister_ext_component__rosidl_typesupport_introspection_c.h
[6.120s] -- Up-to-date symlink: /home/prathamkelkar/ros2_ws/install/px4_msgs/include/px4_msgs/px4_msgs/msg/detail/vehicle_acceleration__rosidl_typesupport_introspection_c.h
[6.120s] -- Up-to-date symlink: /home/prathamkelkar/ros2_ws/install/px4_msgs/include/px4_msgs/px4_msgs/msg/detail/vehicle_air_data__rosidl_typesupport_introspection_c.h
[6.120s] -- Up-to-date symlink: /home/prathamkelkar/ros2_ws/install/px4_msgs/include/px4_msgs/px4_msgs/msg/detail/vehicle_angular_acceleration_setpoint__rosidl_typesupport_introspection_c.h
[6.120s] -- Up-to-date symlink: /home/prathamkelkar/ros2_ws/install/px4_msgs/include/px4_msgs/px4_msgs/msg/detail/vehicle_angular_velocity__rosidl_typesupport_introspection_c.h
[6.121s] -- Up-to-date symlink: /home/prathamkelkar/ros2_ws/install/px4_msgs/include/px4_msgs/px4_msgs/msg/detail/vehicle_attitude__rosidl_typesupport_introspection_c.h
[6.121s] -- Up-to-date symlink: /home/prathamkelkar/ros2_ws/install/px4_msgs/include/px4_msgs/px4_msgs/msg/detail/vehicle_attitude_setpoint__rosidl_typesupport_introspection_c.h
[6.121s] -- Up-to-date symlink: /home/prathamkelkar/ros2_ws/install/px4_msgs/include/px4_msgs/px4_msgs/msg/detail/vehicle_command__rosidl_typesupport_introspection_c.h
[6.121s] -- Up-to-date symlink: /home/prathamkelkar/ros2_ws/install/px4_msgs/include/px4_msgs/px4_msgs/msg/detail/vehicle_command_ack__rosidl_typesupport_introspection_c.h
[6.121s] -- Up-to-date symlink: /home/prathamkelkar/ros2_ws/install/px4_msgs/include/px4_msgs/px4_msgs/msg/detail/vehicle_constraints__rosidl_typesupport_introspection_c.h
[6.121s] -- Up-to-date symlink: /home/prathamkelkar/ros2_ws/install/px4_msgs/include/px4_msgs/px4_msgs/msg/detail/vehicle_control_mode__rosidl_typesupport_introspection_c.h
[6.121s] -- Up-to-date symlink: /home/prathamkelkar/ros2_ws/install/px4_msgs/include/px4_msgs/px4_msgs/msg/detail/vehicle_global_position__rosidl_typesupport_introspection_c.h
[6.121s] -- Up-to-date symlink: /home/prathamkelkar/ros2_ws/install/px4_msgs/include/px4_msgs/px4_msgs/msg/detail/vehicle_imu__rosidl_typesupport_introspection_c.h
[6.121s] -- Up-to-date symlink: /home/prathamkelkar/ros2_ws/install/px4_msgs/include/px4_msgs/px4_msgs/msg/detail/vehicle_imu_status__rosidl_typesupport_introspection_c.h
[6.122s] -- Up-to-date symlink: /home/prathamkelkar/ros2_ws/install/px4_msgs/include/px4_msgs/px4_msgs/msg/detail/vehicle_land_detected__rosidl_typesupport_introspection_c.h
[6.122s] -- Up-to-date symlink: /home/prathamkelkar/ros2_ws/install/px4_msgs/include/px4_msgs/px4_msgs/msg/detail/vehicle_local_position__rosidl_typesupport_introspection_c.h
[6.122s] -- Up-to-date symlink: /home/prathamkelkar/ros2_ws/install/px4_msgs/include/px4_msgs/px4_msgs/msg/detail/vehicle_local_position_setpoint__rosidl_typesupport_introspection_c.h
[6.122s] -- Up-to-date symlink: /home/prathamkelkar/ros2_ws/install/px4_msgs/include/px4_msgs/px4_msgs/msg/detail/vehicle_magnetometer__rosidl_typesupport_introspection_c.h
[6.122s] -- Up-to-date symlink: /home/prathamkelkar/ros2_ws/install/px4_msgs/include/px4_msgs/px4_msgs/msg/detail/vehicle_odometry__rosidl_typesupport_introspection_c.h
[6.122s] -- Up-to-date symlink: /home/prathamkelkar/ros2_ws/install/px4_msgs/include/px4_msgs/px4_msgs/msg/detail/vehicle_optical_flow__rosidl_typesupport_introspection_c.h
[6.122s] -- Up-to-date symlink: /home/prathamkelkar/ros2_ws/install/px4_msgs/include/px4_msgs/px4_msgs/msg/detail/vehicle_optical_flow_vel__rosidl_typesupport_introspection_c.h
[6.122s] -- Up-to-date symlink: /home/prathamkelkar/ros2_ws/install/px4_msgs/include/px4_msgs/px4_msgs/msg/detail/vehicle_rates_setpoint__rosidl_typesupport_introspection_c.h
[6.122s] -- Up-to-date symlink: /home/prathamkelkar/ros2_ws/install/px4_msgs/include/px4_msgs/px4_msgs/msg/detail/vehicle_roi__rosidl_typesupport_introspection_c.h
[6.122s] -- Up-to-date symlink: /home/prathamkelkar/ros2_ws/install/px4_msgs/include/px4_msgs/px4_msgs/msg/detail/vehicle_status__rosidl_typesupport_introspection_c.h
[6.122s] -- Up-to-date symlink: /home/prathamkelkar/ros2_ws/install/px4_msgs/include/px4_msgs/px4_msgs/msg/detail/vehicle_thrust_setpoint__rosidl_typesupport_introspection_c.h
[6.123s] -- Up-to-date symlink: /home/prathamkelkar/ros2_ws/install/px4_msgs/include/px4_msgs/px4_msgs/msg/detail/vehicle_torque_setpoint__rosidl_typesupport_introspection_c.h
[6.123s] -- Up-to-date symlink: /home/prathamkelkar/ros2_ws/install/px4_msgs/include/px4_msgs/px4_msgs/msg/detail/vehicle_trajectory_bezier__rosidl_typesupport_introspection_c.h
[6.123s] -- Up-to-date symlink: /home/prathamkelkar/ros2_ws/install/px4_msgs/include/px4_msgs/px4_msgs/msg/detail/vehicle_trajectory_waypoint__rosidl_typesupport_introspection_c.h
[6.123s] -- Up-to-date symlink: /home/prathamkelkar/ros2_ws/install/px4_msgs/include/px4_msgs/px4_msgs/msg/detail/velocity_limits__rosidl_typesupport_introspection_c.h
[6.123s] -- Up-to-date symlink: /home/prathamkelkar/ros2_ws/install/px4_msgs/include/px4_msgs/px4_msgs/msg/detail/vtol_vehicle_status__rosidl_typesupport_introspection_c.h
[6.123s] -- Up-to-date symlink: /home/prathamkelkar/ros2_ws/install/px4_msgs/include/px4_msgs/px4_msgs/msg/detail/wheel_encoders__rosidl_typesupport_introspection_c.h
[6.123s] -- Up-to-date symlink: /home/prathamkelkar/ros2_ws/install/px4_msgs/include/px4_msgs/px4_msgs/msg/detail/wind__rosidl_typesupport_introspection_c.h
[6.123s] -- Up-to-date symlink: /home/prathamkelkar/ros2_ws/install/px4_msgs/include/px4_msgs/px4_msgs/msg/detail/yaw_estimator_status__rosidl_typesupport_introspection_c.h
[6.123s] -- Up-to-date symlink: /home/prathamkelkar/ros2_ws/install/px4_msgs/include/px4_msgs/px4_msgs/msg/rosidl_typesupport_introspection_c__visibility_control.h
[6.123s] -- Up-to-date symlink: /home/prathamkelkar/ros2_ws/install/px4_msgs/include/px4_msgs/px4_msgs/srv/detail/vehicle_command__rosidl_typesupport_introspection_c.h
[6.123s] -- Up-to-date symlink: /home/prathamkelkar/ros2_ws/install/px4_msgs/include/px4_msgs/px4_msgs/msg/detail/action_request__rosidl_typesupport_introspection_cpp.hpp
[6.124s] -- Up-to-date symlink: /home/prathamkelkar/ros2_ws/install/px4_msgs/include/px4_msgs/px4_msgs/msg/detail/actuator_armed__rosidl_typesupport_introspection_cpp.hpp
[6.124s] -- Up-to-date symlink: /home/prathamkelkar/ros2_ws/install/px4_msgs/include/px4_msgs/px4_msgs/msg/detail/actuator_controls_status__rosidl_typesupport_introspection_cpp.hpp
[6.124s] -- Up-to-date symlink: /home/prathamkelkar/ros2_ws/install/px4_msgs/include/px4_msgs/px4_msgs/msg/detail/actuator_motors__rosidl_typesupport_introspection_cpp.hpp
[6.124s] -- Up-to-date symlink: /home/prathamkelkar/ros2_ws/install/px4_msgs/include/px4_msgs/px4_msgs/msg/detail/actuator_outputs__rosidl_typesupport_introspection_cpp.hpp
[6.124s] -- Up-to-date symlink: /home/prathamkelkar/ros2_ws/install/px4_msgs/include/px4_msgs/px4_msgs/msg/detail/actuator_servos__rosidl_typesupport_introspection_cpp.hpp
[6.124s] -- Up-to-date symlink: /home/prathamkelkar/ros2_ws/install/px4_msgs/include/px4_msgs/px4_msgs/msg/detail/actuator_servos_trim__rosidl_typesupport_introspection_cpp.hpp
[6.124s] -- Up-to-date symlink: /home/prathamkelkar/ros2_ws/install/px4_msgs/include/px4_msgs/px4_msgs/msg/detail/actuator_test__rosidl_typesupport_introspection_cpp.hpp
[6.124s] -- Up-to-date symlink: /home/prathamkelkar/ros2_ws/install/px4_msgs/include/px4_msgs/px4_msgs/msg/detail/adc_report__rosidl_typesupport_introspection_cpp.hpp
[6.124s] -- Up-to-date symlink: /home/prathamkelkar/ros2_ws/install/px4_msgs/include/px4_msgs/px4_msgs/msg/detail/airspeed__rosidl_typesupport_introspection_cpp.hpp
[6.124s] -- Up-to-date symlink: /home/prathamkelkar/ros2_ws/install/px4_msgs/include/px4_msgs/px4_msgs/msg/detail/airspeed_validated__rosidl_typesupport_introspection_cpp.hpp
[6.124s] -- Up-to-date symlink: /home/prathamkelkar/ros2_ws/install/px4_msgs/include/px4_msgs/px4_msgs/msg/detail/airspeed_wind__rosidl_typesupport_introspection_cpp.hpp
[6.125s] -- Up-to-date symlink: /home/prathamkelkar/ros2_ws/install/px4_msgs/include/px4_msgs/px4_msgs/msg/detail/arming_check_reply__rosidl_typesupport_introspection_cpp.hpp
[6.125s] -- Up-to-date symlink: /home/prathamkelkar/ros2_ws/install/px4_msgs/include/px4_msgs/px4_msgs/msg/detail/arming_check_request__rosidl_typesupport_introspection_cpp.hpp
[6.125s] -- Up-to-date symlink: /home/prathamkelkar/ros2_ws/install/px4_msgs/include/px4_msgs/px4_msgs/msg/detail/autotune_attitude_control_status__rosidl_typesupport_introspection_cpp.hpp
[6.125s] -- Up-to-date symlink: /home/prathamkelkar/ros2_ws/install/px4_msgs/include/px4_msgs/px4_msgs/msg/detail/battery_status__rosidl_typesupport_introspection_cpp.hpp
[6.125s] -- Up-to-date symlink: /home/prathamkelkar/ros2_ws/install/px4_msgs/include/px4_msgs/px4_msgs/msg/detail/buffer128__rosidl_typesupport_introspection_cpp.hpp
[6.125s] -- Up-to-date symlink: /home/prathamkelkar/ros2_ws/install/px4_msgs/include/px4_msgs/px4_msgs/msg/detail/button_event__rosidl_typesupport_introspection_cpp.hpp
[6.125s] -- Up-to-date symlink: /home/prathamkelkar/ros2_ws/install/px4_msgs/include/px4_msgs/px4_msgs/msg/detail/camera_capture__rosidl_typesupport_introspection_cpp.hpp
[6.125s] -- Up-to-date symlink: /home/prathamkelkar/ros2_ws/install/px4_msgs/include/px4_msgs/px4_msgs/msg/detail/camera_status__rosidl_typesupport_introspection_cpp.hpp
[6.125s] -- Up-to-date symlink: /home/prathamkelkar/ros2_ws/install/px4_msgs/include/px4_msgs/px4_msgs/msg/detail/camera_trigger__rosidl_typesupport_introspection_cpp.hpp
[6.125s] -- Up-to-date symlink: /home/prathamkelkar/ros2_ws/install/px4_msgs/include/px4_msgs/px4_msgs/msg/detail/can_interface_status__rosidl_typesupport_introspection_cpp.hpp
[6.126s] -- Up-to-date symlink: /home/prathamkelkar/ros2_ws/install/px4_msgs/include/px4_msgs/px4_msgs/msg/detail/cellular_status__rosidl_typesupport_introspection_cpp.hpp
[6.126s] -- Up-to-date symlink: /home/prathamkelkar/ros2_ws/install/px4_msgs/include/px4_msgs/px4_msgs/msg/detail/collision_constraints__rosidl_typesupport_introspection_cpp.hpp
[6.126s] -- Up-to-date symlink: /home/prathamkelkar/ros2_ws/install/px4_msgs/include/px4_msgs/px4_msgs/msg/detail/collision_report__rosidl_typesupport_introspection_cpp.hpp
[6.126s] -- Up-to-date symlink: /home/prathamkelkar/ros2_ws/install/px4_msgs/include/px4_msgs/px4_msgs/msg/detail/config_overrides__rosidl_typesupport_introspection_cpp.hpp
[6.126s] -- Up-to-date symlink: /home/prathamkelkar/ros2_ws/install/px4_msgs/include/px4_msgs/px4_msgs/msg/detail/control_allocator_status__rosidl_typesupport_introspection_cpp.hpp
[6.126s] -- Up-to-date symlink: /home/prathamkelkar/ros2_ws/install/px4_msgs/include/px4_msgs/px4_msgs/msg/detail/cpuload__rosidl_typesupport_introspection_cpp.hpp
[6.126s] -- Up-to-date symlink: /home/prathamkelkar/ros2_ws/install/px4_msgs/include/px4_msgs/px4_msgs/msg/detail/dataman_request__rosidl_typesupport_introspection_cpp.hpp
[6.126s] -- Up-to-date symlink: /home/prathamkelkar/ros2_ws/install/px4_msgs/include/px4_msgs/px4_msgs/msg/detail/dataman_response__rosidl_typesupport_introspection_cpp.hpp
[6.126s] -- Up-to-date symlink: /home/prathamkelkar/ros2_ws/install/px4_msgs/include/px4_msgs/px4_msgs/msg/detail/debug_array__rosidl_typesupport_introspection_cpp.hpp
[6.126s] -- Up-to-date symlink: /home/prathamkelkar/ros2_ws/install/px4_msgs/include/px4_msgs/px4_msgs/msg/detail/debug_key_value__rosidl_typesupport_introspection_cpp.hpp
[6.127s] -- Up-to-date symlink: /home/prathamkelkar/ros2_ws/install/px4_msgs/include/px4_msgs/px4_msgs/msg/detail/debug_value__rosidl_typesupport_introspection_cpp.hpp
[6.127s] -- Up-to-date symlink: /home/prathamkelkar/ros2_ws/install/px4_msgs/include/px4_msgs/px4_msgs/msg/detail/debug_vect__rosidl_typesupport_introspection_cpp.hpp
[6.127s] -- Up-to-date symlink: /home/prathamkelkar/ros2_ws/install/px4_msgs/include/px4_msgs/px4_msgs/msg/detail/differential_drive_setpoint__rosidl_typesupport_introspection_cpp.hpp
[6.127s] -- Up-to-date symlink: /home/prathamkelkar/ros2_ws/install/px4_msgs/include/px4_msgs/px4_msgs/msg/detail/differential_pressure__rosidl_typesupport_introspection_cpp.hpp
[6.127s] -- Up-to-date symlink: /home/prathamkelkar/ros2_ws/install/px4_msgs/include/px4_msgs/px4_msgs/msg/detail/distance_sensor__rosidl_typesupport_introspection_cpp.hpp
[6.127s] -- Up-to-date symlink: /home/prathamkelkar/ros2_ws/install/px4_msgs/include/px4_msgs/px4_msgs/msg/detail/ekf2_timestamps__rosidl_typesupport_introspection_cpp.hpp
[6.127s] -- Up-to-date symlink: /home/prathamkelkar/ros2_ws/install/px4_msgs/include/px4_msgs/px4_msgs/msg/detail/esc_report__rosidl_typesupport_introspection_cpp.hpp
[6.127s] -- Up-to-date symlink: /home/prathamkelkar/ros2_ws/install/px4_msgs/include/px4_msgs/px4_msgs/msg/detail/esc_status__rosidl_typesupport_introspection_cpp.hpp
[6.127s] -- Up-to-date symlink: /home/prathamkelkar/ros2_ws/install/px4_msgs/include/px4_msgs/px4_msgs/msg/detail/estimator_aid_source1d__rosidl_typesupport_introspection_cpp.hpp
[6.127s] -- Up-to-date symlink: /home/prathamkelkar/ros2_ws/install/px4_msgs/include/px4_msgs/px4_msgs/msg/detail/estimator_aid_source2d__rosidl_typesupport_introspection_cpp.hpp
[6.128s] -- Up-to-date symlink: /home/prathamkelkar/ros2_ws/install/px4_msgs/include/px4_msgs/px4_msgs/msg/detail/estimator_aid_source3d__rosidl_typesupport_introspection_cpp.hpp
[6.128s] -- Up-to-date symlink: /home/prathamkelkar/ros2_ws/install/px4_msgs/include/px4_msgs/px4_msgs/msg/detail/estimator_bias3d__rosidl_typesupport_introspection_cpp.hpp
[6.128s] -- Up-to-date symlink: /home/prathamkelkar/ros2_ws/install/px4_msgs/include/px4_msgs/px4_msgs/msg/detail/estimator_bias__rosidl_typesupport_introspection_cpp.hpp
[6.128s] -- Up-to-date symlink: /home/prathamkelkar/ros2_ws/install/px4_msgs/include/px4_msgs/px4_msgs/msg/detail/estimator_event_flags__rosidl_typesupport_introspection_cpp.hpp
[6.128s] -- Up-to-date symlink: /home/prathamkelkar/ros2_ws/install/px4_msgs/include/px4_msgs/px4_msgs/msg/detail/estimator_gps_status__rosidl_typesupport_introspection_cpp.hpp
[6.128s] -- Up-to-date symlink: /home/prathamkelkar/ros2_ws/install/px4_msgs/include/px4_msgs/px4_msgs/msg/detail/estimator_innovations__rosidl_typesupport_introspection_cpp.hpp
[6.128s] -- Up-to-date symlink: /home/prathamkelkar/ros2_ws/install/px4_msgs/include/px4_msgs/px4_msgs/msg/detail/estimator_selector_status__rosidl_typesupport_introspection_cpp.hpp
[6.128s] -- Up-to-date symlink: /home/prathamkelkar/ros2_ws/install/px4_msgs/include/px4_msgs/px4_msgs/msg/detail/estimator_sensor_bias__rosidl_typesupport_introspection_cpp.hpp
[6.128s] -- Up-to-date symlink: /home/prathamkelkar/ros2_ws/install/px4_msgs/include/px4_msgs/px4_msgs/msg/detail/estimator_states__rosidl_typesupport_introspection_cpp.hpp
[6.128s] -- Up-to-date symlink: /home/prathamkelkar/ros2_ws/install/px4_msgs/include/px4_msgs/px4_msgs/msg/detail/estimator_status__rosidl_typesupport_introspection_cpp.hpp
[6.129s] -- Up-to-date symlink: /home/prathamkelkar/ros2_ws/install/px4_msgs/include/px4_msgs/px4_msgs/msg/detail/estimator_status_flags__rosidl_typesupport_introspection_cpp.hpp
[6.129s] -- Up-to-date symlink: /home/prathamkelkar/ros2_ws/install/px4_msgs/include/px4_msgs/px4_msgs/msg/detail/event__rosidl_typesupport_introspection_cpp.hpp
[6.129s] -- Up-to-date symlink: /home/prathamkelkar/ros2_ws/install/px4_msgs/include/px4_msgs/px4_msgs/msg/detail/failsafe_flags__rosidl_typesupport_introspection_cpp.hpp
[6.129s] -- Up-to-date symlink: /home/prathamkelkar/ros2_ws/install/px4_msgs/include/px4_msgs/px4_msgs/msg/detail/failure_detector_status__rosidl_typesupport_introspection_cpp.hpp
[6.129s] -- Up-to-date symlink: /home/prathamkelkar/ros2_ws/install/px4_msgs/include/px4_msgs/px4_msgs/msg/detail/figure_eight_status__rosidl_typesupport_introspection_cpp.hpp
[6.129s] -- Up-to-date symlink: /home/prathamkelkar/ros2_ws/install/px4_msgs/include/px4_msgs/px4_msgs/msg/detail/flight_phase_estimation__rosidl_typesupport_introspection_cpp.hpp
[6.129s] -- Up-to-date symlink: /home/prathamkelkar/ros2_ws/install/px4_msgs/include/px4_msgs/px4_msgs/msg/detail/follow_target__rosidl_typesupport_introspection_cpp.hpp
[6.129s] -- Up-to-date symlink: /home/prathamkelkar/ros2_ws/install/px4_msgs/include/px4_msgs/px4_msgs/msg/detail/follow_target_estimator__rosidl_typesupport_introspection_cpp.hpp
[6.129s] -- Up-to-date symlink: /home/prathamkelkar/ros2_ws/install/px4_msgs/include/px4_msgs/px4_msgs/msg/detail/follow_target_status__rosidl_typesupport_introspection_cpp.hpp
[6.129s] -- Up-to-date symlink: /home/prathamkelkar/ros2_ws/install/px4_msgs/include/px4_msgs/px4_msgs/msg/detail/generator_status__rosidl_typesupport_introspection_cpp.hpp
[6.129s] -- Up-to-date symlink: /home/prathamkelkar/ros2_ws/install/px4_msgs/include/px4_msgs/px4_msgs/msg/detail/geofence_result__rosidl_typesupport_introspection_cpp.hpp
[6.130s] -- Up-to-date symlink: /home/prathamkelkar/ros2_ws/install/px4_msgs/include/px4_msgs/px4_msgs/msg/detail/geofence_status__rosidl_typesupport_introspection_cpp.hpp
[6.130s] -- Up-to-date symlink: /home/prathamkelkar/ros2_ws/install/px4_msgs/include/px4_msgs/px4_msgs/msg/detail/gimbal_controls__rosidl_typesupport_introspection_cpp.hpp
[6.130s] -- Up-to-date symlink: /home/prathamkelkar/ros2_ws/install/px4_msgs/include/px4_msgs/px4_msgs/msg/detail/gimbal_device_attitude_status__rosidl_typesupport_introspection_cpp.hpp
[6.130s] -- Up-to-date symlink: /home/prathamkelkar/ros2_ws/install/px4_msgs/include/px4_msgs/px4_msgs/msg/detail/gimbal_device_information__rosidl_typesupport_introspection_cpp.hpp
[6.130s] -- Up-to-date symlink: /home/prathamkelkar/ros2_ws/install/px4_msgs/include/px4_msgs/px4_msgs/msg/detail/gimbal_device_set_attitude__rosidl_typesupport_introspection_cpp.hpp
[6.130s] -- Up-to-date symlink: /home/prathamkelkar/ros2_ws/install/px4_msgs/include/px4_msgs/px4_msgs/msg/detail/gimbal_manager_information__rosidl_typesupport_introspection_cpp.hpp
[6.130s] -- Up-to-date symlink: /home/prathamkelkar/ros2_ws/install/px4_msgs/include/px4_msgs/px4_msgs/msg/detail/gimbal_manager_set_attitude__rosidl_typesupport_introspection_cpp.hpp
[6.130s] -- Up-to-date symlink: /home/prathamkelkar/ros2_ws/install/px4_msgs/include/px4_msgs/px4_msgs/msg/detail/gimbal_manager_set_manual_control__rosidl_typesupport_introspection_cpp.hpp
[6.130s] -- Up-to-date symlink: /home/prathamkelkar/ros2_ws/install/px4_msgs/include/px4_msgs/px4_msgs/msg/detail/gimbal_manager_status__rosidl_typesupport_introspection_cpp.hpp
[6.130s] -- Up-to-date symlink: /home/prathamkelkar/ros2_ws/install/px4_msgs/include/px4_msgs/px4_msgs/msg/detail/goto_setpoint__rosidl_typesupport_introspection_cpp.hpp
[6.130s] -- Up-to-date symlink: /home/prathamkelkar/ros2_ws/install/px4_msgs/include/px4_msgs/px4_msgs/msg/detail/gpio_config__rosidl_typesupport_introspection_cpp.hpp
[6.131s] -- Up-to-date symlink: /home/prathamkelkar/ros2_ws/install/px4_msgs/include/px4_msgs/px4_msgs/msg/detail/gpio_in__rosidl_typesupport_introspection_cpp.hpp
[6.131s] -- Up-to-date symlink: /home/prathamkelkar/ros2_ws/install/px4_msgs/include/px4_msgs/px4_msgs/msg/detail/gpio_out__rosidl_typesupport_introspection_cpp.hpp
[6.131s] -- Up-to-date symlink: /home/prathamkelkar/ros2_ws/install/px4_msgs/include/px4_msgs/px4_msgs/msg/detail/gpio_request__rosidl_typesupport_introspection_cpp.hpp
[6.131s] -- Up-to-date symlink: /home/prathamkelkar/ros2_ws/install/px4_msgs/include/px4_msgs/px4_msgs/msg/detail/gps_dump__rosidl_typesupport_introspection_cpp.hpp
[6.131s] -- Up-to-date symlink: /home/prathamkelkar/ros2_ws/install/px4_msgs/include/px4_msgs/px4_msgs/msg/detail/gps_inject_data__rosidl_typesupport_introspection_cpp.hpp
[6.131s] -- Up-to-date symlink: /home/prathamkelkar/ros2_ws/install/px4_msgs/include/px4_msgs/px4_msgs/msg/detail/gripper__rosidl_typesupport_introspection_cpp.hpp
[6.131s] -- Up-to-date symlink: /home/prathamkelkar/ros2_ws/install/px4_msgs/include/px4_msgs/px4_msgs/msg/detail/health_report__rosidl_typesupport_introspection_cpp.hpp
[6.131s] -- Up-to-date symlink: /home/prathamkelkar/ros2_ws/install/px4_msgs/include/px4_msgs/px4_msgs/msg/detail/heater_status__rosidl_typesupport_introspection_cpp.hpp
[6.131s] -- Up-to-date symlink: /home/prathamkelkar/ros2_ws/install/px4_msgs/include/px4_msgs/px4_msgs/msg/detail/home_position__rosidl_typesupport_introspection_cpp.hpp
[6.131s] -- Up-to-date symlink: /home/prathamkelkar/ros2_ws/install/px4_msgs/include/px4_msgs/px4_msgs/msg/detail/hover_thrust_estimate__rosidl_typesupport_introspection_cpp.hpp
[6.132s] -- Up-to-date symlink: /home/prathamkelkar/ros2_ws/install/px4_msgs/include/px4_msgs/px4_msgs/msg/detail/input_rc__rosidl_typesupport_introspection_cpp.hpp
[6.132s] -- Up-to-date symlink: /home/prathamkelkar/ros2_ws/install/px4_msgs/include/px4_msgs/px4_msgs/msg/detail/internal_combustion_engine_status__rosidl_typesupport_introspection_cpp.hpp
[6.132s] -- Up-to-date symlink: /home/prathamkelkar/ros2_ws/install/px4_msgs/include/px4_msgs/px4_msgs/msg/detail/iridiumsbd_status__rosidl_typesupport_introspection_cpp.hpp
[6.132s] -- Up-to-date symlink: /home/prathamkelkar/ros2_ws/install/px4_msgs/include/px4_msgs/px4_msgs/msg/detail/irlock_report__rosidl_typesupport_introspection_cpp.hpp
[6.132s] -- Up-to-date symlink: /home/prathamkelkar/ros2_ws/install/px4_msgs/include/px4_msgs/px4_msgs/msg/detail/landing_gear__rosidl_typesupport_introspection_cpp.hpp
[6.132s] -- Up-to-date symlink: /home/prathamkelkar/ros2_ws/install/px4_msgs/include/px4_msgs/px4_msgs/msg/detail/landing_gear_wheel__rosidl_typesupport_introspection_cpp.hpp
[6.132s] -- Up-to-date symlink: /home/prathamkelkar/ros2_ws/install/px4_msgs/include/px4_msgs/px4_msgs/msg/detail/landing_target_innovations__rosidl_typesupport_introspection_cpp.hpp
[6.132s] -- Up-to-date symlink: /home/prathamkelkar/ros2_ws/install/px4_msgs/include/px4_msgs/px4_msgs/msg/detail/landing_target_pose__rosidl_typesupport_introspection_cpp.hpp
[6.132s] -- Up-to-date symlink: /home/prathamkelkar/ros2_ws/install/px4_msgs/include/px4_msgs/px4_msgs/msg/detail/launch_detection_status__rosidl_typesupport_introspection_cpp.hpp
[6.132s] -- Up-to-date symlink: /home/prathamkelkar/ros2_ws/install/px4_msgs/include/px4_msgs/px4_msgs/msg/detail/led_control__rosidl_typesupport_introspection_cpp.hpp
[6.132s] -- Up-to-date symlink: /home/prathamkelkar/ros2_ws/install/px4_msgs/include/px4_msgs/px4_msgs/msg/detail/log_message__rosidl_typesupport_introspection_cpp.hpp
[6.132s] -- Up-to-date symlink: /home/prathamkelkar/ros2_ws/install/px4_msgs/include/px4_msgs/px4_msgs/msg/detail/logger_status__rosidl_typesupport_introspection_cpp.hpp
[6.133s] -- Up-to-date symlink: /home/prathamkelkar/ros2_ws/install/px4_msgs/include/px4_msgs/px4_msgs/msg/detail/mag_worker_data__rosidl_typesupport_introspection_cpp.hpp
[6.133s] -- Up-to-date symlink: /home/prathamkelkar/ros2_ws/install/px4_msgs/include/px4_msgs/px4_msgs/msg/detail/magnetometer_bias_estimate__rosidl_typesupport_introspection_cpp.hpp
[6.133s] -- Up-to-date symlink: /home/prathamkelkar/ros2_ws/install/px4_msgs/include/px4_msgs/px4_msgs/msg/detail/manual_control_setpoint__rosidl_typesupport_introspection_cpp.hpp
[6.133s] -- Up-to-date symlink: /home/prathamkelkar/ros2_ws/install/px4_msgs/include/px4_msgs/px4_msgs/msg/detail/manual_control_switches__rosidl_typesupport_introspection_cpp.hpp
[6.133s] -- Up-to-date symlink: /home/prathamkelkar/ros2_ws/install/px4_msgs/include/px4_msgs/px4_msgs/msg/detail/mavlink_log__rosidl_typesupport_introspection_cpp.hpp
[6.133s] -- Up-to-date symlink: /home/prathamkelkar/ros2_ws/install/px4_msgs/include/px4_msgs/px4_msgs/msg/detail/mavlink_tunnel__rosidl_typesupport_introspection_cpp.hpp
[6.133s] -- Up-to-date symlink: /home/prathamkelkar/ros2_ws/install/px4_msgs/include/px4_msgs/px4_msgs/msg/detail/message_format_request__rosidl_typesupport_introspection_cpp.hpp
[6.133s] -- Up-to-date symlink: /home/prathamkelkar/ros2_ws/install/px4_msgs/include/px4_msgs/px4_msgs/msg/detail/message_format_response__rosidl_typesupport_introspection_cpp.hpp
[6.133s] -- Up-to-date symlink: /home/prathamkelkar/ros2_ws/install/px4_msgs/include/px4_msgs/px4_msgs/msg/detail/mission__rosidl_typesupport_introspection_cpp.hpp
[6.133s] -- Up-to-date symlink: /home/prathamkelkar/ros2_ws/install/px4_msgs/include/px4_msgs/px4_msgs/msg/detail/mission_result__rosidl_typesupport_introspection_cpp.hpp
[6.134s] -- Up-to-date symlink: /home/prathamkelkar/ros2_ws/install/px4_msgs/include/px4_msgs/px4_msgs/msg/detail/mode_completed__rosidl_typesupport_introspection_cpp.hpp
[6.134s] -- Up-to-date symlink: /home/prathamkelkar/ros2_ws/install/px4_msgs/include/px4_msgs/px4_msgs/msg/detail/mount_orientation__rosidl_typesupport_introspection_cpp.hpp
[6.134s] -- Up-to-date symlink: /home/prathamkelkar/ros2_ws/install/px4_msgs/include/px4_msgs/px4_msgs/msg/detail/navigator_mission_item__rosidl_typesupport_introspection_cpp.hpp
[6.134s] -- Up-to-date symlink: /home/prathamkelkar/ros2_ws/install/px4_msgs/include/px4_msgs/px4_msgs/msg/detail/normalized_unsigned_setpoint__rosidl_typesupport_introspection_cpp.hpp
[6.134s] -- Up-to-date symlink: /home/prathamkelkar/ros2_ws/install/px4_msgs/include/px4_msgs/px4_msgs/msg/detail/npfg_status__rosidl_typesupport_introspection_cpp.hpp
[6.134s] -- Up-to-date symlink: /home/prathamkelkar/ros2_ws/install/px4_msgs/include/px4_msgs/px4_msgs/msg/detail/obstacle_distance__rosidl_typesupport_introspection_cpp.hpp
[6.134s] -- Up-to-date symlink: /home/prathamkelkar/ros2_ws/install/px4_msgs/include/px4_msgs/px4_msgs/msg/detail/offboard_control_mode__rosidl_typesupport_introspection_cpp.hpp
[6.134s] -- Up-to-date symlink: /home/prathamkelkar/ros2_ws/install/px4_msgs/include/px4_msgs/px4_msgs/msg/detail/onboard_computer_status__rosidl_typesupport_introspection_cpp.hpp
[6.134s] -- Up-to-date symlink: /home/prathamkelkar/ros2_ws/install/px4_msgs/include/px4_msgs/px4_msgs/msg/detail/orb_test__rosidl_typesupport_introspection_cpp.hpp
[6.134s] -- Up-to-date symlink: /home/prathamkelkar/ros2_ws/install/px4_msgs/include/px4_msgs/px4_msgs/msg/detail/orb_test_large__rosidl_typesupport_introspection_cpp.hpp
[6.134s] -- Up-to-date symlink: /home/prathamkelkar/ros2_ws/install/px4_msgs/include/px4_msgs/px4_msgs/msg/detail/orb_test_medium__rosidl_typesupport_introspection_cpp.hpp
[6.135s] -- Up-to-date symlink: /home/prathamkelkar/ros2_ws/install/px4_msgs/include/px4_msgs/px4_msgs/msg/detail/orbit_status__rosidl_typesupport_introspection_cpp.hpp
[6.135s] -- Up-to-date symlink: /home/prathamkelkar/ros2_ws/install/px4_msgs/include/px4_msgs/px4_msgs/msg/detail/parameter_reset_request__rosidl_typesupport_introspection_cpp.hpp
[6.135s] -- Up-to-date symlink: /home/prathamkelkar/ros2_ws/install/px4_msgs/include/px4_msgs/px4_msgs/msg/detail/parameter_set_used_request__rosidl_typesupport_introspection_cpp.hpp
[6.135s] -- Up-to-date symlink: /home/prathamkelkar/ros2_ws/install/px4_msgs/include/px4_msgs/px4_msgs/msg/detail/parameter_set_value_request__rosidl_typesupport_introspection_cpp.hpp
[6.135s] -- Up-to-date symlink: /home/prathamkelkar/ros2_ws/install/px4_msgs/include/px4_msgs/px4_msgs/msg/detail/parameter_set_value_response__rosidl_typesupport_introspection_cpp.hpp
[6.135s] -- Up-to-date symlink: /home/prathamkelkar/ros2_ws/install/px4_msgs/include/px4_msgs/px4_msgs/msg/detail/parameter_update__rosidl_typesupport_introspection_cpp.hpp
[6.135s] -- Up-to-date symlink: /home/prathamkelkar/ros2_ws/install/px4_msgs/include/px4_msgs/px4_msgs/msg/detail/ping__rosidl_typesupport_introspection_cpp.hpp
[6.135s] -- Up-to-date symlink: /home/prathamkelkar/ros2_ws/install/px4_msgs/include/px4_msgs/px4_msgs/msg/detail/position_controller_landing_status__rosidl_typesupport_introspection_cpp.hpp
[6.135s] -- Up-to-date symlink: /home/prathamkelkar/ros2_ws/install/px4_msgs/include/px4_msgs/px4_msgs/msg/detail/position_controller_status__rosidl_typesupport_introspection_cpp.hpp
[6.135s] -- Up-to-date symlink: /home/prathamkelkar/ros2_ws/install/px4_msgs/include/px4_msgs/px4_msgs/msg/detail/position_setpoint__rosidl_typesupport_introspection_cpp.hpp
[6.135s] -- Up-to-date symlink: /home/prathamkelkar/ros2_ws/install/px4_msgs/include/px4_msgs/px4_msgs/msg/detail/position_setpoint_triplet__rosidl_typesupport_introspection_cpp.hpp
[6.136s] -- Up-to-date symlink: /home/prathamkelkar/ros2_ws/install/px4_msgs/include/px4_msgs/px4_msgs/msg/detail/power_button_state__rosidl_typesupport_introspection_cpp.hpp
[6.136s] -- Up-to-date symlink: /home/prathamkelkar/ros2_ws/install/px4_msgs/include/px4_msgs/px4_msgs/msg/detail/power_monitor__rosidl_typesupport_introspection_cpp.hpp
[6.136s] -- Up-to-date symlink: /home/prathamkelkar/ros2_ws/install/px4_msgs/include/px4_msgs/px4_msgs/msg/detail/pps_capture__rosidl_typesupport_introspection_cpp.hpp
[6.136s] -- Up-to-date symlink: /home/prathamkelkar/ros2_ws/install/px4_msgs/include/px4_msgs/px4_msgs/msg/detail/pwm_input__rosidl_typesupport_introspection_cpp.hpp
[6.136s] -- Up-to-date symlink: /home/prathamkelkar/ros2_ws/install/px4_msgs/include/px4_msgs/px4_msgs/msg/detail/px4io_status__rosidl_typesupport_introspection_cpp.hpp
[6.136s] -- Up-to-date symlink: /home/prathamkelkar/ros2_ws/install/px4_msgs/include/px4_msgs/px4_msgs/msg/detail/qshell_req__rosidl_typesupport_introspection_cpp.hpp
[6.136s] -- Up-to-date symlink: /home/prathamkelkar/ros2_ws/install/px4_msgs/include/px4_msgs/px4_msgs/msg/detail/qshell_retval__rosidl_typesupport_introspection_cpp.hpp
[6.136s] -- Up-to-date symlink: /home/prathamkelkar/ros2_ws/install/px4_msgs/include/px4_msgs/px4_msgs/msg/detail/radio_status__rosidl_typesupport_introspection_cpp.hpp
[6.136s] -- Up-to-date symlink: /home/prathamkelkar/ros2_ws/install/px4_msgs/include/px4_msgs/px4_msgs/msg/detail/rate_ctrl_status__rosidl_typesupport_introspection_cpp.hpp
[6.136s] -- Up-to-date symlink: /home/prathamkelkar/ros2_ws/install/px4_msgs/include/px4_msgs/px4_msgs/msg/detail/rc_channels__rosidl_typesupport_introspection_cpp.hpp
[6.136s] -- Up-to-date symlink: /home/prathamkelkar/ros2_ws/install/px4_msgs/include/px4_msgs/px4_msgs/msg/detail/rc_parameter_map__rosidl_typesupport_introspection_cpp.hpp
[6.137s] -- Up-to-date symlink: /home/prathamkelkar/ros2_ws/install/px4_msgs/include/px4_msgs/px4_msgs/msg/detail/register_ext_component_reply__rosidl_typesupport_introspection_cpp.hpp
[6.137s] -- Up-to-date symlink: /home/prathamkelkar/ros2_ws/install/px4_msgs/include/px4_msgs/px4_msgs/msg/detail/register_ext_component_request__rosidl_typesupport_introspection_cpp.hpp
[6.137s] -- Up-to-date symlink: /home/prathamkelkar/ros2_ws/install/px4_msgs/include/px4_msgs/px4_msgs/msg/detail/rpm__rosidl_typesupport_introspection_cpp.hpp
[6.137s] -- Up-to-date symlink: /home/prathamkelkar/ros2_ws/install/px4_msgs/include/px4_msgs/px4_msgs/msg/detail/rtl_status__rosidl_typesupport_introspection_cpp.hpp
[6.137s] -- Up-to-date symlink: /home/prathamkelkar/ros2_ws/install/px4_msgs/include/px4_msgs/px4_msgs/msg/detail/rtl_time_estimate__rosidl_typesupport_introspection_cpp.hpp
[6.137s] -- Up-to-date symlink: /home/prathamkelkar/ros2_ws/install/px4_msgs/include/px4_msgs/px4_msgs/msg/detail/satellite_info__rosidl_typesupport_introspection_cpp.hpp
[6.137s] -- Up-to-date symlink: /home/prathamkelkar/ros2_ws/install/px4_msgs/include/px4_msgs/px4_msgs/msg/detail/sensor_accel__rosidl_typesupport_introspection_cpp.hpp
[6.137s] -- Up-to-date symlink: /home/prathamkelkar/ros2_ws/install/px4_msgs/include/px4_msgs/px4_msgs/msg/detail/sensor_accel_fifo__rosidl_typesupport_introspection_cpp.hpp
[6.137s] -- Up-to-date symlink: /home/prathamkelkar/ros2_ws/install/px4_msgs/include/px4_msgs/px4_msgs/msg/detail/sensor_airflow__rosidl_typesupport_introspection_cpp.hpp
[6.137s] -- Up-to-date symlink: /home/prathamkelkar/ros2_ws/install/px4_msgs/include/px4_msgs/px4_msgs/msg/detail/sensor_baro__rosidl_typesupport_introspection_cpp.hpp
[6.137s] -- Up-to-date symlink: /home/prathamkelkar/ros2_ws/install/px4_msgs/include/px4_msgs/px4_msgs/msg/detail/sensor_combined__rosidl_typesupport_introspection_cpp.hpp
[6.138s] -- Up-to-date symlink: /home/prathamkelkar/ros2_ws/install/px4_msgs/include/px4_msgs/px4_msgs/msg/detail/sensor_correction__rosidl_typesupport_introspection_cpp.hpp
[6.138s] -- Up-to-date symlink: /home/prathamkelkar/ros2_ws/install/px4_msgs/include/px4_msgs/px4_msgs/msg/detail/sensor_gnss_relative__rosidl_typesupport_introspection_cpp.hpp
[6.138s] -- Up-to-date symlink: /home/prathamkelkar/ros2_ws/install/px4_msgs/include/px4_msgs/px4_msgs/msg/detail/sensor_gps__rosidl_typesupport_introspection_cpp.hpp
[6.138s] -- Up-to-date symlink: /home/prathamkelkar/ros2_ws/install/px4_msgs/include/px4_msgs/px4_msgs/msg/detail/sensor_gyro__rosidl_typesupport_introspection_cpp.hpp
[6.138s] -- Up-to-date symlink: /home/prathamkelkar/ros2_ws/install/px4_msgs/include/px4_msgs/px4_msgs/msg/detail/sensor_gyro_fft__rosidl_typesupport_introspection_cpp.hpp
[6.138s] -- Up-to-date symlink: /home/prathamkelkar/ros2_ws/install/px4_msgs/include/px4_msgs/px4_msgs/msg/detail/sensor_gyro_fifo__rosidl_typesupport_introspection_cpp.hpp
[6.138s] -- Up-to-date symlink: /home/prathamkelkar/ros2_ws/install/px4_msgs/include/px4_msgs/px4_msgs/msg/detail/sensor_hygrometer__rosidl_typesupport_introspection_cpp.hpp
[6.138s] -- Up-to-date symlink: /home/prathamkelkar/ros2_ws/install/px4_msgs/include/px4_msgs/px4_msgs/msg/detail/sensor_mag__rosidl_typesupport_introspection_cpp.hpp
[6.138s] -- Up-to-date symlink: /home/prathamkelkar/ros2_ws/install/px4_msgs/include/px4_msgs/px4_msgs/msg/detail/sensor_optical_flow__rosidl_typesupport_introspection_cpp.hpp
[6.138s] -- Up-to-date symlink: /home/prathamkelkar/ros2_ws/install/px4_msgs/include/px4_msgs/px4_msgs/msg/detail/sensor_preflight_mag__rosidl_typesupport_introspection_cpp.hpp
[6.139s] -- Up-to-date symlink: /home/prathamkelkar/ros2_ws/install/px4_msgs/include/px4_msgs/px4_msgs/msg/detail/sensor_selection__rosidl_typesupport_introspection_cpp.hpp
[6.139s] -- Up-to-date symlink: /home/prathamkelkar/ros2_ws/install/px4_msgs/include/px4_msgs/px4_msgs/msg/detail/sensor_uwb__rosidl_typesupport_introspection_cpp.hpp
[6.139s] -- Up-to-date symlink: /home/prathamkelkar/ros2_ws/install/px4_msgs/include/px4_msgs/px4_msgs/msg/detail/sensors_status__rosidl_typesupport_introspection_cpp.hpp
[6.139s] -- Up-to-date symlink: /home/prathamkelkar/ros2_ws/install/px4_msgs/include/px4_msgs/px4_msgs/msg/detail/sensors_status_imu__rosidl_typesupport_introspection_cpp.hpp
[6.139s] -- Up-to-date symlink: /home/prathamkelkar/ros2_ws/install/px4_msgs/include/px4_msgs/px4_msgs/msg/detail/system_power__rosidl_typesupport_introspection_cpp.hpp
[6.139s] -- Up-to-date symlink: /home/prathamkelkar/ros2_ws/install/px4_msgs/include/px4_msgs/px4_msgs/msg/detail/takeoff_status__rosidl_typesupport_introspection_cpp.hpp
[6.139s] -- Up-to-date symlink: /home/prathamkelkar/ros2_ws/install/px4_msgs/include/px4_msgs/px4_msgs/msg/detail/task_stack_info__rosidl_typesupport_introspection_cpp.hpp
[6.139s] -- Up-to-date symlink: /home/prathamkelkar/ros2_ws/install/px4_msgs/include/px4_msgs/px4_msgs/msg/detail/tecs_status__rosidl_typesupport_introspection_cpp.hpp
[6.139s] -- Up-to-date symlink: /home/prathamkelkar/ros2_ws/install/px4_msgs/include/px4_msgs/px4_msgs/msg/detail/telemetry_status__rosidl_typesupport_introspection_cpp.hpp
[6.139s] -- Up-to-date symlink: /home/prathamkelkar/ros2_ws/install/px4_msgs/include/px4_msgs/px4_msgs/msg/detail/tiltrotor_extra_controls__rosidl_typesupport_introspection_cpp.hpp
[6.139s] -- Up-to-date symlink: /home/prathamkelkar/ros2_ws/install/px4_msgs/include/px4_msgs/px4_msgs/msg/detail/timesync_status__rosidl_typesupport_introspection_cpp.hpp
[6.140s] -- Up-to-date symlink: /home/prathamkelkar/ros2_ws/install/px4_msgs/include/px4_msgs/px4_msgs/msg/detail/trajectory_bezier__rosidl_typesupport_introspection_cpp.hpp
[6.140s] -- Up-to-date symlink: /home/prathamkelkar/ros2_ws/install/px4_msgs/include/px4_msgs/px4_msgs/msg/detail/trajectory_setpoint__rosidl_typesupport_introspection_cpp.hpp
[6.140s] -- Up-to-date symlink: /home/prathamkelkar/ros2_ws/install/px4_msgs/include/px4_msgs/px4_msgs/msg/detail/trajectory_waypoint__rosidl_typesupport_introspection_cpp.hpp
[6.140s] -- Up-to-date symlink: /home/prathamkelkar/ros2_ws/install/px4_msgs/include/px4_msgs/px4_msgs/msg/detail/transponder_report__rosidl_typesupport_introspection_cpp.hpp
[6.140s] -- Up-to-date symlink: /home/prathamkelkar/ros2_ws/install/px4_msgs/include/px4_msgs/px4_msgs/msg/detail/tune_control__rosidl_typesupport_introspection_cpp.hpp
[6.140s] -- Up-to-date symlink: /home/prathamkelkar/ros2_ws/install/px4_msgs/include/px4_msgs/px4_msgs/msg/detail/uavcan_parameter_request__rosidl_typesupport_introspection_cpp.hpp
[6.140s] -- Up-to-date symlink: /home/prathamkelkar/ros2_ws/install/px4_msgs/include/px4_msgs/px4_msgs/msg/detail/uavcan_parameter_value__rosidl_typesupport_introspection_cpp.hpp
[6.140s] -- Up-to-date symlink: /home/prathamkelkar/ros2_ws/install/px4_msgs/include/px4_msgs/px4_msgs/msg/detail/ulog_stream__rosidl_typesupport_introspection_cpp.hpp
[6.140s] -- Up-to-date symlink: /home/prathamkelkar/ros2_ws/install/px4_msgs/include/px4_msgs/px4_msgs/msg/detail/ulog_stream_ack__rosidl_typesupport_introspection_cpp.hpp
[6.140s] -- Up-to-date symlink: /home/prathamkelkar/ros2_ws/install/px4_msgs/include/px4_msgs/px4_msgs/msg/detail/unregister_ext_component__rosidl_typesupport_introspection_cpp.hpp
[6.140s] -- Up-to-date symlink: /home/prathamkelkar/ros2_ws/install/px4_msgs/include/px4_msgs/px4_msgs/msg/detail/vehicle_acceleration__rosidl_typesupport_introspection_cpp.hpp
[6.141s] -- Up-to-date symlink: /home/prathamkelkar/ros2_ws/install/px4_msgs/include/px4_msgs/px4_msgs/msg/detail/vehicle_air_data__rosidl_typesupport_introspection_cpp.hpp
[6.141s] -- Up-to-date symlink: /home/prathamkelkar/ros2_ws/install/px4_msgs/include/px4_msgs/px4_msgs/msg/detail/vehicle_angular_acceleration_setpoint__rosidl_typesupport_introspection_cpp.hpp
[6.141s] -- Up-to-date symlink: /home/prathamkelkar/ros2_ws/install/px4_msgs/include/px4_msgs/px4_msgs/msg/detail/vehicle_angular_velocity__rosidl_typesupport_introspection_cpp.hpp
[6.141s] -- Up-to-date symlink: /home/prathamkelkar/ros2_ws/install/px4_msgs/include/px4_msgs/px4_msgs/msg/detail/vehicle_attitude__rosidl_typesupport_introspection_cpp.hpp
[6.141s] -- Up-to-date symlink: /home/prathamkelkar/ros2_ws/install/px4_msgs/include/px4_msgs/px4_msgs/msg/detail/vehicle_attitude_setpoint__rosidl_typesupport_introspection_cpp.hpp
[6.141s] -- Up-to-date symlink: /home/prathamkelkar/ros2_ws/install/px4_msgs/include/px4_msgs/px4_msgs/msg/detail/vehicle_command__rosidl_typesupport_introspection_cpp.hpp
[6.141s] -- Up-to-date symlink: /home/prathamkelkar/ros2_ws/install/px4_msgs/include/px4_msgs/px4_msgs/msg/detail/vehicle_command_ack__rosidl_typesupport_introspection_cpp.hpp
[6.141s] -- Up-to-date symlink: /home/prathamkelkar/ros2_ws/install/px4_msgs/include/px4_msgs/px4_msgs/msg/detail/vehicle_constraints__rosidl_typesupport_introspection_cpp.hpp
[6.141s] -- Up-to-date symlink: /home/prathamkelkar/ros2_ws/install/px4_msgs/include/px4_msgs/px4_msgs/msg/detail/vehicle_control_mode__rosidl_typesupport_introspection_cpp.hpp
[6.141s] -- Up-to-date symlink: /home/prathamkelkar/ros2_ws/install/px4_msgs/include/px4_msgs/px4_msgs/msg/detail/vehicle_global_position__rosidl_typesupport_introspection_cpp.hpp
[6.141s] -- Up-to-date symlink: /home/prathamkelkar/ros2_ws/install/px4_msgs/include/px4_msgs/px4_msgs/msg/detail/vehicle_imu__rosidl_typesupport_introspection_cpp.hpp
[6.142s] -- Up-to-date symlink: /home/prathamkelkar/ros2_ws/install/px4_msgs/include/px4_msgs/px4_msgs/msg/detail/vehicle_imu_status__rosidl_typesupport_introspection_cpp.hpp
[6.142s] -- Up-to-date symlink: /home/prathamkelkar/ros2_ws/install/px4_msgs/include/px4_msgs/px4_msgs/msg/detail/vehicle_land_detected__rosidl_typesupport_introspection_cpp.hpp
[6.142s] -- Up-to-date symlink: /home/prathamkelkar/ros2_ws/install/px4_msgs/include/px4_msgs/px4_msgs/msg/detail/vehicle_local_position__rosidl_typesupport_introspection_cpp.hpp
[6.142s] -- Up-to-date symlink: /home/prathamkelkar/ros2_ws/install/px4_msgs/include/px4_msgs/px4_msgs/msg/detail/vehicle_local_position_setpoint__rosidl_typesupport_introspection_cpp.hpp
[6.142s] -- Up-to-date symlink: /home/prathamkelkar/ros2_ws/install/px4_msgs/include/px4_msgs/px4_msgs/msg/detail/vehicle_magnetometer__rosidl_typesupport_introspection_cpp.hpp
[6.142s] -- Up-to-date symlink: /home/prathamkelkar/ros2_ws/install/px4_msgs/include/px4_msgs/px4_msgs/msg/detail/vehicle_odometry__rosidl_typesupport_introspection_cpp.hpp
[6.142s] -- Up-to-date symlink: /home/prathamkelkar/ros2_ws/install/px4_msgs/include/px4_msgs/px4_msgs/msg/detail/vehicle_optical_flow__rosidl_typesupport_introspection_cpp.hpp
[6.142s] -- Up-to-date symlink: /home/prathamkelkar/ros2_ws/install/px4_msgs/include/px4_msgs/px4_msgs/msg/detail/vehicle_optical_flow_vel__rosidl_typesupport_introspection_cpp.hpp
[6.142s] -- Up-to-date symlink: /home/prathamkelkar/ros2_ws/install/px4_msgs/include/px4_msgs/px4_msgs/msg/detail/vehicle_rates_setpoint__rosidl_typesupport_introspection_cpp.hpp
[6.142s] -- Up-to-date symlink: /home/prathamkelkar/ros2_ws/install/px4_msgs/include/px4_msgs/px4_msgs/msg/detail/vehicle_roi__rosidl_typesupport_introspection_cpp.hpp
[6.142s] -- Up-to-date symlink: /home/prathamkelkar/ros2_ws/install/px4_msgs/include/px4_msgs/px4_msgs/msg/detail/vehicle_status__rosidl_typesupport_introspection_cpp.hpp
[6.143s] -- Up-to-date symlink: /home/prathamkelkar/ros2_ws/install/px4_msgs/include/px4_msgs/px4_msgs/msg/detail/vehicle_thrust_setpoint__rosidl_typesupport_introspection_cpp.hpp
[6.143s] -- Up-to-date symlink: /home/prathamkelkar/ros2_ws/install/px4_msgs/include/px4_msgs/px4_msgs/msg/detail/vehicle_torque_setpoint__rosidl_typesupport_introspection_cpp.hpp
[6.143s] -- Up-to-date symlink: /home/prathamkelkar/ros2_ws/install/px4_msgs/include/px4_msgs/px4_msgs/msg/detail/vehicle_trajectory_bezier__rosidl_typesupport_introspection_cpp.hpp
[6.143s] -- Up-to-date symlink: /home/prathamkelkar/ros2_ws/install/px4_msgs/include/px4_msgs/px4_msgs/msg/detail/vehicle_trajectory_waypoint__rosidl_typesupport_introspection_cpp.hpp
[6.143s] -- Up-to-date symlink: /home/prathamkelkar/ros2_ws/install/px4_msgs/include/px4_msgs/px4_msgs/msg/detail/velocity_limits__rosidl_typesupport_introspection_cpp.hpp
[6.143s] -- Up-to-date symlink: /home/prathamkelkar/ros2_ws/install/px4_msgs/include/px4_msgs/px4_msgs/msg/detail/vtol_vehicle_status__rosidl_typesupport_introspection_cpp.hpp
[6.143s] -- Up-to-date symlink: /home/prathamkelkar/ros2_ws/install/px4_msgs/include/px4_msgs/px4_msgs/msg/detail/wheel_encoders__rosidl_typesupport_introspection_cpp.hpp
[6.143s] -- Up-to-date symlink: /home/prathamkelkar/ros2_ws/install/px4_msgs/include/px4_msgs/px4_msgs/msg/detail/wind__rosidl_typesupport_introspection_cpp.hpp
[6.143s] -- Up-to-date symlink: /home/prathamkelkar/ros2_ws/install/px4_msgs/include/px4_msgs/px4_msgs/msg/detail/yaw_estimator_status__rosidl_typesupport_introspection_cpp.hpp
[6.143s] -- Up-to-date symlink: /home/prathamkelkar/ros2_ws/install/px4_msgs/include/px4_msgs/px4_msgs/srv/detail/vehicle_command__rosidl_typesupport_introspection_cpp.hpp
[6.144s] -- Up-to-date symlink: /home/prathamkelkar/ros2_ws/install/px4_msgs/share/px4_msgs/environment/pythonpath.sh
[6.144s] -- Up-to-date symlink: /home/prathamkelkar/ros2_ws/install/px4_msgs/share/px4_msgs/environment/pythonpath.dsv
[6.144s] -- Up-to-date symlink: /home/prathamkelkar/ros2_ws/install/px4_msgs/lib/python3.12/site-packages/px4_msgs-2.0.1-py3.12.egg-info/PKG-INFO
[6.144s] -- Up-to-date symlink: /home/prathamkelkar/ros2_ws/install/px4_msgs/lib/python3.12/site-packages/px4_msgs-2.0.1-py3.12.egg-info/SOURCES.txt
[6.144s] -- Up-to-date symlink: /home/prathamkelkar/ros2_ws/install/px4_msgs/lib/python3.12/site-packages/px4_msgs-2.0.1-py3.12.egg-info/dependency_links.txt
[6.144s] -- Up-to-date symlink: /home/prathamkelkar/ros2_ws/install/px4_msgs/lib/python3.12/site-packages/px4_msgs-2.0.1-py3.12.egg-info/top_level.txt
[6.144s] -- Up-to-date symlink: /home/prathamkelkar/ros2_ws/install/px4_msgs/lib/python3.12/site-packages/px4_msgs/__init__.py
[6.144s] -- Up-to-date symlink: /home/prathamkelkar/ros2_ws/install/px4_msgs/lib/python3.12/site-packages/px4_msgs/_px4_msgs_s.ep.rosidl_typesupport_c.c
[6.144s] -- Up-to-date symlink: /home/prathamkelkar/ros2_ws/install/px4_msgs/lib/python3.12/site-packages/px4_msgs/_px4_msgs_s.ep.rosidl_typesupport_fastrtps_c.c
[6.144s] -- Up-to-date symlink: /home/prathamkelkar/ros2_ws/install/px4_msgs/lib/python3.12/site-packages/px4_msgs/_px4_msgs_s.ep.rosidl_typesupport_introspection_c.c
[6.144s] -- Up-to-date symlink: /home/prathamkelkar/ros2_ws/install/px4_msgs/lib/python3.12/site-packages/px4_msgs/msg/__init__.py
[6.145s] -- Up-to-date symlink: /home/prathamkelkar/ros2_ws/install/px4_msgs/lib/python3.12/site-packages/px4_msgs/msg/_action_request.py
[6.145s] -- Up-to-date symlink: /home/prathamkelkar/ros2_ws/install/px4_msgs/lib/python3.12/site-packages/px4_msgs/msg/_action_request_s.c
[6.145s] -- Up-to-date symlink: /home/prathamkelkar/ros2_ws/install/px4_msgs/lib/python3.12/site-packages/px4_msgs/msg/_actuator_armed.py
[6.145s] -- Up-to-date symlink: /home/prathamkelkar/ros2_ws/install/px4_msgs/lib/python3.12/site-packages/px4_msgs/msg/_actuator_armed_s.c
[6.145s] -- Up-to-date symlink: /home/prathamkelkar/ros2_ws/install/px4_msgs/lib/python3.12/site-packages/px4_msgs/msg/_actuator_controls_status.py
[6.145s] -- Up-to-date symlink: /home/prathamkelkar/ros2_ws/install/px4_msgs/lib/python3.12/site-packages/px4_msgs/msg/_actuator_controls_status_s.c
[6.145s] -- Up-to-date symlink: /home/prathamkelkar/ros2_ws/install/px4_msgs/lib/python3.12/site-packages/px4_msgs/msg/_actuator_motors.py
[6.145s] -- Up-to-date symlink: /home/prathamkelkar/ros2_ws/install/px4_msgs/lib/python3.12/site-packages/px4_msgs/msg/_actuator_motors_s.c
[6.145s] -- Up-to-date symlink: /home/prathamkelkar/ros2_ws/install/px4_msgs/lib/python3.12/site-packages/px4_msgs/msg/_actuator_outputs.py
[6.145s] -- Up-to-date symlink: /home/prathamkelkar/ros2_ws/install/px4_msgs/lib/python3.12/site-packages/px4_msgs/msg/_actuator_outputs_s.c
[6.145s] -- Up-to-date symlink: /home/prathamkelkar/ros2_ws/install/px4_msgs/lib/python3.12/site-packages/px4_msgs/msg/_actuator_servos.py
[6.146s] -- Up-to-date symlink: /home/prathamkelkar/ros2_ws/install/px4_msgs/lib/python3.12/site-packages/px4_msgs/msg/_actuator_servos_s.c
[6.146s] -- Up-to-date symlink: /home/prathamkelkar/ros2_ws/install/px4_msgs/lib/python3.12/site-packages/px4_msgs/msg/_actuator_servos_trim.py
[6.146s] -- Up-to-date symlink: /home/prathamkelkar/ros2_ws/install/px4_msgs/lib/python3.12/site-packages/px4_msgs/msg/_actuator_servos_trim_s.c
[6.146s] -- Up-to-date symlink: /home/prathamkelkar/ros2_ws/install/px4_msgs/lib/python3.12/site-packages/px4_msgs/msg/_actuator_test.py
[6.146s] -- Up-to-date symlink: /home/prathamkelkar/ros2_ws/install/px4_msgs/lib/python3.12/site-packages/px4_msgs/msg/_actuator_test_s.c
[6.146s] -- Up-to-date symlink: /home/prathamkelkar/ros2_ws/install/px4_msgs/lib/python3.12/site-packages/px4_msgs/msg/_adc_report.py
[6.146s] -- Up-to-date symlink: /home/prathamkelkar/ros2_ws/install/px4_msgs/lib/python3.12/site-packages/px4_msgs/msg/_adc_report_s.c
[6.146s] -- Up-to-date symlink: /home/prathamkelkar/ros2_ws/install/px4_msgs/lib/python3.12/site-packages/px4_msgs/msg/_airspeed.py
[6.146s] -- Up-to-date symlink: /home/prathamkelkar/ros2_ws/install/px4_msgs/lib/python3.12/site-packages/px4_msgs/msg/_airspeed_s.c
[6.146s] -- Up-to-date symlink: /home/prathamkelkar/ros2_ws/install/px4_msgs/lib/python3.12/site-packages/px4_msgs/msg/_airspeed_validated.py
[6.146s] -- Up-to-date symlink: /home/prathamkelkar/ros2_ws/install/px4_msgs/lib/python3.12/site-packages/px4_msgs/msg/_airspeed_validated_s.c
[6.147s] -- Up-to-date symlink: /home/prathamkelkar/ros2_ws/install/px4_msgs/lib/python3.12/site-packages/px4_msgs/msg/_airspeed_wind.py
[6.147s] -- Up-to-date symlink: /home/prathamkelkar/ros2_ws/install/px4_msgs/lib/python3.12/site-packages/px4_msgs/msg/_airspeed_wind_s.c
[6.147s] -- Up-to-date symlink: /home/prathamkelkar/ros2_ws/install/px4_msgs/lib/python3.12/site-packages/px4_msgs/msg/_arming_check_reply.py
[6.147s] -- Up-to-date symlink: /home/prathamkelkar/ros2_ws/install/px4_msgs/lib/python3.12/site-packages/px4_msgs/msg/_arming_check_reply_s.c
[6.147s] -- Up-to-date symlink: /home/prathamkelkar/ros2_ws/install/px4_msgs/lib/python3.12/site-packages/px4_msgs/msg/_arming_check_request.py
[6.147s] -- Up-to-date symlink: /home/prathamkelkar/ros2_ws/install/px4_msgs/lib/python3.12/site-packages/px4_msgs/msg/_arming_check_request_s.c
[6.147s] -- Up-to-date symlink: /home/prathamkelkar/ros2_ws/install/px4_msgs/lib/python3.12/site-packages/px4_msgs/msg/_autotune_attitude_control_status.py
[6.147s] -- Up-to-date symlink: /home/prathamkelkar/ros2_ws/install/px4_msgs/lib/python3.12/site-packages/px4_msgs/msg/_autotune_attitude_control_status_s.c
[6.147s] -- Up-to-date symlink: /home/prathamkelkar/ros2_ws/install/px4_msgs/lib/python3.12/site-packages/px4_msgs/msg/_battery_status.py
[6.147s] -- Up-to-date symlink: /home/prathamkelkar/ros2_ws/install/px4_msgs/lib/python3.12/site-packages/px4_msgs/msg/_battery_status_s.c
[6.147s] -- Up-to-date symlink: /home/prathamkelkar/ros2_ws/install/px4_msgs/lib/python3.12/site-packages/px4_msgs/msg/_buffer128.py
[6.148s] -- Up-to-date symlink: /home/prathamkelkar/ros2_ws/install/px4_msgs/lib/python3.12/site-packages/px4_msgs/msg/_buffer128_s.c
[6.148s] -- Up-to-date symlink: /home/prathamkelkar/ros2_ws/install/px4_msgs/lib/python3.12/site-packages/px4_msgs/msg/_button_event.py
[6.148s] -- Up-to-date symlink: /home/prathamkelkar/ros2_ws/install/px4_msgs/lib/python3.12/site-packages/px4_msgs/msg/_button_event_s.c
[6.148s] -- Up-to-date symlink: /home/prathamkelkar/ros2_ws/install/px4_msgs/lib/python3.12/site-packages/px4_msgs/msg/_camera_capture.py
[6.148s] -- Up-to-date symlink: /home/prathamkelkar/ros2_ws/install/px4_msgs/lib/python3.12/site-packages/px4_msgs/msg/_camera_capture_s.c
[6.148s] -- Up-to-date symlink: /home/prathamkelkar/ros2_ws/install/px4_msgs/lib/python3.12/site-packages/px4_msgs/msg/_camera_status.py
[6.148s] -- Up-to-date symlink: /home/prathamkelkar/ros2_ws/install/px4_msgs/lib/python3.12/site-packages/px4_msgs/msg/_camera_status_s.c
[6.148s] -- Up-to-date symlink: /home/prathamkelkar/ros2_ws/install/px4_msgs/lib/python3.12/site-packages/px4_msgs/msg/_camera_trigger.py
[6.148s] -- Up-to-date symlink: /home/prathamkelkar/ros2_ws/install/px4_msgs/lib/python3.12/site-packages/px4_msgs/msg/_camera_trigger_s.c
[6.148s] -- Up-to-date symlink: /home/prathamkelkar/ros2_ws/install/px4_msgs/lib/python3.12/site-packages/px4_msgs/msg/_can_interface_status.py
[6.149s] -- Up-to-date symlink: /home/prathamkelkar/ros2_ws/install/px4_msgs/lib/python3.12/site-packages/px4_msgs/msg/_can_interface_status_s.c
[6.149s] -- Up-to-date symlink: /home/prathamkelkar/ros2_ws/install/px4_msgs/lib/python3.12/site-packages/px4_msgs/msg/_cellular_status.py
[6.149s] -- Up-to-date symlink: /home/prathamkelkar/ros2_ws/install/px4_msgs/lib/python3.12/site-packages/px4_msgs/msg/_cellular_status_s.c
[6.149s] -- Up-to-date symlink: /home/prathamkelkar/ros2_ws/install/px4_msgs/lib/python3.12/site-packages/px4_msgs/msg/_collision_constraints.py
[6.149s] -- Up-to-date symlink: /home/prathamkelkar/ros2_ws/install/px4_msgs/lib/python3.12/site-packages/px4_msgs/msg/_collision_constraints_s.c
[6.149s] -- Up-to-date symlink: /home/prathamkelkar/ros2_ws/install/px4_msgs/lib/python3.12/site-packages/px4_msgs/msg/_collision_report.py
[6.149s] -- Up-to-date symlink: /home/prathamkelkar/ros2_ws/install/px4_msgs/lib/python3.12/site-packages/px4_msgs/msg/_collision_report_s.c
[6.149s] -- Up-to-date symlink: /home/prathamkelkar/ros2_ws/install/px4_msgs/lib/python3.12/site-packages/px4_msgs/msg/_config_overrides.py
[6.149s] -- Up-to-date symlink: /home/prathamkelkar/ros2_ws/install/px4_msgs/lib/python3.12/site-packages/px4_msgs/msg/_config_overrides_s.c
[6.149s] -- Up-to-date symlink: /home/prathamkelkar/ros2_ws/install/px4_msgs/lib/python3.12/site-packages/px4_msgs/msg/_control_allocator_status.py
[6.149s] -- Up-to-date symlink: /home/prathamkelkar/ros2_ws/install/px4_msgs/lib/python3.12/site-packages/px4_msgs/msg/_control_allocator_status_s.c
[6.150s] -- Up-to-date symlink: /home/prathamkelkar/ros2_ws/install/px4_msgs/lib/python3.12/site-packages/px4_msgs/msg/_cpuload.py
[6.150s] -- Up-to-date symlink: /home/prathamkelkar/ros2_ws/install/px4_msgs/lib/python3.12/site-packages/px4_msgs/msg/_cpuload_s.c
[6.150s] -- Up-to-date symlink: /home/prathamkelkar/ros2_ws/install/px4_msgs/lib/python3.12/site-packages/px4_msgs/msg/_dataman_request.py
[6.150s] -- Up-to-date symlink: /home/prathamkelkar/ros2_ws/install/px4_msgs/lib/python3.12/site-packages/px4_msgs/msg/_dataman_request_s.c
[6.150s] -- Up-to-date symlink: /home/prathamkelkar/ros2_ws/install/px4_msgs/lib/python3.12/site-packages/px4_msgs/msg/_dataman_response.py
[6.150s] -- Up-to-date symlink: /home/prathamkelkar/ros2_ws/install/px4_msgs/lib/python3.12/site-packages/px4_msgs/msg/_dataman_response_s.c
[6.150s] -- Up-to-date symlink: /home/prathamkelkar/ros2_ws/install/px4_msgs/lib/python3.12/site-packages/px4_msgs/msg/_debug_array.py
[6.150s] -- Up-to-date symlink: /home/prathamkelkar/ros2_ws/install/px4_msgs/lib/python3.12/site-packages/px4_msgs/msg/_debug_array_s.c
[6.150s] -- Up-to-date symlink: /home/prathamkelkar/ros2_ws/install/px4_msgs/lib/python3.12/site-packages/px4_msgs/msg/_debug_key_value.py
[6.150s] -- Up-to-date symlink: /home/prathamkelkar/ros2_ws/install/px4_msgs/lib/python3.12/site-packages/px4_msgs/msg/_debug_key_value_s.c
[6.151s] -- Up-to-date symlink: /home/prathamkelkar/ros2_ws/install/px4_msgs/lib/python3.12/site-packages/px4_msgs/msg/_debug_value.py
[6.151s] -- Up-to-date symlink: /home/prathamkelkar/ros2_ws/install/px4_msgs/lib/python3.12/site-packages/px4_msgs/msg/_debug_value_s.c
[6.151s] -- Up-to-date symlink: /home/prathamkelkar/ros2_ws/install/px4_msgs/lib/python3.12/site-packages/px4_msgs/msg/_debug_vect.py
[6.151s] -- Up-to-date symlink: /home/prathamkelkar/ros2_ws/install/px4_msgs/lib/python3.12/site-packages/px4_msgs/msg/_debug_vect_s.c
[6.151s] -- Up-to-date symlink: /home/prathamkelkar/ros2_ws/install/px4_msgs/lib/python3.12/site-packages/px4_msgs/msg/_differential_drive_setpoint.py
[6.151s] -- Up-to-date symlink: /home/prathamkelkar/ros2_ws/install/px4_msgs/lib/python3.12/site-packages/px4_msgs/msg/_differential_drive_setpoint_s.c
[6.151s] -- Up-to-date symlink: /home/prathamkelkar/ros2_ws/install/px4_msgs/lib/python3.12/site-packages/px4_msgs/msg/_differential_pressure.py
[6.151s] -- Up-to-date symlink: /home/prathamkelkar/ros2_ws/install/px4_msgs/lib/python3.12/site-packages/px4_msgs/msg/_differential_pressure_s.c
[6.151s] -- Up-to-date symlink: /home/prathamkelkar/ros2_ws/install/px4_msgs/lib/python3.12/site-packages/px4_msgs/msg/_distance_sensor.py
[6.151s] -- Up-to-date symlink: /home/prathamkelkar/ros2_ws/install/px4_msgs/lib/python3.12/site-packages/px4_msgs/msg/_distance_sensor_s.c
[6.151s] -- Up-to-date symlink: /home/prathamkelkar/ros2_ws/install/px4_msgs/lib/python3.12/site-packages/px4_msgs/msg/_ekf2_timestamps.py
[6.152s] -- Up-to-date symlink: /home/prathamkelkar/ros2_ws/install/px4_msgs/lib/python3.12/site-packages/px4_msgs/msg/_ekf2_timestamps_s.c
[6.152s] -- Up-to-date symlink: /home/prathamkelkar/ros2_ws/install/px4_msgs/lib/python3.12/site-packages/px4_msgs/msg/_esc_report.py
[6.152s] -- Up-to-date symlink: /home/prathamkelkar/ros2_ws/install/px4_msgs/lib/python3.12/site-packages/px4_msgs/msg/_esc_report_s.c
[6.152s] -- Up-to-date symlink: /home/prathamkelkar/ros2_ws/install/px4_msgs/lib/python3.12/site-packages/px4_msgs/msg/_esc_status.py
[6.152s] -- Up-to-date symlink: /home/prathamkelkar/ros2_ws/install/px4_msgs/lib/python3.12/site-packages/px4_msgs/msg/_esc_status_s.c
[6.152s] -- Up-to-date symlink: /home/prathamkelkar/ros2_ws/install/px4_msgs/lib/python3.12/site-packages/px4_msgs/msg/_estimator_aid_source1d.py
[6.152s] -- Up-to-date symlink: /home/prathamkelkar/ros2_ws/install/px4_msgs/lib/python3.12/site-packages/px4_msgs/msg/_estimator_aid_source1d_s.c
[6.152s] -- Up-to-date symlink: /home/prathamkelkar/ros2_ws/install/px4_msgs/lib/python3.12/site-packages/px4_msgs/msg/_estimator_aid_source2d.py
[6.152s] -- Up-to-date symlink: /home/prathamkelkar/ros2_ws/install/px4_msgs/lib/python3.12/site-packages/px4_msgs/msg/_estimator_aid_source2d_s.c
[6.152s] -- Up-to-date symlink: /home/prathamkelkar/ros2_ws/install/px4_msgs/lib/python3.12/site-packages/px4_msgs/msg/_estimator_aid_source3d.py
[6.152s] -- Up-to-date symlink: /home/prathamkelkar/ros2_ws/install/px4_msgs/lib/python3.12/site-packages/px4_msgs/msg/_estimator_aid_source3d_s.c
[6.153s] -- Up-to-date symlink: /home/prathamkelkar/ros2_ws/install/px4_msgs/lib/python3.12/site-packages/px4_msgs/msg/_estimator_bias.py
[6.153s] -- Up-to-date symlink: /home/prathamkelkar/ros2_ws/install/px4_msgs/lib/python3.12/site-packages/px4_msgs/msg/_estimator_bias3d.py
[6.153s] -- Up-to-date symlink: /home/prathamkelkar/ros2_ws/install/px4_msgs/lib/python3.12/site-packages/px4_msgs/msg/_estimator_bias3d_s.c
[6.153s] -- Up-to-date symlink: /home/prathamkelkar/ros2_ws/install/px4_msgs/lib/python3.12/site-packages/px4_msgs/msg/_estimator_bias_s.c
[6.153s] -- Up-to-date symlink: /home/prathamkelkar/ros2_ws/install/px4_msgs/lib/python3.12/site-packages/px4_msgs/msg/_estimator_event_flags.py
[6.153s] -- Up-to-date symlink: /home/prathamkelkar/ros2_ws/install/px4_msgs/lib/python3.12/site-packages/px4_msgs/msg/_estimator_event_flags_s.c
[6.153s] -- Up-to-date symlink: /home/prathamkelkar/ros2_ws/install/px4_msgs/lib/python3.12/site-packages/px4_msgs/msg/_estimator_gps_status.py
[6.153s] -- Up-to-date symlink: /home/prathamkelkar/ros2_ws/install/px4_msgs/lib/python3.12/site-packages/px4_msgs/msg/_estimator_gps_status_s.c
[6.153s] -- Up-to-date symlink: /home/prathamkelkar/ros2_ws/install/px4_msgs/lib/python3.12/site-packages/px4_msgs/msg/_estimator_innovations.py
[6.153s] -- Up-to-date symlink: /home/prathamkelkar/ros2_ws/install/px4_msgs/lib/python3.12/site-packages/px4_msgs/msg/_estimator_innovations_s.c
[6.153s] -- Up-to-date symlink: /home/prathamkelkar/ros2_ws/install/px4_msgs/lib/python3.12/site-packages/px4_msgs/msg/_estimator_selector_status.py
[6.154s] -- Up-to-date symlink: /home/prathamkelkar/ros2_ws/install/px4_msgs/lib/python3.12/site-packages/px4_msgs/msg/_estimator_selector_status_s.c
[6.154s] -- Up-to-date symlink: /home/prathamkelkar/ros2_ws/install/px4_msgs/lib/python3.12/site-packages/px4_msgs/msg/_estimator_sensor_bias.py
[6.154s] -- Up-to-date symlink: /home/prathamkelkar/ros2_ws/install/px4_msgs/lib/python3.12/site-packages/px4_msgs/msg/_estimator_sensor_bias_s.c
[6.154s] -- Up-to-date symlink: /home/prathamkelkar/ros2_ws/install/px4_msgs/lib/python3.12/site-packages/px4_msgs/msg/_estimator_states.py
[6.154s] -- Up-to-date symlink: /home/prathamkelkar/ros2_ws/install/px4_msgs/lib/python3.12/site-packages/px4_msgs/msg/_estimator_states_s.c
[6.154s] -- Up-to-date symlink: /home/prathamkelkar/ros2_ws/install/px4_msgs/lib/python3.12/site-packages/px4_msgs/msg/_estimator_status.py
[6.154s] -- Up-to-date symlink: /home/prathamkelkar/ros2_ws/install/px4_msgs/lib/python3.12/site-packages/px4_msgs/msg/_estimator_status_flags.py
[6.154s] -- Up-to-date symlink: /home/prathamkelkar/ros2_ws/install/px4_msgs/lib/python3.12/site-packages/px4_msgs/msg/_estimator_status_flags_s.c
[6.154s] -- Up-to-date symlink: /home/prathamkelkar/ros2_ws/install/px4_msgs/lib/python3.12/site-packages/px4_msgs/msg/_estimator_status_s.c
[6.154s] -- Up-to-date symlink: /home/prathamkelkar/ros2_ws/install/px4_msgs/lib/python3.12/site-packages/px4_msgs/msg/_event.py
[6.154s] -- Up-to-date symlink: /home/prathamkelkar/ros2_ws/install/px4_msgs/lib/python3.12/site-packages/px4_msgs/msg/_event_s.c
[6.155s] -- Up-to-date symlink: /home/prathamkelkar/ros2_ws/install/px4_msgs/lib/python3.12/site-packages/px4_msgs/msg/_failsafe_flags.py
[6.155s] -- Up-to-date symlink: /home/prathamkelkar/ros2_ws/install/px4_msgs/lib/python3.12/site-packages/px4_msgs/msg/_failsafe_flags_s.c
[6.155s] -- Up-to-date symlink: /home/prathamkelkar/ros2_ws/install/px4_msgs/lib/python3.12/site-packages/px4_msgs/msg/_failure_detector_status.py
[6.155s] -- Up-to-date symlink: /home/prathamkelkar/ros2_ws/install/px4_msgs/lib/python3.12/site-packages/px4_msgs/msg/_failure_detector_status_s.c
[6.155s] -- Up-to-date symlink: /home/prathamkelkar/ros2_ws/install/px4_msgs/lib/python3.12/site-packages/px4_msgs/msg/_figure_eight_status.py
[6.155s] -- Up-to-date symlink: /home/prathamkelkar/ros2_ws/install/px4_msgs/lib/python3.12/site-packages/px4_msgs/msg/_figure_eight_status_s.c
[6.155s] -- Up-to-date symlink: /home/prathamkelkar/ros2_ws/install/px4_msgs/lib/python3.12/site-packages/px4_msgs/msg/_flight_phase_estimation.py
[6.155s] -- Up-to-date symlink: /home/prathamkelkar/ros2_ws/install/px4_msgs/lib/python3.12/site-packages/px4_msgs/msg/_flight_phase_estimation_s.c
[6.155s] -- Up-to-date symlink: /home/prathamkelkar/ros2_ws/install/px4_msgs/lib/python3.12/site-packages/px4_msgs/msg/_follow_target.py
[6.155s] -- Up-to-date symlink: /home/prathamkelkar/ros2_ws/install/px4_msgs/lib/python3.12/site-packages/px4_msgs/msg/_follow_target_estimator.py
[6.155s] -- Up-to-date symlink: /home/prathamkelkar/ros2_ws/install/px4_msgs/lib/python3.12/site-packages/px4_msgs/msg/_follow_target_estimator_s.c
[6.155s] -- Up-to-date symlink: /home/prathamkelkar/ros2_ws/install/px4_msgs/lib/python3.12/site-packages/px4_msgs/msg/_follow_target_s.c
[6.156s] -- Up-to-date symlink: /home/prathamkelkar/ros2_ws/install/px4_msgs/lib/python3.12/site-packages/px4_msgs/msg/_follow_target_status.py
[6.156s] -- Up-to-date symlink: /home/prathamkelkar/ros2_ws/install/px4_msgs/lib/python3.12/site-packages/px4_msgs/msg/_follow_target_status_s.c
[6.156s] -- Up-to-date symlink: /home/prathamkelkar/ros2_ws/install/px4_msgs/lib/python3.12/site-packages/px4_msgs/msg/_generator_status.py
[6.156s] -- Up-to-date symlink: /home/prathamkelkar/ros2_ws/install/px4_msgs/lib/python3.12/site-packages/px4_msgs/msg/_generator_status_s.c
[6.156s] -- Up-to-date symlink: /home/prathamkelkar/ros2_ws/install/px4_msgs/lib/python3.12/site-packages/px4_msgs/msg/_geofence_result.py
[6.156s] -- Up-to-date symlink: /home/prathamkelkar/ros2_ws/install/px4_msgs/lib/python3.12/site-packages/px4_msgs/msg/_geofence_result_s.c
[6.156s] -- Up-to-date symlink: /home/prathamkelkar/ros2_ws/install/px4_msgs/lib/python3.12/site-packages/px4_msgs/msg/_geofence_status.py
[6.156s] -- Up-to-date symlink: /home/prathamkelkar/ros2_ws/install/px4_msgs/lib/python3.12/site-packages/px4_msgs/msg/_geofence_status_s.c
[6.156s] -- Up-to-date symlink: /home/prathamkelkar/ros2_ws/install/px4_msgs/lib/python3.12/site-packages/px4_msgs/msg/_gimbal_controls.py
[6.156s] -- Up-to-date symlink: /home/prathamkelkar/ros2_ws/install/px4_msgs/lib/python3.12/site-packages/px4_msgs/msg/_gimbal_controls_s.c
[6.157s] -- Up-to-date symlink: /home/prathamkelkar/ros2_ws/install/px4_msgs/lib/python3.12/site-packages/px4_msgs/msg/_gimbal_device_attitude_status.py
[6.157s] -- Up-to-date symlink: /home/prathamkelkar/ros2_ws/install/px4_msgs/lib/python3.12/site-packages/px4_msgs/msg/_gimbal_device_attitude_status_s.c
[6.157s] -- Up-to-date symlink: /home/prathamkelkar/ros2_ws/install/px4_msgs/lib/python3.12/site-packages/px4_msgs/msg/_gimbal_device_information.py
[6.157s] -- Up-to-date symlink: /home/prathamkelkar/ros2_ws/install/px4_msgs/lib/python3.12/site-packages/px4_msgs/msg/_gimbal_device_information_s.c
[6.157s] -- Up-to-date symlink: /home/prathamkelkar/ros2_ws/install/px4_msgs/lib/python3.12/site-packages/px4_msgs/msg/_gimbal_device_set_attitude.py
[6.157s] -- Up-to-date symlink: /home/prathamkelkar/ros2_ws/install/px4_msgs/lib/python3.12/site-packages/px4_msgs/msg/_gimbal_device_set_attitude_s.c
[6.157s] -- Up-to-date symlink: /home/prathamkelkar/ros2_ws/install/px4_msgs/lib/python3.12/site-packages/px4_msgs/msg/_gimbal_manager_information.py
[6.157s] -- Up-to-date symlink: /home/prathamkelkar/ros2_ws/install/px4_msgs/lib/python3.12/site-packages/px4_msgs/msg/_gimbal_manager_information_s.c
[6.157s] -- Up-to-date symlink: /home/prathamkelkar/ros2_ws/install/px4_msgs/lib/python3.12/site-packages/px4_msgs/msg/_gimbal_manager_set_attitude.py
[6.157s] -- Up-to-date symlink: /home/prathamkelkar/ros2_ws/install/px4_msgs/lib/python3.12/site-packages/px4_msgs/msg/_gimbal_manager_set_attitude_s.c
[6.157s] -- Up-to-date symlink: /home/prathamkelkar/ros2_ws/install/px4_msgs/lib/python3.12/site-packages/px4_msgs/msg/_gimbal_manager_set_manual_control.py
[6.158s] -- Up-to-date symlink: /home/prathamkelkar/ros2_ws/install/px4_msgs/lib/python3.12/site-packages/px4_msgs/msg/_gimbal_manager_set_manual_control_s.c
[6.158s] -- Up-to-date symlink: /home/prathamkelkar/ros2_ws/install/px4_msgs/lib/python3.12/site-packages/px4_msgs/msg/_gimbal_manager_status.py
[6.158s] -- Up-to-date symlink: /home/prathamkelkar/ros2_ws/install/px4_msgs/lib/python3.12/site-packages/px4_msgs/msg/_gimbal_manager_status_s.c
[6.158s] -- Up-to-date symlink: /home/prathamkelkar/ros2_ws/install/px4_msgs/lib/python3.12/site-packages/px4_msgs/msg/_goto_setpoint.py
[6.158s] -- Up-to-date symlink: /home/prathamkelkar/ros2_ws/install/px4_msgs/lib/python3.12/site-packages/px4_msgs/msg/_goto_setpoint_s.c
[6.158s] -- Up-to-date symlink: /home/prathamkelkar/ros2_ws/install/px4_msgs/lib/python3.12/site-packages/px4_msgs/msg/_gpio_config.py
[6.158s] -- Up-to-date symlink: /home/prathamkelkar/ros2_ws/install/px4_msgs/lib/python3.12/site-packages/px4_msgs/msg/_gpio_config_s.c
[6.158s] -- Up-to-date symlink: /home/prathamkelkar/ros2_ws/install/px4_msgs/lib/python3.12/site-packages/px4_msgs/msg/_gpio_in.py
[6.158s] -- Up-to-date symlink: /home/prathamkelkar/ros2_ws/install/px4_msgs/lib/python3.12/site-packages/px4_msgs/msg/_gpio_in_s.c
[6.158s] -- Up-to-date symlink: /home/prathamkelkar/ros2_ws/install/px4_msgs/lib/python3.12/site-packages/px4_msgs/msg/_gpio_out.py
[6.158s] -- Up-to-date symlink: /home/prathamkelkar/ros2_ws/install/px4_msgs/lib/python3.12/site-packages/px4_msgs/msg/_gpio_out_s.c
[6.159s] -- Up-to-date symlink: /home/prathamkelkar/ros2_ws/install/px4_msgs/lib/python3.12/site-packages/px4_msgs/msg/_gpio_request.py
[6.159s] -- Up-to-date symlink: /home/prathamkelkar/ros2_ws/install/px4_msgs/lib/python3.12/site-packages/px4_msgs/msg/_gpio_request_s.c
[6.159s] -- Up-to-date symlink: /home/prathamkelkar/ros2_ws/install/px4_msgs/lib/python3.12/site-packages/px4_msgs/msg/_gps_dump.py
[6.159s] -- Up-to-date symlink: /home/prathamkelkar/ros2_ws/install/px4_msgs/lib/python3.12/site-packages/px4_msgs/msg/_gps_dump_s.c
[6.159s] -- Up-to-date symlink: /home/prathamkelkar/ros2_ws/install/px4_msgs/lib/python3.12/site-packages/px4_msgs/msg/_gps_inject_data.py
[6.159s] -- Up-to-date symlink: /home/prathamkelkar/ros2_ws/install/px4_msgs/lib/python3.12/site-packages/px4_msgs/msg/_gps_inject_data_s.c
[6.159s] -- Up-to-date symlink: /home/prathamkelkar/ros2_ws/install/px4_msgs/lib/python3.12/site-packages/px4_msgs/msg/_gripper.py
[6.159s] -- Up-to-date symlink: /home/prathamkelkar/ros2_ws/install/px4_msgs/lib/python3.12/site-packages/px4_msgs/msg/_gripper_s.c
[6.159s] -- Up-to-date symlink: /home/prathamkelkar/ros2_ws/install/px4_msgs/lib/python3.12/site-packages/px4_msgs/msg/_health_report.py
[6.159s] -- Up-to-date symlink: /home/prathamkelkar/ros2_ws/install/px4_msgs/lib/python3.12/site-packages/px4_msgs/msg/_health_report_s.c
[6.159s] -- Up-to-date symlink: /home/prathamkelkar/ros2_ws/install/px4_msgs/lib/python3.12/site-packages/px4_msgs/msg/_heater_status.py
[6.160s] -- Up-to-date symlink: /home/prathamkelkar/ros2_ws/install/px4_msgs/lib/python3.12/site-packages/px4_msgs/msg/_heater_status_s.c
[6.160s] -- Up-to-date symlink: /home/prathamkelkar/ros2_ws/install/px4_msgs/lib/python3.12/site-packages/px4_msgs/msg/_home_position.py
[6.160s] -- Up-to-date symlink: /home/prathamkelkar/ros2_ws/install/px4_msgs/lib/python3.12/site-packages/px4_msgs/msg/_home_position_s.c
[6.160s] -- Up-to-date symlink: /home/prathamkelkar/ros2_ws/install/px4_msgs/lib/python3.12/site-packages/px4_msgs/msg/_hover_thrust_estimate.py
[6.160s] -- Up-to-date symlink: /home/prathamkelkar/ros2_ws/install/px4_msgs/lib/python3.12/site-packages/px4_msgs/msg/_hover_thrust_estimate_s.c
[6.160s] -- Up-to-date symlink: /home/prathamkelkar/ros2_ws/install/px4_msgs/lib/python3.12/site-packages/px4_msgs/msg/_input_rc.py
[6.160s] -- Up-to-date symlink: /home/prathamkelkar/ros2_ws/install/px4_msgs/lib/python3.12/site-packages/px4_msgs/msg/_input_rc_s.c
[6.160s] -- Up-to-date symlink: /home/prathamkelkar/ros2_ws/install/px4_msgs/lib/python3.12/site-packages/px4_msgs/msg/_internal_combustion_engine_status.py
[6.160s] -- Up-to-date symlink: /home/prathamkelkar/ros2_ws/install/px4_msgs/lib/python3.12/site-packages/px4_msgs/msg/_internal_combustion_engine_status_s.c
[6.160s] -- Up-to-date symlink: /home/prathamkelkar/ros2_ws/install/px4_msgs/lib/python3.12/site-packages/px4_msgs/msg/_iridiumsbd_status.py
[6.160s] -- Up-to-date symlink: /home/prathamkelkar/ros2_ws/install/px4_msgs/lib/python3.12/site-packages/px4_msgs/msg/_iridiumsbd_status_s.c
[6.161s] -- Up-to-date symlink: /home/prathamkelkar/ros2_ws/install/px4_msgs/lib/python3.12/site-packages/px4_msgs/msg/_irlock_report.py
[6.161s] -- Up-to-date symlink: /home/prathamkelkar/ros2_ws/install/px4_msgs/lib/python3.12/site-packages/px4_msgs/msg/_irlock_report_s.c
[6.161s] -- Up-to-date symlink: /home/prathamkelkar/ros2_ws/install/px4_msgs/lib/python3.12/site-packages/px4_msgs/msg/_landing_gear.py
[6.161s] -- Up-to-date symlink: /home/prathamkelkar/ros2_ws/install/px4_msgs/lib/python3.12/site-packages/px4_msgs/msg/_landing_gear_s.c
[6.161s] -- Up-to-date symlink: /home/prathamkelkar/ros2_ws/install/px4_msgs/lib/python3.12/site-packages/px4_msgs/msg/_landing_gear_wheel.py
[6.161s] -- Up-to-date symlink: /home/prathamkelkar/ros2_ws/install/px4_msgs/lib/python3.12/site-packages/px4_msgs/msg/_landing_gear_wheel_s.c
[6.161s] -- Up-to-date symlink: /home/prathamkelkar/ros2_ws/install/px4_msgs/lib/python3.12/site-packages/px4_msgs/msg/_landing_target_innovations.py
[6.161s] -- Up-to-date symlink: /home/prathamkelkar/ros2_ws/install/px4_msgs/lib/python3.12/site-packages/px4_msgs/msg/_landing_target_innovations_s.c
[6.161s] -- Up-to-date symlink: /home/prathamkelkar/ros2_ws/install/px4_msgs/lib/python3.12/site-packages/px4_msgs/msg/_landing_target_pose.py
[6.161s] -- Up-to-date symlink: /home/prathamkelkar/ros2_ws/install/px4_msgs/lib/python3.12/site-packages/px4_msgs/msg/_landing_target_pose_s.c
[6.161s] -- Up-to-date symlink: /home/prathamkelkar/ros2_ws/install/px4_msgs/lib/python3.12/site-packages/px4_msgs/msg/_launch_detection_status.py
[6.162s] -- Up-to-date symlink: /home/prathamkelkar/ros2_ws/install/px4_msgs/lib/python3.12/site-packages/px4_msgs/msg/_launch_detection_status_s.c
[6.162s] -- Up-to-date symlink: /home/prathamkelkar/ros2_ws/install/px4_msgs/lib/python3.12/site-packages/px4_msgs/msg/_led_control.py
[6.162s] -- Up-to-date symlink: /home/prathamkelkar/ros2_ws/install/px4_msgs/lib/python3.12/site-packages/px4_msgs/msg/_led_control_s.c
[6.162s] -- Up-to-date symlink: /home/prathamkelkar/ros2_ws/install/px4_msgs/lib/python3.12/site-packages/px4_msgs/msg/_log_message.py
[6.162s] -- Up-to-date symlink: /home/prathamkelkar/ros2_ws/install/px4_msgs/lib/python3.12/site-packages/px4_msgs/msg/_log_message_s.c
[6.162s] -- Up-to-date symlink: /home/prathamkelkar/ros2_ws/install/px4_msgs/lib/python3.12/site-packages/px4_msgs/msg/_logger_status.py
[6.162s] -- Up-to-date symlink: /home/prathamkelkar/ros2_ws/install/px4_msgs/lib/python3.12/site-packages/px4_msgs/msg/_logger_status_s.c
[6.162s] -- Up-to-date symlink: /home/prathamkelkar/ros2_ws/install/px4_msgs/lib/python3.12/site-packages/px4_msgs/msg/_mag_worker_data.py
[6.162s] -- Up-to-date symlink: /home/prathamkelkar/ros2_ws/install/px4_msgs/lib/python3.12/site-packages/px4_msgs/msg/_mag_worker_data_s.c
[6.162s] -- Up-to-date symlink: /home/prathamkelkar/ros2_ws/install/px4_msgs/lib/python3.12/site-packages/px4_msgs/msg/_magnetometer_bias_estimate.py
[6.163s] -- Up-to-date symlink: /home/prathamkelkar/ros2_ws/install/px4_msgs/lib/python3.12/site-packages/px4_msgs/msg/_magnetometer_bias_estimate_s.c
[6.163s] -- Up-to-date symlink: /home/prathamkelkar/ros2_ws/install/px4_msgs/lib/python3.12/site-packages/px4_msgs/msg/_manual_control_setpoint.py
[6.163s] -- Up-to-date symlink: /home/prathamkelkar/ros2_ws/install/px4_msgs/lib/python3.12/site-packages/px4_msgs/msg/_manual_control_setpoint_s.c
[6.163s] -- Up-to-date symlink: /home/prathamkelkar/ros2_ws/install/px4_msgs/lib/python3.12/site-packages/px4_msgs/msg/_manual_control_switches.py
[6.163s] -- Up-to-date symlink: /home/prathamkelkar/ros2_ws/install/px4_msgs/lib/python3.12/site-packages/px4_msgs/msg/_manual_control_switches_s.c
[6.163s] -- Up-to-date symlink: /home/prathamkelkar/ros2_ws/install/px4_msgs/lib/python3.12/site-packages/px4_msgs/msg/_mavlink_log.py
[6.163s] -- Up-to-date symlink: /home/prathamkelkar/ros2_ws/install/px4_msgs/lib/python3.12/site-packages/px4_msgs/msg/_mavlink_log_s.c
[6.163s] -- Up-to-date symlink: /home/prathamkelkar/ros2_ws/install/px4_msgs/lib/python3.12/site-packages/px4_msgs/msg/_mavlink_tunnel.py
[6.164s] -- Up-to-date symlink: /home/prathamkelkar/ros2_ws/install/px4_msgs/lib/python3.12/site-packages/px4_msgs/msg/_mavlink_tunnel_s.c
[6.164s] -- Up-to-date symlink: /home/prathamkelkar/ros2_ws/install/px4_msgs/lib/python3.12/site-packages/px4_msgs/msg/_message_format_request.py
[6.164s] -- Up-to-date symlink: /home/prathamkelkar/ros2_ws/install/px4_msgs/lib/python3.12/site-packages/px4_msgs/msg/_message_format_request_s.c
[6.164s] -- Up-to-date symlink: /home/prathamkelkar/ros2_ws/install/px4_msgs/lib/python3.12/site-packages/px4_msgs/msg/_message_format_response.py
[6.164s] -- Up-to-date symlink: /home/prathamkelkar/ros2_ws/install/px4_msgs/lib/python3.12/site-packages/px4_msgs/msg/_message_format_response_s.c
[6.164s] -- Up-to-date symlink: /home/prathamkelkar/ros2_ws/install/px4_msgs/lib/python3.12/site-packages/px4_msgs/msg/_mission.py
[6.164s] -- Up-to-date symlink: /home/prathamkelkar/ros2_ws/install/px4_msgs/lib/python3.12/site-packages/px4_msgs/msg/_mission_result.py
[6.164s] -- Up-to-date symlink: /home/prathamkelkar/ros2_ws/install/px4_msgs/lib/python3.12/site-packages/px4_msgs/msg/_mission_result_s.c
[6.164s] -- Up-to-date symlink: /home/prathamkelkar/ros2_ws/install/px4_msgs/lib/python3.12/site-packages/px4_msgs/msg/_mission_s.c
[6.164s] -- Up-to-date symlink: /home/prathamkelkar/ros2_ws/install/px4_msgs/lib/python3.12/site-packages/px4_msgs/msg/_mode_completed.py
[6.165s] -- Up-to-date symlink: /home/prathamkelkar/ros2_ws/install/px4_msgs/lib/python3.12/site-packages/px4_msgs/msg/_mode_completed_s.c
[6.165s] -- Up-to-date symlink: /home/prathamkelkar/ros2_ws/install/px4_msgs/lib/python3.12/site-packages/px4_msgs/msg/_mount_orientation.py
[6.165s] -- Up-to-date symlink: /home/prathamkelkar/ros2_ws/install/px4_msgs/lib/python3.12/site-packages/px4_msgs/msg/_mount_orientation_s.c
[6.165s] -- Up-to-date symlink: /home/prathamkelkar/ros2_ws/install/px4_msgs/lib/python3.12/site-packages/px4_msgs/msg/_navigator_mission_item.py
[6.165s] -- Up-to-date symlink: /home/prathamkelkar/ros2_ws/install/px4_msgs/lib/python3.12/site-packages/px4_msgs/msg/_navigator_mission_item_s.c
[6.165s] -- Up-to-date symlink: /home/prathamkelkar/ros2_ws/install/px4_msgs/lib/python3.12/site-packages/px4_msgs/msg/_normalized_unsigned_setpoint.py
[6.165s] -- Up-to-date symlink: /home/prathamkelkar/ros2_ws/install/px4_msgs/lib/python3.12/site-packages/px4_msgs/msg/_normalized_unsigned_setpoint_s.c
[6.165s] -- Up-to-date symlink: /home/prathamkelkar/ros2_ws/install/px4_msgs/lib/python3.12/site-packages/px4_msgs/msg/_npfg_status.py
[6.165s] -- Up-to-date symlink: /home/prathamkelkar/ros2_ws/install/px4_msgs/lib/python3.12/site-packages/px4_msgs/msg/_npfg_status_s.c
[6.165s] -- Up-to-date symlink: /home/prathamkelkar/ros2_ws/install/px4_msgs/lib/python3.12/site-packages/px4_msgs/msg/_obstacle_distance.py
[6.166s] -- Up-to-date symlink: /home/prathamkelkar/ros2_ws/install/px4_msgs/lib/python3.12/site-packages/px4_msgs/msg/_obstacle_distance_s.c
[6.166s] -- Up-to-date symlink: /home/prathamkelkar/ros2_ws/install/px4_msgs/lib/python3.12/site-packages/px4_msgs/msg/_offboard_control_mode.py
[6.166s] -- Up-to-date symlink: /home/prathamkelkar/ros2_ws/install/px4_msgs/lib/python3.12/site-packages/px4_msgs/msg/_offboard_control_mode_s.c
[6.166s] -- Up-to-date symlink: /home/prathamkelkar/ros2_ws/install/px4_msgs/lib/python3.12/site-packages/px4_msgs/msg/_onboard_computer_status.py
[6.166s] -- Up-to-date symlink: /home/prathamkelkar/ros2_ws/install/px4_msgs/lib/python3.12/site-packages/px4_msgs/msg/_onboard_computer_status_s.c
[6.166s] -- Up-to-date symlink: /home/prathamkelkar/ros2_ws/install/px4_msgs/lib/python3.12/site-packages/px4_msgs/msg/_orb_test.py
[6.166s] -- Up-to-date symlink: /home/prathamkelkar/ros2_ws/install/px4_msgs/lib/python3.12/site-packages/px4_msgs/msg/_orb_test_large.py
[6.166s] -- Up-to-date symlink: /home/prathamkelkar/ros2_ws/install/px4_msgs/lib/python3.12/site-packages/px4_msgs/msg/_orb_test_large_s.c
[6.166s] -- Up-to-date symlink: /home/prathamkelkar/ros2_ws/install/px4_msgs/lib/python3.12/site-packages/px4_msgs/msg/_orb_test_medium.py
[6.166s] -- Up-to-date symlink: /home/prathamkelkar/ros2_ws/install/px4_msgs/lib/python3.12/site-packages/px4_msgs/msg/_orb_test_medium_s.c
[6.167s] -- Up-to-date symlink: /home/prathamkelkar/ros2_ws/install/px4_msgs/lib/python3.12/site-packages/px4_msgs/msg/_orb_test_s.c
[6.167s] -- Up-to-date symlink: /home/prathamkelkar/ros2_ws/install/px4_msgs/lib/python3.12/site-packages/px4_msgs/msg/_orbit_status.py
[6.167s] -- Up-to-date symlink: /home/prathamkelkar/ros2_ws/install/px4_msgs/lib/python3.12/site-packages/px4_msgs/msg/_orbit_status_s.c
[6.167s] -- Up-to-date symlink: /home/prathamkelkar/ros2_ws/install/px4_msgs/lib/python3.12/site-packages/px4_msgs/msg/_parameter_reset_request.py
[6.167s] -- Up-to-date symlink: /home/prathamkelkar/ros2_ws/install/px4_msgs/lib/python3.12/site-packages/px4_msgs/msg/_parameter_reset_request_s.c
[6.167s] -- Up-to-date symlink: /home/prathamkelkar/ros2_ws/install/px4_msgs/lib/python3.12/site-packages/px4_msgs/msg/_parameter_set_used_request.py
[6.167s] -- Up-to-date symlink: /home/prathamkelkar/ros2_ws/install/px4_msgs/lib/python3.12/site-packages/px4_msgs/msg/_parameter_set_used_request_s.c
[6.167s] -- Up-to-date symlink: /home/prathamkelkar/ros2_ws/install/px4_msgs/lib/python3.12/site-packages/px4_msgs/msg/_parameter_set_value_request.py
[6.167s] -- Up-to-date symlink: /home/prathamkelkar/ros2_ws/install/px4_msgs/lib/python3.12/site-packages/px4_msgs/msg/_parameter_set_value_request_s.c
[6.168s] -- Up-to-date symlink: /home/prathamkelkar/ros2_ws/install/px4_msgs/lib/python3.12/site-packages/px4_msgs/msg/_parameter_set_value_response.py
[6.168s] -- Up-to-date symlink: /home/prathamkelkar/ros2_ws/install/px4_msgs/lib/python3.12/site-packages/px4_msgs/msg/_parameter_set_value_response_s.c
[6.168s] -- Up-to-date symlink: /home/prathamkelkar/ros2_ws/install/px4_msgs/lib/python3.12/site-packages/px4_msgs/msg/_parameter_update.py
[6.168s] -- Up-to-date symlink: /home/prathamkelkar/ros2_ws/install/px4_msgs/lib/python3.12/site-packages/px4_msgs/msg/_parameter_update_s.c
[6.168s] -- Up-to-date symlink: /home/prathamkelkar/ros2_ws/install/px4_msgs/lib/python3.12/site-packages/px4_msgs/msg/_ping.py
[6.168s] -- Up-to-date symlink: /home/prathamkelkar/ros2_ws/install/px4_msgs/lib/python3.12/site-packages/px4_msgs/msg/_ping_s.c
[6.168s] -- Up-to-date symlink: /home/prathamkelkar/ros2_ws/install/px4_msgs/lib/python3.12/site-packages/px4_msgs/msg/_position_controller_landing_status.py
[6.168s] -- Up-to-date symlink: /home/prathamkelkar/ros2_ws/install/px4_msgs/lib/python3.12/site-packages/px4_msgs/msg/_position_controller_landing_status_s.c
[6.168s] -- Up-to-date symlink: /home/prathamkelkar/ros2_ws/install/px4_msgs/lib/python3.12/site-packages/px4_msgs/msg/_position_controller_status.py
[6.169s] -- Up-to-date symlink: /home/prathamkelkar/ros2_ws/install/px4_msgs/lib/python3.12/site-packages/px4_msgs/msg/_position_controller_status_s.c
[6.169s] -- Up-to-date symlink: /home/prathamkelkar/ros2_ws/install/px4_msgs/lib/python3.12/site-packages/px4_msgs/msg/_position_setpoint.py
[6.169s] -- Up-to-date symlink: /home/prathamkelkar/ros2_ws/install/px4_msgs/lib/python3.12/site-packages/px4_msgs/msg/_position_setpoint_s.c
[6.169s] -- Up-to-date symlink: /home/prathamkelkar/ros2_ws/install/px4_msgs/lib/python3.12/site-packages/px4_msgs/msg/_position_setpoint_triplet.py
[6.169s] -- Up-to-date symlink: /home/prathamkelkar/ros2_ws/install/px4_msgs/lib/python3.12/site-packages/px4_msgs/msg/_position_setpoint_triplet_s.c
[6.169s] -- Up-to-date symlink: /home/prathamkelkar/ros2_ws/install/px4_msgs/lib/python3.12/site-packages/px4_msgs/msg/_power_button_state.py
[6.169s] -- Up-to-date symlink: /home/prathamkelkar/ros2_ws/install/px4_msgs/lib/python3.12/site-packages/px4_msgs/msg/_power_button_state_s.c
[6.169s] -- Up-to-date symlink: /home/prathamkelkar/ros2_ws/install/px4_msgs/lib/python3.12/site-packages/px4_msgs/msg/_power_monitor.py
[6.169s] -- Up-to-date symlink: /home/prathamkelkar/ros2_ws/install/px4_msgs/lib/python3.12/site-packages/px4_msgs/msg/_power_monitor_s.c
[6.170s] -- Up-to-date symlink: /home/prathamkelkar/ros2_ws/install/px4_msgs/lib/python3.12/site-packages/px4_msgs/msg/_pps_capture.py
[6.170s] -- Up-to-date symlink: /home/prathamkelkar/ros2_ws/install/px4_msgs/lib/python3.12/site-packages/px4_msgs/msg/_pps_capture_s.c
[6.170s] -- Up-to-date symlink: /home/prathamkelkar/ros2_ws/install/px4_msgs/lib/python3.12/site-packages/px4_msgs/msg/_pwm_input.py
[6.170s] -- Up-to-date symlink: /home/prathamkelkar/ros2_ws/install/px4_msgs/lib/python3.12/site-packages/px4_msgs/msg/_pwm_input_s.c
[6.170s] -- Up-to-date symlink: /home/prathamkelkar/ros2_ws/install/px4_msgs/lib/python3.12/site-packages/px4_msgs/msg/_px4io_status.py
[6.170s] -- Up-to-date symlink: /home/prathamkelkar/ros2_ws/install/px4_msgs/lib/python3.12/site-packages/px4_msgs/msg/_px4io_status_s.c
[6.170s] -- Up-to-date symlink: /home/prathamkelkar/ros2_ws/install/px4_msgs/lib/python3.12/site-packages/px4_msgs/msg/_qshell_req.py
[6.170s] -- Up-to-date symlink: /home/prathamkelkar/ros2_ws/install/px4_msgs/lib/python3.12/site-packages/px4_msgs/msg/_qshell_req_s.c
[6.170s] -- Up-to-date symlink: /home/prathamkelkar/ros2_ws/install/px4_msgs/lib/python3.12/site-packages/px4_msgs/msg/_qshell_retval.py
[6.171s] -- Up-to-date symlink: /home/prathamkelkar/ros2_ws/install/px4_msgs/lib/python3.12/site-packages/px4_msgs/msg/_qshell_retval_s.c
[6.171s] -- Up-to-date symlink: /home/prathamkelkar/ros2_ws/install/px4_msgs/lib/python3.12/site-packages/px4_msgs/msg/_radio_status.py
[6.171s] -- Up-to-date symlink: /home/prathamkelkar/ros2_ws/install/px4_msgs/lib/python3.12/site-packages/px4_msgs/msg/_radio_status_s.c
[6.171s] -- Up-to-date symlink: /home/prathamkelkar/ros2_ws/install/px4_msgs/lib/python3.12/site-packages/px4_msgs/msg/_rate_ctrl_status.py
[6.171s] -- Up-to-date symlink: /home/prathamkelkar/ros2_ws/install/px4_msgs/lib/python3.12/site-packages/px4_msgs/msg/_rate_ctrl_status_s.c
[6.171s] -- Up-to-date symlink: /home/prathamkelkar/ros2_ws/install/px4_msgs/lib/python3.12/site-packages/px4_msgs/msg/_rc_channels.py
[6.171s] -- Up-to-date symlink: /home/prathamkelkar/ros2_ws/install/px4_msgs/lib/python3.12/site-packages/px4_msgs/msg/_rc_channels_s.c
[6.171s] -- Up-to-date symlink: /home/prathamkelkar/ros2_ws/install/px4_msgs/lib/python3.12/site-packages/px4_msgs/msg/_rc_parameter_map.py
[6.171s] -- Up-to-date symlink: /home/prathamkelkar/ros2_ws/install/px4_msgs/lib/python3.12/site-packages/px4_msgs/msg/_rc_parameter_map_s.c
[6.172s] -- Up-to-date symlink: /home/prathamkelkar/ros2_ws/install/px4_msgs/lib/python3.12/site-packages/px4_msgs/msg/_register_ext_component_reply.py
[6.172s] -- Up-to-date symlink: /home/prathamkelkar/ros2_ws/install/px4_msgs/lib/python3.12/site-packages/px4_msgs/msg/_register_ext_component_reply_s.c
[6.172s] -- Up-to-date symlink: /home/prathamkelkar/ros2_ws/install/px4_msgs/lib/python3.12/site-packages/px4_msgs/msg/_register_ext_component_request.py
[6.172s] -- Up-to-date symlink: /home/prathamkelkar/ros2_ws/install/px4_msgs/lib/python3.12/site-packages/px4_msgs/msg/_register_ext_component_request_s.c
[6.172s] -- Up-to-date symlink: /home/prathamkelkar/ros2_ws/install/px4_msgs/lib/python3.12/site-packages/px4_msgs/msg/_rpm.py
[6.172s] -- Up-to-date symlink: /home/prathamkelkar/ros2_ws/install/px4_msgs/lib/python3.12/site-packages/px4_msgs/msg/_rpm_s.c
[6.172s] -- Up-to-date symlink: /home/prathamkelkar/ros2_ws/install/px4_msgs/lib/python3.12/site-packages/px4_msgs/msg/_rtl_status.py
[6.172s] -- Up-to-date symlink: /home/prathamkelkar/ros2_ws/install/px4_msgs/lib/python3.12/site-packages/px4_msgs/msg/_rtl_status_s.c
[6.172s] -- Up-to-date symlink: /home/prathamkelkar/ros2_ws/install/px4_msgs/lib/python3.12/site-packages/px4_msgs/msg/_rtl_time_estimate.py
[6.173s] -- Up-to-date symlink: /home/prathamkelkar/ros2_ws/install/px4_msgs/lib/python3.12/site-packages/px4_msgs/msg/_rtl_time_estimate_s.c
[6.173s] -- Up-to-date symlink: /home/prathamkelkar/ros2_ws/install/px4_msgs/lib/python3.12/site-packages/px4_msgs/msg/_satellite_info.py
[6.173s] -- Up-to-date symlink: /home/prathamkelkar/ros2_ws/install/px4_msgs/lib/python3.12/site-packages/px4_msgs/msg/_satellite_info_s.c
[6.173s] -- Up-to-date symlink: /home/prathamkelkar/ros2_ws/install/px4_msgs/lib/python3.12/site-packages/px4_msgs/msg/_sensor_accel.py
[6.173s] -- Up-to-date symlink: /home/prathamkelkar/ros2_ws/install/px4_msgs/lib/python3.12/site-packages/px4_msgs/msg/_sensor_accel_fifo.py
[6.173s] -- Up-to-date symlink: /home/prathamkelkar/ros2_ws/install/px4_msgs/lib/python3.12/site-packages/px4_msgs/msg/_sensor_accel_fifo_s.c
[6.173s] -- Up-to-date symlink: /home/prathamkelkar/ros2_ws/install/px4_msgs/lib/python3.12/site-packages/px4_msgs/msg/_sensor_accel_s.c
[6.173s] -- Up-to-date symlink: /home/prathamkelkar/ros2_ws/install/px4_msgs/lib/python3.12/site-packages/px4_msgs/msg/_sensor_airflow.py
[6.173s] -- Up-to-date symlink: /home/prathamkelkar/ros2_ws/install/px4_msgs/lib/python3.12/site-packages/px4_msgs/msg/_sensor_airflow_s.c
[6.174s] -- Up-to-date symlink: /home/prathamkelkar/ros2_ws/install/px4_msgs/lib/python3.12/site-packages/px4_msgs/msg/_sensor_baro.py
[6.174s] -- Up-to-date symlink: /home/prathamkelkar/ros2_ws/install/px4_msgs/lib/python3.12/site-packages/px4_msgs/msg/_sensor_baro_s.c
[6.174s] -- Up-to-date symlink: /home/prathamkelkar/ros2_ws/install/px4_msgs/lib/python3.12/site-packages/px4_msgs/msg/_sensor_combined.py
[6.174s] -- Up-to-date symlink: /home/prathamkelkar/ros2_ws/install/px4_msgs/lib/python3.12/site-packages/px4_msgs/msg/_sensor_combined_s.c
[6.174s] -- Up-to-date symlink: /home/prathamkelkar/ros2_ws/install/px4_msgs/lib/python3.12/site-packages/px4_msgs/msg/_sensor_correction.py
[6.174s] -- Up-to-date symlink: /home/prathamkelkar/ros2_ws/install/px4_msgs/lib/python3.12/site-packages/px4_msgs/msg/_sensor_correction_s.c
[6.174s] -- Up-to-date symlink: /home/prathamkelkar/ros2_ws/install/px4_msgs/lib/python3.12/site-packages/px4_msgs/msg/_sensor_gnss_relative.py
[6.175s] -- Up-to-date symlink: /home/prathamkelkar/ros2_ws/install/px4_msgs/lib/python3.12/site-packages/px4_msgs/msg/_sensor_gnss_relative_s.c
[6.175s] -- Up-to-date symlink: /home/prathamkelkar/ros2_ws/install/px4_msgs/lib/python3.12/site-packages/px4_msgs/msg/_sensor_gps.py
[6.175s] -- Up-to-date symlink: /home/prathamkelkar/ros2_ws/install/px4_msgs/lib/python3.12/site-packages/px4_msgs/msg/_sensor_gps_s.c
[6.175s] -- Up-to-date symlink: /home/prathamkelkar/ros2_ws/install/px4_msgs/lib/python3.12/site-packages/px4_msgs/msg/_sensor_gyro.py
[6.176s] -- Up-to-date symlink: /home/prathamkelkar/ros2_ws/install/px4_msgs/lib/python3.12/site-packages/px4_msgs/msg/_sensor_gyro_fft.py
[6.176s] -- Up-to-date symlink: /home/prathamkelkar/ros2_ws/install/px4_msgs/lib/python3.12/site-packages/px4_msgs/msg/_sensor_gyro_fft_s.c
[6.176s] -- Up-to-date symlink: /home/prathamkelkar/ros2_ws/install/px4_msgs/lib/python3.12/site-packages/px4_msgs/msg/_sensor_gyro_fifo.py
[6.176s] -- Up-to-date symlink: /home/prathamkelkar/ros2_ws/install/px4_msgs/lib/python3.12/site-packages/px4_msgs/msg/_sensor_gyro_fifo_s.c
[6.176s] -- Up-to-date symlink: /home/prathamkelkar/ros2_ws/install/px4_msgs/lib/python3.12/site-packages/px4_msgs/msg/_sensor_gyro_s.c
[6.176s] -- Up-to-date symlink: /home/prathamkelkar/ros2_ws/install/px4_msgs/lib/python3.12/site-packages/px4_msgs/msg/_sensor_hygrometer.py
[6.176s] -- Up-to-date symlink: /home/prathamkelkar/ros2_ws/install/px4_msgs/lib/python3.12/site-packages/px4_msgs/msg/_sensor_hygrometer_s.c
[6.176s] -- Up-to-date symlink: /home/prathamkelkar/ros2_ws/install/px4_msgs/lib/python3.12/site-packages/px4_msgs/msg/_sensor_mag.py
[6.177s] -- Up-to-date symlink: /home/prathamkelkar/ros2_ws/install/px4_msgs/lib/python3.12/site-packages/px4_msgs/msg/_sensor_mag_s.c
[6.177s] -- Up-to-date symlink: /home/prathamkelkar/ros2_ws/install/px4_msgs/lib/python3.12/site-packages/px4_msgs/msg/_sensor_optical_flow.py
[6.177s] -- Up-to-date symlink: /home/prathamkelkar/ros2_ws/install/px4_msgs/lib/python3.12/site-packages/px4_msgs/msg/_sensor_optical_flow_s.c
[6.177s] -- Up-to-date symlink: /home/prathamkelkar/ros2_ws/install/px4_msgs/lib/python3.12/site-packages/px4_msgs/msg/_sensor_preflight_mag.py
[6.177s] -- Up-to-date symlink: /home/prathamkelkar/ros2_ws/install/px4_msgs/lib/python3.12/site-packages/px4_msgs/msg/_sensor_preflight_mag_s.c
[6.177s] -- Up-to-date symlink: /home/prathamkelkar/ros2_ws/install/px4_msgs/lib/python3.12/site-packages/px4_msgs/msg/_sensor_selection.py
[6.177s] -- Up-to-date symlink: /home/prathamkelkar/ros2_ws/install/px4_msgs/lib/python3.12/site-packages/px4_msgs/msg/_sensor_selection_s.c
[6.177s] -- Up-to-date symlink: /home/prathamkelkar/ros2_ws/install/px4_msgs/lib/python3.12/site-packages/px4_msgs/msg/_sensor_uwb.py
[6.177s] -- Up-to-date symlink: /home/prathamkelkar/ros2_ws/install/px4_msgs/lib/python3.12/site-packages/px4_msgs/msg/_sensor_uwb_s.c
[6.178s] -- Up-to-date symlink: /home/prathamkelkar/ros2_ws/install/px4_msgs/lib/python3.12/site-packages/px4_msgs/msg/_sensors_status.py
[6.178s] -- Up-to-date symlink: /home/prathamkelkar/ros2_ws/install/px4_msgs/lib/python3.12/site-packages/px4_msgs/msg/_sensors_status_imu.py
[6.178s] -- Up-to-date symlink: /home/prathamkelkar/ros2_ws/install/px4_msgs/lib/python3.12/site-packages/px4_msgs/msg/_sensors_status_imu_s.c
[6.178s] -- Up-to-date symlink: /home/prathamkelkar/ros2_ws/install/px4_msgs/lib/python3.12/site-packages/px4_msgs/msg/_sensors_status_s.c
[6.178s] -- Up-to-date symlink: /home/prathamkelkar/ros2_ws/install/px4_msgs/lib/python3.12/site-packages/px4_msgs/msg/_system_power.py
[6.178s] -- Up-to-date symlink: /home/prathamkelkar/ros2_ws/install/px4_msgs/lib/python3.12/site-packages/px4_msgs/msg/_system_power_s.c
[6.178s] -- Up-to-date symlink: /home/prathamkelkar/ros2_ws/install/px4_msgs/lib/python3.12/site-packages/px4_msgs/msg/_takeoff_status.py
[6.178s] -- Up-to-date symlink: /home/prathamkelkar/ros2_ws/install/px4_msgs/lib/python3.12/site-packages/px4_msgs/msg/_takeoff_status_s.c
[6.178s] -- Up-to-date symlink: /home/prathamkelkar/ros2_ws/install/px4_msgs/lib/python3.12/site-packages/px4_msgs/msg/_task_stack_info.py
[6.179s] -- Up-to-date symlink: /home/prathamkelkar/ros2_ws/install/px4_msgs/lib/python3.12/site-packages/px4_msgs/msg/_task_stack_info_s.c
[6.179s] -- Up-to-date symlink: /home/prathamkelkar/ros2_ws/install/px4_msgs/lib/python3.12/site-packages/px4_msgs/msg/_tecs_status.py
[6.179s] -- Up-to-date symlink: /home/prathamkelkar/ros2_ws/install/px4_msgs/lib/python3.12/site-packages/px4_msgs/msg/_tecs_status_s.c
[6.179s] -- Up-to-date symlink: /home/prathamkelkar/ros2_ws/install/px4_msgs/lib/python3.12/site-packages/px4_msgs/msg/_telemetry_status.py
[6.179s] -- Up-to-date symlink: /home/prathamkelkar/ros2_ws/install/px4_msgs/lib/python3.12/site-packages/px4_msgs/msg/_telemetry_status_s.c
[6.180s] -- Up-to-date symlink: /home/prathamkelkar/ros2_ws/install/px4_msgs/lib/python3.12/site-packages/px4_msgs/msg/_tiltrotor_extra_controls.py
[6.181s] -- Up-to-date symlink: /home/prathamkelkar/ros2_ws/install/px4_msgs/lib/python3.12/site-packages/px4_msgs/msg/_tiltrotor_extra_controls_s.c
[6.181s] -- Up-to-date symlink: /home/prathamkelkar/ros2_ws/install/px4_msgs/lib/python3.12/site-packages/px4_msgs/msg/_timesync_status.py
[6.183s] -- Up-to-date symlink: /home/prathamkelkar/ros2_ws/install/px4_msgs/lib/python3.12/site-packages/px4_msgs/msg/_timesync_status_s.c
[6.183s] -- Up-to-date symlink: /home/prathamkelkar/ros2_ws/install/px4_msgs/lib/python3.12/site-packages/px4_msgs/msg/_trajectory_bezier.py
[6.184s] -- Up-to-date symlink: /home/prathamkelkar/ros2_ws/install/px4_msgs/lib/python3.12/site-packages/px4_msgs/msg/_trajectory_bezier_s.c
[6.184s] -- Up-to-date symlink: /home/prathamkelkar/ros2_ws/install/px4_msgs/lib/python3.12/site-packages/px4_msgs/msg/_trajectory_setpoint.py
[6.184s] -- Up-to-date symlink: /home/prathamkelkar/ros2_ws/install/px4_msgs/lib/python3.12/site-packages/px4_msgs/msg/_trajectory_setpoint_s.c
[6.185s] -- Up-to-date symlink: /home/prathamkelkar/ros2_ws/install/px4_msgs/lib/python3.12/site-packages/px4_msgs/msg/_trajectory_waypoint.py
[6.185s] -- Up-to-date symlink: /home/prathamkelkar/ros2_ws/install/px4_msgs/lib/python3.12/site-packages/px4_msgs/msg/_trajectory_waypoint_s.c
[6.185s] -- Up-to-date symlink: /home/prathamkelkar/ros2_ws/install/px4_msgs/lib/python3.12/site-packages/px4_msgs/msg/_transponder_report.py
[6.185s] -- Up-to-date symlink: /home/prathamkelkar/ros2_ws/install/px4_msgs/lib/python3.12/site-packages/px4_msgs/msg/_transponder_report_s.c
[6.185s] -- Up-to-date symlink: /home/prathamkelkar/ros2_ws/install/px4_msgs/lib/python3.12/site-packages/px4_msgs/msg/_tune_control.py
[6.185s] -- Up-to-date symlink: /home/prathamkelkar/ros2_ws/install/px4_msgs/lib/python3.12/site-packages/px4_msgs/msg/_tune_control_s.c
[6.185s] -- Up-to-date symlink: /home/prathamkelkar/ros2_ws/install/px4_msgs/lib/python3.12/site-packages/px4_msgs/msg/_uavcan_parameter_request.py
[6.185s] -- Up-to-date symlink: /home/prathamkelkar/ros2_ws/install/px4_msgs/lib/python3.12/site-packages/px4_msgs/msg/_uavcan_parameter_request_s.c
[6.185s] -- Up-to-date symlink: /home/prathamkelkar/ros2_ws/install/px4_msgs/lib/python3.12/site-packages/px4_msgs/msg/_uavcan_parameter_value.py
[6.186s] -- Up-to-date symlink: /home/prathamkelkar/ros2_ws/install/px4_msgs/lib/python3.12/site-packages/px4_msgs/msg/_uavcan_parameter_value_s.c
[6.186s] -- Up-to-date symlink: /home/prathamkelkar/ros2_ws/install/px4_msgs/lib/python3.12/site-packages/px4_msgs/msg/_ulog_stream.py
[6.186s] -- Up-to-date symlink: /home/prathamkelkar/ros2_ws/install/px4_msgs/lib/python3.12/site-packages/px4_msgs/msg/_ulog_stream_ack.py
[6.186s] -- Up-to-date symlink: /home/prathamkelkar/ros2_ws/install/px4_msgs/lib/python3.12/site-packages/px4_msgs/msg/_ulog_stream_ack_s.c
[6.186s] -- Up-to-date symlink: /home/prathamkelkar/ros2_ws/install/px4_msgs/lib/python3.12/site-packages/px4_msgs/msg/_ulog_stream_s.c
[6.186s] -- Up-to-date symlink: /home/prathamkelkar/ros2_ws/install/px4_msgs/lib/python3.12/site-packages/px4_msgs/msg/_unregister_ext_component.py
[6.186s] -- Up-to-date symlink: /home/prathamkelkar/ros2_ws/install/px4_msgs/lib/python3.12/site-packages/px4_msgs/msg/_unregister_ext_component_s.c
[6.186s] -- Up-to-date symlink: /home/prathamkelkar/ros2_ws/install/px4_msgs/lib/python3.12/site-packages/px4_msgs/msg/_vehicle_acceleration.py
[6.186s] -- Up-to-date symlink: /home/prathamkelkar/ros2_ws/install/px4_msgs/lib/python3.12/site-packages/px4_msgs/msg/_vehicle_acceleration_s.c
[6.187s] -- Up-to-date symlink: /home/prathamkelkar/ros2_ws/install/px4_msgs/lib/python3.12/site-packages/px4_msgs/msg/_vehicle_air_data.py
[6.187s] -- Up-to-date symlink: /home/prathamkelkar/ros2_ws/install/px4_msgs/lib/python3.12/site-packages/px4_msgs/msg/_vehicle_air_data_s.c
[6.187s] -- Up-to-date symlink: /home/prathamkelkar/ros2_ws/install/px4_msgs/lib/python3.12/site-packages/px4_msgs/msg/_vehicle_angular_acceleration_setpoint.py
[6.187s] -- Up-to-date symlink: /home/prathamkelkar/ros2_ws/install/px4_msgs/lib/python3.12/site-packages/px4_msgs/msg/_vehicle_angular_acceleration_setpoint_s.c
[6.187s] -- Up-to-date symlink: /home/prathamkelkar/ros2_ws/install/px4_msgs/lib/python3.12/site-packages/px4_msgs/msg/_vehicle_angular_velocity.py
[6.187s] -- Up-to-date symlink: /home/prathamkelkar/ros2_ws/install/px4_msgs/lib/python3.12/site-packages/px4_msgs/msg/_vehicle_angular_velocity_s.c
[6.187s] -- Up-to-date symlink: /home/prathamkelkar/ros2_ws/install/px4_msgs/lib/python3.12/site-packages/px4_msgs/msg/_vehicle_attitude.py
[6.188s] -- Up-to-date symlink: /home/prathamkelkar/ros2_ws/install/px4_msgs/lib/python3.12/site-packages/px4_msgs/msg/_vehicle_attitude_s.c
[6.188s] -- Up-to-date symlink: /home/prathamkelkar/ros2_ws/install/px4_msgs/lib/python3.12/site-packages/px4_msgs/msg/_vehicle_attitude_setpoint.py
[6.188s] -- Up-to-date symlink: /home/prathamkelkar/ros2_ws/install/px4_msgs/lib/python3.12/site-packages/px4_msgs/msg/_vehicle_attitude_setpoint_s.c
[6.188s] -- Up-to-date symlink: /home/prathamkelkar/ros2_ws/install/px4_msgs/lib/python3.12/site-packages/px4_msgs/msg/_vehicle_command.py
[6.188s] -- Up-to-date symlink: /home/prathamkelkar/ros2_ws/install/px4_msgs/lib/python3.12/site-packages/px4_msgs/msg/_vehicle_command_ack.py
[6.188s] -- Up-to-date symlink: /home/prathamkelkar/ros2_ws/install/px4_msgs/lib/python3.12/site-packages/px4_msgs/msg/_vehicle_command_ack_s.c
[6.189s] -- Up-to-date symlink: /home/prathamkelkar/ros2_ws/install/px4_msgs/lib/python3.12/site-packages/px4_msgs/msg/_vehicle_command_s.c
[6.189s] -- Up-to-date symlink: /home/prathamkelkar/ros2_ws/install/px4_msgs/lib/python3.12/site-packages/px4_msgs/msg/_vehicle_constraints.py
[6.189s] -- Up-to-date symlink: /home/prathamkelkar/ros2_ws/install/px4_msgs/lib/python3.12/site-packages/px4_msgs/msg/_vehicle_constraints_s.c
[6.189s] -- Up-to-date symlink: /home/prathamkelkar/ros2_ws/install/px4_msgs/lib/python3.12/site-packages/px4_msgs/msg/_vehicle_control_mode.py
[6.189s] -- Up-to-date symlink: /home/prathamkelkar/ros2_ws/install/px4_msgs/lib/python3.12/site-packages/px4_msgs/msg/_vehicle_control_mode_s.c
[6.189s] -- Up-to-date symlink: /home/prathamkelkar/ros2_ws/install/px4_msgs/lib/python3.12/site-packages/px4_msgs/msg/_vehicle_global_position.py
[6.189s] -- Up-to-date symlink: /home/prathamkelkar/ros2_ws/install/px4_msgs/lib/python3.12/site-packages/px4_msgs/msg/_vehicle_global_position_s.c
[6.189s] -- Up-to-date symlink: /home/prathamkelkar/ros2_ws/install/px4_msgs/lib/python3.12/site-packages/px4_msgs/msg/_vehicle_imu.py
[6.189s] -- Up-to-date symlink: /home/prathamkelkar/ros2_ws/install/px4_msgs/lib/python3.12/site-packages/px4_msgs/msg/_vehicle_imu_s.c
[6.190s] -- Up-to-date symlink: /home/prathamkelkar/ros2_ws/install/px4_msgs/lib/python3.12/site-packages/px4_msgs/msg/_vehicle_imu_status.py
[6.190s] -- Up-to-date symlink: /home/prathamkelkar/ros2_ws/install/px4_msgs/lib/python3.12/site-packages/px4_msgs/msg/_vehicle_imu_status_s.c
[6.190s] -- Up-to-date symlink: /home/prathamkelkar/ros2_ws/install/px4_msgs/lib/python3.12/site-packages/px4_msgs/msg/_vehicle_land_detected.py
[6.190s] -- Up-to-date symlink: /home/prathamkelkar/ros2_ws/install/px4_msgs/lib/python3.12/site-packages/px4_msgs/msg/_vehicle_land_detected_s.c
[6.190s] -- Up-to-date symlink: /home/prathamkelkar/ros2_ws/install/px4_msgs/lib/python3.12/site-packages/px4_msgs/msg/_vehicle_local_position.py
[6.190s] -- Up-to-date symlink: /home/prathamkelkar/ros2_ws/install/px4_msgs/lib/python3.12/site-packages/px4_msgs/msg/_vehicle_local_position_s.c
[6.191s] -- Up-to-date symlink: /home/prathamkelkar/ros2_ws/install/px4_msgs/lib/python3.12/site-packages/px4_msgs/msg/_vehicle_local_position_setpoint.py
[6.191s] -- Up-to-date symlink: /home/prathamkelkar/ros2_ws/install/px4_msgs/lib/python3.12/site-packages/px4_msgs/msg/_vehicle_local_position_setpoint_s.c
[6.191s] -- Up-to-date symlink: /home/prathamkelkar/ros2_ws/install/px4_msgs/lib/python3.12/site-packages/px4_msgs/msg/_vehicle_magnetometer.py
[6.191s] -- Up-to-date symlink: /home/prathamkelkar/ros2_ws/install/px4_msgs/lib/python3.12/site-packages/px4_msgs/msg/_vehicle_magnetometer_s.c
[6.191s] -- Up-to-date symlink: /home/prathamkelkar/ros2_ws/install/px4_msgs/lib/python3.12/site-packages/px4_msgs/msg/_vehicle_odometry.py
[6.192s] -- Up-to-date symlink: /home/prathamkelkar/ros2_ws/install/px4_msgs/lib/python3.12/site-packages/px4_msgs/msg/_vehicle_odometry_s.c
[6.192s] -- Up-to-date symlink: /home/prathamkelkar/ros2_ws/install/px4_msgs/lib/python3.12/site-packages/px4_msgs/msg/_vehicle_optical_flow.py
[6.192s] -- Up-to-date symlink: /home/prathamkelkar/ros2_ws/install/px4_msgs/lib/python3.12/site-packages/px4_msgs/msg/_vehicle_optical_flow_s.c
[6.192s] -- Up-to-date symlink: /home/prathamkelkar/ros2_ws/install/px4_msgs/lib/python3.12/site-packages/px4_msgs/msg/_vehicle_optical_flow_vel.py
[6.192s] -- Up-to-date symlink: /home/prathamkelkar/ros2_ws/install/px4_msgs/lib/python3.12/site-packages/px4_msgs/msg/_vehicle_optical_flow_vel_s.c
[6.193s] -- Up-to-date symlink: /home/prathamkelkar/ros2_ws/install/px4_msgs/lib/python3.12/site-packages/px4_msgs/msg/_vehicle_rates_setpoint.py
[6.193s] -- Up-to-date symlink: /home/prathamkelkar/ros2_ws/install/px4_msgs/lib/python3.12/site-packages/px4_msgs/msg/_vehicle_rates_setpoint_s.c
[6.193s] -- Up-to-date symlink: /home/prathamkelkar/ros2_ws/install/px4_msgs/lib/python3.12/site-packages/px4_msgs/msg/_vehicle_roi.py
[6.193s] -- Up-to-date symlink: /home/prathamkelkar/ros2_ws/install/px4_msgs/lib/python3.12/site-packages/px4_msgs/msg/_vehicle_roi_s.c
[6.193s] -- Up-to-date symlink: /home/prathamkelkar/ros2_ws/install/px4_msgs/lib/python3.12/site-packages/px4_msgs/msg/_vehicle_status.py
[6.194s] -- Up-to-date symlink: /home/prathamkelkar/ros2_ws/install/px4_msgs/lib/python3.12/site-packages/px4_msgs/msg/_vehicle_status_s.c
[6.194s] -- Up-to-date symlink: /home/prathamkelkar/ros2_ws/install/px4_msgs/lib/python3.12/site-packages/px4_msgs/msg/_vehicle_thrust_setpoint.py
[6.194s] -- Up-to-date symlink: /home/prathamkelkar/ros2_ws/install/px4_msgs/lib/python3.12/site-packages/px4_msgs/msg/_vehicle_thrust_setpoint_s.c
[6.194s] -- Up-to-date symlink: /home/prathamkelkar/ros2_ws/install/px4_msgs/lib/python3.12/site-packages/px4_msgs/msg/_vehicle_torque_setpoint.py
[6.194s] -- Up-to-date symlink: /home/prathamkelkar/ros2_ws/install/px4_msgs/lib/python3.12/site-packages/px4_msgs/msg/_vehicle_torque_setpoint_s.c
[6.194s] -- Up-to-date symlink: /home/prathamkelkar/ros2_ws/install/px4_msgs/lib/python3.12/site-packages/px4_msgs/msg/_vehicle_trajectory_bezier.py
[6.194s] -- Up-to-date symlink: /home/prathamkelkar/ros2_ws/install/px4_msgs/lib/python3.12/site-packages/px4_msgs/msg/_vehicle_trajectory_bezier_s.c
[6.195s] -- Up-to-date symlink: /home/prathamkelkar/ros2_ws/install/px4_msgs/lib/python3.12/site-packages/px4_msgs/msg/_vehicle_trajectory_waypoint.py
[6.195s] -- Up-to-date symlink: /home/prathamkelkar/ros2_ws/install/px4_msgs/lib/python3.12/site-packages/px4_msgs/msg/_vehicle_trajectory_waypoint_s.c
[6.195s] -- Up-to-date symlink: /home/prathamkelkar/ros2_ws/install/px4_msgs/lib/python3.12/site-packages/px4_msgs/msg/_velocity_limits.py
[6.195s] -- Up-to-date symlink: /home/prathamkelkar/ros2_ws/install/px4_msgs/lib/python3.12/site-packages/px4_msgs/msg/_velocity_limits_s.c
[6.195s] -- Up-to-date symlink: /home/prathamkelkar/ros2_ws/install/px4_msgs/lib/python3.12/site-packages/px4_msgs/msg/_vtol_vehicle_status.py
[6.195s] -- Up-to-date symlink: /home/prathamkelkar/ros2_ws/install/px4_msgs/lib/python3.12/site-packages/px4_msgs/msg/_vtol_vehicle_status_s.c
[6.196s] -- Up-to-date symlink: /home/prathamkelkar/ros2_ws/install/px4_msgs/lib/python3.12/site-packages/px4_msgs/msg/_wheel_encoders.py
[6.196s] -- Up-to-date symlink: /home/prathamkelkar/ros2_ws/install/px4_msgs/lib/python3.12/site-packages/px4_msgs/msg/_wheel_encoders_s.c
[6.196s] -- Up-to-date symlink: /home/prathamkelkar/ros2_ws/install/px4_msgs/lib/python3.12/site-packages/px4_msgs/msg/_wind.py
[6.196s] -- Up-to-date symlink: /home/prathamkelkar/ros2_ws/install/px4_msgs/lib/python3.12/site-packages/px4_msgs/msg/_wind_s.c
[6.196s] -- Up-to-date symlink: /home/prathamkelkar/ros2_ws/install/px4_msgs/lib/python3.12/site-packages/px4_msgs/msg/_yaw_estimator_status.py
[6.196s] -- Up-to-date symlink: /home/prathamkelkar/ros2_ws/install/px4_msgs/lib/python3.12/site-packages/px4_msgs/msg/_yaw_estimator_status_s.c
[6.196s] -- Up-to-date symlink: /home/prathamkelkar/ros2_ws/install/px4_msgs/lib/python3.12/site-packages/px4_msgs/px4_msgs_s__rosidl_typesupport_c.so
[6.197s] -- Up-to-date symlink: /home/prathamkelkar/ros2_ws/install/px4_msgs/lib/python3.12/site-packages/px4_msgs/px4_msgs_s__rosidl_typesupport_fastrtps_c.so
[6.197s] -- Up-to-date symlink: /home/prathamkelkar/ros2_ws/install/px4_msgs/lib/python3.12/site-packages/px4_msgs/px4_msgs_s__rosidl_typesupport_introspection_c.so
[6.197s] -- Up-to-date symlink: /home/prathamkelkar/ros2_ws/install/px4_msgs/lib/python3.12/site-packages/px4_msgs/srv/__init__.py
[6.197s] -- Up-to-date symlink: /home/prathamkelkar/ros2_ws/install/px4_msgs/lib/python3.12/site-packages/px4_msgs/srv/_vehicle_command.py
[6.197s] -- Up-to-date symlink: /home/prathamkelkar/ros2_ws/install/px4_msgs/lib/python3.12/site-packages/px4_msgs/srv/_vehicle_command_s.c
[6.197s] -- Up-to-date symlink: /home/prathamkelkar/ros2_ws/install/px4_msgs/lib/python3.12/site-packages/px4_msgs/px4_msgs_s__rosidl_typesupport_fastrtps_c.so
[6.197s] -- Up-to-date symlink: /home/prathamkelkar/ros2_ws/install/px4_msgs/lib/python3.12/site-packages/px4_msgs/px4_msgs_s__rosidl_typesupport_introspection_c.so
[6.198s] -- Up-to-date symlink: /home/prathamkelkar/ros2_ws/install/px4_msgs/lib/python3.12/site-packages/px4_msgs/px4_msgs_s__rosidl_typesupport_c.so
[6.198s] -- Up-to-date symlink: /home/prathamkelkar/ros2_ws/install/px4_msgs/share/ament_index/resource_index/rust_packages/px4_msgs
[6.198s] -- Up-to-date symlink: /home/prathamkelkar/ros2_ws/install/px4_msgs/share/px4_msgs/rust/Cargo.toml
[6.198s] -- Up-to-date symlink: /home/prathamkelkar/ros2_ws/install/px4_msgs/share/px4_msgs/rust/build.rs
[6.198s] -- Up-to-date symlink: /home/prathamkelkar/ros2_ws/install/px4_msgs/share/px4_msgs/rust/src/lib.rs
[6.198s] -- Up-to-date symlink: /home/prathamkelkar/ros2_ws/install/px4_msgs/share/px4_msgs/rust/src/msg.rs
[6.198s] -- Up-to-date symlink: /home/prathamkelkar/ros2_ws/install/px4_msgs/share/px4_msgs/rust/src/msg/rmw.rs
[6.199s] -- Up-to-date symlink: /home/prathamkelkar/ros2_ws/install/px4_msgs/share/px4_msgs/rust/src/srv.rs
[6.199s] -- Up-to-date symlink: /home/prathamkelkar/ros2_ws/install/px4_msgs/share/px4_msgs/rust/src/srv/rmw.rs
[6.199s] -- Up-to-date symlink: /home/prathamkelkar/ros2_ws/install/px4_msgs/share/px4_msgs/msg/ActionRequest.idl
[6.199s] -- Up-to-date symlink: /home/prathamkelkar/ros2_ws/install/px4_msgs/share/px4_msgs/msg/ActuatorArmed.idl
[6.199s] -- Up-to-date symlink: /home/prathamkelkar/ros2_ws/install/px4_msgs/share/px4_msgs/msg/ActuatorControlsStatus.idl
[6.199s] -- Up-to-date symlink: /home/prathamkelkar/ros2_ws/install/px4_msgs/share/px4_msgs/msg/ActuatorMotors.idl
[6.199s] -- Up-to-date symlink: /home/prathamkelkar/ros2_ws/install/px4_msgs/share/px4_msgs/msg/ActuatorOutputs.idl
[6.199s] -- Up-to-date symlink: /home/prathamkelkar/ros2_ws/install/px4_msgs/share/px4_msgs/msg/ActuatorServos.idl
[6.200s] -- Up-to-date symlink: /home/prathamkelkar/ros2_ws/install/px4_msgs/share/px4_msgs/msg/ActuatorServosTrim.idl
[6.200s] -- Up-to-date symlink: /home/prathamkelkar/ros2_ws/install/px4_msgs/share/px4_msgs/msg/ActuatorTest.idl
[6.200s] -- Up-to-date symlink: /home/prathamkelkar/ros2_ws/install/px4_msgs/share/px4_msgs/msg/AdcReport.idl
[6.200s] -- Up-to-date symlink: /home/prathamkelkar/ros2_ws/install/px4_msgs/share/px4_msgs/msg/Airspeed.idl
[6.200s] -- Up-to-date symlink: /home/prathamkelkar/ros2_ws/install/px4_msgs/share/px4_msgs/msg/AirspeedValidated.idl
[6.200s] -- Up-to-date symlink: /home/prathamkelkar/ros2_ws/install/px4_msgs/share/px4_msgs/msg/AirspeedWind.idl
[6.201s] -- Up-to-date symlink: /home/prathamkelkar/ros2_ws/install/px4_msgs/share/px4_msgs/msg/ArmingCheckReply.idl
[6.201s] -- Up-to-date symlink: /home/prathamkelkar/ros2_ws/install/px4_msgs/share/px4_msgs/msg/ArmingCheckRequest.idl
[6.201s] -- Up-to-date symlink: /home/prathamkelkar/ros2_ws/install/px4_msgs/share/px4_msgs/msg/AutotuneAttitudeControlStatus.idl
[6.201s] -- Up-to-date symlink: /home/prathamkelkar/ros2_ws/install/px4_msgs/share/px4_msgs/msg/BatteryStatus.idl
[6.201s] -- Up-to-date symlink: /home/prathamkelkar/ros2_ws/install/px4_msgs/share/px4_msgs/msg/Buffer128.idl
[6.201s] -- Up-to-date symlink: /home/prathamkelkar/ros2_ws/install/px4_msgs/share/px4_msgs/msg/ButtonEvent.idl
[6.201s] -- Up-to-date symlink: /home/prathamkelkar/ros2_ws/install/px4_msgs/share/px4_msgs/msg/CameraCapture.idl
[6.201s] -- Up-to-date symlink: /home/prathamkelkar/ros2_ws/install/px4_msgs/share/px4_msgs/msg/CameraStatus.idl
[6.202s] -- Up-to-date symlink: /home/prathamkelkar/ros2_ws/install/px4_msgs/share/px4_msgs/msg/CameraTrigger.idl
[6.202s] -- Up-to-date symlink: /home/prathamkelkar/ros2_ws/install/px4_msgs/share/px4_msgs/msg/CanInterfaceStatus.idl
[6.202s] -- Up-to-date symlink: /home/prathamkelkar/ros2_ws/install/px4_msgs/share/px4_msgs/msg/CellularStatus.idl
[6.202s] -- Up-to-date symlink: /home/prathamkelkar/ros2_ws/install/px4_msgs/share/px4_msgs/msg/CollisionConstraints.idl
[6.202s] -- Up-to-date symlink: /home/prathamkelkar/ros2_ws/install/px4_msgs/share/px4_msgs/msg/CollisionReport.idl
[6.202s] -- Up-to-date symlink: /home/prathamkelkar/ros2_ws/install/px4_msgs/share/px4_msgs/msg/ConfigOverrides.idl
[6.203s] -- Up-to-date symlink: /home/prathamkelkar/ros2_ws/install/px4_msgs/share/px4_msgs/msg/ControlAllocatorStatus.idl
[6.203s] -- Up-to-date symlink: /home/prathamkelkar/ros2_ws/install/px4_msgs/share/px4_msgs/msg/Cpuload.idl
[6.203s] -- Up-to-date symlink: /home/prathamkelkar/ros2_ws/install/px4_msgs/share/px4_msgs/msg/DatamanRequest.idl
[6.203s] -- Up-to-date symlink: /home/prathamkelkar/ros2_ws/install/px4_msgs/share/px4_msgs/msg/DatamanResponse.idl
[6.203s] -- Up-to-date symlink: /home/prathamkelkar/ros2_ws/install/px4_msgs/share/px4_msgs/msg/DebugArray.idl
[6.203s] -- Up-to-date symlink: /home/prathamkelkar/ros2_ws/install/px4_msgs/share/px4_msgs/msg/DebugKeyValue.idl
[6.203s] -- Up-to-date symlink: /home/prathamkelkar/ros2_ws/install/px4_msgs/share/px4_msgs/msg/DebugValue.idl
[6.204s] -- Up-to-date symlink: /home/prathamkelkar/ros2_ws/install/px4_msgs/share/px4_msgs/msg/DebugVect.idl
[6.204s] -- Up-to-date symlink: /home/prathamkelkar/ros2_ws/install/px4_msgs/share/px4_msgs/msg/DifferentialDriveSetpoint.idl
[6.204s] -- Up-to-date symlink: /home/prathamkelkar/ros2_ws/install/px4_msgs/share/px4_msgs/msg/DifferentialPressure.idl
[6.204s] -- Up-to-date symlink: /home/prathamkelkar/ros2_ws/install/px4_msgs/share/px4_msgs/msg/DistanceSensor.idl
[6.204s] -- Up-to-date symlink: /home/prathamkelkar/ros2_ws/install/px4_msgs/share/px4_msgs/msg/Ekf2Timestamps.idl
[6.204s] -- Up-to-date symlink: /home/prathamkelkar/ros2_ws/install/px4_msgs/share/px4_msgs/msg/EscReport.idl
[6.204s] -- Up-to-date symlink: /home/prathamkelkar/ros2_ws/install/px4_msgs/share/px4_msgs/msg/EscStatus.idl
[6.204s] -- Up-to-date symlink: /home/prathamkelkar/ros2_ws/install/px4_msgs/share/px4_msgs/msg/EstimatorAidSource1d.idl
[6.205s] -- Up-to-date symlink: /home/prathamkelkar/ros2_ws/install/px4_msgs/share/px4_msgs/msg/EstimatorAidSource2d.idl
[6.205s] -- Up-to-date symlink: /home/prathamkelkar/ros2_ws/install/px4_msgs/share/px4_msgs/msg/EstimatorAidSource3d.idl
[6.205s] -- Up-to-date symlink: /home/prathamkelkar/ros2_ws/install/px4_msgs/share/px4_msgs/msg/EstimatorBias.idl
[6.205s] -- Up-to-date symlink: /home/prathamkelkar/ros2_ws/install/px4_msgs/share/px4_msgs/msg/EstimatorBias3d.idl
[6.205s] -- Up-to-date symlink: /home/prathamkelkar/ros2_ws/install/px4_msgs/share/px4_msgs/msg/EstimatorEventFlags.idl
[6.205s] -- Up-to-date symlink: /home/prathamkelkar/ros2_ws/install/px4_msgs/share/px4_msgs/msg/EstimatorGpsStatus.idl
[6.205s] -- Up-to-date symlink: /home/prathamkelkar/ros2_ws/install/px4_msgs/share/px4_msgs/msg/EstimatorInnovations.idl
[6.206s] -- Up-to-date symlink: /home/prathamkelkar/ros2_ws/install/px4_msgs/share/px4_msgs/msg/EstimatorSelectorStatus.idl
[6.206s] -- Up-to-date symlink: /home/prathamkelkar/ros2_ws/install/px4_msgs/share/px4_msgs/msg/EstimatorSensorBias.idl
[6.206s] -- Up-to-date symlink: /home/prathamkelkar/ros2_ws/install/px4_msgs/share/px4_msgs/msg/EstimatorStates.idl
[6.206s] -- Up-to-date symlink: /home/prathamkelkar/ros2_ws/install/px4_msgs/share/px4_msgs/msg/EstimatorStatus.idl
[6.206s] -- Up-to-date symlink: /home/prathamkelkar/ros2_ws/install/px4_msgs/share/px4_msgs/msg/EstimatorStatusFlags.idl
[6.206s] -- Up-to-date symlink: /home/prathamkelkar/ros2_ws/install/px4_msgs/share/px4_msgs/msg/Event.idl
[6.206s] -- Up-to-date symlink: /home/prathamkelkar/ros2_ws/install/px4_msgs/share/px4_msgs/msg/FailsafeFlags.idl
[6.207s] -- Up-to-date symlink: /home/prathamkelkar/ros2_ws/install/px4_msgs/share/px4_msgs/msg/FailureDetectorStatus.idl
[6.207s] -- Up-to-date symlink: /home/prathamkelkar/ros2_ws/install/px4_msgs/share/px4_msgs/msg/FigureEightStatus.idl
[6.207s] -- Up-to-date symlink: /home/prathamkelkar/ros2_ws/install/px4_msgs/share/px4_msgs/msg/FlightPhaseEstimation.idl
[6.207s] -- Up-to-date symlink: /home/prathamkelkar/ros2_ws/install/px4_msgs/share/px4_msgs/msg/FollowTarget.idl
[6.207s] -- Up-to-date symlink: /home/prathamkelkar/ros2_ws/install/px4_msgs/share/px4_msgs/msg/FollowTargetEstimator.idl
[6.207s] -- Up-to-date symlink: /home/prathamkelkar/ros2_ws/install/px4_msgs/share/px4_msgs/msg/FollowTargetStatus.idl
[6.207s] -- Up-to-date symlink: /home/prathamkelkar/ros2_ws/install/px4_msgs/share/px4_msgs/msg/GeneratorStatus.idl
[6.208s] -- Up-to-date symlink: /home/prathamkelkar/ros2_ws/install/px4_msgs/share/px4_msgs/msg/GeofenceResult.idl
[6.208s] -- Up-to-date symlink: /home/prathamkelkar/ros2_ws/install/px4_msgs/share/px4_msgs/msg/GeofenceStatus.idl
[6.208s] -- Up-to-date symlink: /home/prathamkelkar/ros2_ws/install/px4_msgs/share/px4_msgs/msg/GimbalControls.idl
[6.208s] -- Up-to-date symlink: /home/prathamkelkar/ros2_ws/install/px4_msgs/share/px4_msgs/msg/GimbalDeviceAttitudeStatus.idl
[6.208s] -- Up-to-date symlink: /home/prathamkelkar/ros2_ws/install/px4_msgs/share/px4_msgs/msg/GimbalDeviceInformation.idl
[6.208s] -- Up-to-date symlink: /home/prathamkelkar/ros2_ws/install/px4_msgs/share/px4_msgs/msg/GimbalDeviceSetAttitude.idl
[6.208s] -- Up-to-date symlink: /home/prathamkelkar/ros2_ws/install/px4_msgs/share/px4_msgs/msg/GimbalManagerInformation.idl
[6.209s] -- Up-to-date symlink: /home/prathamkelkar/ros2_ws/install/px4_msgs/share/px4_msgs/msg/GimbalManagerSetAttitude.idl
[6.209s] -- Up-to-date symlink: /home/prathamkelkar/ros2_ws/install/px4_msgs/share/px4_msgs/msg/GimbalManagerSetManualControl.idl
[6.209s] -- Up-to-date symlink: /home/prathamkelkar/ros2_ws/install/px4_msgs/share/px4_msgs/msg/GimbalManagerStatus.idl
[6.209s] -- Up-to-date symlink: /home/prathamkelkar/ros2_ws/install/px4_msgs/share/px4_msgs/msg/GotoSetpoint.idl
[6.209s] -- Up-to-date symlink: /home/prathamkelkar/ros2_ws/install/px4_msgs/share/px4_msgs/msg/GpioConfig.idl
[6.209s] -- Up-to-date symlink: /home/prathamkelkar/ros2_ws/install/px4_msgs/share/px4_msgs/msg/GpioIn.idl
[6.210s] -- Up-to-date symlink: /home/prathamkelkar/ros2_ws/install/px4_msgs/share/px4_msgs/msg/GpioOut.idl
[6.210s] -- Up-to-date symlink: /home/prathamkelkar/ros2_ws/install/px4_msgs/share/px4_msgs/msg/GpioRequest.idl
[6.210s] -- Up-to-date symlink: /home/prathamkelkar/ros2_ws/install/px4_msgs/share/px4_msgs/msg/GpsDump.idl
[6.210s] -- Up-to-date symlink: /home/prathamkelkar/ros2_ws/install/px4_msgs/share/px4_msgs/msg/GpsInjectData.idl
[6.210s] -- Up-to-date symlink: /home/prathamkelkar/ros2_ws/install/px4_msgs/share/px4_msgs/msg/Gripper.idl
[6.210s] -- Up-to-date symlink: /home/prathamkelkar/ros2_ws/install/px4_msgs/share/px4_msgs/msg/HealthReport.idl
[6.210s] -- Up-to-date symlink: /home/prathamkelkar/ros2_ws/install/px4_msgs/share/px4_msgs/msg/HeaterStatus.idl
[6.211s] -- Up-to-date symlink: /home/prathamkelkar/ros2_ws/install/px4_msgs/share/px4_msgs/msg/HomePosition.idl
[6.211s] -- Up-to-date symlink: /home/prathamkelkar/ros2_ws/install/px4_msgs/share/px4_msgs/msg/HoverThrustEstimate.idl
[6.211s] -- Up-to-date symlink: /home/prathamkelkar/ros2_ws/install/px4_msgs/share/px4_msgs/msg/InputRc.idl
[6.211s] -- Up-to-date symlink: /home/prathamkelkar/ros2_ws/install/px4_msgs/share/px4_msgs/msg/InternalCombustionEngineStatus.idl
[6.211s] -- Up-to-date symlink: /home/prathamkelkar/ros2_ws/install/px4_msgs/share/px4_msgs/msg/IridiumsbdStatus.idl
[6.211s] -- Up-to-date symlink: /home/prathamkelkar/ros2_ws/install/px4_msgs/share/px4_msgs/msg/IrlockReport.idl
[6.211s] -- Up-to-date symlink: /home/prathamkelkar/ros2_ws/install/px4_msgs/share/px4_msgs/msg/LandingGear.idl
[6.212s] -- Up-to-date symlink: /home/prathamkelkar/ros2_ws/install/px4_msgs/share/px4_msgs/msg/LandingGearWheel.idl
[6.212s] -- Up-to-date symlink: /home/prathamkelkar/ros2_ws/install/px4_msgs/share/px4_msgs/msg/LandingTargetInnovations.idl
[6.212s] -- Up-to-date symlink: /home/prathamkelkar/ros2_ws/install/px4_msgs/share/px4_msgs/msg/LandingTargetPose.idl
[6.212s] -- Up-to-date symlink: /home/prathamkelkar/ros2_ws/install/px4_msgs/share/px4_msgs/msg/LaunchDetectionStatus.idl
[6.212s] -- Up-to-date symlink: /home/prathamkelkar/ros2_ws/install/px4_msgs/share/px4_msgs/msg/LedControl.idl
[6.212s] -- Up-to-date symlink: /home/prathamkelkar/ros2_ws/install/px4_msgs/share/px4_msgs/msg/LogMessage.idl
[6.212s] -- Up-to-date symlink: /home/prathamkelkar/ros2_ws/install/px4_msgs/share/px4_msgs/msg/LoggerStatus.idl
[6.213s] -- Up-to-date symlink: /home/prathamkelkar/ros2_ws/install/px4_msgs/share/px4_msgs/msg/MagWorkerData.idl
[6.213s] -- Up-to-date symlink: /home/prathamkelkar/ros2_ws/install/px4_msgs/share/px4_msgs/msg/MagnetometerBiasEstimate.idl
[6.213s] -- Up-to-date symlink: /home/prathamkelkar/ros2_ws/install/px4_msgs/share/px4_msgs/msg/ManualControlSetpoint.idl
[6.213s] -- Up-to-date symlink: /home/prathamkelkar/ros2_ws/install/px4_msgs/share/px4_msgs/msg/ManualControlSwitches.idl
[6.213s] -- Up-to-date symlink: /home/prathamkelkar/ros2_ws/install/px4_msgs/share/px4_msgs/msg/MavlinkLog.idl
[6.213s] -- Up-to-date symlink: /home/prathamkelkar/ros2_ws/install/px4_msgs/share/px4_msgs/msg/MavlinkTunnel.idl
[6.213s] -- Up-to-date symlink: /home/prathamkelkar/ros2_ws/install/px4_msgs/share/px4_msgs/msg/MessageFormatRequest.idl
[6.213s] -- Up-to-date symlink: /home/prathamkelkar/ros2_ws/install/px4_msgs/share/px4_msgs/msg/MessageFormatResponse.idl
[6.214s] -- Up-to-date symlink: /home/prathamkelkar/ros2_ws/install/px4_msgs/share/px4_msgs/msg/Mission.idl
[6.214s] -- Up-to-date symlink: /home/prathamkelkar/ros2_ws/install/px4_msgs/share/px4_msgs/msg/MissionResult.idl
[6.214s] -- Up-to-date symlink: /home/prathamkelkar/ros2_ws/install/px4_msgs/share/px4_msgs/msg/ModeCompleted.idl
[6.214s] -- Up-to-date symlink: /home/prathamkelkar/ros2_ws/install/px4_msgs/share/px4_msgs/msg/MountOrientation.idl
[6.214s] -- Up-to-date symlink: /home/prathamkelkar/ros2_ws/install/px4_msgs/share/px4_msgs/msg/NavigatorMissionItem.idl
[6.214s] -- Up-to-date symlink: /home/prathamkelkar/ros2_ws/install/px4_msgs/share/px4_msgs/msg/NormalizedUnsignedSetpoint.idl
[6.214s] -- Up-to-date symlink: /home/prathamkelkar/ros2_ws/install/px4_msgs/share/px4_msgs/msg/NpfgStatus.idl
[6.215s] -- Up-to-date symlink: /home/prathamkelkar/ros2_ws/install/px4_msgs/share/px4_msgs/msg/ObstacleDistance.idl
[6.215s] -- Up-to-date symlink: /home/prathamkelkar/ros2_ws/install/px4_msgs/share/px4_msgs/msg/OffboardControlMode.idl
[6.215s] -- Up-to-date symlink: /home/prathamkelkar/ros2_ws/install/px4_msgs/share/px4_msgs/msg/OnboardComputerStatus.idl
[6.215s] -- Up-to-date symlink: /home/prathamkelkar/ros2_ws/install/px4_msgs/share/px4_msgs/msg/OrbTest.idl
[6.215s] -- Up-to-date symlink: /home/prathamkelkar/ros2_ws/install/px4_msgs/share/px4_msgs/msg/OrbTestLarge.idl
[6.215s] -- Up-to-date symlink: /home/prathamkelkar/ros2_ws/install/px4_msgs/share/px4_msgs/msg/OrbTestMedium.idl
[6.215s] -- Up-to-date symlink: /home/prathamkelkar/ros2_ws/install/px4_msgs/share/px4_msgs/msg/OrbitStatus.idl
[6.216s] -- Up-to-date symlink: /home/prathamkelkar/ros2_ws/install/px4_msgs/share/px4_msgs/msg/ParameterResetRequest.idl
[6.216s] -- Up-to-date symlink: /home/prathamkelkar/ros2_ws/install/px4_msgs/share/px4_msgs/msg/ParameterSetUsedRequest.idl
[6.216s] -- Up-to-date symlink: /home/prathamkelkar/ros2_ws/install/px4_msgs/share/px4_msgs/msg/ParameterSetValueRequest.idl
[6.216s] -- Up-to-date symlink: /home/prathamkelkar/ros2_ws/install/px4_msgs/share/px4_msgs/msg/ParameterSetValueResponse.idl
[6.216s] -- Up-to-date symlink: /home/prathamkelkar/ros2_ws/install/px4_msgs/share/px4_msgs/msg/ParameterUpdate.idl
[6.216s] -- Up-to-date symlink: /home/prathamkelkar/ros2_ws/install/px4_msgs/share/px4_msgs/msg/Ping.idl
[6.216s] -- Up-to-date symlink: /home/prathamkelkar/ros2_ws/install/px4_msgs/share/px4_msgs/msg/PositionControllerLandingStatus.idl
[6.217s] -- Up-to-date symlink: /home/prathamkelkar/ros2_ws/install/px4_msgs/share/px4_msgs/msg/PositionControllerStatus.idl
[6.217s] -- Up-to-date symlink: /home/prathamkelkar/ros2_ws/install/px4_msgs/share/px4_msgs/msg/PositionSetpoint.idl
[6.217s] -- Up-to-date symlink: /home/prathamkelkar/ros2_ws/install/px4_msgs/share/px4_msgs/msg/PositionSetpointTriplet.idl
[6.217s] -- Up-to-date symlink: /home/prathamkelkar/ros2_ws/install/px4_msgs/share/px4_msgs/msg/PowerButtonState.idl
[6.217s] -- Up-to-date symlink: /home/prathamkelkar/ros2_ws/install/px4_msgs/share/px4_msgs/msg/PowerMonitor.idl
[6.217s] -- Up-to-date symlink: /home/prathamkelkar/ros2_ws/install/px4_msgs/share/px4_msgs/msg/PpsCapture.idl
[6.217s] -- Up-to-date symlink: /home/prathamkelkar/ros2_ws/install/px4_msgs/share/px4_msgs/msg/PwmInput.idl
[6.218s] -- Up-to-date symlink: /home/prathamkelkar/ros2_ws/install/px4_msgs/share/px4_msgs/msg/Px4ioStatus.idl
[6.218s] -- Up-to-date symlink: /home/prathamkelkar/ros2_ws/install/px4_msgs/share/px4_msgs/msg/QshellReq.idl
[6.218s] -- Up-to-date symlink: /home/prathamkelkar/ros2_ws/install/px4_msgs/share/px4_msgs/msg/QshellRetval.idl
[6.218s] -- Up-to-date symlink: /home/prathamkelkar/ros2_ws/install/px4_msgs/share/px4_msgs/msg/RadioStatus.idl
[6.218s] -- Up-to-date symlink: /home/prathamkelkar/ros2_ws/install/px4_msgs/share/px4_msgs/msg/RateCtrlStatus.idl
[6.218s] -- Up-to-date symlink: /home/prathamkelkar/ros2_ws/install/px4_msgs/share/px4_msgs/msg/RcChannels.idl
[6.218s] -- Up-to-date symlink: /home/prathamkelkar/ros2_ws/install/px4_msgs/share/px4_msgs/msg/RcParameterMap.idl
[6.219s] -- Up-to-date symlink: /home/prathamkelkar/ros2_ws/install/px4_msgs/share/px4_msgs/msg/RegisterExtComponentReply.idl
[6.219s] -- Up-to-date symlink: /home/prathamkelkar/ros2_ws/install/px4_msgs/share/px4_msgs/msg/RegisterExtComponentRequest.idl
[6.219s] -- Up-to-date symlink: /home/prathamkelkar/ros2_ws/install/px4_msgs/share/px4_msgs/msg/Rpm.idl
[6.219s] -- Up-to-date symlink: /home/prathamkelkar/ros2_ws/install/px4_msgs/share/px4_msgs/msg/RtlStatus.idl
[6.219s] -- Up-to-date symlink: /home/prathamkelkar/ros2_ws/install/px4_msgs/share/px4_msgs/msg/RtlTimeEstimate.idl
[6.219s] -- Up-to-date symlink: /home/prathamkelkar/ros2_ws/install/px4_msgs/share/px4_msgs/msg/SatelliteInfo.idl
[6.219s] -- Up-to-date symlink: /home/prathamkelkar/ros2_ws/install/px4_msgs/share/px4_msgs/msg/SensorAccel.idl
[6.220s] -- Up-to-date symlink: /home/prathamkelkar/ros2_ws/install/px4_msgs/share/px4_msgs/msg/SensorAccelFifo.idl
[6.220s] -- Up-to-date symlink: /home/prathamkelkar/ros2_ws/install/px4_msgs/share/px4_msgs/msg/SensorAirflow.idl
[6.220s] -- Up-to-date symlink: /home/prathamkelkar/ros2_ws/install/px4_msgs/share/px4_msgs/msg/SensorBaro.idl
[6.220s] -- Up-to-date symlink: /home/prathamkelkar/ros2_ws/install/px4_msgs/share/px4_msgs/msg/SensorCombined.idl
[6.220s] -- Up-to-date symlink: /home/prathamkelkar/ros2_ws/install/px4_msgs/share/px4_msgs/msg/SensorCorrection.idl
[6.220s] -- Up-to-date symlink: /home/prathamkelkar/ros2_ws/install/px4_msgs/share/px4_msgs/msg/SensorGnssRelative.idl
[6.220s] -- Up-to-date symlink: /home/prathamkelkar/ros2_ws/install/px4_msgs/share/px4_msgs/msg/SensorGps.idl
[6.221s] -- Up-to-date symlink: /home/prathamkelkar/ros2_ws/install/px4_msgs/share/px4_msgs/msg/SensorGyro.idl
[6.221s] -- Up-to-date symlink: /home/prathamkelkar/ros2_ws/install/px4_msgs/share/px4_msgs/msg/SensorGyroFft.idl
[6.221s] -- Up-to-date symlink: /home/prathamkelkar/ros2_ws/install/px4_msgs/share/px4_msgs/msg/SensorGyroFifo.idl
[6.221s] -- Up-to-date symlink: /home/prathamkelkar/ros2_ws/install/px4_msgs/share/px4_msgs/msg/SensorHygrometer.idl
[6.221s] -- Up-to-date symlink: /home/prathamkelkar/ros2_ws/install/px4_msgs/share/px4_msgs/msg/SensorMag.idl
[6.221s] -- Up-to-date symlink: /home/prathamkelkar/ros2_ws/install/px4_msgs/share/px4_msgs/msg/SensorOpticalFlow.idl
[6.222s] -- Up-to-date symlink: /home/prathamkelkar/ros2_ws/install/px4_msgs/share/px4_msgs/msg/SensorPreflightMag.idl
[6.222s] -- Up-to-date symlink: /home/prathamkelkar/ros2_ws/install/px4_msgs/share/px4_msgs/msg/SensorSelection.idl
[6.222s] -- Up-to-date symlink: /home/prathamkelkar/ros2_ws/install/px4_msgs/share/px4_msgs/msg/SensorUwb.idl
[6.222s] -- Up-to-date symlink: /home/prathamkelkar/ros2_ws/install/px4_msgs/share/px4_msgs/msg/SensorsStatus.idl
[6.222s] -- Up-to-date symlink: /home/prathamkelkar/ros2_ws/install/px4_msgs/share/px4_msgs/msg/SensorsStatusImu.idl
[6.222s] -- Up-to-date symlink: /home/prathamkelkar/ros2_ws/install/px4_msgs/share/px4_msgs/msg/SystemPower.idl
[6.222s] -- Up-to-date symlink: /home/prathamkelkar/ros2_ws/install/px4_msgs/share/px4_msgs/msg/TakeoffStatus.idl
[6.223s] -- Up-to-date symlink: /home/prathamkelkar/ros2_ws/install/px4_msgs/share/px4_msgs/msg/TaskStackInfo.idl
[6.223s] -- Up-to-date symlink: /home/prathamkelkar/ros2_ws/install/px4_msgs/share/px4_msgs/msg/TecsStatus.idl
[6.223s] -- Up-to-date symlink: /home/prathamkelkar/ros2_ws/install/px4_msgs/share/px4_msgs/msg/TelemetryStatus.idl
[6.223s] -- Up-to-date symlink: /home/prathamkelkar/ros2_ws/install/px4_msgs/share/px4_msgs/msg/TiltrotorExtraControls.idl
[6.223s] -- Up-to-date symlink: /home/prathamkelkar/ros2_ws/install/px4_msgs/share/px4_msgs/msg/TimesyncStatus.idl
[6.223s] -- Up-to-date symlink: /home/prathamkelkar/ros2_ws/install/px4_msgs/share/px4_msgs/msg/TrajectoryBezier.idl
[6.223s] -- Up-to-date symlink: /home/prathamkelkar/ros2_ws/install/px4_msgs/share/px4_msgs/msg/TrajectorySetpoint.idl
[6.223s] -- Up-to-date symlink: /home/prathamkelkar/ros2_ws/install/px4_msgs/share/px4_msgs/msg/TrajectoryWaypoint.idl
[6.224s] -- Up-to-date symlink: /home/prathamkelkar/ros2_ws/install/px4_msgs/share/px4_msgs/msg/TransponderReport.idl
[6.224s] -- Up-to-date symlink: /home/prathamkelkar/ros2_ws/install/px4_msgs/share/px4_msgs/msg/TuneControl.idl
[6.224s] -- Up-to-date symlink: /home/prathamkelkar/ros2_ws/install/px4_msgs/share/px4_msgs/msg/UavcanParameterRequest.idl
[6.224s] -- Up-to-date symlink: /home/prathamkelkar/ros2_ws/install/px4_msgs/share/px4_msgs/msg/UavcanParameterValue.idl
[6.224s] -- Up-to-date symlink: /home/prathamkelkar/ros2_ws/install/px4_msgs/share/px4_msgs/msg/UlogStream.idl
[6.224s] -- Up-to-date symlink: /home/prathamkelkar/ros2_ws/install/px4_msgs/share/px4_msgs/msg/UlogStreamAck.idl
[6.225s] -- Up-to-date symlink: /home/prathamkelkar/ros2_ws/install/px4_msgs/share/px4_msgs/msg/UnregisterExtComponent.idl
[6.225s] -- Up-to-date symlink: /home/prathamkelkar/ros2_ws/install/px4_msgs/share/px4_msgs/msg/VehicleAcceleration.idl
[6.225s] -- Up-to-date symlink: /home/prathamkelkar/ros2_ws/install/px4_msgs/share/px4_msgs/msg/VehicleAirData.idl
[6.225s] -- Up-to-date symlink: /home/prathamkelkar/ros2_ws/install/px4_msgs/share/px4_msgs/msg/VehicleAngularAccelerationSetpoint.idl
[6.225s] -- Up-to-date symlink: /home/prathamkelkar/ros2_ws/install/px4_msgs/share/px4_msgs/msg/VehicleAngularVelocity.idl
[6.225s] -- Up-to-date symlink: /home/prathamkelkar/ros2_ws/install/px4_msgs/share/px4_msgs/msg/VehicleAttitude.idl
[6.225s] -- Up-to-date symlink: /home/prathamkelkar/ros2_ws/install/px4_msgs/share/px4_msgs/msg/VehicleAttitudeSetpoint.idl
[6.225s] -- Up-to-date symlink: /home/prathamkelkar/ros2_ws/install/px4_msgs/share/px4_msgs/msg/VehicleCommand.idl
[6.226s] -- Up-to-date symlink: /home/prathamkelkar/ros2_ws/install/px4_msgs/share/px4_msgs/msg/VehicleCommandAck.idl
[6.226s] -- Up-to-date symlink: /home/prathamkelkar/ros2_ws/install/px4_msgs/share/px4_msgs/msg/VehicleConstraints.idl
[6.226s] -- Up-to-date symlink: /home/prathamkelkar/ros2_ws/install/px4_msgs/share/px4_msgs/msg/VehicleControlMode.idl
[6.226s] -- Up-to-date symlink: /home/prathamkelkar/ros2_ws/install/px4_msgs/share/px4_msgs/msg/VehicleGlobalPosition.idl
[6.226s] -- Up-to-date symlink: /home/prathamkelkar/ros2_ws/install/px4_msgs/share/px4_msgs/msg/VehicleImu.idl
[6.226s] -- Up-to-date symlink: /home/prathamkelkar/ros2_ws/install/px4_msgs/share/px4_msgs/msg/VehicleImuStatus.idl
[6.226s] -- Up-to-date symlink: /home/prathamkelkar/ros2_ws/install/px4_msgs/share/px4_msgs/msg/VehicleLandDetected.idl
[6.227s] -- Up-to-date symlink: /home/prathamkelkar/ros2_ws/install/px4_msgs/share/px4_msgs/msg/VehicleLocalPosition.idl
[6.227s] -- Up-to-date symlink: /home/prathamkelkar/ros2_ws/install/px4_msgs/share/px4_msgs/msg/VehicleLocalPositionSetpoint.idl
[6.227s] -- Up-to-date symlink: /home/prathamkelkar/ros2_ws/install/px4_msgs/share/px4_msgs/msg/VehicleMagnetometer.idl
[6.227s] -- Up-to-date symlink: /home/prathamkelkar/ros2_ws/install/px4_msgs/share/px4_msgs/msg/VehicleOdometry.idl
[6.227s] -- Up-to-date symlink: /home/prathamkelkar/ros2_ws/install/px4_msgs/share/px4_msgs/msg/VehicleOpticalFlow.idl
[6.227s] -- Up-to-date symlink: /home/prathamkelkar/ros2_ws/install/px4_msgs/share/px4_msgs/msg/VehicleOpticalFlowVel.idl
[6.227s] -- Up-to-date symlink: /home/prathamkelkar/ros2_ws/install/px4_msgs/share/px4_msgs/msg/VehicleRatesSetpoint.idl
[6.228s] -- Up-to-date symlink: /home/prathamkelkar/ros2_ws/install/px4_msgs/share/px4_msgs/msg/VehicleRoi.idl
[6.228s] -- Up-to-date symlink: /home/prathamkelkar/ros2_ws/install/px4_msgs/share/px4_msgs/msg/VehicleStatus.idl
[6.228s] -- Up-to-date symlink: /home/prathamkelkar/ros2_ws/install/px4_msgs/share/px4_msgs/msg/VehicleThrustSetpoint.idl
[6.228s] -- Up-to-date symlink: /home/prathamkelkar/ros2_ws/install/px4_msgs/share/px4_msgs/msg/VehicleTorqueSetpoint.idl
[6.228s] -- Up-to-date symlink: /home/prathamkelkar/ros2_ws/install/px4_msgs/share/px4_msgs/msg/VehicleTrajectoryBezier.idl
[6.228s] -- Up-to-date symlink: /home/prathamkelkar/ros2_ws/install/px4_msgs/share/px4_msgs/msg/VehicleTrajectoryWaypoint.idl
[6.228s] -- Up-to-date symlink: /home/prathamkelkar/ros2_ws/install/px4_msgs/share/px4_msgs/msg/VelocityLimits.idl
[6.229s] -- Up-to-date symlink: /home/prathamkelkar/ros2_ws/install/px4_msgs/share/px4_msgs/msg/VtolVehicleStatus.idl
[6.229s] -- Up-to-date symlink: /home/prathamkelkar/ros2_ws/install/px4_msgs/share/px4_msgs/msg/WheelEncoders.idl
[6.229s] -- Up-to-date symlink: /home/prathamkelkar/ros2_ws/install/px4_msgs/share/px4_msgs/msg/Wind.idl
[6.229s] -- Up-to-date symlink: /home/prathamkelkar/ros2_ws/install/px4_msgs/share/px4_msgs/msg/YawEstimatorStatus.idl
[6.229s] -- Up-to-date symlink: /home/prathamkelkar/ros2_ws/install/px4_msgs/share/px4_msgs/srv/VehicleCommand.idl
[6.229s] -- Up-to-date symlink: /home/prathamkelkar/ros2_ws/install/px4_msgs/share/px4_msgs/msg/ActionRequest.msg
[6.229s] -- Up-to-date symlink: /home/prathamkelkar/ros2_ws/install/px4_msgs/share/px4_msgs/msg/ActuatorArmed.msg
[6.230s] -- Up-to-date symlink: /home/prathamkelkar/ros2_ws/install/px4_msgs/share/px4_msgs/msg/ActuatorControlsStatus.msg
[6.230s] -- Up-to-date symlink: /home/prathamkelkar/ros2_ws/install/px4_msgs/share/px4_msgs/msg/ActuatorMotors.msg
[6.230s] -- Up-to-date symlink: /home/prathamkelkar/ros2_ws/install/px4_msgs/share/px4_msgs/msg/ActuatorOutputs.msg
[6.230s] -- Up-to-date symlink: /home/prathamkelkar/ros2_ws/install/px4_msgs/share/px4_msgs/msg/ActuatorServos.msg
[6.230s] -- Up-to-date symlink: /home/prathamkelkar/ros2_ws/install/px4_msgs/share/px4_msgs/msg/ActuatorServosTrim.msg
[6.230s] -- Up-to-date symlink: /home/prathamkelkar/ros2_ws/install/px4_msgs/share/px4_msgs/msg/ActuatorTest.msg
[6.230s] -- Up-to-date symlink: /home/prathamkelkar/ros2_ws/install/px4_msgs/share/px4_msgs/msg/AdcReport.msg
[6.230s] -- Up-to-date symlink: /home/prathamkelkar/ros2_ws/install/px4_msgs/share/px4_msgs/msg/Airspeed.msg
[6.231s] -- Up-to-date symlink: /home/prathamkelkar/ros2_ws/install/px4_msgs/share/px4_msgs/msg/AirspeedValidated.msg
[6.231s] -- Up-to-date symlink: /home/prathamkelkar/ros2_ws/install/px4_msgs/share/px4_msgs/msg/AirspeedWind.msg
[6.231s] -- Up-to-date symlink: /home/prathamkelkar/ros2_ws/install/px4_msgs/share/px4_msgs/msg/ArmingCheckReply.msg
[6.231s] -- Up-to-date symlink: /home/prathamkelkar/ros2_ws/install/px4_msgs/share/px4_msgs/msg/ArmingCheckRequest.msg
[6.231s] -- Up-to-date symlink: /home/prathamkelkar/ros2_ws/install/px4_msgs/share/px4_msgs/msg/AutotuneAttitudeControlStatus.msg
[6.231s] -- Up-to-date symlink: /home/prathamkelkar/ros2_ws/install/px4_msgs/share/px4_msgs/msg/BatteryStatus.msg
[6.231s] -- Up-to-date symlink: /home/prathamkelkar/ros2_ws/install/px4_msgs/share/px4_msgs/msg/Buffer128.msg
[6.232s] -- Up-to-date symlink: /home/prathamkelkar/ros2_ws/install/px4_msgs/share/px4_msgs/msg/ButtonEvent.msg
[6.232s] -- Up-to-date symlink: /home/prathamkelkar/ros2_ws/install/px4_msgs/share/px4_msgs/msg/CameraCapture.msg
[6.232s] -- Up-to-date symlink: /home/prathamkelkar/ros2_ws/install/px4_msgs/share/px4_msgs/msg/CameraStatus.msg
[6.232s] -- Up-to-date symlink: /home/prathamkelkar/ros2_ws/install/px4_msgs/share/px4_msgs/msg/CameraTrigger.msg
[6.232s] -- Up-to-date symlink: /home/prathamkelkar/ros2_ws/install/px4_msgs/share/px4_msgs/msg/CanInterfaceStatus.msg
[6.232s] -- Up-to-date symlink: /home/prathamkelkar/ros2_ws/install/px4_msgs/share/px4_msgs/msg/CellularStatus.msg
[6.232s] -- Up-to-date symlink: /home/prathamkelkar/ros2_ws/install/px4_msgs/share/px4_msgs/msg/CollisionConstraints.msg
[6.232s] -- Up-to-date symlink: /home/prathamkelkar/ros2_ws/install/px4_msgs/share/px4_msgs/msg/CollisionReport.msg
[6.233s] -- Up-to-date symlink: /home/prathamkelkar/ros2_ws/install/px4_msgs/share/px4_msgs/msg/ConfigOverrides.msg
[6.233s] -- Up-to-date symlink: /home/prathamkelkar/ros2_ws/install/px4_msgs/share/px4_msgs/msg/ControlAllocatorStatus.msg
[6.233s] -- Up-to-date symlink: /home/prathamkelkar/ros2_ws/install/px4_msgs/share/px4_msgs/msg/Cpuload.msg
[6.233s] -- Up-to-date symlink: /home/prathamkelkar/ros2_ws/install/px4_msgs/share/px4_msgs/msg/DatamanRequest.msg
[6.233s] -- Up-to-date symlink: /home/prathamkelkar/ros2_ws/install/px4_msgs/share/px4_msgs/msg/DatamanResponse.msg
[6.233s] -- Up-to-date symlink: /home/prathamkelkar/ros2_ws/install/px4_msgs/share/px4_msgs/msg/DebugArray.msg
[6.233s] -- Up-to-date symlink: /home/prathamkelkar/ros2_ws/install/px4_msgs/share/px4_msgs/msg/DebugKeyValue.msg
[6.234s] -- Up-to-date symlink: /home/prathamkelkar/ros2_ws/install/px4_msgs/share/px4_msgs/msg/DebugValue.msg
[6.234s] -- Up-to-date symlink: /home/prathamkelkar/ros2_ws/install/px4_msgs/share/px4_msgs/msg/DebugVect.msg
[6.234s] -- Up-to-date symlink: /home/prathamkelkar/ros2_ws/install/px4_msgs/share/px4_msgs/msg/DifferentialDriveSetpoint.msg
[6.234s] -- Up-to-date symlink: /home/prathamkelkar/ros2_ws/install/px4_msgs/share/px4_msgs/msg/DifferentialPressure.msg
[6.234s] -- Up-to-date symlink: /home/prathamkelkar/ros2_ws/install/px4_msgs/share/px4_msgs/msg/DistanceSensor.msg
[6.234s] -- Up-to-date symlink: /home/prathamkelkar/ros2_ws/install/px4_msgs/share/px4_msgs/msg/Ekf2Timestamps.msg
[6.234s] -- Up-to-date symlink: /home/prathamkelkar/ros2_ws/install/px4_msgs/share/px4_msgs/msg/EscReport.msg
[6.235s] -- Up-to-date symlink: /home/prathamkelkar/ros2_ws/install/px4_msgs/share/px4_msgs/msg/EscStatus.msg
[6.235s] -- Up-to-date symlink: /home/prathamkelkar/ros2_ws/install/px4_msgs/share/px4_msgs/msg/EstimatorAidSource1d.msg
[6.235s] -- Up-to-date symlink: /home/prathamkelkar/ros2_ws/install/px4_msgs/share/px4_msgs/msg/EstimatorAidSource2d.msg
[6.235s] -- Up-to-date symlink: /home/prathamkelkar/ros2_ws/install/px4_msgs/share/px4_msgs/msg/EstimatorAidSource3d.msg
[6.235s] -- Up-to-date symlink: /home/prathamkelkar/ros2_ws/install/px4_msgs/share/px4_msgs/msg/EstimatorBias.msg
[6.235s] -- Up-to-date symlink: /home/prathamkelkar/ros2_ws/install/px4_msgs/share/px4_msgs/msg/EstimatorBias3d.msg
[6.235s] -- Up-to-date symlink: /home/prathamkelkar/ros2_ws/install/px4_msgs/share/px4_msgs/msg/EstimatorEventFlags.msg
[6.235s] -- Up-to-date symlink: /home/prathamkelkar/ros2_ws/install/px4_msgs/share/px4_msgs/msg/EstimatorGpsStatus.msg
[6.236s] -- Up-to-date symlink: /home/prathamkelkar/ros2_ws/install/px4_msgs/share/px4_msgs/msg/EstimatorInnovations.msg
[6.236s] -- Up-to-date symlink: /home/prathamkelkar/ros2_ws/install/px4_msgs/share/px4_msgs/msg/EstimatorSelectorStatus.msg
[6.236s] -- Up-to-date symlink: /home/prathamkelkar/ros2_ws/install/px4_msgs/share/px4_msgs/msg/EstimatorSensorBias.msg
[6.236s] -- Up-to-date symlink: /home/prathamkelkar/ros2_ws/install/px4_msgs/share/px4_msgs/msg/EstimatorStates.msg
[6.236s] -- Up-to-date symlink: /home/prathamkelkar/ros2_ws/install/px4_msgs/share/px4_msgs/msg/EstimatorStatus.msg
[6.236s] -- Up-to-date symlink: /home/prathamkelkar/ros2_ws/install/px4_msgs/share/px4_msgs/msg/EstimatorStatusFlags.msg
[6.236s] -- Up-to-date symlink: /home/prathamkelkar/ros2_ws/install/px4_msgs/share/px4_msgs/msg/Event.msg
[6.237s] -- Up-to-date symlink: /home/prathamkelkar/ros2_ws/install/px4_msgs/share/px4_msgs/msg/FailsafeFlags.msg
[6.237s] -- Up-to-date symlink: /home/prathamkelkar/ros2_ws/install/px4_msgs/share/px4_msgs/msg/FailureDetectorStatus.msg
[6.237s] -- Up-to-date symlink: /home/prathamkelkar/ros2_ws/install/px4_msgs/share/px4_msgs/msg/FigureEightStatus.msg
[6.237s] -- Up-to-date symlink: /home/prathamkelkar/ros2_ws/install/px4_msgs/share/px4_msgs/msg/FlightPhaseEstimation.msg
[6.237s] -- Up-to-date symlink: /home/prathamkelkar/ros2_ws/install/px4_msgs/share/px4_msgs/msg/FollowTarget.msg
[6.237s] -- Up-to-date symlink: /home/prathamkelkar/ros2_ws/install/px4_msgs/share/px4_msgs/msg/FollowTargetEstimator.msg
[6.237s] -- Up-to-date symlink: /home/prathamkelkar/ros2_ws/install/px4_msgs/share/px4_msgs/msg/FollowTargetStatus.msg
[6.238s] -- Up-to-date symlink: /home/prathamkelkar/ros2_ws/install/px4_msgs/share/px4_msgs/msg/GeneratorStatus.msg
[6.238s] -- Up-to-date symlink: /home/prathamkelkar/ros2_ws/install/px4_msgs/share/px4_msgs/msg/GeofenceResult.msg
[6.238s] -- Up-to-date symlink: /home/prathamkelkar/ros2_ws/install/px4_msgs/share/px4_msgs/msg/GeofenceStatus.msg
[6.238s] -- Up-to-date symlink: /home/prathamkelkar/ros2_ws/install/px4_msgs/share/px4_msgs/msg/GimbalControls.msg
[6.238s] -- Up-to-date symlink: /home/prathamkelkar/ros2_ws/install/px4_msgs/share/px4_msgs/msg/GimbalDeviceAttitudeStatus.msg
[6.238s] -- Up-to-date symlink: /home/prathamkelkar/ros2_ws/install/px4_msgs/share/px4_msgs/msg/GimbalDeviceInformation.msg
[6.238s] -- Up-to-date symlink: /home/prathamkelkar/ros2_ws/install/px4_msgs/share/px4_msgs/msg/GimbalDeviceSetAttitude.msg
[6.239s] -- Up-to-date symlink: /home/prathamkelkar/ros2_ws/install/px4_msgs/share/px4_msgs/msg/GimbalManagerInformation.msg
[6.239s] -- Up-to-date symlink: /home/prathamkelkar/ros2_ws/install/px4_msgs/share/px4_msgs/msg/GimbalManagerSetAttitude.msg
[6.239s] -- Up-to-date symlink: /home/prathamkelkar/ros2_ws/install/px4_msgs/share/px4_msgs/msg/GimbalManagerSetManualControl.msg
[6.239s] -- Up-to-date symlink: /home/prathamkelkar/ros2_ws/install/px4_msgs/share/px4_msgs/msg/GimbalManagerStatus.msg
[6.239s] -- Up-to-date symlink: /home/prathamkelkar/ros2_ws/install/px4_msgs/share/px4_msgs/msg/GotoSetpoint.msg
[6.239s] -- Up-to-date symlink: /home/prathamkelkar/ros2_ws/install/px4_msgs/share/px4_msgs/msg/GpioConfig.msg
[6.239s] -- Up-to-date symlink: /home/prathamkelkar/ros2_ws/install/px4_msgs/share/px4_msgs/msg/GpioIn.msg
[6.240s] -- Up-to-date symlink: /home/prathamkelkar/ros2_ws/install/px4_msgs/share/px4_msgs/msg/GpioOut.msg
[6.240s] -- Up-to-date symlink: /home/prathamkelkar/ros2_ws/install/px4_msgs/share/px4_msgs/msg/GpioRequest.msg
[6.240s] -- Up-to-date symlink: /home/prathamkelkar/ros2_ws/install/px4_msgs/share/px4_msgs/msg/GpsDump.msg
[6.240s] -- Up-to-date symlink: /home/prathamkelkar/ros2_ws/install/px4_msgs/share/px4_msgs/msg/GpsInjectData.msg
[6.240s] -- Up-to-date symlink: /home/prathamkelkar/ros2_ws/install/px4_msgs/share/px4_msgs/msg/Gripper.msg
[6.240s] -- Up-to-date symlink: /home/prathamkelkar/ros2_ws/install/px4_msgs/share/px4_msgs/msg/HealthReport.msg
[6.240s] -- Up-to-date symlink: /home/prathamkelkar/ros2_ws/install/px4_msgs/share/px4_msgs/msg/HeaterStatus.msg
[6.241s] -- Up-to-date symlink: /home/prathamkelkar/ros2_ws/install/px4_msgs/share/px4_msgs/msg/HomePosition.msg
[6.241s] -- Up-to-date symlink: /home/prathamkelkar/ros2_ws/install/px4_msgs/share/px4_msgs/msg/HoverThrustEstimate.msg
[6.241s] -- Up-to-date symlink: /home/prathamkelkar/ros2_ws/install/px4_msgs/share/px4_msgs/msg/InputRc.msg
[6.241s] -- Up-to-date symlink: /home/prathamkelkar/ros2_ws/install/px4_msgs/share/px4_msgs/msg/InternalCombustionEngineStatus.msg
[6.241s] -- Up-to-date symlink: /home/prathamkelkar/ros2_ws/install/px4_msgs/share/px4_msgs/msg/IridiumsbdStatus.msg
[6.241s] -- Up-to-date symlink: /home/prathamkelkar/ros2_ws/install/px4_msgs/share/px4_msgs/msg/IrlockReport.msg
[6.241s] -- Up-to-date symlink: /home/prathamkelkar/ros2_ws/install/px4_msgs/share/px4_msgs/msg/LandingGear.msg
[6.242s] -- Up-to-date symlink: /home/prathamkelkar/ros2_ws/install/px4_msgs/share/px4_msgs/msg/LandingGearWheel.msg
[6.242s] -- Up-to-date symlink: /home/prathamkelkar/ros2_ws/install/px4_msgs/share/px4_msgs/msg/LandingTargetInnovations.msg
[6.242s] -- Up-to-date symlink: /home/prathamkelkar/ros2_ws/install/px4_msgs/share/px4_msgs/msg/LandingTargetPose.msg
[6.242s] -- Up-to-date symlink: /home/prathamkelkar/ros2_ws/install/px4_msgs/share/px4_msgs/msg/LaunchDetectionStatus.msg
[6.242s] -- Up-to-date symlink: /home/prathamkelkar/ros2_ws/install/px4_msgs/share/px4_msgs/msg/LedControl.msg
[6.242s] -- Up-to-date symlink: /home/prathamkelkar/ros2_ws/install/px4_msgs/share/px4_msgs/msg/LogMessage.msg
[6.242s] -- Up-to-date symlink: /home/prathamkelkar/ros2_ws/install/px4_msgs/share/px4_msgs/msg/LoggerStatus.msg
[6.243s] -- Up-to-date symlink: /home/prathamkelkar/ros2_ws/install/px4_msgs/share/px4_msgs/msg/MagWorkerData.msg
[6.243s] -- Up-to-date symlink: /home/prathamkelkar/ros2_ws/install/px4_msgs/share/px4_msgs/msg/MagnetometerBiasEstimate.msg
[6.243s] -- Up-to-date symlink: /home/prathamkelkar/ros2_ws/install/px4_msgs/share/px4_msgs/msg/ManualControlSetpoint.msg
[6.243s] -- Up-to-date symlink: /home/prathamkelkar/ros2_ws/install/px4_msgs/share/px4_msgs/msg/ManualControlSwitches.msg
[6.243s] -- Up-to-date symlink: /home/prathamkelkar/ros2_ws/install/px4_msgs/share/px4_msgs/msg/MavlinkLog.msg
[6.243s] -- Up-to-date symlink: /home/prathamkelkar/ros2_ws/install/px4_msgs/share/px4_msgs/msg/MavlinkTunnel.msg
[6.243s] -- Up-to-date symlink: /home/prathamkelkar/ros2_ws/install/px4_msgs/share/px4_msgs/msg/MessageFormatRequest.msg
[6.244s] -- Up-to-date symlink: /home/prathamkelkar/ros2_ws/install/px4_msgs/share/px4_msgs/msg/MessageFormatResponse.msg
[6.244s] -- Up-to-date symlink: /home/prathamkelkar/ros2_ws/install/px4_msgs/share/px4_msgs/msg/Mission.msg
[6.244s] -- Up-to-date symlink: /home/prathamkelkar/ros2_ws/install/px4_msgs/share/px4_msgs/msg/MissionResult.msg
[6.244s] -- Up-to-date symlink: /home/prathamkelkar/ros2_ws/install/px4_msgs/share/px4_msgs/msg/ModeCompleted.msg
[6.244s] -- Up-to-date symlink: /home/prathamkelkar/ros2_ws/install/px4_msgs/share/px4_msgs/msg/MountOrientation.msg
[6.244s] -- Up-to-date symlink: /home/prathamkelkar/ros2_ws/install/px4_msgs/share/px4_msgs/msg/NavigatorMissionItem.msg
[6.244s] -- Up-to-date symlink: /home/prathamkelkar/ros2_ws/install/px4_msgs/share/px4_msgs/msg/NormalizedUnsignedSetpoint.msg
[6.244s] -- Up-to-date symlink: /home/prathamkelkar/ros2_ws/install/px4_msgs/share/px4_msgs/msg/NpfgStatus.msg
[6.245s] -- Up-to-date symlink: /home/prathamkelkar/ros2_ws/install/px4_msgs/share/px4_msgs/msg/ObstacleDistance.msg
[6.245s] -- Up-to-date symlink: /home/prathamkelkar/ros2_ws/install/px4_msgs/share/px4_msgs/msg/OffboardControlMode.msg
[6.245s] -- Up-to-date symlink: /home/prathamkelkar/ros2_ws/install/px4_msgs/share/px4_msgs/msg/OnboardComputerStatus.msg
[6.245s] -- Up-to-date symlink: /home/prathamkelkar/ros2_ws/install/px4_msgs/share/px4_msgs/msg/OrbTest.msg
[6.245s] -- Up-to-date symlink: /home/prathamkelkar/ros2_ws/install/px4_msgs/share/px4_msgs/msg/OrbTestLarge.msg
[6.245s] -- Up-to-date symlink: /home/prathamkelkar/ros2_ws/install/px4_msgs/share/px4_msgs/msg/OrbTestMedium.msg
[6.245s] -- Up-to-date symlink: /home/prathamkelkar/ros2_ws/install/px4_msgs/share/px4_msgs/msg/OrbitStatus.msg
[6.246s] -- Up-to-date symlink: /home/prathamkelkar/ros2_ws/install/px4_msgs/share/px4_msgs/msg/ParameterResetRequest.msg
[6.246s] -- Up-to-date symlink: /home/prathamkelkar/ros2_ws/install/px4_msgs/share/px4_msgs/msg/ParameterSetUsedRequest.msg
[6.246s] -- Up-to-date symlink: /home/prathamkelkar/ros2_ws/install/px4_msgs/share/px4_msgs/msg/ParameterSetValueRequest.msg
[6.246s] -- Up-to-date symlink: /home/prathamkelkar/ros2_ws/install/px4_msgs/share/px4_msgs/msg/ParameterSetValueResponse.msg
[6.246s] -- Up-to-date symlink: /home/prathamkelkar/ros2_ws/install/px4_msgs/share/px4_msgs/msg/ParameterUpdate.msg
[6.246s] -- Up-to-date symlink: /home/prathamkelkar/ros2_ws/install/px4_msgs/share/px4_msgs/msg/Ping.msg
[6.246s] -- Up-to-date symlink: /home/prathamkelkar/ros2_ws/install/px4_msgs/share/px4_msgs/msg/PositionControllerLandingStatus.msg
[6.247s] -- Up-to-date symlink: /home/prathamkelkar/ros2_ws/install/px4_msgs/share/px4_msgs/msg/PositionControllerStatus.msg
[6.247s] -- Up-to-date symlink: /home/prathamkelkar/ros2_ws/install/px4_msgs/share/px4_msgs/msg/PositionSetpoint.msg
[6.247s] -- Up-to-date symlink: /home/prathamkelkar/ros2_ws/install/px4_msgs/share/px4_msgs/msg/PositionSetpointTriplet.msg
[6.247s] -- Up-to-date symlink: /home/prathamkelkar/ros2_ws/install/px4_msgs/share/px4_msgs/msg/PowerButtonState.msg
[6.247s] -- Up-to-date symlink: /home/prathamkelkar/ros2_ws/install/px4_msgs/share/px4_msgs/msg/PowerMonitor.msg
[6.247s] -- Up-to-date symlink: /home/prathamkelkar/ros2_ws/install/px4_msgs/share/px4_msgs/msg/PpsCapture.msg
[6.247s] -- Up-to-date symlink: /home/prathamkelkar/ros2_ws/install/px4_msgs/share/px4_msgs/msg/PwmInput.msg
[6.247s] -- Up-to-date symlink: /home/prathamkelkar/ros2_ws/install/px4_msgs/share/px4_msgs/msg/Px4ioStatus.msg
[6.248s] -- Up-to-date symlink: /home/prathamkelkar/ros2_ws/install/px4_msgs/share/px4_msgs/msg/QshellReq.msg
[6.248s] -- Up-to-date symlink: /home/prathamkelkar/ros2_ws/install/px4_msgs/share/px4_msgs/msg/QshellRetval.msg
[6.248s] -- Up-to-date symlink: /home/prathamkelkar/ros2_ws/install/px4_msgs/share/px4_msgs/msg/RadioStatus.msg
[6.248s] -- Up-to-date symlink: /home/prathamkelkar/ros2_ws/install/px4_msgs/share/px4_msgs/msg/RateCtrlStatus.msg
[6.248s] -- Up-to-date symlink: /home/prathamkelkar/ros2_ws/install/px4_msgs/share/px4_msgs/msg/RcChannels.msg
[6.248s] -- Up-to-date symlink: /home/prathamkelkar/ros2_ws/install/px4_msgs/share/px4_msgs/msg/RcParameterMap.msg
[6.248s] -- Up-to-date symlink: /home/prathamkelkar/ros2_ws/install/px4_msgs/share/px4_msgs/msg/RegisterExtComponentReply.msg
[6.249s] -- Up-to-date symlink: /home/prathamkelkar/ros2_ws/install/px4_msgs/share/px4_msgs/msg/RegisterExtComponentRequest.msg
[6.249s] -- Up-to-date symlink: /home/prathamkelkar/ros2_ws/install/px4_msgs/share/px4_msgs/msg/Rpm.msg
[6.249s] -- Up-to-date symlink: /home/prathamkelkar/ros2_ws/install/px4_msgs/share/px4_msgs/msg/RtlStatus.msg
[6.249s] -- Up-to-date symlink: /home/prathamkelkar/ros2_ws/install/px4_msgs/share/px4_msgs/msg/RtlTimeEstimate.msg
[6.249s] -- Up-to-date symlink: /home/prathamkelkar/ros2_ws/install/px4_msgs/share/px4_msgs/msg/SatelliteInfo.msg
[6.249s] -- Up-to-date symlink: /home/prathamkelkar/ros2_ws/install/px4_msgs/share/px4_msgs/msg/SensorAccel.msg
[6.249s] -- Up-to-date symlink: /home/prathamkelkar/ros2_ws/install/px4_msgs/share/px4_msgs/msg/SensorAccelFifo.msg
[6.249s] -- Up-to-date symlink: /home/prathamkelkar/ros2_ws/install/px4_msgs/share/px4_msgs/msg/SensorAirflow.msg
[6.250s] -- Up-to-date symlink: /home/prathamkelkar/ros2_ws/install/px4_msgs/share/px4_msgs/msg/SensorBaro.msg
[6.250s] -- Up-to-date symlink: /home/prathamkelkar/ros2_ws/install/px4_msgs/share/px4_msgs/msg/SensorCombined.msg
[6.250s] -- Up-to-date symlink: /home/prathamkelkar/ros2_ws/install/px4_msgs/share/px4_msgs/msg/SensorCorrection.msg
[6.250s] -- Up-to-date symlink: /home/prathamkelkar/ros2_ws/install/px4_msgs/share/px4_msgs/msg/SensorGnssRelative.msg
[6.250s] -- Up-to-date symlink: /home/prathamkelkar/ros2_ws/install/px4_msgs/share/px4_msgs/msg/SensorGps.msg
[6.250s] -- Up-to-date symlink: /home/prathamkelkar/ros2_ws/install/px4_msgs/share/px4_msgs/msg/SensorGyro.msg
[6.250s] -- Up-to-date symlink: /home/prathamkelkar/ros2_ws/install/px4_msgs/share/px4_msgs/msg/SensorGyroFft.msg
[6.251s] -- Up-to-date symlink: /home/prathamkelkar/ros2_ws/install/px4_msgs/share/px4_msgs/msg/SensorGyroFifo.msg
[6.251s] -- Up-to-date symlink: /home/prathamkelkar/ros2_ws/install/px4_msgs/share/px4_msgs/msg/SensorHygrometer.msg
[6.251s] -- Up-to-date symlink: /home/prathamkelkar/ros2_ws/install/px4_msgs/share/px4_msgs/msg/SensorMag.msg
[6.251s] -- Up-to-date symlink: /home/prathamkelkar/ros2_ws/install/px4_msgs/share/px4_msgs/msg/SensorOpticalFlow.msg
[6.251s] -- Up-to-date symlink: /home/prathamkelkar/ros2_ws/install/px4_msgs/share/px4_msgs/msg/SensorPreflightMag.msg
[6.251s] -- Up-to-date symlink: /home/prathamkelkar/ros2_ws/install/px4_msgs/share/px4_msgs/msg/SensorSelection.msg
[6.251s] -- Up-to-date symlink: /home/prathamkelkar/ros2_ws/install/px4_msgs/share/px4_msgs/msg/SensorUwb.msg
[6.252s] -- Up-to-date symlink: /home/prathamkelkar/ros2_ws/install/px4_msgs/share/px4_msgs/msg/SensorsStatus.msg
[6.252s] -- Up-to-date symlink: /home/prathamkelkar/ros2_ws/install/px4_msgs/share/px4_msgs/msg/SensorsStatusImu.msg
[6.252s] -- Up-to-date symlink: /home/prathamkelkar/ros2_ws/install/px4_msgs/share/px4_msgs/msg/SystemPower.msg
[6.252s] -- Up-to-date symlink: /home/prathamkelkar/ros2_ws/install/px4_msgs/share/px4_msgs/msg/TakeoffStatus.msg
[6.252s] -- Up-to-date symlink: /home/prathamkelkar/ros2_ws/install/px4_msgs/share/px4_msgs/msg/TaskStackInfo.msg
[6.252s] -- Up-to-date symlink: /home/prathamkelkar/ros2_ws/install/px4_msgs/share/px4_msgs/msg/TecsStatus.msg
[6.252s] -- Up-to-date symlink: /home/prathamkelkar/ros2_ws/install/px4_msgs/share/px4_msgs/msg/TelemetryStatus.msg
[6.253s] -- Up-to-date symlink: /home/prathamkelkar/ros2_ws/install/px4_msgs/share/px4_msgs/msg/TiltrotorExtraControls.msg
[6.253s] -- Up-to-date symlink: /home/prathamkelkar/ros2_ws/install/px4_msgs/share/px4_msgs/msg/TimesyncStatus.msg
[6.253s] -- Up-to-date symlink: /home/prathamkelkar/ros2_ws/install/px4_msgs/share/px4_msgs/msg/TrajectoryBezier.msg
[6.253s] -- Up-to-date symlink: /home/prathamkelkar/ros2_ws/install/px4_msgs/share/px4_msgs/msg/TrajectorySetpoint.msg
[6.253s] -- Up-to-date symlink: /home/prathamkelkar/ros2_ws/install/px4_msgs/share/px4_msgs/msg/TrajectoryWaypoint.msg
[6.253s] -- Up-to-date symlink: /home/prathamkelkar/ros2_ws/install/px4_msgs/share/px4_msgs/msg/TransponderReport.msg
[6.253s] -- Up-to-date symlink: /home/prathamkelkar/ros2_ws/install/px4_msgs/share/px4_msgs/msg/TuneControl.msg
[6.254s] -- Up-to-date symlink: /home/prathamkelkar/ros2_ws/install/px4_msgs/share/px4_msgs/msg/UavcanParameterRequest.msg
[6.254s] -- Up-to-date symlink: /home/prathamkelkar/ros2_ws/install/px4_msgs/share/px4_msgs/msg/UavcanParameterValue.msg
[6.254s] -- Up-to-date symlink: /home/prathamkelkar/ros2_ws/install/px4_msgs/share/px4_msgs/msg/UlogStream.msg
[6.254s] -- Up-to-date symlink: /home/prathamkelkar/ros2_ws/install/px4_msgs/share/px4_msgs/msg/UlogStreamAck.msg
[6.254s] -- Up-to-date symlink: /home/prathamkelkar/ros2_ws/install/px4_msgs/share/px4_msgs/msg/UnregisterExtComponent.msg
[6.254s] -- Up-to-date symlink: /home/prathamkelkar/ros2_ws/install/px4_msgs/share/px4_msgs/msg/VehicleAcceleration.msg
[6.254s] -- Up-to-date symlink: /home/prathamkelkar/ros2_ws/install/px4_msgs/share/px4_msgs/msg/VehicleAirData.msg
[6.254s] -- Up-to-date symlink: /home/prathamkelkar/ros2_ws/install/px4_msgs/share/px4_msgs/msg/VehicleAngularAccelerationSetpoint.msg
[6.255s] -- Up-to-date symlink: /home/prathamkelkar/ros2_ws/install/px4_msgs/share/px4_msgs/msg/VehicleAngularVelocity.msg
[6.255s] -- Up-to-date symlink: /home/prathamkelkar/ros2_ws/install/px4_msgs/share/px4_msgs/msg/VehicleAttitude.msg
[6.255s] -- Up-to-date symlink: /home/prathamkelkar/ros2_ws/install/px4_msgs/share/px4_msgs/msg/VehicleAttitudeSetpoint.msg
[6.255s] -- Up-to-date symlink: /home/prathamkelkar/ros2_ws/install/px4_msgs/share/px4_msgs/msg/VehicleCommand.msg
[6.255s] -- Up-to-date symlink: /home/prathamkelkar/ros2_ws/install/px4_msgs/share/px4_msgs/msg/VehicleCommandAck.msg
[6.255s] -- Up-to-date symlink: /home/prathamkelkar/ros2_ws/install/px4_msgs/share/px4_msgs/msg/VehicleConstraints.msg
[6.255s] -- Up-to-date symlink: /home/prathamkelkar/ros2_ws/install/px4_msgs/share/px4_msgs/msg/VehicleControlMode.msg
[6.256s] -- Up-to-date symlink: /home/prathamkelkar/ros2_ws/install/px4_msgs/share/px4_msgs/msg/VehicleGlobalPosition.msg
[6.256s] -- Up-to-date symlink: /home/prathamkelkar/ros2_ws/install/px4_msgs/share/px4_msgs/msg/VehicleImu.msg
[6.256s] -- Up-to-date symlink: /home/prathamkelkar/ros2_ws/install/px4_msgs/share/px4_msgs/msg/VehicleImuStatus.msg
[6.256s] -- Up-to-date symlink: /home/prathamkelkar/ros2_ws/install/px4_msgs/share/px4_msgs/msg/VehicleLandDetected.msg
[6.256s] -- Up-to-date symlink: /home/prathamkelkar/ros2_ws/install/px4_msgs/share/px4_msgs/msg/VehicleLocalPosition.msg
[6.256s] -- Up-to-date symlink: /home/prathamkelkar/ros2_ws/install/px4_msgs/share/px4_msgs/msg/VehicleLocalPositionSetpoint.msg
[6.256s] -- Up-to-date symlink: /home/prathamkelkar/ros2_ws/install/px4_msgs/share/px4_msgs/msg/VehicleMagnetometer.msg
[6.256s] -- Up-to-date symlink: /home/prathamkelkar/ros2_ws/install/px4_msgs/share/px4_msgs/msg/VehicleOdometry.msg
[6.256s] -- Up-to-date symlink: /home/prathamkelkar/ros2_ws/install/px4_msgs/share/px4_msgs/msg/VehicleOpticalFlow.msg
[6.257s] -- Up-to-date symlink: /home/prathamkelkar/ros2_ws/install/px4_msgs/share/px4_msgs/msg/VehicleOpticalFlowVel.msg
[6.257s] -- Up-to-date symlink: /home/prathamkelkar/ros2_ws/install/px4_msgs/share/px4_msgs/msg/VehicleRatesSetpoint.msg
[6.257s] -- Up-to-date symlink: /home/prathamkelkar/ros2_ws/install/px4_msgs/share/px4_msgs/msg/VehicleRoi.msg
[6.257s] -- Up-to-date symlink: /home/prathamkelkar/ros2_ws/install/px4_msgs/share/px4_msgs/msg/VehicleStatus.msg
[6.257s] -- Up-to-date symlink: /home/prathamkelkar/ros2_ws/install/px4_msgs/share/px4_msgs/msg/VehicleThrustSetpoint.msg
[6.257s] -- Up-to-date symlink: /home/prathamkelkar/ros2_ws/install/px4_msgs/share/px4_msgs/msg/VehicleTorqueSetpoint.msg
[6.257s] -- Up-to-date symlink: /home/prathamkelkar/ros2_ws/install/px4_msgs/share/px4_msgs/msg/VehicleTrajectoryBezier.msg
[6.258s] -- Up-to-date symlink: /home/prathamkelkar/ros2_ws/install/px4_msgs/share/px4_msgs/msg/VehicleTrajectoryWaypoint.msg
[6.258s] -- Up-to-date symlink: /home/prathamkelkar/ros2_ws/install/px4_msgs/share/px4_msgs/msg/VelocityLimits.msg
[6.258s] -- Up-to-date symlink: /home/prathamkelkar/ros2_ws/install/px4_msgs/share/px4_msgs/msg/VtolVehicleStatus.msg
[6.258s] -- Up-to-date symlink: /home/prathamkelkar/ros2_ws/install/px4_msgs/share/px4_msgs/msg/WheelEncoders.msg
[6.258s] -- Up-to-date symlink: /home/prathamkelkar/ros2_ws/install/px4_msgs/share/px4_msgs/msg/Wind.msg
[6.258s] -- Up-to-date symlink: /home/prathamkelkar/ros2_ws/install/px4_msgs/share/px4_msgs/msg/YawEstimatorStatus.msg
[6.258s] -- Up-to-date symlink: /home/prathamkelkar/ros2_ws/install/px4_msgs/share/px4_msgs/srv/VehicleCommand.srv
[6.259s] -- Up-to-date symlink: /home/prathamkelkar/ros2_ws/install/px4_msgs/share/ament_index/resource_index/package_run_dependencies/px4_msgs
[6.259s] -- Up-to-date symlink: /home/prathamkelkar/ros2_ws/install/px4_msgs/share/ament_index/resource_index/parent_prefix_path/px4_msgs
[6.259s] -- Up-to-date symlink: /home/prathamkelkar/ros2_ws/install/px4_msgs/share/px4_msgs/environment/ament_prefix_path.sh
[6.259s] -- Up-to-date symlink: /home/prathamkelkar/ros2_ws/install/px4_msgs/share/px4_msgs/environment/ament_prefix_path.dsv
[6.259s] -- Up-to-date symlink: /home/prathamkelkar/ros2_ws/install/px4_msgs/share/px4_msgs/environment/path.sh
[6.259s] -- Up-to-date symlink: /home/prathamkelkar/ros2_ws/install/px4_msgs/share/px4_msgs/environment/path.dsv
[6.259s] -- Up-to-date symlink: /home/prathamkelkar/ros2_ws/install/px4_msgs/share/px4_msgs/local_setup.bash
[6.260s] -- Up-to-date symlink: /home/prathamkelkar/ros2_ws/install/px4_msgs/share/px4_msgs/local_setup.sh
[6.260s] -- Up-to-date symlink: /home/prathamkelkar/ros2_ws/install/px4_msgs/share/px4_msgs/local_setup.zsh
[6.260s] -- Up-to-date symlink: /home/prathamkelkar/ros2_ws/install/px4_msgs/share/px4_msgs/local_setup.dsv
[6.260s] -- Symlinking: /home/prathamkelkar/ros2_ws/install/px4_msgs/share/px4_msgs/package.dsv
[6.260s] -- Up-to-date symlink: /home/prathamkelkar/ros2_ws/install/px4_msgs/share/ament_index/resource_index/packages/px4_msgs
[6.260s] -- Up-to-date symlink: /home/prathamkelkar/ros2_ws/install/px4_msgs/share/px4_msgs/cmake/rosidl_cmake-extras.cmake
[6.260s] -- Up-to-date symlink: /home/prathamkelkar/ros2_ws/install/px4_msgs/share/px4_msgs/cmake/ament_cmake_export_dependencies-extras.cmake
[6.261s] -- Up-to-date symlink: /home/prathamkelkar/ros2_ws/install/px4_msgs/share/px4_msgs/cmake/ament_cmake_export_include_directories-extras.cmake
[6.261s] -- Up-to-date symlink: /home/prathamkelkar/ros2_ws/install/px4_msgs/share/px4_msgs/cmake/ament_cmake_export_libraries-extras.cmake
[6.261s] -- Up-to-date symlink: /home/prathamkelkar/ros2_ws/install/px4_msgs/share/px4_msgs/cmake/ament_cmake_export_targets-extras.cmake
[6.261s] -- Up-to-date symlink: /home/prathamkelkar/ros2_ws/install/px4_msgs/share/px4_msgs/cmake/rosidl_cmake_export_typesupport_targets-extras.cmake
[6.261s] -- Up-to-date symlink: /home/prathamkelkar/ros2_ws/install/px4_msgs/share/px4_msgs/cmake/rosidl_cmake_export_typesupport_libraries-extras.cmake
[6.261s] -- Up-to-date symlink: /home/prathamkelkar/ros2_ws/install/px4_msgs/share/px4_msgs/cmake/rosidl_cmake_aggregate_target-extras.cmake
[6.261s] -- Up-to-date symlink: /home/prathamkelkar/ros2_ws/install/px4_msgs/share/px4_msgs/cmake/px4_msgsConfig.cmake
[6.261s] -- Up-to-date symlink: /home/prathamkelkar/ros2_ws/install/px4_msgs/share/px4_msgs/cmake/px4_msgsConfig-version.cmake
[6.262s] -- Up-to-date symlink: /home/prathamkelkar/ros2_ws/install/px4_msgs/share/px4_msgs/package.xml
[6.262s] -- Up-to-date: /home/prathamkelkar/ros2_ws/install/px4_msgs/lib/libpx4_msgs__rosidl_generator_c.so
[6.262s] -- Up-to-date: /home/prathamkelkar/ros2_ws/install/px4_msgs/lib/libpx4_msgs__rosidl_typesupport_fastrtps_c.so
[6.262s] -- Up-to-date: /home/prathamkelkar/ros2_ws/install/px4_msgs/lib/libpx4_msgs__rosidl_typesupport_fastrtps_cpp.so
[6.262s] -- Up-to-date: /home/prathamkelkar/ros2_ws/install/px4_msgs/lib/libpx4_msgs__rosidl_typesupport_introspection_c.so
[6.262s] -- Up-to-date: /home/prathamkelkar/ros2_ws/install/px4_msgs/lib/libpx4_msgs__rosidl_typesupport_c.so
[6.262s] -- Up-to-date: /home/prathamkelkar/ros2_ws/install/px4_msgs/lib/libpx4_msgs__rosidl_typesupport_introspection_cpp.so
[6.263s] -- Up-to-date: /home/prathamkelkar/ros2_ws/install/px4_msgs/lib/libpx4_msgs__rosidl_typesupport_cpp.so
[6.263s] Listing '/home/prathamkelkar/ros2_ws/install/px4_msgs/lib/python3.12/site-packages/px4_msgs'...
[6.263s] Compiling '/home/prathamkelkar/ros2_ws/install/px4_msgs/lib/python3.12/site-packages/px4_msgs/__init__.py'...
[6.263s] Listing '/home/prathamkelkar/ros2_ws/install/px4_msgs/lib/python3.12/site-packages/px4_msgs/msg'...
[6.263s] Listing '/home/prathamkelkar/ros2_ws/install/px4_msgs/lib/python3.12/site-packages/px4_msgs/srv'...
[6.263s] -- Up-to-date: /home/prathamkelkar/ros2_ws/install/px4_msgs/lib/libpx4_msgs__rosidl_generator_py.so
[6.263s] -- Up-to-date: /home/prathamkelkar/ros2_ws/install/px4_msgs/share/px4_msgs/cmake/export_px4_msgs__rosidl_generator_cExport.cmake
[6.264s] -- Up-to-date: /home/prathamkelkar/ros2_ws/install/px4_msgs/share/px4_msgs/cmake/export_px4_msgs__rosidl_generator_cExport-noconfig.cmake
[6.264s] -- Up-to-date: /home/prathamkelkar/ros2_ws/install/px4_msgs/share/px4_msgs/cmake/export_px4_msgs__rosidl_typesupport_fastrtps_cExport.cmake
[6.264s] -- Up-to-date: /home/prathamkelkar/ros2_ws/install/px4_msgs/share/px4_msgs/cmake/export_px4_msgs__rosidl_typesupport_fastrtps_cExport-noconfig.cmake
[6.264s] -- Up-to-date: /home/prathamkelkar/ros2_ws/install/px4_msgs/share/px4_msgs/cmake/export_px4_msgs__rosidl_generator_cppExport.cmake
[6.264s] -- Up-to-date: /home/prathamkelkar/ros2_ws/install/px4_msgs/share/px4_msgs/cmake/export_px4_msgs__rosidl_typesupport_fastrtps_cppExport.cmake
[6.264s] -- Up-to-date: /home/prathamkelkar/ros2_ws/install/px4_msgs/share/px4_msgs/cmake/export_px4_msgs__rosidl_typesupport_fastrtps_cppExport-noconfig.cmake
[6.264s] -- Up-to-date: /home/prathamkelkar/ros2_ws/install/px4_msgs/share/px4_msgs/cmake/px4_msgs__rosidl_typesupport_introspection_cExport.cmake
[6.264s] -- Up-to-date: /home/prathamkelkar/ros2_ws/install/px4_msgs/share/px4_msgs/cmake/px4_msgs__rosidl_typesupport_introspection_cExport-noconfig.cmake
[6.265s] -- Up-to-date: /home/prathamkelkar/ros2_ws/install/px4_msgs/share/px4_msgs/cmake/px4_msgs__rosidl_typesupport_cExport.cmake
[6.265s] -- Up-to-date: /home/prathamkelkar/ros2_ws/install/px4_msgs/share/px4_msgs/cmake/px4_msgs__rosidl_typesupport_cExport-noconfig.cmake
[6.265s] -- Up-to-date: /home/prathamkelkar/ros2_ws/install/px4_msgs/share/px4_msgs/cmake/px4_msgs__rosidl_typesupport_introspection_cppExport.cmake
[6.265s] -- Up-to-date: /home/prathamkelkar/ros2_ws/install/px4_msgs/share/px4_msgs/cmake/px4_msgs__rosidl_typesupport_introspection_cppExport-noconfig.cmake
[6.265s] -- Up-to-date: /home/prathamkelkar/ros2_ws/install/px4_msgs/share/px4_msgs/cmake/px4_msgs__rosidl_typesupport_cppExport.cmake
[6.265s] -- Up-to-date: /home/prathamkelkar/ros2_ws/install/px4_msgs/share/px4_msgs/cmake/px4_msgs__rosidl_typesupport_cppExport-noconfig.cmake
[6.265s] -- Up-to-date: /home/prathamkelkar/ros2_ws/install/px4_msgs/share/px4_msgs/cmake/export_px4_msgs__rosidl_generator_pyExport.cmake
[6.266s] -- Up-to-date: /home/prathamkelkar/ros2_ws/install/px4_msgs/share/px4_msgs/cmake/export_px4_msgs__rosidl_generator_pyExport-noconfig.cmake
[6.266s] Invoked command in '/home/prathamkelkar/ros2_ws/build/px4_msgs' returned '0': CMAKE_PREFIX_PATH=${CMAKE_PREFIX_PATH}:/opt/ros/jazzy DEBUGINFOD_URLS=https://debuginfod.ubuntu.com /usr/bin/cmake --install /home/prathamkelkar/ros2_ws/build/px4_msgs
