[0.000000] (-) TimerEvent: {}
[0.000682] (px4_msgs) JobQueued: {'identifier': 'px4_msgs', 'dependencies': OrderedDict()}
[0.000787] (simple_quadcopter_teleop) JobQueued: {'identifier': 'simple_quadcopter_teleop', 'dependencies': OrderedDict()}
[0.000836] (px4_msgs) JobStarted: {'identifier': 'px4_msgs'}
[0.009334] (simple_quadcopter_teleop) JobStarted: {'identifier': 'simple_quadcopter_teleop'}
[0.016342] (px4_msgs) JobProgress: {'identifier': 'px4_msgs', 'progress': 'cmake'}
[0.019459] (px4_msgs) JobProgress: {'identifier': 'px4_msgs', 'progress': 'build'}
[0.019555] (px4_msgs) Command: {'cmd': ['/usr/bin/cmake', '--build', '/home/prathamkelkar/ros2_ws/build/px4_msgs', '--', '-j16', '-l16'], 'cwd': '/home/prathamkelkar/ros2_ws/build/px4_msgs', 'env': OrderedDict({'LESSOPEN': '| /usr/bin/lesspipe %s', 'GZ_SIM_RESOURCE_PATH': '/opt/ros/jazzy/share', 'USER': 'prathamkelkar', 'GZ_CONFIG_PATH': '/opt/ros/jazzy/opt/gz_sim_vendor/share/gz:/opt/ros/jazzy/opt/sdformat_vendor/share/gz:/opt/ros/jazzy/opt/gz_gui_vendor/share/gz:/opt/ros/jazzy/opt/gz_transport_vendor/share/gz:/opt/ros/jazzy/opt/gz_rendering_vendor/share/gz:/opt/ros/jazzy/opt/gz_plugin_vendor/share/gz:/opt/ros/jazzy/opt/gz_fuel_tools_vendor/share/gz:/opt/ros/jazzy/opt/gz_msgs_vendor/share/gz:/opt/ros/jazzy/opt/gz_common_vendor/share/gz', 'XDG_SESSION_TYPE': 'x11', 'CLUTTER_DISABLE_MIPMAPPED_TEXT': '1', 'SHLVL': '1', 'LD_LIBRARY_PATH': '/opt/ros/jazzy/opt/gz_sim_vendor/lib:/opt/ros/jazzy/opt/gz_sensors_vendor/lib:/opt/ros/jazzy/opt/gz_physics_vendor/lib:/opt/ros/jazzy/opt/sdformat_vendor/lib:/opt/ros/jazzy/opt/rviz_ogre_vendor/lib:/opt/ros/jazzy/lib/x86_64-linux-gnu:/opt/ros/jazzy/opt/gz_gui_vendor/lib:/opt/ros/jazzy/opt/gz_transport_vendor/lib:/opt/ros/jazzy/opt/gz_rendering_vendor/lib:/opt/ros/jazzy/opt/gz_plugin_vendor/lib:/opt/ros/jazzy/opt/gz_fuel_tools_vendor/lib:/opt/ros/jazzy/opt/gz_msgs_vendor/lib:/opt/ros/jazzy/opt/gz_common_vendor/lib:/opt/ros/jazzy/opt/gz_math_vendor/lib:/opt/ros/jazzy/opt/gz_utils_vendor/lib:/opt/ros/jazzy/opt/gz_tools_vendor/lib:/opt/ros/jazzy/opt/gz_ogre_next_vendor/lib:/opt/ros/jazzy/opt/gz_dartsim_vendor/lib:/opt/ros/jazzy/opt/gz_cmake_vendor/lib:/opt/ros/jazzy/lib', 'HOME': '/home/prathamkelkar', 'OLDPWD': '/home/prathamkelkar', 'DESKTOP_SESSION': 'ubuntu', 'ROS_PYTHON_VERSION': '3', 'GNOME_SHELL_SESSION_MODE': 'ubuntu', 'GTK_MODULES': 'gail:atk-bridge', 'SYSTEMD_EXEC_PID': '1952', 'GSM_SKIP_SSH_AGENT_WORKAROUND': 'true', 'DBUS_SESSION_BUS_ADDRESS': 'unix:path=/run/user/1000/bus', 'COLORTERM': 'truecolor', 'DEBUGINFOD_URLS': 'https://debuginfod.ubuntu.com', 'IM_CONFIG_PHASE': '1', 'ROS_DISTRO': 'jazzy', 'LOGNAME': 'prathamkelkar', '_': '/usr/bin/colcon', 'ROS_VERSION': '2', 'MEMORY_PRESSURE_WATCH': '/sys/fs/cgroup/user.slice/user-1000.slice/user@1000.service/session.slice/org.gnome.Shell@x11.service/memory.pressure', 'XDG_SESSION_CLASS': 'user', 'USERNAME': 'prathamkelkar', 'TERM': 'xterm-256color', 'GNOME_DESKTOP_SESSION_ID': 'this-is-deprecated', 'WINDOWPATH': '2', 'PATH': '/opt/ros/jazzy/opt/gz_msgs_vendor/bin:/opt/ros/jazzy/opt/gz_tools_vendor/bin:/opt/ros/jazzy/opt/gz_ogre_next_vendor/bin:/opt/ros/jazzy/bin:/home/prathamkelkar/.local/bin:/usr/local/sbin:/usr/local/bin:/usr/sbin:/usr/bin:/sbin:/bin:/usr/games:/usr/local/games:/snap/bin:/snap/bin:/opt/xtensa-esp-elf/bin/:/opt/xtensa-esp-elf/bin/:/opt/xtensa-esp-elf/bin/', 'SESSION_MANAGER': 'local/prathamkelkar-Dell-Pro-Max-16-MC16250:@/tmp/.ICE-unix/1922,unix/prathamkelkar-Dell-Pro-Max-16-MC16250:/tmp/.ICE-unix/1922', 'XDG_MENU_PREFIX': 'gnome-', 'GNOME_TERMINAL_SCREEN': '/org/gnome/Terminal/screen/a7b9c981_8309_4e35_a910_8330156f7cf7', 'XDG_RUNTIME_DIR': '/run/user/1000', 'DISPLAY': ':0', 'LANG': 'en_US.UTF-8', 'XDG_CURRENT_DESKTOP': 'ubuntu:GNOME', 'XMODIFIERS': '@im=ibus', 'XDG_SESSION_DESKTOP': 'ubuntu', 'XAUTHORITY': '/run/user/1000/gdm/Xauthority', 'LS_COLORS': 'rs=0:di=01;34:ln=01;36:mh=00:pi=40;33:so=01;35:do=01;35:bd=40;33;01:cd=40;33;01:or=40;31;01:mi=00:su=37;41:sg=30;43:ca=00:tw=30;42:ow=34;42:st=37;44:ex=01;32:*.tar=01;31:*.tgz=01;31:*.arc=01;31:*.arj=01;31:*.taz=01;31:*.lha=01;31:*.lz4=01;31:*.lzh=01;31:*.lzma=01;31:*.tlz=01;31:*.txz=01;31:*.tzo=01;31:*.t7z=01;31:*.zip=01;31:*.z=01;31:*.dz=01;31:*.gz=01;31:*.lrz=01;31:*.lz=01;31:*.lzo=01;31:*.xz=01;31:*.zst=01;31:*.tzst=01;31:*.bz2=01;31:*.bz=01;31:*.tbz=01;31:*.tbz2=01;31:*.tz=01;31:*.deb=01;31:*.rpm=01;31:*.jar=01;31:*.war=01;31:*.ear=01;31:*.sar=01;31:*.rar=01;31:*.alz=01;31:*.ace=01;31:*.zoo=01;31:*.cpio=01;31:*.7z=01;31:*.rz=01;31:*.cab=01;31:*.wim=01;31:*.swm=01;31:*.dwm=01;31:*.esd=01;31:*.avif=01;35:*.jpg=01;35:*.jpeg=01;35:*.mjpg=01;35:*.mjpeg=01;35:*.gif=01;35:*.bmp=01;35:*.pbm=01;35:*.pgm=01;35:*.ppm=01;35:*.tga=01;35:*.xbm=01;35:*.xpm=01;35:*.tif=01;35:*.tiff=01;35:*.png=01;35:*.svg=01;35:*.svgz=01;35:*.mng=01;35:*.pcx=01;35:*.mov=01;35:*.mpg=01;35:*.mpeg=01;35:*.m2v=01;35:*.mkv=01;35:*.webm=01;35:*.webp=01;35:*.ogm=01;35:*.mp4=01;35:*.m4v=01;35:*.mp4v=01;35:*.vob=01;35:*.qt=01;35:*.nuv=01;35:*.wmv=01;35:*.asf=01;35:*.rm=01;35:*.rmvb=01;35:*.flc=01;35:*.avi=01;35:*.fli=01;35:*.flv=01;35:*.gl=01;35:*.dl=01;35:*.xcf=01;35:*.xwd=01;35:*.yuv=01;35:*.cgm=01;35:*.emf=01;35:*.ogv=01;35:*.ogx=01;35:*.aac=00;36:*.au=00;36:*.flac=00;36:*.m4a=00;36:*.mid=00;36:*.midi=00;36:*.mka=00;36:*.mp3=00;36:*.mpc=00;36:*.ogg=00;36:*.ra=00;36:*.wav=00;36:*.oga=00;36:*.opus=00;36:*.spx=00;36:*.xspf=00;36:*~=00;90:*#=00;90:*.bak=00;90:*.crdownload=00;90:*.dpkg-dist=00;90:*.dpkg-new=00;90:*.dpkg-old=00;90:*.dpkg-tmp=00;90:*.old=00;90:*.orig=00;90:*.part=00;90:*.rej=00;90:*.rpmnew=00;90:*.rpmorig=00;90:*.rpmsave=00;90:*.swp=00;90:*.tmp=00;90:*.ucf-dist=00;90:*.ucf-new=00;90:*.ucf-old=00;90:', 'GNOME_TERMINAL_SERVICE': ':1.111', 'SSH_AUTH_SOCK': '/run/user/1000/keyring/ssh', 'AMENT_PREFIX_PATH': '/opt/ros/jazzy', 'SHELL': '/bin/bash', 'QT_ACCESSIBILITY': '1', 'GDMSESSION': 'ubuntu', 'LESSCLOSE': '/usr/bin/lesspipe %s %s', 'GPG_AGENT_INFO': '/run/user/1000/gnupg/S.gpg-agent:0:1', 'ROS_AUTOMATIC_DISCOVERY_RANGE': 'SUBNET', 'QT_IM_MODULE': 'ibus', 'PWD': '/home/prathamkelkar/ros2_ws/build/px4_msgs', 'LC_ALL': 'en_US.UTF-8', 'XDG_CONFIG_DIRS': '/etc/xdg/xdg-ubuntu:/etc/xdg', 'XDG_DATA_DIRS': '/usr/share/ubuntu:/usr/share/gnome:/usr/local/share/:/usr/share/:/var/lib/snapd/desktop', 'PYTHONPATH': '/opt/ros/jazzy/lib/python3.12/site-packages', 'COLCON': '1', 'MEMORY_PRESSURE_WRITE': 'c29tZSAyMDAwMDAgMjAwMDAwMAA=', 'VTE_VERSION': '7600', 'CMAKE_PREFIX_PATH': '/opt/ros/jazzy/opt/gz_sim_vendor:/opt/ros/jazzy/opt/gz_sensors_vendor:/opt/ros/jazzy/opt/gz_physics_vendor:/opt/ros/jazzy/opt/sdformat_vendor:/opt/ros/jazzy/opt/gz_gui_vendor:/opt/ros/jazzy/opt/gz_transport_vendor:/opt/ros/jazzy/opt/gz_rendering_vendor:/opt/ros/jazzy/opt/gz_plugin_vendor:/opt/ros/jazzy/opt/gz_fuel_tools_vendor:/opt/ros/jazzy/opt/gz_msgs_vendor:/opt/ros/jazzy/opt/gz_common_vendor:/opt/ros/jazzy/opt/gz_math_vendor:/opt/ros/jazzy/opt/gz_utils_vendor:/opt/ros/jazzy/opt/gz_tools_vendor:/opt/ros/jazzy/opt/gz_ogre_next_vendor:/opt/ros/jazzy/opt/gz_dartsim_vendor:/opt/ros/jazzy/opt/gz_cmake_vendor:/opt/ros/jazzy'}), 'shell': False}
[0.099048] (-) TimerEvent: {}
[0.199555] (-) TimerEvent: {}
[0.299959] (-) TimerEvent: {}
[0.400363] (-) TimerEvent: {}
[0.500985] (-) TimerEvent: {}
[0.601520] (-) TimerEvent: {}
[0.702017] (-) TimerEvent: {}
[0.802553] (-) TimerEvent: {}
[0.903043] (-) TimerEvent: {}
[0.934814] (px4_msgs) StdoutLine: {'line': b'[  0%] Built target px4_msgs__rs\n'}
[0.941687] (px4_msgs) StdoutLine: {'line': b'[  0%] Built target px4_msgs__rosidl_generator_type_description\n'}
[0.951594] (px4_msgs) StdoutLine: {'line': b'[  0%] Built target ament_cmake_python_symlink_px4_msgs\n'}
[1.003253] (-) TimerEvent: {}
[1.035989] (px4_msgs) StdoutLine: {'line': b'[  0%] Built target px4_msgs__cpp\n'}
[1.103495] (-) TimerEvent: {}
[1.204068] (-) TimerEvent: {}
[1.231946] (px4_msgs) StdoutLine: {'line': b'running egg_info\n'}
[1.252373] (px4_msgs) StdoutLine: {'line': b'writing px4_msgs.egg-info/PKG-INFO\n'}
[1.252931] (px4_msgs) StdoutLine: {'line': b'writing dependency_links to px4_msgs.egg-info/dependency_links.txt\n'}
[1.253304] (px4_msgs) StdoutLine: {'line': b'writing top-level names to px4_msgs.egg-info/top_level.txt\n'}
[1.254793] (px4_msgs) StdoutLine: {'line': b'[ 29%] Built target px4_msgs__rosidl_generator_c\n'}
[1.304387] (-) TimerEvent: {}
[1.312035] (px4_msgs) StdoutLine: {'line': b"reading manifest file 'px4_msgs.egg-info/SOURCES.txt'\n"}
[1.315082] (px4_msgs) StdoutLine: {'line': b"writing manifest file 'px4_msgs.egg-info/SOURCES.txt'\n"}
[1.349547] (px4_msgs) StdoutLine: {'line': b'[ 29%] Built target ament_cmake_python_build_px4_msgs_egg\n'}
[1.352723] (simple_quadcopter_teleop) Command: {'cmd': ['/usr/bin/python3', '-W', 'ignore:setup.py install is deprecated', '-W', 'ignore:easy_install command is deprecated', 'setup.py', 'develop', '--editable', '--build-directory', '/home/prathamkelkar/ros2_ws/build/simple_quadcopter_teleop/build', '--no-deps', 'symlink_data'], 'cwd': '/home/prathamkelkar/ros2_ws/build/simple_quadcopter_teleop', 'env': {'LESSOPEN': '| /usr/bin/lesspipe %s', 'GZ_SIM_RESOURCE_PATH': '/opt/ros/jazzy/share', 'USER': 'prathamkelkar', 'GZ_CONFIG_PATH': '/opt/ros/jazzy/opt/gz_sim_vendor/share/gz:/opt/ros/jazzy/opt/sdformat_vendor/share/gz:/opt/ros/jazzy/opt/gz_gui_vendor/share/gz:/opt/ros/jazzy/opt/gz_transport_vendor/share/gz:/opt/ros/jazzy/opt/gz_rendering_vendor/share/gz:/opt/ros/jazzy/opt/gz_plugin_vendor/share/gz:/opt/ros/jazzy/opt/gz_fuel_tools_vendor/share/gz:/opt/ros/jazzy/opt/gz_msgs_vendor/share/gz:/opt/ros/jazzy/opt/gz_common_vendor/share/gz', 'XDG_SESSION_TYPE': 'x11', 'CLUTTER_DISABLE_MIPMAPPED_TEXT': '1', 'SHLVL': '1', 'LD_LIBRARY_PATH': '/opt/ros/jazzy/opt/gz_sim_vendor/lib:/opt/ros/jazzy/opt/gz_sensors_vendor/lib:/opt/ros/jazzy/opt/gz_physics_vendor/lib:/opt/ros/jazzy/opt/sdformat_vendor/lib:/opt/ros/jazzy/opt/rviz_ogre_vendor/lib:/opt/ros/jazzy/lib/x86_64-linux-gnu:/opt/ros/jazzy/opt/gz_gui_vendor/lib:/opt/ros/jazzy/opt/gz_transport_vendor/lib:/opt/ros/jazzy/opt/gz_rendering_vendor/lib:/opt/ros/jazzy/opt/gz_plugin_vendor/lib:/opt/ros/jazzy/opt/gz_fuel_tools_vendor/lib:/opt/ros/jazzy/opt/gz_msgs_vendor/lib:/opt/ros/jazzy/opt/gz_common_vendor/lib:/opt/ros/jazzy/opt/gz_math_vendor/lib:/opt/ros/jazzy/opt/gz_utils_vendor/lib:/opt/ros/jazzy/opt/gz_tools_vendor/lib:/opt/ros/jazzy/opt/gz_ogre_next_vendor/lib:/opt/ros/jazzy/opt/gz_dartsim_vendor/lib:/opt/ros/jazzy/opt/gz_cmake_vendor/lib:/opt/ros/jazzy/lib', 'HOME': '/home/prathamkelkar', 'OLDPWD': '/home/prathamkelkar', 'DESKTOP_SESSION': 'ubuntu', 'ROS_PYTHON_VERSION': '3', 'GNOME_SHELL_SESSION_MODE': 'ubuntu', 'GTK_MODULES': 'gail:atk-bridge', 'SYSTEMD_EXEC_PID': '1952', 'GSM_SKIP_SSH_AGENT_WORKAROUND': 'true', 'DBUS_SESSION_BUS_ADDRESS': 'unix:path=/run/user/1000/bus', 'COLORTERM': 'truecolor', 'DEBUGINFOD_URLS': 'https://debuginfod.ubuntu.com', 'IM_CONFIG_PHASE': '1', 'ROS_DISTRO': 'jazzy', 'LOGNAME': 'prathamkelkar', '_': '/usr/bin/colcon', 'ROS_VERSION': '2', 'MEMORY_PRESSURE_WATCH': '/sys/fs/cgroup/user.slice/user-1000.slice/user@1000.service/session.slice/org.gnome.Shell@x11.service/memory.pressure', 'XDG_SESSION_CLASS': 'user', 'USERNAME': 'prathamkelkar', 'TERM': 'xterm-256color', 'GNOME_DESKTOP_SESSION_ID': 'this-is-deprecated', 'WINDOWPATH': '2', 'PATH': '/opt/ros/jazzy/opt/gz_msgs_vendor/bin:/opt/ros/jazzy/opt/gz_tools_vendor/bin:/opt/ros/jazzy/opt/gz_ogre_next_vendor/bin:/opt/ros/jazzy/bin:/home/prathamkelkar/.local/bin:/usr/local/sbin:/usr/local/bin:/usr/sbin:/usr/bin:/sbin:/bin:/usr/games:/usr/local/games:/snap/bin:/snap/bin:/opt/xtensa-esp-elf/bin/:/opt/xtensa-esp-elf/bin/:/opt/xtensa-esp-elf/bin/', 'SESSION_MANAGER': 'local/prathamkelkar-Dell-Pro-Max-16-MC16250:@/tmp/.ICE-unix/1922,unix/prathamkelkar-Dell-Pro-Max-16-MC16250:/tmp/.ICE-unix/1922', 'XDG_MENU_PREFIX': 'gnome-', 'GNOME_TERMINAL_SCREEN': '/org/gnome/Terminal/screen/a7b9c981_8309_4e35_a910_8330156f7cf7', 'XDG_RUNTIME_DIR': '/run/user/1000', 'DISPLAY': ':0', 'LANG': 'en_US.UTF-8', 'XDG_CURRENT_DESKTOP': 'ubuntu:GNOME', 'XMODIFIERS': '@im=ibus', 'XDG_SESSION_DESKTOP': 'ubuntu', 'XAUTHORITY': '/run/user/1000/gdm/Xauthority', 'LS_COLORS': 'rs=0:di=01;34:ln=01;36:mh=00:pi=40;33:so=01;35:do=01;35:bd=40;33;01:cd=40;33;01:or=40;31;01:mi=00:su=37;41:sg=30;43:ca=00:tw=30;42:ow=34;42:st=37;44:ex=01;32:*.tar=01;31:*.tgz=01;31:*.arc=01;31:*.arj=01;31:*.taz=01;31:*.lha=01;31:*.lz4=01;31:*.lzh=01;31:*.lzma=01;31:*.tlz=01;31:*.txz=01;31:*.tzo=01;31:*.t7z=01;31:*.zip=01;31:*.z=01;31:*.dz=01;31:*.gz=01;31:*.lrz=01;31:*.lz=01;31:*.lzo=01;31:*.xz=01;31:*.zst=01;31:*.tzst=01;31:*.bz2=01;31:*.bz=01;31:*.tbz=01;31:*.tbz2=01;31:*.tz=01;31:*.deb=01;31:*.rpm=01;31:*.jar=01;31:*.war=01;31:*.ear=01;31:*.sar=01;31:*.rar=01;31:*.alz=01;31:*.ace=01;31:*.zoo=01;31:*.cpio=01;31:*.7z=01;31:*.rz=01;31:*.cab=01;31:*.wim=01;31:*.swm=01;31:*.dwm=01;31:*.esd=01;31:*.avif=01;35:*.jpg=01;35:*.jpeg=01;35:*.mjpg=01;35:*.mjpeg=01;35:*.gif=01;35:*.bmp=01;35:*.pbm=01;35:*.pgm=01;35:*.ppm=01;35:*.tga=01;35:*.xbm=01;35:*.xpm=01;35:*.tif=01;35:*.tiff=01;35:*.png=01;35:*.svg=01;35:*.svgz=01;35:*.mng=01;35:*.pcx=01;35:*.mov=01;35:*.mpg=01;35:*.mpeg=01;35:*.m2v=01;35:*.mkv=01;35:*.webm=01;35:*.webp=01;35:*.ogm=01;35:*.mp4=01;35:*.m4v=01;35:*.mp4v=01;35:*.vob=01;35:*.qt=01;35:*.nuv=01;35:*.wmv=01;35:*.asf=01;35:*.rm=01;35:*.rmvb=01;35:*.flc=01;35:*.avi=01;35:*.fli=01;35:*.flv=01;35:*.gl=01;35:*.dl=01;35:*.xcf=01;35:*.xwd=01;35:*.yuv=01;35:*.cgm=01;35:*.emf=01;35:*.ogv=01;35:*.ogx=01;35:*.aac=00;36:*.au=00;36:*.flac=00;36:*.m4a=00;36:*.mid=00;36:*.midi=00;36:*.mka=00;36:*.mp3=00;36:*.mpc=00;36:*.ogg=00;36:*.ra=00;36:*.wav=00;36:*.oga=00;36:*.opus=00;36:*.spx=00;36:*.xspf=00;36:*~=00;90:*#=00;90:*.bak=00;90:*.crdownload=00;90:*.dpkg-dist=00;90:*.dpkg-new=00;90:*.dpkg-old=00;90:*.dpkg-tmp=00;90:*.old=00;90:*.orig=00;90:*.part=00;90:*.rej=00;90:*.rpmnew=00;90:*.rpmorig=00;90:*.rpmsave=00;90:*.swp=00;90:*.tmp=00;90:*.ucf-dist=00;90:*.ucf-new=00;90:*.ucf-old=00;90:', 'GNOME_TERMINAL_SERVICE': ':1.111', 'SSH_AUTH_SOCK': '/run/user/1000/keyring/ssh', 'AMENT_PREFIX_PATH': '/opt/ros/jazzy', 'SHELL': '/bin/bash', 'QT_ACCESSIBILITY': '1', 'GDMSESSION': 'ubuntu', 'LESSCLOSE': '/usr/bin/lesspipe %s %s', 'GPG_AGENT_INFO': '/run/user/1000/gnupg/S.gpg-agent:0:1', 'ROS_AUTOMATIC_DISCOVERY_RANGE': 'SUBNET', 'QT_IM_MODULE': 'ibus', 'PWD': '/home/prathamkelkar/ros2_ws/build/simple_quadcopter_teleop', 'LC_ALL': 'en_US.UTF-8', 'XDG_CONFIG_DIRS': '/etc/xdg/xdg-ubuntu:/etc/xdg', 'XDG_DATA_DIRS': '/usr/share/ubuntu:/usr/share/gnome:/usr/local/share/:/usr/share/:/var/lib/snapd/desktop', 'PYTHONPATH': '/home/prathamkelkar/ros2_ws/build/simple_quadcopter_teleop/prefix_override:/usr/lib/python3/dist-packages/colcon_core/task/python/colcon_distutils_commands:/home/prathamkelkar/ros2_ws/install/simple_quadcopter_teleop/lib/python3.12/site-packages:/opt/ros/jazzy/lib/python3.12/site-packages', 'COLCON': '1', 'MEMORY_PRESSURE_WRITE': 'c29tZSAyMDAwMDAgMjAwMDAwMAA=', 'VTE_VERSION': '7600', 'CMAKE_PREFIX_PATH': '/opt/ros/jazzy/opt/gz_sim_vendor:/opt/ros/jazzy/opt/gz_sensors_vendor:/opt/ros/jazzy/opt/gz_physics_vendor:/opt/ros/jazzy/opt/sdformat_vendor:/opt/ros/jazzy/opt/gz_gui_vendor:/opt/ros/jazzy/opt/gz_transport_vendor:/opt/ros/jazzy/opt/gz_rendering_vendor:/opt/ros/jazzy/opt/gz_plugin_vendor:/opt/ros/jazzy/opt/gz_fuel_tools_vendor:/opt/ros/jazzy/opt/gz_msgs_vendor:/opt/ros/jazzy/opt/gz_common_vendor:/opt/ros/jazzy/opt/gz_math_vendor:/opt/ros/jazzy/opt/gz_utils_vendor:/opt/ros/jazzy/opt/gz_tools_vendor:/opt/ros/jazzy/opt/gz_ogre_next_vendor:/opt/ros/jazzy/opt/gz_dartsim_vendor:/opt/ros/jazzy/opt/gz_cmake_vendor'}, 'shell': False}
[1.376215] (px4_msgs) StdoutLine: {'line': b'[ 39%] Built target px4_msgs__rosidl_typesupport_c\n'}
[1.394328] (px4_msgs) StdoutLine: {'line': b'[ 49%] Built target px4_msgs__rosidl_typesupport_introspection_c\n'}
[1.404551] (-) TimerEvent: {}
[1.428313] (px4_msgs) StdoutLine: {'line': b'[ 59%] Built target px4_msgs__rosidl_typesupport_cpp\n'}
[1.463318] (px4_msgs) StdoutLine: {'line': b'[ 69%] Built target px4_msgs__rosidl_typesupport_introspection_cpp\n'}
[1.473530] (px4_msgs) StdoutLine: {'line': b'[ 88%] Built target px4_msgs__rosidl_typesupport_fastrtps_cpp\n'}
[1.473797] (px4_msgs) StdoutLine: {'line': b'[ 89%] Built target px4_msgs__rosidl_typesupport_fastrtps_c\n'}
[1.504789] (-) TimerEvent: {}
[1.513489] (px4_msgs) StdoutLine: {'line': b'[ 89%] Built target px4_msgs\n'}
[1.569579] (px4_msgs) StdoutLine: {'line': b'[ 89%] Built target px4_msgs__py\n'}
[1.604923] (-) TimerEvent: {}
[1.705431] (-) TimerEvent: {}
[1.710533] (simple_quadcopter_teleop) StdoutLine: {'line': b'running develop\n'}
[1.755355] (px4_msgs) StdoutLine: {'line': b'[ 99%] Built target px4_msgs__rosidl_generator_py\n'}
[1.805745] (-) TimerEvent: {}
[1.807470] (px4_msgs) StdoutLine: {'line': b'[100%] Built target px4_msgs_s__rosidl_typesupport_introspection_c\n'}
[1.810985] (px4_msgs) StdoutLine: {'line': b'[100%] Built target px4_msgs_s__rosidl_typesupport_fastrtps_c\n'}
[1.811314] (px4_msgs) StdoutLine: {'line': b'[100%] Built target px4_msgs_s__rosidl_typesupport_c\n'}
[1.839220] (px4_msgs) CommandEnded: {'returncode': 0}
[1.840828] (px4_msgs) JobProgress: {'identifier': 'px4_msgs', 'progress': 'install'}
[1.860982] (px4_msgs) Command: {'cmd': ['/usr/bin/cmake', '--install', '/home/prathamkelkar/ros2_ws/build/px4_msgs'], 'cwd': '/home/prathamkelkar/ros2_ws/build/px4_msgs', 'env': OrderedDict({'LESSOPEN': '| /usr/bin/lesspipe %s', 'GZ_SIM_RESOURCE_PATH': '/opt/ros/jazzy/share', 'USER': 'prathamkelkar', 'GZ_CONFIG_PATH': '/opt/ros/jazzy/opt/gz_sim_vendor/share/gz:/opt/ros/jazzy/opt/sdformat_vendor/share/gz:/opt/ros/jazzy/opt/gz_gui_vendor/share/gz:/opt/ros/jazzy/opt/gz_transport_vendor/share/gz:/opt/ros/jazzy/opt/gz_rendering_vendor/share/gz:/opt/ros/jazzy/opt/gz_plugin_vendor/share/gz:/opt/ros/jazzy/opt/gz_fuel_tools_vendor/share/gz:/opt/ros/jazzy/opt/gz_msgs_vendor/share/gz:/opt/ros/jazzy/opt/gz_common_vendor/share/gz', 'XDG_SESSION_TYPE': 'x11', 'CLUTTER_DISABLE_MIPMAPPED_TEXT': '1', 'SHLVL': '1', 'LD_LIBRARY_PATH': '/opt/ros/jazzy/opt/gz_sim_vendor/lib:/opt/ros/jazzy/opt/gz_sensors_vendor/lib:/opt/ros/jazzy/opt/gz_physics_vendor/lib:/opt/ros/jazzy/opt/sdformat_vendor/lib:/opt/ros/jazzy/opt/rviz_ogre_vendor/lib:/opt/ros/jazzy/lib/x86_64-linux-gnu:/opt/ros/jazzy/opt/gz_gui_vendor/lib:/opt/ros/jazzy/opt/gz_transport_vendor/lib:/opt/ros/jazzy/opt/gz_rendering_vendor/lib:/opt/ros/jazzy/opt/gz_plugin_vendor/lib:/opt/ros/jazzy/opt/gz_fuel_tools_vendor/lib:/opt/ros/jazzy/opt/gz_msgs_vendor/lib:/opt/ros/jazzy/opt/gz_common_vendor/lib:/opt/ros/jazzy/opt/gz_math_vendor/lib:/opt/ros/jazzy/opt/gz_utils_vendor/lib:/opt/ros/jazzy/opt/gz_tools_vendor/lib:/opt/ros/jazzy/opt/gz_ogre_next_vendor/lib:/opt/ros/jazzy/opt/gz_dartsim_vendor/lib:/opt/ros/jazzy/opt/gz_cmake_vendor/lib:/opt/ros/jazzy/lib', 'HOME': '/home/prathamkelkar', 'OLDPWD': '/home/prathamkelkar', 'DESKTOP_SESSION': 'ubuntu', 'ROS_PYTHON_VERSION': '3', 'GNOME_SHELL_SESSION_MODE': 'ubuntu', 'GTK_MODULES': 'gail:atk-bridge', 'SYSTEMD_EXEC_PID': '1952', 'GSM_SKIP_SSH_AGENT_WORKAROUND': 'true', 'DBUS_SESSION_BUS_ADDRESS': 'unix:path=/run/user/1000/bus', 'COLORTERM': 'truecolor', 'DEBUGINFOD_URLS': 'https://debuginfod.ubuntu.com', 'IM_CONFIG_PHASE': '1', 'ROS_DISTRO': 'jazzy', 'LOGNAME': 'prathamkelkar', '_': '/usr/bin/colcon', 'ROS_VERSION': '2', 'MEMORY_PRESSURE_WATCH': '/sys/fs/cgroup/user.slice/user-1000.slice/user@1000.service/session.slice/org.gnome.Shell@x11.service/memory.pressure', 'XDG_SESSION_CLASS': 'user', 'USERNAME': 'prathamkelkar', 'TERM': 'xterm-256color', 'GNOME_DESKTOP_SESSION_ID': 'this-is-deprecated', 'WINDOWPATH': '2', 'PATH': '/opt/ros/jazzy/opt/gz_msgs_vendor/bin:/opt/ros/jazzy/opt/gz_tools_vendor/bin:/opt/ros/jazzy/opt/gz_ogre_next_vendor/bin:/opt/ros/jazzy/bin:/home/prathamkelkar/.local/bin:/usr/local/sbin:/usr/local/bin:/usr/sbin:/usr/bin:/sbin:/bin:/usr/games:/usr/local/games:/snap/bin:/snap/bin:/opt/xtensa-esp-elf/bin/:/opt/xtensa-esp-elf/bin/:/opt/xtensa-esp-elf/bin/', 'SESSION_MANAGER': 'local/prathamkelkar-Dell-Pro-Max-16-MC16250:@/tmp/.ICE-unix/1922,unix/prathamkelkar-Dell-Pro-Max-16-MC16250:/tmp/.ICE-unix/1922', 'XDG_MENU_PREFIX': 'gnome-', 'GNOME_TERMINAL_SCREEN': '/org/gnome/Terminal/screen/a7b9c981_8309_4e35_a910_8330156f7cf7', 'XDG_RUNTIME_DIR': '/run/user/1000', 'DISPLAY': ':0', 'LANG': 'en_US.UTF-8', 'XDG_CURRENT_DESKTOP': 'ubuntu:GNOME', 'XMODIFIERS': '@im=ibus', 'XDG_SESSION_DESKTOP': 'ubuntu', 'XAUTHORITY': '/run/user/1000/gdm/Xauthority', 'LS_COLORS': 'rs=0:di=01;34:ln=01;36:mh=00:pi=40;33:so=01;35:do=01;35:bd=40;33;01:cd=40;33;01:or=40;31;01:mi=00:su=37;41:sg=30;43:ca=00:tw=30;42:ow=34;42:st=37;44:ex=01;32:*.tar=01;31:*.tgz=01;31:*.arc=01;31:*.arj=01;31:*.taz=01;31:*.lha=01;31:*.lz4=01;31:*.lzh=01;31:*.lzma=01;31:*.tlz=01;31:*.txz=01;31:*.tzo=01;31:*.t7z=01;31:*.zip=01;31:*.z=01;31:*.dz=01;31:*.gz=01;31:*.lrz=01;31:*.lz=01;31:*.lzo=01;31:*.xz=01;31:*.zst=01;31:*.tzst=01;31:*.bz2=01;31:*.bz=01;31:*.tbz=01;31:*.tbz2=01;31:*.tz=01;31:*.deb=01;31:*.rpm=01;31:*.jar=01;31:*.war=01;31:*.ear=01;31:*.sar=01;31:*.rar=01;31:*.alz=01;31:*.ace=01;31:*.zoo=01;31:*.cpio=01;31:*.7z=01;31:*.rz=01;31:*.cab=01;31:*.wim=01;31:*.swm=01;31:*.dwm=01;31:*.esd=01;31:*.avif=01;35:*.jpg=01;35:*.jpeg=01;35:*.mjpg=01;35:*.mjpeg=01;35:*.gif=01;35:*.bmp=01;35:*.pbm=01;35:*.pgm=01;35:*.ppm=01;35:*.tga=01;35:*.xbm=01;35:*.xpm=01;35:*.tif=01;35:*.tiff=01;35:*.png=01;35:*.svg=01;35:*.svgz=01;35:*.mng=01;35:*.pcx=01;35:*.mov=01;35:*.mpg=01;35:*.mpeg=01;35:*.m2v=01;35:*.mkv=01;35:*.webm=01;35:*.webp=01;35:*.ogm=01;35:*.mp4=01;35:*.m4v=01;35:*.mp4v=01;35:*.vob=01;35:*.qt=01;35:*.nuv=01;35:*.wmv=01;35:*.asf=01;35:*.rm=01;35:*.rmvb=01;35:*.flc=01;35:*.avi=01;35:*.fli=01;35:*.flv=01;35:*.gl=01;35:*.dl=01;35:*.xcf=01;35:*.xwd=01;35:*.yuv=01;35:*.cgm=01;35:*.emf=01;35:*.ogv=01;35:*.ogx=01;35:*.aac=00;36:*.au=00;36:*.flac=00;36:*.m4a=00;36:*.mid=00;36:*.midi=00;36:*.mka=00;36:*.mp3=00;36:*.mpc=00;36:*.ogg=00;36:*.ra=00;36:*.wav=00;36:*.oga=00;36:*.opus=00;36:*.spx=00;36:*.xspf=00;36:*~=00;90:*#=00;90:*.bak=00;90:*.crdownload=00;90:*.dpkg-dist=00;90:*.dpkg-new=00;90:*.dpkg-old=00;90:*.dpkg-tmp=00;90:*.old=00;90:*.orig=00;90:*.part=00;90:*.rej=00;90:*.rpmnew=00;90:*.rpmorig=00;90:*.rpmsave=00;90:*.swp=00;90:*.tmp=00;90:*.ucf-dist=00;90:*.ucf-new=00;90:*.ucf-old=00;90:', 'GNOME_TERMINAL_SERVICE': ':1.111', 'SSH_AUTH_SOCK': '/run/user/1000/keyring/ssh', 'AMENT_PREFIX_PATH': '/opt/ros/jazzy', 'SHELL': '/bin/bash', 'QT_ACCESSIBILITY': '1', 'GDMSESSION': 'ubuntu', 'LESSCLOSE': '/usr/bin/lesspipe %s %s', 'GPG_AGENT_INFO': '/run/user/1000/gnupg/S.gpg-agent:0:1', 'ROS_AUTOMATIC_DISCOVERY_RANGE': 'SUBNET', 'QT_IM_MODULE': 'ibus', 'PWD': '/home/prathamkelkar/ros2_ws/build/px4_msgs', 'LC_ALL': 'en_US.UTF-8', 'XDG_CONFIG_DIRS': '/etc/xdg/xdg-ubuntu:/etc/xdg', 'XDG_DATA_DIRS': '/usr/share/ubuntu:/usr/share/gnome:/usr/local/share/:/usr/share/:/var/lib/snapd/desktop', 'PYTHONPATH': '/opt/ros/jazzy/lib/python3.12/site-packages', 'COLCON': '1', 'MEMORY_PRESSURE_WRITE': 'c29tZSAyMDAwMDAgMjAwMDAwMAA=', 'VTE_VERSION': '7600', 'CMAKE_PREFIX_PATH': '/opt/ros/jazzy/opt/gz_sim_vendor:/opt/ros/jazzy/opt/gz_sensors_vendor:/opt/ros/jazzy/opt/gz_physics_vendor:/opt/ros/jazzy/opt/sdformat_vendor:/opt/ros/jazzy/opt/gz_gui_vendor:/opt/ros/jazzy/opt/gz_transport_vendor:/opt/ros/jazzy/opt/gz_rendering_vendor:/opt/ros/jazzy/opt/gz_plugin_vendor:/opt/ros/jazzy/opt/gz_fuel_tools_vendor:/opt/ros/jazzy/opt/gz_msgs_vendor:/opt/ros/jazzy/opt/gz_common_vendor:/opt/ros/jazzy/opt/gz_math_vendor:/opt/ros/jazzy/opt/gz_utils_vendor:/opt/ros/jazzy/opt/gz_tools_vendor:/opt/ros/jazzy/opt/gz_ogre_next_vendor:/opt/ros/jazzy/opt/gz_dartsim_vendor:/opt/ros/jazzy/opt/gz_cmake_vendor:/opt/ros/jazzy'}), 'shell': False}
[1.876424] (px4_msgs) StdoutLine: {'line': b'-- Install configuration: ""\n'}
[1.882403] (px4_msgs) StdoutLine: {'line': b'-- Execute custom install script\n'}
[1.882704] (px4_msgs) StdoutLine: {'line': b'-- Up-to-date symlink: /home/prathamkelkar/ros2_ws/install/px4_msgs/share/ament_index/resource_index/rosidl_interfaces/px4_msgs\n'}
[1.883123] (px4_msgs) StdoutLine: {'line': b'-- Up-to-date symlink: /home/prathamkelkar/ros2_ws/install/px4_msgs/share/px4_msgs/msg/ActionRequest.json\n'}
[1.883342] (px4_msgs) StdoutLine: {'line': b'-- Up-to-date symlink: /home/prathamkelkar/ros2_ws/install/px4_msgs/share/px4_msgs/msg/ActuatorArmed.json\n'}
[1.883505] (px4_msgs) StdoutLine: {'line': b'-- Up-to-date symlink: /home/prathamkelkar/ros2_ws/install/px4_msgs/share/px4_msgs/msg/ActuatorControlsStatus.json\n'}
[1.883616] (px4_msgs) StdoutLine: {'line': b'-- Up-to-date symlink: /home/prathamkelkar/ros2_ws/install/px4_msgs/share/px4_msgs/msg/ActuatorMotors.json\n'}
[1.883990] (px4_msgs) StdoutLine: {'line': b'-- Up-to-date symlink: /home/prathamkelkar/ros2_ws/install/px4_msgs/share/px4_msgs/msg/ActuatorOutputs.json\n'}
[1.884188] (px4_msgs) StdoutLine: {'line': b'-- Up-to-date symlink: /home/prathamkelkar/ros2_ws/install/px4_msgs/share/px4_msgs/msg/ActuatorServos.json\n'}
[1.884338] (px4_msgs) StdoutLine: {'line': b'-- Up-to-date symlink: /home/prathamkelkar/ros2_ws/install/px4_msgs/share/px4_msgs/msg/ActuatorServosTrim.json\n'}
[1.884465] (px4_msgs) StdoutLine: {'line': b'-- Up-to-date symlink: /home/prathamkelkar/ros2_ws/install/px4_msgs/share/px4_msgs/msg/ActuatorTest.json\n'}
[1.884546] (px4_msgs) StdoutLine: {'line': b'-- Up-to-date symlink: /home/prathamkelkar/ros2_ws/install/px4_msgs/share/px4_msgs/msg/AdcReport.json\n'}
[1.884654] (px4_msgs) StdoutLine: {'line': b'-- Up-to-date symlink: /home/prathamkelkar/ros2_ws/install/px4_msgs/share/px4_msgs/msg/Airspeed.json\n'}
[1.884726] (px4_msgs) StdoutLine: {'line': b'-- Up-to-date symlink: /home/prathamkelkar/ros2_ws/install/px4_msgs/share/px4_msgs/msg/AirspeedValidated.json\n'}
[1.885025] (px4_msgs) StdoutLine: {'line': b'-- Up-to-date symlink: /home/prathamkelkar/ros2_ws/install/px4_msgs/share/px4_msgs/msg/AirspeedWind.json\n'}
[1.885100] (px4_msgs) StdoutLine: {'line': b'-- Up-to-date symlink: /home/prathamkelkar/ros2_ws/install/px4_msgs/share/px4_msgs/msg/ArmingCheckReply.json\n'}
[1.885320] (px4_msgs) StdoutLine: {'line': b'-- Up-to-date symlink: /home/prathamkelkar/ros2_ws/install/px4_msgs/share/px4_msgs/msg/ArmingCheckRequest.json\n'}
[1.885430] (px4_msgs) StdoutLine: {'line': b'-- Up-to-date symlink: /home/prathamkelkar/ros2_ws/install/px4_msgs/share/px4_msgs/msg/AutotuneAttitudeControlStatus.json\n'}
[1.885816] (px4_msgs) StdoutLine: {'line': b'-- Up-to-date symlink: /home/prathamkelkar/ros2_ws/install/px4_msgs/share/px4_msgs/msg/BatteryStatus.json\n'}
[1.886027] (px4_msgs) StdoutLine: {'line': b'-- Up-to-date symlink: /home/prathamkelkar/ros2_ws/install/px4_msgs/share/px4_msgs/msg/Buffer128.json\n'}
[1.886540] (px4_msgs) StdoutLine: {'line': b'-- Up-to-date symlink: /home/prathamkelkar/ros2_ws/install/px4_msgs/share/px4_msgs/msg/ButtonEvent.json\n'}
[1.886671] (px4_msgs) StdoutLine: {'line': b'-- Up-to-date symlink: /home/prathamkelkar/ros2_ws/install/px4_msgs/share/px4_msgs/msg/CameraCapture.json\n'}
[1.886761] (px4_msgs) StdoutLine: {'line': b'-- Up-to-date symlink: /home/prathamkelkar/ros2_ws/install/px4_msgs/share/px4_msgs/msg/CameraStatus.json\n'}
[1.886842] (px4_msgs) StdoutLine: {'line': b'-- Up-to-date symlink: /home/prathamkelkar/ros2_ws/install/px4_msgs/share/px4_msgs/msg/CameraTrigger.json\n'}
[1.886921] (px4_msgs) StdoutLine: {'line': b'-- Up-to-date symlink: /home/prathamkelkar/ros2_ws/install/px4_msgs/share/px4_msgs/msg/CanInterfaceStatus.json\n'}
[1.887205] (px4_msgs) StdoutLine: {'line': b'-- Up-to-date symlink: /home/prathamkelkar/ros2_ws/install/px4_msgs/share/px4_msgs/msg/CellularStatus.json\n'}
[1.887520] (px4_msgs) StdoutLine: {'line': b'-- Up-to-date symlink: /home/prathamkelkar/ros2_ws/install/px4_msgs/share/px4_msgs/msg/CollisionConstraints.json\n'}
[1.887666] (px4_msgs) StdoutLine: {'line': b'-- Up-to-date symlink: /home/prathamkelkar/ros2_ws/install/px4_msgs/share/px4_msgs/msg/CollisionReport.json\n'}
[1.887793] (px4_msgs) StdoutLine: {'line': b'-- Up-to-date symlink: /home/prathamkelkar/ros2_ws/install/px4_msgs/share/px4_msgs/msg/ConfigOverrides.json\n'}
[1.887895] (px4_msgs) StdoutLine: {'line': b'-- Up-to-date symlink: /home/prathamkelkar/ros2_ws/install/px4_msgs/share/px4_msgs/msg/ControlAllocatorStatus.json\n'}
[1.888079] (px4_msgs) StdoutLine: {'line': b'-- Up-to-date symlink: /home/prathamkelkar/ros2_ws/install/px4_msgs/share/px4_msgs/msg/Cpuload.json\n'}
[1.888269] (px4_msgs) StdoutLine: {'line': b'-- Up-to-date symlink: /home/prathamkelkar/ros2_ws/install/px4_msgs/share/px4_msgs/msg/DatamanRequest.json\n'}
[1.888399] (px4_msgs) StdoutLine: {'line': b'-- Up-to-date symlink: /home/prathamkelkar/ros2_ws/install/px4_msgs/share/px4_msgs/msg/DatamanResponse.json\n'}
[1.888549] (px4_msgs) StdoutLine: {'line': b'-- Up-to-date symlink: /home/prathamkelkar/ros2_ws/install/px4_msgs/share/px4_msgs/msg/DebugArray.json\n'}
[1.888647] (px4_msgs) StdoutLine: {'line': b'-- Up-to-date symlink: /home/prathamkelkar/ros2_ws/install/px4_msgs/share/px4_msgs/msg/DebugKeyValue.json\n'}
[1.888767] (px4_msgs) StdoutLine: {'line': b'-- Up-to-date symlink: /home/prathamkelkar/ros2_ws/install/px4_msgs/share/px4_msgs/msg/DebugValue.json\n'}
[1.888861] (px4_msgs) StdoutLine: {'line': b'-- Up-to-date symlink: /home/prathamkelkar/ros2_ws/install/px4_msgs/share/px4_msgs/msg/DebugVect.json\n'}
[1.889002] (px4_msgs) StdoutLine: {'line': b'-- Up-to-date symlink: /home/prathamkelkar/ros2_ws/install/px4_msgs/share/px4_msgs/msg/DifferentialDriveSetpoint.json\n'}
[1.889097] (px4_msgs) StdoutLine: {'line': b'-- Up-to-date symlink: /home/prathamkelkar/ros2_ws/install/px4_msgs/share/px4_msgs/msg/DifferentialPressure.json\n'}
[1.889298] (px4_msgs) StdoutLine: {'line': b'-- Up-to-date symlink: /home/prathamkelkar/ros2_ws/install/px4_msgs/share/px4_msgs/msg/DistanceSensor.json\n'}
[1.889501] (px4_msgs) StdoutLine: {'line': b'-- Up-to-date symlink: /home/prathamkelkar/ros2_ws/install/px4_msgs/share/px4_msgs/msg/Ekf2Timestamps.json\n'}
[1.889596] (px4_msgs) StdoutLine: {'line': b'-- Up-to-date symlink: /home/prathamkelkar/ros2_ws/install/px4_msgs/share/px4_msgs/msg/EscReport.json\n'}
[1.889917] (px4_msgs) StdoutLine: {'line': b'-- Up-to-date symlink: /home/prathamkelkar/ros2_ws/install/px4_msgs/share/px4_msgs/msg/EscStatus.json\n'}
[1.890011] (px4_msgs) StdoutLine: {'line': b'-- Up-to-date symlink: /home/prathamkelkar/ros2_ws/install/px4_msgs/share/px4_msgs/msg/EstimatorAidSource1d.json\n'}
[1.890155] (px4_msgs) StdoutLine: {'line': b'-- Up-to-date symlink: /home/prathamkelkar/ros2_ws/install/px4_msgs/share/px4_msgs/msg/EstimatorAidSource2d.json\n'}
[1.890371] (px4_msgs) StdoutLine: {'line': b'-- Up-to-date symlink: /home/prathamkelkar/ros2_ws/install/px4_msgs/share/px4_msgs/msg/EstimatorAidSource3d.json\n'}
[1.890481] (px4_msgs) StdoutLine: {'line': b'-- Up-to-date symlink: /home/prathamkelkar/ros2_ws/install/px4_msgs/share/px4_msgs/msg/EstimatorBias.json\n'}
[1.890587] (px4_msgs) StdoutLine: {'line': b'-- Up-to-date symlink: /home/prathamkelkar/ros2_ws/install/px4_msgs/share/px4_msgs/msg/EstimatorBias3d.json\n'}
[1.890905] (px4_msgs) StdoutLine: {'line': b'-- Up-to-date symlink: /home/prathamkelkar/ros2_ws/install/px4_msgs/share/px4_msgs/msg/EstimatorEventFlags.json\n'}
[1.891169] (px4_msgs) StdoutLine: {'line': b'-- Up-to-date symlink: /home/prathamkelkar/ros2_ws/install/px4_msgs/share/px4_msgs/msg/EstimatorGpsStatus.json\n'}
[1.891264] (px4_msgs) StdoutLine: {'line': b'-- Up-to-date symlink: /home/prathamkelkar/ros2_ws/install/px4_msgs/share/px4_msgs/msg/EstimatorInnovations.json\n'}
[1.891386] (px4_msgs) StdoutLine: {'line': b'-- Up-to-date symlink: /home/prathamkelkar/ros2_ws/install/px4_msgs/share/px4_msgs/msg/EstimatorSelectorStatus.json\n'}
[1.891512] (px4_msgs) StdoutLine: {'line': b'-- Up-to-date symlink: /home/prathamkelkar/ros2_ws/install/px4_msgs/share/px4_msgs/msg/EstimatorSensorBias.json\n'}
[1.891708] (px4_msgs) StdoutLine: {'line': b'-- Up-to-date symlink: /home/prathamkelkar/ros2_ws/install/px4_msgs/share/px4_msgs/msg/EstimatorStates.json\n'}
[1.891913] (px4_msgs) StdoutLine: {'line': b'-- Up-to-date symlink: /home/prathamkelkar/ros2_ws/install/px4_msgs/share/px4_msgs/msg/EstimatorStatus.json\n'}
[1.892025] (px4_msgs) StdoutLine: {'line': b'-- Up-to-date symlink: /home/prathamkelkar/ros2_ws/install/px4_msgs/share/px4_msgs/msg/EstimatorStatusFlags.json\n'}
[1.892131] (px4_msgs) StdoutLine: {'line': b'-- Up-to-date symlink: /home/prathamkelkar/ros2_ws/install/px4_msgs/share/px4_msgs/msg/Event.json\n'}
[1.892342] (px4_msgs) StdoutLine: {'line': b'-- Up-to-date symlink: /home/prathamkelkar/ros2_ws/install/px4_msgs/share/px4_msgs/msg/FailsafeFlags.json\n'}
[1.892464] (px4_msgs) StdoutLine: {'line': b'-- Up-to-date symlink: /home/prathamkelkar/ros2_ws/install/px4_msgs/share/px4_msgs/msg/FailureDetectorStatus.json\n'}
[1.892610] (px4_msgs) StdoutLine: {'line': b'-- Up-to-date symlink: /home/prathamkelkar/ros2_ws/install/px4_msgs/share/px4_msgs/msg/FigureEightStatus.json\n'}
[1.892886] (px4_msgs) StdoutLine: {'line': b'-- Up-to-date symlink: /home/prathamkelkar/ros2_ws/install/px4_msgs/share/px4_msgs/msg/FlightPhaseEstimation.json\n'}
[1.893047] (px4_msgs) StdoutLine: {'line': b'-- Up-to-date symlink: /home/prathamkelkar/ros2_ws/install/px4_msgs/share/px4_msgs/msg/FollowTarget.json\n'}
[1.893158] (px4_msgs) StdoutLine: {'line': b'-- Up-to-date symlink: /home/prathamkelkar/ros2_ws/install/px4_msgs/share/px4_msgs/msg/FollowTargetEstimator.json\n'}
[1.893270] (px4_msgs) StdoutLine: {'line': b'-- Up-to-date symlink: /home/prathamkelkar/ros2_ws/install/px4_msgs/share/px4_msgs/msg/FollowTargetStatus.json\n'}
[1.893443] (px4_msgs) StdoutLine: {'line': b'-- Up-to-date symlink: /home/prathamkelkar/ros2_ws/install/px4_msgs/share/px4_msgs/msg/GeneratorStatus.json\n'}
[1.893616] (px4_msgs) StdoutLine: {'line': b'-- Up-to-date symlink: /home/prathamkelkar/ros2_ws/install/px4_msgs/share/px4_msgs/msg/GeofenceResult.json\n'}
[1.893779] (px4_msgs) StdoutLine: {'line': b'-- Up-to-date symlink: /home/prathamkelkar/ros2_ws/install/px4_msgs/share/px4_msgs/msg/GeofenceStatus.json\n'}
[1.894046] (px4_msgs) StdoutLine: {'line': b'-- Up-to-date symlink: /home/prathamkelkar/ros2_ws/install/px4_msgs/share/px4_msgs/msg/GimbalControls.json\n'}
[1.894148] (px4_msgs) StdoutLine: {'line': b'-- Up-to-date symlink: /home/prathamkelkar/ros2_ws/install/px4_msgs/share/px4_msgs/msg/GimbalDeviceAttitudeStatus.json\n'}
[1.894285] (px4_msgs) StdoutLine: {'line': b'-- Up-to-date symlink: /home/prathamkelkar/ros2_ws/install/px4_msgs/share/px4_msgs/msg/GimbalDeviceInformation.json\n'}
[1.894457] (px4_msgs) StdoutLine: {'line': b'-- Up-to-date symlink: /home/prathamkelkar/ros2_ws/install/px4_msgs/share/px4_msgs/msg/GimbalDeviceSetAttitude.json\n'}
[1.894630] (px4_msgs) StdoutLine: {'line': b'-- Up-to-date symlink: /home/prathamkelkar/ros2_ws/install/px4_msgs/share/px4_msgs/msg/GimbalManagerInformation.json\n'}
[1.894895] (px4_msgs) StdoutLine: {'line': b'-- Up-to-date symlink: /home/prathamkelkar/ros2_ws/install/px4_msgs/share/px4_msgs/msg/GimbalManagerSetAttitude.json\n'}
[1.895065] (px4_msgs) StdoutLine: {'line': b'-- Up-to-date symlink: /home/prathamkelkar/ros2_ws/install/px4_msgs/share/px4_msgs/msg/GimbalManagerSetManualControl.json\n'}
[1.895276] (px4_msgs) StdoutLine: {'line': b'-- Up-to-date symlink: /home/prathamkelkar/ros2_ws/install/px4_msgs/share/px4_msgs/msg/GimbalManagerStatus.json\n'}
[1.895388] (px4_msgs) StdoutLine: {'line': b'-- Up-to-date symlink: /home/prathamkelkar/ros2_ws/install/px4_msgs/share/px4_msgs/msg/GotoSetpoint.json\n'}
[1.895492] (px4_msgs) StdoutLine: {'line': b'-- Up-to-date symlink: /home/prathamkelkar/ros2_ws/install/px4_msgs/share/px4_msgs/msg/GpioConfig.json\n'}
[1.895776] (px4_msgs) StdoutLine: {'line': b'-- Up-to-date symlink: /home/prathamkelkar/ros2_ws/install/px4_msgs/share/px4_msgs/msg/GpioIn.json\n'}
[1.895934] (px4_msgs) StdoutLine: {'line': b'-- Up-to-date symlink: /home/prathamkelkar/ros2_ws/install/px4_msgs/share/px4_msgs/msg/GpioOut.json\n'}
[1.896074] (px4_msgs) StdoutLine: {'line': b'-- Up-to-date symlink: /home/prathamkelkar/ros2_ws/install/px4_msgs/share/px4_msgs/msg/GpioRequest.json\n'}
[1.896247] (px4_msgs) StdoutLine: {'line': b'-- Up-to-date symlink: /home/prathamkelkar/ros2_ws/install/px4_msgs/share/px4_msgs/msg/GpsDump.json\n'}
[1.896413] (px4_msgs) StdoutLine: {'line': b'-- Up-to-date symlink: /home/prathamkelkar/ros2_ws/install/px4_msgs/share/px4_msgs/msg/GpsInjectData.json\n'}
[1.896520] (px4_msgs) StdoutLine: {'line': b'-- Up-to-date symlink: /home/prathamkelkar/ros2_ws/install/px4_msgs/share/px4_msgs/msg/Gripper.json\n'}
[1.896683] (px4_msgs) StdoutLine: {'line': b'-- Up-to-date symlink: /home/prathamkelkar/ros2_ws/install/px4_msgs/share/px4_msgs/msg/HealthReport.json\n'}
[1.896855] (px4_msgs) StdoutLine: {'line': b'-- Up-to-date symlink: /home/prathamkelkar/ros2_ws/install/px4_msgs/share/px4_msgs/msg/HeaterStatus.json\n'}
[1.897017] (px4_msgs) StdoutLine: {'line': b'-- Up-to-date symlink: /home/prathamkelkar/ros2_ws/install/px4_msgs/share/px4_msgs/msg/HomePosition.json\n'}
[1.897278] (px4_msgs) StdoutLine: {'line': b'-- Up-to-date symlink: /home/prathamkelkar/ros2_ws/install/px4_msgs/share/px4_msgs/msg/HoverThrustEstimate.json\n'}
[1.897482] (px4_msgs) StdoutLine: {'line': b'-- Up-to-date symlink: /home/prathamkelkar/ros2_ws/install/px4_msgs/share/px4_msgs/msg/InputRc.json\n'}
[1.897653] (px4_msgs) StdoutLine: {'line': b'-- Up-to-date symlink: /home/prathamkelkar/ros2_ws/install/px4_msgs/share/px4_msgs/msg/InternalCombustionEngineStatus.json\n'}
[1.897844] (px4_msgs) StdoutLine: {'line': b'-- Up-to-date symlink: /home/prathamkelkar/ros2_ws/install/px4_msgs/share/px4_msgs/msg/IridiumsbdStatus.json\n'}
[1.898041] (px4_msgs) StdoutLine: {'line': b'-- Up-to-date symlink: /home/prathamkelkar/ros2_ws/install/px4_msgs/share/px4_msgs/msg/IrlockReport.json\n'}
[1.898151] (px4_msgs) StdoutLine: {'line': b'-- Up-to-date symlink: /home/prathamkelkar/ros2_ws/install/px4_msgs/share/px4_msgs/msg/LandingGear.json\n'}
[1.898340] (px4_msgs) StdoutLine: {'line': b'-- Up-to-date symlink: /home/prathamkelkar/ros2_ws/install/px4_msgs/share/px4_msgs/msg/LandingGearWheel.json\n'}
[1.898447] (px4_msgs) StdoutLine: {'line': b'-- Up-to-date symlink: /home/prathamkelkar/ros2_ws/install/px4_msgs/share/px4_msgs/msg/LandingTargetInnovations.json\n'}
[1.898571] (px4_msgs) StdoutLine: {'line': b'-- Up-to-date symlink: /home/prathamkelkar/ros2_ws/install/px4_msgs/share/px4_msgs/msg/LandingTargetPose.json\n'}
[1.898836] (px4_msgs) StdoutLine: {'line': b'-- Up-to-date symlink: /home/prathamkelkar/ros2_ws/install/px4_msgs/share/px4_msgs/msg/LaunchDetectionStatus.json\n'}
[1.898994] (px4_msgs) StdoutLine: {'line': b'-- Up-to-date symlink: /home/prathamkelkar/ros2_ws/install/px4_msgs/share/px4_msgs/msg/LedControl.json\n'}
[1.899176] (px4_msgs) StdoutLine: {'line': b'-- Up-to-date symlink: /home/prathamkelkar/ros2_ws/install/px4_msgs/share/px4_msgs/msg/LogMessage.json\n'}
[1.899341] (px4_msgs) StdoutLine: {'line': b'-- Up-to-date symlink: /home/prathamkelkar/ros2_ws/install/px4_msgs/share/px4_msgs/msg/LoggerStatus.json\n'}
[1.899522] (px4_msgs) StdoutLine: {'line': b'-- Up-to-date symlink: /home/prathamkelkar/ros2_ws/install/px4_msgs/share/px4_msgs/msg/MagWorkerData.json\n'}
[1.899637] (px4_msgs) StdoutLine: {'line': b'-- Up-to-date symlink: /home/prathamkelkar/ros2_ws/install/px4_msgs/share/px4_msgs/msg/MagnetometerBiasEstimate.json\n'}
[1.899766] (px4_msgs) StdoutLine: {'line': b'-- Up-to-date symlink: /home/prathamkelkar/ros2_ws/install/px4_msgs/share/px4_msgs/msg/ManualControlSetpoint.json\n'}
[1.899943] (px4_msgs) StdoutLine: {'line': b'-- Up-to-date symlink: /home/prathamkelkar/ros2_ws/install/px4_msgs/share/px4_msgs/msg/ManualControlSwitches.json\n'}
[1.900223] (px4_msgs) StdoutLine: {'line': b'-- Up-to-date symlink: /home/prathamkelkar/ros2_ws/install/px4_msgs/share/px4_msgs/msg/MavlinkLog.json\n'}
[1.900385] (px4_msgs) StdoutLine: {'line': b'-- Up-to-date symlink: /home/prathamkelkar/ros2_ws/install/px4_msgs/share/px4_msgs/msg/MavlinkTunnel.json\n'}
[1.900545] (px4_msgs) StdoutLine: {'line': b'-- Up-to-date symlink: /home/prathamkelkar/ros2_ws/install/px4_msgs/share/px4_msgs/msg/MessageFormatRequest.json\n'}
[1.900711] (px4_msgs) StdoutLine: {'line': b'-- Up-to-date symlink: /home/prathamkelkar/ros2_ws/install/px4_msgs/share/px4_msgs/msg/MessageFormatResponse.json\n'}
[1.900897] (px4_msgs) StdoutLine: {'line': b'-- Up-to-date symlink: /home/prathamkelkar/ros2_ws/install/px4_msgs/share/px4_msgs/msg/Mission.json\n'}
[1.901055] (px4_msgs) StdoutLine: {'line': b'-- Up-to-date symlink: /home/prathamkelkar/ros2_ws/install/px4_msgs/share/px4_msgs/msg/MissionResult.json\n'}
[1.901227] (px4_msgs) StdoutLine: {'line': b'-- Up-to-date symlink: /home/prathamkelkar/ros2_ws/install/px4_msgs/share/px4_msgs/msg/ModeCompleted.json\n'}
[1.901342] (px4_msgs) StdoutLine: {'line': b'-- Up-to-date symlink: /home/prathamkelkar/ros2_ws/install/px4_msgs/share/px4_msgs/msg/MountOrientation.json\n'}
[1.901457] (px4_msgs) StdoutLine: {'line': b'-- Up-to-date symlink: /home/prathamkelkar/ros2_ws/install/px4_msgs/share/px4_msgs/msg/NavigatorMissionItem.json\n'}
[1.901639] (px4_msgs) StdoutLine: {'line': b'-- Up-to-date symlink: /home/prathamkelkar/ros2_ws/install/px4_msgs/share/px4_msgs/msg/NormalizedUnsignedSetpoint.json\n'}
[1.901806] (px4_msgs) StdoutLine: {'line': b'-- Up-to-date symlink: /home/prathamkelkar/ros2_ws/install/px4_msgs/share/px4_msgs/msg/NpfgStatus.json\n'}
[1.902067] (px4_msgs) StdoutLine: {'line': b'-- Up-to-date symlink: /home/prathamkelkar/ros2_ws/install/px4_msgs/share/px4_msgs/msg/ObstacleDistance.json\n'}
[1.902261] (px4_msgs) StdoutLine: {'line': b'-- Up-to-date symlink: /home/prathamkelkar/ros2_ws/install/px4_msgs/share/px4_msgs/msg/OffboardControlMode.json\n'}
[1.902405] (px4_msgs) StdoutLine: {'line': b'-- Up-to-date symlink: /home/prathamkelkar/ros2_ws/install/px4_msgs/share/px4_msgs/msg/OnboardComputerStatus.json\n'}
[1.902553] (px4_msgs) StdoutLine: {'line': b'-- Up-to-date symlink: /home/prathamkelkar/ros2_ws/install/px4_msgs/share/px4_msgs/msg/OrbTest.json\n'}
[1.902765] (px4_msgs) StdoutLine: {'line': b'-- Up-to-date symlink: /home/prathamkelkar/ros2_ws/install/px4_msgs/share/px4_msgs/msg/OrbTestLarge.json\n'}
[1.902924] (px4_msgs) StdoutLine: {'line': b'-- Up-to-date symlink: /home/prathamkelkar/ros2_ws/install/px4_msgs/share/px4_msgs/msg/OrbTestMedium.json\n'}
[1.903060] (px4_msgs) StdoutLine: {'line': b'-- Up-to-date symlink: /home/prathamkelkar/ros2_ws/install/px4_msgs/share/px4_msgs/msg/OrbitStatus.json\n'}
[1.903164] (px4_msgs) StdoutLine: {'line': b'-- Up-to-date symlink: /home/prathamkelkar/ros2_ws/install/px4_msgs/share/px4_msgs/msg/ParameterResetRequest.json\n'}
[1.903310] (px4_msgs) StdoutLine: {'line': b'-- Up-to-date symlink: /home/prathamkelkar/ros2_ws/install/px4_msgs/share/px4_msgs/msg/ParameterSetUsedRequest.json\n'}
[1.903473] (px4_msgs) StdoutLine: {'line': b'-- Up-to-date symlink: /home/prathamkelkar/ros2_ws/install/px4_msgs/share/px4_msgs/msg/ParameterSetValueRequest.json\n'}
[1.903649] (px4_msgs) StdoutLine: {'line': b'-- Up-to-date symlink: /home/prathamkelkar/ros2_ws/install/px4_msgs/share/px4_msgs/msg/ParameterSetValueResponse.json\n'}
[1.903930] (px4_msgs) StdoutLine: {'line': b'-- Up-to-date symlink: /home/prathamkelkar/ros2_ws/install/px4_msgs/share/px4_msgs/msg/ParameterUpdate.json\n'}
[1.904096] (px4_msgs) StdoutLine: {'line': b'-- Up-to-date symlink: /home/prathamkelkar/ros2_ws/install/px4_msgs/share/px4_msgs/msg/Ping.json\n'}
[1.904287] (px4_msgs) StdoutLine: {'line': b'-- Up-to-date symlink: /home/prathamkelkar/ros2_ws/install/px4_msgs/share/px4_msgs/msg/PositionControllerLandingStatus.json\n'}
[1.904522] (px4_msgs) StdoutLine: {'line': b'-- Up-to-date symlink: /home/prathamkelkar/ros2_ws/install/px4_msgs/share/px4_msgs/msg/PositionControllerStatus.json\n'}
[1.904626] (px4_msgs) StdoutLine: {'line': b'-- Up-to-date symlink: /home/prathamkelkar/ros2_ws/install/px4_msgs/share/px4_msgs/msg/PositionSetpoint.json\n'}
[1.904885] (px4_msgs) StdoutLine: {'line': b'-- Up-to-date symlink: /home/prathamkelkar/ros2_ws/install/px4_msgs/share/px4_msgs/msg/PositionSetpointTriplet.json\n'}
[1.905108] (px4_msgs) StdoutLine: {'line': b'-- Up-to-date symlink: /home/prathamkelkar/ros2_ws/install/px4_msgs/share/px4_msgs/msg/PowerButtonState.json\n'}
[1.905222] (px4_msgs) StdoutLine: {'line': b'-- Up-to-date symlink: /home/prathamkelkar/ros2_ws/install/px4_msgs/share/px4_msgs/msg/PowerMonitor.json\n'}
[1.905337] (px4_msgs) StdoutLine: {'line': b'-- Up-to-date symlink: /home/prathamkelkar/ros2_ws/install/px4_msgs/share/px4_msgs/msg/PpsCapture.json\n'}
[1.905459] (px4_msgs) StdoutLine: {'line': b'-- Up-to-date symlink: /home/prathamkelkar/ros2_ws/install/px4_msgs/share/px4_msgs/msg/PwmInput.json\n'}
[1.905568] (px4_msgs) StdoutLine: {'line': b'-- Up-to-date symlink: /home/prathamkelkar/ros2_ws/install/px4_msgs/share/px4_msgs/msg/Px4ioStatus.json\n'}
[1.905796] (-) TimerEvent: {}
[1.905975] (px4_msgs) StdoutLine: {'line': b'-- Up-to-date symlink: /home/prathamkelkar/ros2_ws/install/px4_msgs/share/px4_msgs/msg/QshellReq.json\n'}
[1.906098] (px4_msgs) StdoutLine: {'line': b'-- Up-to-date symlink: /home/prathamkelkar/ros2_ws/install/px4_msgs/share/px4_msgs/msg/QshellRetval.json\n'}
[1.906201] (px4_msgs) StdoutLine: {'line': b'-- Up-to-date symlink: /home/prathamkelkar/ros2_ws/install/px4_msgs/share/px4_msgs/msg/RadioStatus.json\n'}
[1.906361] (px4_msgs) StdoutLine: {'line': b'-- Up-to-date symlink: /home/prathamkelkar/ros2_ws/install/px4_msgs/share/px4_msgs/msg/RateCtrlStatus.json\n'}
[1.906552] (px4_msgs) StdoutLine: {'line': b'-- Up-to-date symlink: /home/prathamkelkar/ros2_ws/install/px4_msgs/share/px4_msgs/msg/RcChannels.json\n'}
[1.906716] (px4_msgs) StdoutLine: {'line': b'-- Up-to-date symlink: /home/prathamkelkar/ros2_ws/install/px4_msgs/share/px4_msgs/msg/RcParameterMap.json\n'}
[1.906833] (px4_msgs) StdoutLine: {'line': b'-- Up-to-date symlink: /home/prathamkelkar/ros2_ws/install/px4_msgs/share/px4_msgs/msg/RegisterExtComponentReply.json\n'}
[1.907091] (px4_msgs) StdoutLine: {'line': b'-- Up-to-date symlink: /home/prathamkelkar/ros2_ws/install/px4_msgs/share/px4_msgs/msg/RegisterExtComponentRequest.json\n'}
[1.907286] (px4_msgs) StdoutLine: {'line': b'-- Up-to-date symlink: /home/prathamkelkar/ros2_ws/install/px4_msgs/share/px4_msgs/msg/Rpm.json\n'}
[1.907419] (px4_msgs) StdoutLine: {'line': b'-- Up-to-date symlink: /home/prathamkelkar/ros2_ws/install/px4_msgs/share/px4_msgs/msg/RtlStatus.json\n'}
[1.907532] (px4_msgs) StdoutLine: {'line': b'-- Up-to-date symlink: /home/prathamkelkar/ros2_ws/install/px4_msgs/share/px4_msgs/msg/RtlTimeEstimate.json\n'}
[1.907646] (px4_msgs) StdoutLine: {'line': b'-- Up-to-date symlink: /home/prathamkelkar/ros2_ws/install/px4_msgs/share/px4_msgs/msg/SatelliteInfo.json\n'}
[1.908021] (px4_msgs) StdoutLine: {'line': b'-- Up-to-date symlink: /home/prathamkelkar/ros2_ws/install/px4_msgs/share/px4_msgs/msg/SensorAccel.json\n'}
[1.908234] (px4_msgs) StdoutLine: {'line': b'-- Up-to-date symlink: /home/prathamkelkar/ros2_ws/install/px4_msgs/share/px4_msgs/msg/SensorAccelFifo.json\n'}
[1.908374] (px4_msgs) StdoutLine: {'line': b'-- Up-to-date symlink: /home/prathamkelkar/ros2_ws/install/px4_msgs/share/px4_msgs/msg/SensorAirflow.json\n'}
[1.908493] (px4_msgs) StdoutLine: {'line': b'-- Up-to-date symlink: /home/prathamkelkar/ros2_ws/install/px4_msgs/share/px4_msgs/msg/SensorBaro.json\n'}
[1.908593] (px4_msgs) StdoutLine: {'line': b'-- Up-to-date symlink: /home/prathamkelkar/ros2_ws/install/px4_msgs/share/px4_msgs/msg/SensorCombined.json\n'}
[1.908720] (px4_msgs) StdoutLine: {'line': b'-- Up-to-date symlink: /home/prathamkelkar/ros2_ws/install/px4_msgs/share/px4_msgs/msg/SensorCorrection.json\n'}
[1.909050] (px4_msgs) StdoutLine: {'line': b'-- Up-to-date symlink: /home/prathamkelkar/ros2_ws/install/px4_msgs/share/px4_msgs/msg/SensorGnssRelative.json\n'}
[1.909283] (px4_msgs) StdoutLine: {'line': b'-- Up-to-date symlink: /home/prathamkelkar/ros2_ws/install/px4_msgs/share/px4_msgs/msg/SensorGps.json\n'}
[1.909403] (px4_msgs) StdoutLine: {'line': b'-- Up-to-date symlink: /home/prathamkelkar/ros2_ws/install/px4_msgs/share/px4_msgs/msg/SensorGyro.json\n'}
[1.909536] (px4_msgs) StdoutLine: {'line': b'-- Up-to-date symlink: /home/prathamkelkar/ros2_ws/install/px4_msgs/share/px4_msgs/msg/SensorGyroFft.json\n'}
[1.909667] (px4_msgs) StdoutLine: {'line': b'-- Up-to-date symlink: /home/prathamkelkar/ros2_ws/install/px4_msgs/share/px4_msgs/msg/SensorGyroFifo.json\n'}
[1.909788] (px4_msgs) StdoutLine: {'line': b'-- Up-to-date symlink: /home/prathamkelkar/ros2_ws/install/px4_msgs/share/px4_msgs/msg/SensorHygrometer.json\n'}
[1.910016] (px4_msgs) StdoutLine: {'line': b'-- Up-to-date symlink: /home/prathamkelkar/ros2_ws/install/px4_msgs/share/px4_msgs/msg/SensorMag.json\n'}
[1.910222] (px4_msgs) StdoutLine: {'line': b'-- Up-to-date symlink: /home/prathamkelkar/ros2_ws/install/px4_msgs/share/px4_msgs/msg/SensorOpticalFlow.json\n'}
[1.910354] (px4_msgs) StdoutLine: {'line': b'-- Up-to-date symlink: /home/prathamkelkar/ros2_ws/install/px4_msgs/share/px4_msgs/msg/SensorPreflightMag.json\n'}
[1.910468] (px4_msgs) StdoutLine: {'line': b'-- Up-to-date symlink: /home/prathamkelkar/ros2_ws/install/px4_msgs/share/px4_msgs/msg/SensorSelection.json\n'}
[1.910719] (px4_msgs) StdoutLine: {'line': b'-- Up-to-date symlink: /home/prathamkelkar/ros2_ws/install/px4_msgs/share/px4_msgs/msg/SensorUwb.json\n'}
[1.910933] (px4_msgs) StdoutLine: {'line': b'-- Up-to-date symlink: /home/prathamkelkar/ros2_ws/install/px4_msgs/share/px4_msgs/msg/SensorsStatus.json\n'}
[1.911075] (px4_msgs) StdoutLine: {'line': b'-- Up-to-date symlink: /home/prathamkelkar/ros2_ws/install/px4_msgs/share/px4_msgs/msg/SensorsStatusImu.json\n'}
[1.911179] (px4_msgs) StdoutLine: {'line': b'-- Up-to-date symlink: /home/prathamkelkar/ros2_ws/install/px4_msgs/share/px4_msgs/msg/SystemPower.json\n'}
[1.911290] (px4_msgs) StdoutLine: {'line': b'-- Up-to-date symlink: /home/prathamkelkar/ros2_ws/install/px4_msgs/share/px4_msgs/msg/TakeoffStatus.json\n'}
[1.911580] (px4_msgs) StdoutLine: {'line': b'-- Up-to-date symlink: /home/prathamkelkar/ros2_ws/install/px4_msgs/share/px4_msgs/msg/TaskStackInfo.json\n'}
[1.911790] (px4_msgs) StdoutLine: {'line': b'-- Up-to-date symlink: /home/prathamkelkar/ros2_ws/install/px4_msgs/share/px4_msgs/msg/TecsStatus.json\n'}
[1.911923] (px4_msgs) StdoutLine: {'line': b'-- Up-to-date symlink: /home/prathamkelkar/ros2_ws/install/px4_msgs/share/px4_msgs/msg/TelemetryStatus.json\n'}
[1.912039] (px4_msgs) StdoutLine: {'line': b'-- Up-to-date symlink: /home/prathamkelkar/ros2_ws/install/px4_msgs/share/px4_msgs/msg/TiltrotorExtraControls.json\n'}
[1.912328] (px4_msgs) StdoutLine: {'line': b'-- Up-to-date symlink: /home/prathamkelkar/ros2_ws/install/px4_msgs/share/px4_msgs/msg/TimesyncStatus.json\n'}
[1.912517] (px4_msgs) StdoutLine: {'line': b'-- Up-to-date symlink: /home/prathamkelkar/ros2_ws/install/px4_msgs/share/px4_msgs/msg/TrajectoryBezier.json\n'}
[1.912670] (px4_msgs) StdoutLine: {'line': b'-- Up-to-date symlink: /home/prathamkelkar/ros2_ws/install/px4_msgs/share/px4_msgs/msg/TrajectorySetpoint.json\n'}
[1.912792] (px4_msgs) StdoutLine: {'line': b'-- Up-to-date symlink: /home/prathamkelkar/ros2_ws/install/px4_msgs/share/px4_msgs/msg/TrajectoryWaypoint.json\n'}
[1.912923] (px4_msgs) StdoutLine: {'line': b'-- Up-to-date symlink: /home/prathamkelkar/ros2_ws/install/px4_msgs/share/px4_msgs/msg/TransponderReport.json\n'}
[1.913055] (px4_msgs) StdoutLine: {'line': b'-- Up-to-date symlink: /home/prathamkelkar/ros2_ws/install/px4_msgs/share/px4_msgs/msg/TuneControl.json\n'}
[1.913171] (px4_msgs) StdoutLine: {'line': b'-- Up-to-date symlink: /home/prathamkelkar/ros2_ws/install/px4_msgs/share/px4_msgs/msg/UavcanParameterRequest.json\n'}
[1.913303] (px4_msgs) StdoutLine: {'line': b'-- Up-to-date symlink: /home/prathamkelkar/ros2_ws/install/px4_msgs/share/px4_msgs/msg/UavcanParameterValue.json\n'}
[1.913559] (px4_msgs) StdoutLine: {'line': b'-- Up-to-date symlink: /home/prathamkelkar/ros2_ws/install/px4_msgs/share/px4_msgs/msg/UlogStream.json\n'}
[1.914019] (px4_msgs) StdoutLine: {'line': b'-- Up-to-date symlink: /home/prathamkelkar/ros2_ws/install/px4_msgs/share/px4_msgs/msg/UlogStreamAck.json\n'}
[1.914380] (px4_msgs) StdoutLine: {'line': b'-- Up-to-date symlink: /home/prathamkelkar/ros2_ws/install/px4_msgs/share/px4_msgs/msg/UnregisterExtComponent.json\n'}
[1.914549] (simple_quadcopter_teleop) StdoutLine: {'line': b'running egg_info\n'}
[1.914680] (px4_msgs) StdoutLine: {'line': b'-- Up-to-date symlink: /home/prathamkelkar/ros2_ws/install/px4_msgs/share/px4_msgs/msg/VehicleAcceleration.json\n'}
[1.914781] (px4_msgs) StdoutLine: {'line': b'-- Up-to-date symlink: /home/prathamkelkar/ros2_ws/install/px4_msgs/share/px4_msgs/msg/VehicleAirData.json\n'}
[1.915083] (px4_msgs) StdoutLine: {'line': b'-- Up-to-date symlink: /home/prathamkelkar/ros2_ws/install/px4_msgs/share/px4_msgs/msg/VehicleAngularAccelerationSetpoint.json\n'}
[1.915230] (px4_msgs) StdoutLine: {'line': b'-- Up-to-date symlink: /home/prathamkelkar/ros2_ws/install/px4_msgs/share/px4_msgs/msg/VehicleAngularVelocity.json\n'}
[1.915349] (px4_msgs) StdoutLine: {'line': b'-- Up-to-date symlink: /home/prathamkelkar/ros2_ws/install/px4_msgs/share/px4_msgs/msg/VehicleAttitude.json\n'}
[1.915446] (px4_msgs) StdoutLine: {'line': b'-- Up-to-date symlink: /home/prathamkelkar/ros2_ws/install/px4_msgs/share/px4_msgs/msg/VehicleAttitudeSetpoint.json\n'}
[1.915582] (px4_msgs) StdoutLine: {'line': b'-- Up-to-date symlink: /home/prathamkelkar/ros2_ws/install/px4_msgs/share/px4_msgs/msg/VehicleCommand.json\n'}
[1.915691] (px4_msgs) StdoutLine: {'line': b'-- Up-to-date symlink: /home/prathamkelkar/ros2_ws/install/px4_msgs/share/px4_msgs/msg/VehicleCommandAck.json\n'}
[1.915793] (px4_msgs) StdoutLine: {'line': b'-- Up-to-date symlink: /home/prathamkelkar/ros2_ws/install/px4_msgs/share/px4_msgs/msg/VehicleConstraints.json\n'}
[1.915985] (px4_msgs) StdoutLine: {'line': b'-- Up-to-date symlink: /home/prathamkelkar/ros2_ws/install/px4_msgs/share/px4_msgs/msg/VehicleControlMode.json\n'}
[1.916215] (px4_msgs) StdoutLine: {'line': b'-- Up-to-date symlink: /home/prathamkelkar/ros2_ws/install/px4_msgs/share/px4_msgs/msg/VehicleGlobalPosition.json\n'}
[1.916331] (px4_msgs) StdoutLine: {'line': b'-- Up-to-date symlink: /home/prathamkelkar/ros2_ws/install/px4_msgs/share/px4_msgs/msg/VehicleImu.json\n'}
[1.916471] (px4_msgs) StdoutLine: {'line': b'-- Up-to-date symlink: /home/prathamkelkar/ros2_ws/install/px4_msgs/share/px4_msgs/msg/VehicleImuStatus.json\n'}
[1.916568] (px4_msgs) StdoutLine: {'line': b'-- Up-to-date symlink: /home/prathamkelkar/ros2_ws/install/px4_msgs/share/px4_msgs/msg/VehicleLandDetected.json\n'}
[1.916833] (px4_msgs) StdoutLine: {'line': b'-- Up-to-date symlink: /home/prathamkelkar/ros2_ws/install/px4_msgs/share/px4_msgs/msg/VehicleLocalPosition.json\n'}
[1.916954] (px4_msgs) StdoutLine: {'line': b'-- Up-to-date symlink: /home/prathamkelkar/ros2_ws/install/px4_msgs/share/px4_msgs/msg/VehicleLocalPositionSetpoint.json\n'}
[1.917190] (px4_msgs) StdoutLine: {'line': b'-- Up-to-date symlink: /home/prathamkelkar/ros2_ws/install/px4_msgs/share/px4_msgs/msg/VehicleMagnetometer.json\n'}
[1.917415] (px4_msgs) StdoutLine: {'line': b'-- Up-to-date symlink: /home/prathamkelkar/ros2_ws/install/px4_msgs/share/px4_msgs/msg/VehicleOdometry.json\n'}
[1.917542] (px4_msgs) StdoutLine: {'line': b'-- Up-to-date symlink: /home/prathamkelkar/ros2_ws/install/px4_msgs/share/px4_msgs/msg/VehicleOpticalFlow.json\n'}
[1.917916] (px4_msgs) StdoutLine: {'line': b'-- Up-to-date symlink: /home/prathamkelkar/ros2_ws/install/px4_msgs/share/px4_msgs/msg/VehicleOpticalFlowVel.json\n'}
[1.918222] (px4_msgs) StdoutLine: {'line': b'-- Up-to-date symlink: /home/prathamkelkar/ros2_ws/install/px4_msgs/share/px4_msgs/msg/VehicleRatesSetpoint.json\n'}
[1.918360] (px4_msgs) StdoutLine: {'line': b'-- Up-to-date symlink: /home/prathamkelkar/ros2_ws/install/px4_msgs/share/px4_msgs/msg/VehicleRoi.json\n'}
[1.918487] (px4_msgs) StdoutLine: {'line': b'-- Up-to-date symlink: /home/prathamkelkar/ros2_ws/install/px4_msgs/share/px4_msgs/msg/VehicleStatus.json\n'}
[1.918585] (px4_msgs) StdoutLine: {'line': b'-- Up-to-date symlink: /home/prathamkelkar/ros2_ws/install/px4_msgs/share/px4_msgs/msg/VehicleThrustSetpoint.json\n'}
[1.918706] (px4_msgs) StdoutLine: {'line': b'-- Up-to-date symlink: /home/prathamkelkar/ros2_ws/install/px4_msgs/share/px4_msgs/msg/VehicleTorqueSetpoint.json\n'}
[1.918801] (px4_msgs) StdoutLine: {'line': b'-- Up-to-date symlink: /home/prathamkelkar/ros2_ws/install/px4_msgs/share/px4_msgs/msg/VehicleTrajectoryBezier.json\n'}
[1.918895] (px4_msgs) StdoutLine: {'line': b'-- Up-to-date symlink: /home/prathamkelkar/ros2_ws/install/px4_msgs/share/px4_msgs/msg/VehicleTrajectoryWaypoint.json\n'}
[1.919003] (px4_msgs) StdoutLine: {'line': b'-- Up-to-date symlink: /home/prathamkelkar/ros2_ws/install/px4_msgs/share/px4_msgs/msg/VelocityLimits.json\n'}
[1.919109] (px4_msgs) StdoutLine: {'line': b'-- Up-to-date symlink: /home/prathamkelkar/ros2_ws/install/px4_msgs/share/px4_msgs/msg/VtolVehicleStatus.json\n'}
[1.919219] (px4_msgs) StdoutLine: {'line': b'-- Up-to-date symlink: /home/prathamkelkar/ros2_ws/install/px4_msgs/share/px4_msgs/msg/WheelEncoders.json\n'}
[1.919326] (px4_msgs) StdoutLine: {'line': b'-- Up-to-date symlink: /home/prathamkelkar/ros2_ws/install/px4_msgs/share/px4_msgs/msg/Wind.json\n'}
[1.919432] (px4_msgs) StdoutLine: {'line': b'-- Up-to-date symlink: /home/prathamkelkar/ros2_ws/install/px4_msgs/share/px4_msgs/msg/YawEstimatorStatus.json\n'}
[1.919574] (px4_msgs) StdoutLine: {'line': b'-- Up-to-date symlink: /home/prathamkelkar/ros2_ws/install/px4_msgs/share/px4_msgs/srv/VehicleCommand.json\n'}
[1.931525] (px4_msgs) StdoutLine: {'line': b'-- Up-to-date symlink: /home/prathamkelkar/ros2_ws/install/px4_msgs/include/px4_msgs/px4_msgs/msg/action_request.h\n'}
[1.931806] (px4_msgs) StdoutLine: {'line': b'-- Up-to-date symlink: /home/prathamkelkar/ros2_ws/install/px4_msgs/include/px4_msgs/px4_msgs/msg/actuator_armed.h\n'}
[1.931927] (px4_msgs) StdoutLine: {'line': b'-- Up-to-date symlink: /home/prathamkelkar/ros2_ws/install/px4_msgs/include/px4_msgs/px4_msgs/msg/actuator_controls_status.h\n'}
[1.932084] (px4_msgs) StdoutLine: {'line': b'-- Up-to-date symlink: /home/prathamkelkar/ros2_ws/install/px4_msgs/include/px4_msgs/px4_msgs/msg/actuator_motors.h\n'}
[1.932181] (px4_msgs) StdoutLine: {'line': b'-- Up-to-date symlink: /home/prathamkelkar/ros2_ws/install/px4_msgs/include/px4_msgs/px4_msgs/msg/actuator_outputs.h\n'}
[1.932319] (px4_msgs) StdoutLine: {'line': b'-- Up-to-date symlink: /home/prathamkelkar/ros2_ws/install/px4_msgs/include/px4_msgs/px4_msgs/msg/actuator_servos.h\n'}
[1.932416] (px4_msgs) StdoutLine: {'line': b'-- Up-to-date symlink: /home/prathamkelkar/ros2_ws/install/px4_msgs/include/px4_msgs/px4_msgs/msg/actuator_servos_trim.h\n'}
[1.932521] (px4_msgs) StdoutLine: {'line': b'-- Up-to-date symlink: /home/prathamkelkar/ros2_ws/install/px4_msgs/include/px4_msgs/px4_msgs/msg/actuator_test.h\n'}
[1.932686] (px4_msgs) StdoutLine: {'line': b'-- Up-to-date symlink: /home/prathamkelkar/ros2_ws/install/px4_msgs/include/px4_msgs/px4_msgs/msg/adc_report.h\n'}
[1.932806] (px4_msgs) StdoutLine: {'line': b'-- Up-to-date symlink: /home/prathamkelkar/ros2_ws/install/px4_msgs/include/px4_msgs/px4_msgs/msg/airspeed.h\n'}
[1.932913] (px4_msgs) StdoutLine: {'line': b'-- Up-to-date symlink: /home/prathamkelkar/ros2_ws/install/px4_msgs/include/px4_msgs/px4_msgs/msg/airspeed_validated.h\n'}
[1.933047] (px4_msgs) StdoutLine: {'line': b'-- Up-to-date symlink: /home/prathamkelkar/ros2_ws/install/px4_msgs/include/px4_msgs/px4_msgs/msg/airspeed_wind.h\n'}
[1.933145] (px4_msgs) StdoutLine: {'line': b'-- Up-to-date symlink: /home/prathamkelkar/ros2_ws/install/px4_msgs/include/px4_msgs/px4_msgs/msg/arming_check_reply.h\n'}
[1.933295] (px4_msgs) StdoutLine: {'line': b'-- Up-to-date symlink: /home/prathamkelkar/ros2_ws/install/px4_msgs/include/px4_msgs/px4_msgs/msg/arming_check_request.h\n'}
[1.933390] (px4_msgs) StdoutLine: {'line': b'-- Up-to-date symlink: /home/prathamkelkar/ros2_ws/install/px4_msgs/include/px4_msgs/px4_msgs/msg/autotune_attitude_control_status.h\n'}
[1.933526] (px4_msgs) StdoutLine: {'line': b'-- Up-to-date symlink: /home/prathamkelkar/ros2_ws/install/px4_msgs/include/px4_msgs/px4_msgs/msg/battery_status.h\n'}
[1.933626] (px4_msgs) StdoutLine: {'line': b'-- Up-to-date symlink: /home/prathamkelkar/ros2_ws/install/px4_msgs/include/px4_msgs/px4_msgs/msg/buffer128.h\n'}
[1.933720] (px4_msgs) StdoutLine: {'line': b'-- Up-to-date symlink: /home/prathamkelkar/ros2_ws/install/px4_msgs/include/px4_msgs/px4_msgs/msg/button_event.h\n'}
[1.933814] (px4_msgs) StdoutLine: {'line': b'-- Up-to-date symlink: /home/prathamkelkar/ros2_ws/install/px4_msgs/include/px4_msgs/px4_msgs/msg/camera_capture.h\n'}
[1.933992] (px4_msgs) StdoutLine: {'line': b'-- Up-to-date symlink: /home/prathamkelkar/ros2_ws/install/px4_msgs/include/px4_msgs/px4_msgs/msg/camera_status.h\n'}
[1.934114] (px4_msgs) StdoutLine: {'line': b'-- Up-to-date symlink: /home/prathamkelkar/ros2_ws/install/px4_msgs/include/px4_msgs/px4_msgs/msg/camera_trigger.h\n'}
[1.934287] (px4_msgs) StdoutLine: {'line': b'-- Up-to-date symlink: /home/prathamkelkar/ros2_ws/install/px4_msgs/include/px4_msgs/px4_msgs/msg/can_interface_status.h\n'}
[1.934381] (px4_msgs) StdoutLine: {'line': b'-- Up-to-date symlink: /home/prathamkelkar/ros2_ws/install/px4_msgs/include/px4_msgs/px4_msgs/msg/cellular_status.h\n'}
[1.934553] (simple_quadcopter_teleop) StdoutLine: {'line': b'writing simple_quadcopter_teleop.egg-info/PKG-INFO\n'}
[1.934730] (px4_msgs) StdoutLine: {'line': b'-- Up-to-date symlink: /home/prathamkelkar/ros2_ws/install/px4_msgs/include/px4_msgs/px4_msgs/msg/collision_constraints.h\n'}
[1.934837] (px4_msgs) StdoutLine: {'line': b'-- Up-to-date symlink: /home/prathamkelkar/ros2_ws/install/px4_msgs/include/px4_msgs/px4_msgs/msg/collision_report.h\n'}
[1.934932] (simple_quadcopter_teleop) StdoutLine: {'line': b'writing dependency_links to simple_quadcopter_teleop.egg-info/dependency_links.txt\n'}
[1.935036] (simple_quadcopter_teleop) StdoutLine: {'line': b'writing entry points to simple_quadcopter_teleop.egg-info/entry_points.txt\n'}
[1.935131] (px4_msgs) StdoutLine: {'line': b'-- Up-to-date symlink: /home/prathamkelkar/ros2_ws/install/px4_msgs/include/px4_msgs/px4_msgs/msg/config_overrides.h\n'}
[1.935223] (px4_msgs) StdoutLine: {'line': b'-- Up-to-date symlink: /home/prathamkelkar/ros2_ws/install/px4_msgs/include/px4_msgs/px4_msgs/msg/control_allocator_status.h\n'}
[1.935338] (px4_msgs) StdoutLine: {'line': b'-- Up-to-date symlink: /home/prathamkelkar/ros2_ws/install/px4_msgs/include/px4_msgs/px4_msgs/msg/cpuload.h\n'}
[1.935441] (simple_quadcopter_teleop) StdoutLine: {'line': b'writing requirements to simple_quadcopter_teleop.egg-info/requires.txt\n'}
[1.935546] (simple_quadcopter_teleop) StdoutLine: {'line': b'writing top-level names to simple_quadcopter_teleop.egg-info/top_level.txt\n'}
[1.935658] (px4_msgs) StdoutLine: {'line': b'-- Up-to-date symlink: /home/prathamkelkar/ros2_ws/install/px4_msgs/include/px4_msgs/px4_msgs/msg/dataman_request.h\n'}
[1.935751] (px4_msgs) StdoutLine: {'line': b'-- Up-to-date symlink: /home/prathamkelkar/ros2_ws/install/px4_msgs/include/px4_msgs/px4_msgs/msg/dataman_response.h\n'}
[1.935843] (px4_msgs) StdoutLine: {'line': b'-- Up-to-date symlink: /home/prathamkelkar/ros2_ws/install/px4_msgs/include/px4_msgs/px4_msgs/msg/debug_array.h\n'}
[1.935934] (px4_msgs) StdoutLine: {'line': b'-- Up-to-date symlink: /home/prathamkelkar/ros2_ws/install/px4_msgs/include/px4_msgs/px4_msgs/msg/debug_key_value.h\n'}
[1.936062] (px4_msgs) StdoutLine: {'line': b'-- Up-to-date symlink: /home/prathamkelkar/ros2_ws/install/px4_msgs/include/px4_msgs/px4_msgs/msg/debug_value.h\n'}
[1.936152] (px4_msgs) StdoutLine: {'line': b'-- Up-to-date symlink: /home/prathamkelkar/ros2_ws/install/px4_msgs/include/px4_msgs/px4_msgs/msg/debug_vect.h\n'}
[1.936286] (px4_msgs) StdoutLine: {'line': b'-- Up-to-date symlink: /home/prathamkelkar/ros2_ws/install/px4_msgs/include/px4_msgs/px4_msgs/msg/detail/action_request__functions.h\n'}
[1.936390] (px4_msgs) StdoutLine: {'line': b'-- Up-to-date symlink: /home/prathamkelkar/ros2_ws/install/px4_msgs/include/px4_msgs/px4_msgs/msg/detail/action_request__struct.h\n'}
[1.936519] (px4_msgs) StdoutLine: {'line': b'-- Up-to-date symlink: /home/prathamkelkar/ros2_ws/install/px4_msgs/include/px4_msgs/px4_msgs/msg/detail/action_request__type_support.h\n'}
[1.936652] (px4_msgs) StdoutLine: {'line': b'-- Up-to-date symlink: /home/prathamkelkar/ros2_ws/install/px4_msgs/include/px4_msgs/px4_msgs/msg/detail/actuator_armed__functions.h\n'}
[1.936779] (px4_msgs) StdoutLine: {'line': b'-- Up-to-date symlink: /home/prathamkelkar/ros2_ws/install/px4_msgs/include/px4_msgs/px4_msgs/msg/detail/actuator_armed__struct.h\n'}
[1.936873] (px4_msgs) StdoutLine: {'line': b'-- Up-to-date symlink: /home/prathamkelkar/ros2_ws/install/px4_msgs/include/px4_msgs/px4_msgs/msg/detail/actuator_armed__type_support.h\n'}
[1.936968] (px4_msgs) StdoutLine: {'line': b'-- Up-to-date symlink: /home/prathamkelkar/ros2_ws/install/px4_msgs/include/px4_msgs/px4_msgs/msg/detail/actuator_controls_status__functions.h\n'}
[1.937072] (px4_msgs) StdoutLine: {'line': b'-- Up-to-date symlink: /home/prathamkelkar/ros2_ws/install/px4_msgs/include/px4_msgs/px4_msgs/msg/detail/actuator_controls_status__struct.h\n'}
[1.937197] (px4_msgs) StdoutLine: {'line': b'-- Up-to-date symlink: /home/prathamkelkar/ros2_ws/install/px4_msgs/include/px4_msgs/px4_msgs/msg/detail/actuator_controls_status__type_support.h\n'}
[1.937330] (px4_msgs) StdoutLine: {'line': b'-- Up-to-date symlink: /home/prathamkelkar/ros2_ws/install/px4_msgs/include/px4_msgs/px4_msgs/msg/detail/actuator_motors__functions.h\n'}
[1.937450] (px4_msgs) StdoutLine: {'line': b'-- Up-to-date symlink: /home/prathamkelkar/ros2_ws/install/px4_msgs/include/px4_msgs/px4_msgs/msg/detail/actuator_motors__struct.h\n'}
[1.937544] (px4_msgs) StdoutLine: {'line': b'-- Up-to-date symlink: /home/prathamkelkar/ros2_ws/install/px4_msgs/include/px4_msgs/px4_msgs/msg/detail/actuator_motors__type_support.h\n'}
[1.937663] (px4_msgs) StdoutLine: {'line': b'-- Up-to-date symlink: /home/prathamkelkar/ros2_ws/install/px4_msgs/include/px4_msgs/px4_msgs/msg/detail/actuator_outputs__functions.h\n'}
[1.937768] (px4_msgs) StdoutLine: {'line': b'-- Up-to-date symlink: /home/prathamkelkar/ros2_ws/install/px4_msgs/include/px4_msgs/px4_msgs/msg/detail/actuator_outputs__struct.h\n'}
[1.937887] (px4_msgs) StdoutLine: {'line': b'-- Up-to-date symlink: /home/prathamkelkar/ros2_ws/install/px4_msgs/include/px4_msgs/px4_msgs/msg/detail/actuator_outputs__type_support.h\n'}
[1.937979] (px4_msgs) StdoutLine: {'line': b'-- Up-to-date symlink: /home/prathamkelkar/ros2_ws/install/px4_msgs/include/px4_msgs/px4_msgs/msg/detail/actuator_servos__functions.h\n'}
[1.938110] (px4_msgs) StdoutLine: {'line': b'-- Up-to-date symlink: /home/prathamkelkar/ros2_ws/install/px4_msgs/include/px4_msgs/px4_msgs/msg/detail/actuator_servos__struct.h\n'}
[1.938232] (px4_msgs) StdoutLine: {'line': b'-- Up-to-date symlink: /home/prathamkelkar/ros2_ws/install/px4_msgs/include/px4_msgs/px4_msgs/msg/detail/actuator_servos__type_support.h\n'}
[1.938341] (px4_msgs) StdoutLine: {'line': b'-- Up-to-date symlink: /home/prathamkelkar/ros2_ws/install/px4_msgs/include/px4_msgs/px4_msgs/msg/detail/actuator_servos_trim__functions.h\n'}
[1.938445] (px4_msgs) StdoutLine: {'line': b'-- Up-to-date symlink: /home/prathamkelkar/ros2_ws/install/px4_msgs/include/px4_msgs/px4_msgs/msg/detail/actuator_servos_trim__struct.h\n'}
[1.938552] (px4_msgs) StdoutLine: {'line': b'-- Up-to-date symlink: /home/prathamkelkar/ros2_ws/install/px4_msgs/include/px4_msgs/px4_msgs/msg/detail/actuator_servos_trim__type_support.h\n'}
[1.938654] (px4_msgs) StdoutLine: {'line': b'-- Up-to-date symlink: /home/prathamkelkar/ros2_ws/install/px4_msgs/include/px4_msgs/px4_msgs/msg/detail/actuator_test__functions.h\n'}
[1.938784] (px4_msgs) StdoutLine: {'line': b'-- Up-to-date symlink: /home/prathamkelkar/ros2_ws/install/px4_msgs/include/px4_msgs/px4_msgs/msg/detail/actuator_test__struct.h\n'}
[1.938876] (px4_msgs) StdoutLine: {'line': b'-- Up-to-date symlink: /home/prathamkelkar/ros2_ws/install/px4_msgs/include/px4_msgs/px4_msgs/msg/detail/actuator_test__type_support.h\n'}
[1.938969] (px4_msgs) StdoutLine: {'line': b'-- Up-to-date symlink: /home/prathamkelkar/ros2_ws/install/px4_msgs/include/px4_msgs/px4_msgs/msg/detail/adc_report__functions.h\n'}
[1.939104] (px4_msgs) StdoutLine: {'line': b'-- Up-to-date symlink: /home/prathamkelkar/ros2_ws/install/px4_msgs/include/px4_msgs/px4_msgs/msg/detail/adc_report__struct.h\n'}
[1.939210] (px4_msgs) StdoutLine: {'line': b'-- Up-to-date symlink: /home/prathamkelkar/ros2_ws/install/px4_msgs/include/px4_msgs/px4_msgs/msg/detail/adc_report__type_support.h\n'}
[1.939315] (px4_msgs) StdoutLine: {'line': b'-- Up-to-date symlink: /home/prathamkelkar/ros2_ws/install/px4_msgs/include/px4_msgs/px4_msgs/msg/detail/airspeed__functions.h\n'}
[1.939417] (px4_msgs) StdoutLine: {'line': b'-- Up-to-date symlink: /home/prathamkelkar/ros2_ws/install/px4_msgs/include/px4_msgs/px4_msgs/msg/detail/airspeed__struct.h\n'}
[1.939518] (px4_msgs) StdoutLine: {'line': b'-- Up-to-date symlink: /home/prathamkelkar/ros2_ws/install/px4_msgs/include/px4_msgs/px4_msgs/msg/detail/airspeed__type_support.h\n'}
[1.939636] (px4_msgs) StdoutLine: {'line': b'-- Up-to-date symlink: /home/prathamkelkar/ros2_ws/install/px4_msgs/include/px4_msgs/px4_msgs/msg/detail/airspeed_validated__functions.h\n'}
[1.939738] (px4_msgs) StdoutLine: {'line': b'-- Up-to-date symlink: /home/prathamkelkar/ros2_ws/install/px4_msgs/include/px4_msgs/px4_msgs/msg/detail/airspeed_validated__struct.h\n'}
[1.939873] (px4_msgs) StdoutLine: {'line': b'-- Up-to-date symlink: /home/prathamkelkar/ros2_ws/install/px4_msgs/include/px4_msgs/px4_msgs/msg/detail/airspeed_validated__type_support.h\n'}
[1.939964] (px4_msgs) StdoutLine: {'line': b'-- Up-to-date symlink: /home/prathamkelkar/ros2_ws/install/px4_msgs/include/px4_msgs/px4_msgs/msg/detail/airspeed_wind__functions.h\n'}
[1.940101] (px4_msgs) StdoutLine: {'line': b'-- Up-to-date symlink: /home/prathamkelkar/ros2_ws/install/px4_msgs/include/px4_msgs/px4_msgs/msg/detail/airspeed_wind__struct.h\n'}
[1.940197] (px4_msgs) StdoutLine: {'line': b'-- Up-to-date symlink: /home/prathamkelkar/ros2_ws/install/px4_msgs/include/px4_msgs/px4_msgs/msg/detail/airspeed_wind__type_support.h\n'}
[1.940334] (px4_msgs) StdoutLine: {'line': b'-- Up-to-date symlink: /home/prathamkelkar/ros2_ws/install/px4_msgs/include/px4_msgs/px4_msgs/msg/detail/arming_check_reply__functions.h\n'}
[1.940425] (px4_msgs) StdoutLine: {'line': b'-- Up-to-date symlink: /home/prathamkelkar/ros2_ws/install/px4_msgs/include/px4_msgs/px4_msgs/msg/detail/arming_check_reply__struct.h\n'}
[1.940547] (px4_msgs) StdoutLine: {'line': b'-- Up-to-date symlink: /home/prathamkelkar/ros2_ws/install/px4_msgs/include/px4_msgs/px4_msgs/msg/detail/arming_check_reply__type_support.h\n'}
[1.940647] (px4_msgs) StdoutLine: {'line': b'-- Up-to-date symlink: /home/prathamkelkar/ros2_ws/install/px4_msgs/include/px4_msgs/px4_msgs/msg/detail/arming_check_request__functions.h\n'}
[1.940782] (px4_msgs) StdoutLine: {'line': b'-- Up-to-date symlink: /home/prathamkelkar/ros2_ws/install/px4_msgs/include/px4_msgs/px4_msgs/msg/detail/arming_check_request__struct.h\n'}
[1.940904] (px4_msgs) StdoutLine: {'line': b'-- Up-to-date symlink: /home/prathamkelkar/ros2_ws/install/px4_msgs/include/px4_msgs/px4_msgs/msg/detail/arming_check_request__type_support.h\n'}
[1.940996] (px4_msgs) StdoutLine: {'line': b'-- Up-to-date symlink: /home/prathamkelkar/ros2_ws/install/px4_msgs/include/px4_msgs/px4_msgs/msg/detail/autotune_attitude_control_status__functions.h\n'}
[1.941139] (px4_msgs) StdoutLine: {'line': b'-- Up-to-date symlink: /home/prathamkelkar/ros2_ws/install/px4_msgs/include/px4_msgs/px4_msgs/msg/detail/autotune_attitude_control_status__struct.h\n'}
[1.941230] (px4_msgs) StdoutLine: {'line': b'-- Up-to-date symlink: /home/prathamkelkar/ros2_ws/install/px4_msgs/include/px4_msgs/px4_msgs/msg/detail/autotune_attitude_control_status__type_support.h\n'}
[1.941363] (px4_msgs) StdoutLine: {'line': b'-- Up-to-date symlink: /home/prathamkelkar/ros2_ws/install/px4_msgs/include/px4_msgs/px4_msgs/msg/detail/battery_status__functions.h\n'}
[1.941468] (px4_msgs) StdoutLine: {'line': b'-- Up-to-date symlink: /home/prathamkelkar/ros2_ws/install/px4_msgs/include/px4_msgs/px4_msgs/msg/detail/battery_status__struct.h\n'}
[1.941572] (px4_msgs) StdoutLine: {'line': b'-- Up-to-date symlink: /home/prathamkelkar/ros2_ws/install/px4_msgs/include/px4_msgs/px4_msgs/msg/detail/battery_status__type_support.h\n'}
[1.941670] (px4_msgs) StdoutLine: {'line': b'-- Up-to-date symlink: /home/prathamkelkar/ros2_ws/install/px4_msgs/include/px4_msgs/px4_msgs/msg/detail/buffer128__functions.h\n'}
[1.941761] (px4_msgs) StdoutLine: {'line': b'-- Up-to-date symlink: /home/prathamkelkar/ros2_ws/install/px4_msgs/include/px4_msgs/px4_msgs/msg/detail/buffer128__struct.h\n'}
[1.941887] (px4_msgs) StdoutLine: {'line': b'-- Up-to-date symlink: /home/prathamkelkar/ros2_ws/install/px4_msgs/include/px4_msgs/px4_msgs/msg/detail/buffer128__type_support.h\n'}
[1.941979] (px4_msgs) StdoutLine: {'line': b'-- Up-to-date symlink: /home/prathamkelkar/ros2_ws/install/px4_msgs/include/px4_msgs/px4_msgs/msg/detail/button_event__functions.h\n'}
[1.942110] (px4_msgs) StdoutLine: {'line': b'-- Up-to-date symlink: /home/prathamkelkar/ros2_ws/install/px4_msgs/include/px4_msgs/px4_msgs/msg/detail/button_event__struct.h\n'}
[1.942237] (px4_msgs) StdoutLine: {'line': b'-- Up-to-date symlink: /home/prathamkelkar/ros2_ws/install/px4_msgs/include/px4_msgs/px4_msgs/msg/detail/button_event__type_support.h\n'}
[1.942330] (px4_msgs) StdoutLine: {'line': b'-- Up-to-date symlink: /home/prathamkelkar/ros2_ws/install/px4_msgs/include/px4_msgs/px4_msgs/msg/detail/camera_capture__functions.h\n'}
[1.942452] (px4_msgs) StdoutLine: {'line': b'-- Up-to-date symlink: /home/prathamkelkar/ros2_ws/install/px4_msgs/include/px4_msgs/px4_msgs/msg/detail/camera_capture__struct.h\n'}
[1.942543] (px4_msgs) StdoutLine: {'line': b'-- Up-to-date symlink: /home/prathamkelkar/ros2_ws/install/px4_msgs/include/px4_msgs/px4_msgs/msg/detail/camera_capture__type_support.h\n'}
[1.942688] (px4_msgs) StdoutLine: {'line': b'-- Up-to-date symlink: /home/prathamkelkar/ros2_ws/install/px4_msgs/include/px4_msgs/px4_msgs/msg/detail/camera_status__functions.h\n'}
[1.942780] (px4_msgs) StdoutLine: {'line': b'-- Up-to-date symlink: /home/prathamkelkar/ros2_ws/install/px4_msgs/include/px4_msgs/px4_msgs/msg/detail/camera_status__struct.h\n'}
[1.942914] (px4_msgs) StdoutLine: {'line': b'-- Up-to-date symlink: /home/prathamkelkar/ros2_ws/install/px4_msgs/include/px4_msgs/px4_msgs/msg/detail/camera_status__type_support.h\n'}
[1.943005] (px4_msgs) StdoutLine: {'line': b'-- Up-to-date symlink: /home/prathamkelkar/ros2_ws/install/px4_msgs/include/px4_msgs/px4_msgs/msg/detail/camera_trigger__functions.h\n'}
[1.943140] (px4_msgs) StdoutLine: {'line': b'-- Up-to-date symlink: /home/prathamkelkar/ros2_ws/install/px4_msgs/include/px4_msgs/px4_msgs/msg/detail/camera_trigger__struct.h\n'}
[1.943242] (px4_msgs) StdoutLine: {'line': b'-- Up-to-date symlink: /home/prathamkelkar/ros2_ws/install/px4_msgs/include/px4_msgs/px4_msgs/msg/detail/camera_trigger__type_support.h\n'}
[1.943354] (px4_msgs) StdoutLine: {'line': b'-- Up-to-date symlink: /home/prathamkelkar/ros2_ws/install/px4_msgs/include/px4_msgs/px4_msgs/msg/detail/can_interface_status__functions.h\n'}
[1.943464] (px4_msgs) StdoutLine: {'line': b'-- Up-to-date symlink: /home/prathamkelkar/ros2_ws/install/px4_msgs/include/px4_msgs/px4_msgs/msg/detail/can_interface_status__struct.h\n'}
[1.943568] (px4_msgs) StdoutLine: {'line': b'-- Up-to-date symlink: /home/prathamkelkar/ros2_ws/install/px4_msgs/include/px4_msgs/px4_msgs/msg/detail/can_interface_status__type_support.h\n'}
[1.943668] (px4_msgs) StdoutLine: {'line': b'-- Up-to-date symlink: /home/prathamkelkar/ros2_ws/install/px4_msgs/include/px4_msgs/px4_msgs/msg/detail/cellular_status__functions.h\n'}
[1.943761] (px4_msgs) StdoutLine: {'line': b'-- Up-to-date symlink: /home/prathamkelkar/ros2_ws/install/px4_msgs/include/px4_msgs/px4_msgs/msg/detail/cellular_status__struct.h\n'}
[1.943886] (px4_msgs) StdoutLine: {'line': b'-- Up-to-date symlink: /home/prathamkelkar/ros2_ws/install/px4_msgs/include/px4_msgs/px4_msgs/msg/detail/cellular_status__type_support.h\n'}
[1.943999] (px4_msgs) StdoutLine: {'line': b'-- Up-to-date symlink: /home/prathamkelkar/ros2_ws/install/px4_msgs/include/px4_msgs/px4_msgs/msg/detail/collision_constraints__functions.h\n'}
[1.944089] (px4_msgs) StdoutLine: {'line': b'-- Up-to-date symlink: /home/prathamkelkar/ros2_ws/install/px4_msgs/include/px4_msgs/px4_msgs/msg/detail/collision_constraints__struct.h\n'}
[1.944200] (px4_msgs) StdoutLine: {'line': b'-- Up-to-date symlink: /home/prathamkelkar/ros2_ws/install/px4_msgs/include/px4_msgs/px4_msgs/msg/detail/collision_constraints__type_support.h\n'}
[1.944293] (px4_msgs) StdoutLine: {'line': b'-- Up-to-date symlink: /home/prathamkelkar/ros2_ws/install/px4_msgs/include/px4_msgs/px4_msgs/msg/detail/collision_report__functions.h\n'}
[1.944383] (px4_msgs) StdoutLine: {'line': b'-- Up-to-date symlink: /home/prathamkelkar/ros2_ws/install/px4_msgs/include/px4_msgs/px4_msgs/msg/detail/collision_report__struct.h\n'}
[1.944529] (px4_msgs) StdoutLine: {'line': b'-- Up-to-date symlink: /home/prathamkelkar/ros2_ws/install/px4_msgs/include/px4_msgs/px4_msgs/msg/detail/collision_report__type_support.h\n'}
[1.944637] (px4_msgs) StdoutLine: {'line': b'-- Up-to-date symlink: /home/prathamkelkar/ros2_ws/install/px4_msgs/include/px4_msgs/px4_msgs/msg/detail/config_overrides__functions.h\n'}
[1.944730] (px4_msgs) StdoutLine: {'line': b'-- Up-to-date symlink: /home/prathamkelkar/ros2_ws/install/px4_msgs/include/px4_msgs/px4_msgs/msg/detail/config_overrides__struct.h\n'}
[1.944820] (px4_msgs) StdoutLine: {'line': b'-- Up-to-date symlink: /home/prathamkelkar/ros2_ws/install/px4_msgs/include/px4_msgs/px4_msgs/msg/detail/config_overrides__type_support.h\n'}
[1.944959] (px4_msgs) StdoutLine: {'line': b'-- Up-to-date symlink: /home/prathamkelkar/ros2_ws/install/px4_msgs/include/px4_msgs/px4_msgs/msg/detail/control_allocator_status__functions.h\n'}
[1.945052] (px4_msgs) StdoutLine: {'line': b'-- Up-to-date symlink: /home/prathamkelkar/ros2_ws/install/px4_msgs/include/px4_msgs/px4_msgs/msg/detail/control_allocator_status__struct.h\n'}
[1.945191] (px4_msgs) StdoutLine: {'line': b'-- Up-to-date symlink: /home/prathamkelkar/ros2_ws/install/px4_msgs/include/px4_msgs/px4_msgs/msg/detail/control_allocator_status__type_support.h\n'}
[1.945285] (px4_msgs) StdoutLine: {'line': b'-- Up-to-date symlink: /home/prathamkelkar/ros2_ws/install/px4_msgs/include/px4_msgs/px4_msgs/msg/detail/cpuload__functions.h\n'}
[1.945425] (px4_msgs) StdoutLine: {'line': b'-- Up-to-date symlink: /home/prathamkelkar/ros2_ws/install/px4_msgs/include/px4_msgs/px4_msgs/msg/detail/cpuload__struct.h\n'}
[1.945519] (px4_msgs) StdoutLine: {'line': b'-- Up-to-date symlink: /home/prathamkelkar/ros2_ws/install/px4_msgs/include/px4_msgs/px4_msgs/msg/detail/cpuload__type_support.h\n'}
[1.945641] (px4_msgs) StdoutLine: {'line': b'-- Up-to-date symlink: /home/prathamkelkar/ros2_ws/install/px4_msgs/include/px4_msgs/px4_msgs/msg/detail/dataman_request__functions.h\n'}
[1.945733] (px4_msgs) StdoutLine: {'line': b'-- Up-to-date symlink: /home/prathamkelkar/ros2_ws/install/px4_msgs/include/px4_msgs/px4_msgs/msg/detail/dataman_request__struct.h\n'}
[1.945907] (px4_msgs) StdoutLine: {'line': b'-- Up-to-date symlink: /home/prathamkelkar/ros2_ws/install/px4_msgs/include/px4_msgs/px4_msgs/msg/detail/dataman_request__type_support.h\n'}
[1.946001] (px4_msgs) StdoutLine: {'line': b'-- Up-to-date symlink: /home/prathamkelkar/ros2_ws/install/px4_msgs/include/px4_msgs/px4_msgs/msg/detail/dataman_response__functions.h\n'}
[1.946138] (px4_msgs) StdoutLine: {'line': b'-- Up-to-date symlink: /home/prathamkelkar/ros2_ws/install/px4_msgs/include/px4_msgs/px4_msgs/msg/detail/dataman_response__struct.h\n'}
[1.946232] (px4_msgs) StdoutLine: {'line': b'-- Up-to-date symlink: /home/prathamkelkar/ros2_ws/install/px4_msgs/include/px4_msgs/px4_msgs/msg/detail/dataman_response__type_support.h\n'}
[1.946417] (px4_msgs) StdoutLine: {'line': b'-- Up-to-date symlink: /home/prathamkelkar/ros2_ws/install/px4_msgs/include/px4_msgs/px4_msgs/msg/detail/debug_array__functions.h\n'}
[1.946529] (px4_msgs) StdoutLine: {'line': b'-- Up-to-date symlink: /home/prathamkelkar/ros2_ws/install/px4_msgs/include/px4_msgs/px4_msgs/msg/detail/debug_array__struct.h\n'}
[1.946663] (px4_msgs) StdoutLine: {'line': b'-- Up-to-date symlink: /home/prathamkelkar/ros2_ws/install/px4_msgs/include/px4_msgs/px4_msgs/msg/detail/debug_array__type_support.h\n'}
[1.946752] (px4_msgs) StdoutLine: {'line': b'-- Up-to-date symlink: /home/prathamkelkar/ros2_ws/install/px4_msgs/include/px4_msgs/px4_msgs/msg/detail/debug_key_value__functions.h\n'}
[1.946875] (px4_msgs) StdoutLine: {'line': b'-- Up-to-date symlink: /home/prathamkelkar/ros2_ws/install/px4_msgs/include/px4_msgs/px4_msgs/msg/detail/debug_key_value__struct.h\n'}
[1.947013] (px4_msgs) StdoutLine: {'line': b'-- Up-to-date symlink: /home/prathamkelkar/ros2_ws/install/px4_msgs/include/px4_msgs/px4_msgs/msg/detail/debug_key_value__type_support.h\n'}
[1.947128] (px4_msgs) StdoutLine: {'line': b'-- Up-to-date symlink: /home/prathamkelkar/ros2_ws/install/px4_msgs/include/px4_msgs/px4_msgs/msg/detail/debug_value__functions.h\n'}
[1.947218] (px4_msgs) StdoutLine: {'line': b'-- Up-to-date symlink: /home/prathamkelkar/ros2_ws/install/px4_msgs/include/px4_msgs/px4_msgs/msg/detail/debug_value__struct.h\n'}
[1.947352] (px4_msgs) StdoutLine: {'line': b'-- Up-to-date symlink: /home/prathamkelkar/ros2_ws/install/px4_msgs/include/px4_msgs/px4_msgs/msg/detail/debug_value__type_support.h\n'}
[1.947442] (px4_msgs) StdoutLine: {'line': b'-- Up-to-date symlink: /home/prathamkelkar/ros2_ws/install/px4_msgs/include/px4_msgs/px4_msgs/msg/detail/debug_vect__functions.h\n'}
[1.947572] (px4_msgs) StdoutLine: {'line': b'-- Up-to-date symlink: /home/prathamkelkar/ros2_ws/install/px4_msgs/include/px4_msgs/px4_msgs/msg/detail/debug_vect__struct.h\n'}
[1.947679] (px4_msgs) StdoutLine: {'line': b'-- Up-to-date symlink: /home/prathamkelkar/ros2_ws/install/px4_msgs/include/px4_msgs/px4_msgs/msg/detail/debug_vect__type_support.h\n'}
[1.947821] (px4_msgs) StdoutLine: {'line': b'-- Up-to-date symlink: /home/prathamkelkar/ros2_ws/install/px4_msgs/include/px4_msgs/px4_msgs/msg/detail/differential_drive_setpoint__functions.h\n'}
[1.947930] (px4_msgs) StdoutLine: {'line': b'-- Up-to-date symlink: /home/prathamkelkar/ros2_ws/install/px4_msgs/include/px4_msgs/px4_msgs/msg/detail/differential_drive_setpoint__struct.h\n'}
[1.948072] (px4_msgs) StdoutLine: {'line': b'-- Up-to-date symlink: /home/prathamkelkar/ros2_ws/install/px4_msgs/include/px4_msgs/px4_msgs/msg/detail/differential_drive_setpoint__type_support.h\n'}
[1.948164] (px4_msgs) StdoutLine: {'line': b'-- Up-to-date symlink: /home/prathamkelkar/ros2_ws/install/px4_msgs/include/px4_msgs/px4_msgs/msg/detail/differential_pressure__functions.h\n'}
[1.948292] (px4_msgs) StdoutLine: {'line': b'-- Up-to-date symlink: /home/prathamkelkar/ros2_ws/install/px4_msgs/include/px4_msgs/px4_msgs/msg/detail/differential_pressure__struct.h\n'}
[1.948401] (px4_msgs) StdoutLine: {'line': b'-- Up-to-date symlink: /home/prathamkelkar/ros2_ws/install/px4_msgs/include/px4_msgs/px4_msgs/msg/detail/differential_pressure__type_support.h\n'}
[1.948506] (px4_msgs) StdoutLine: {'line': b'-- Up-to-date symlink: /home/prathamkelkar/ros2_ws/install/px4_msgs/include/px4_msgs/px4_msgs/msg/detail/distance_sensor__functions.h\n'}
[1.948615] (px4_msgs) StdoutLine: {'line': b'-- Up-to-date symlink: /home/prathamkelkar/ros2_ws/install/px4_msgs/include/px4_msgs/px4_msgs/msg/detail/distance_sensor__struct.h\n'}
[1.948798] (px4_msgs) StdoutLine: {'line': b'-- Up-to-date symlink: /home/prathamkelkar/ros2_ws/install/px4_msgs/include/px4_msgs/px4_msgs/msg/detail/distance_sensor__type_support.h\n'}
[1.948892] (px4_msgs) StdoutLine: {'line': b'-- Up-to-date symlink: /home/prathamkelkar/ros2_ws/install/px4_msgs/include/px4_msgs/px4_msgs/msg/detail/ekf2_timestamps__functions.h\n'}
[1.949025] (px4_msgs) StdoutLine: {'line': b'-- Up-to-date symlink: /home/prathamkelkar/ros2_ws/install/px4_msgs/include/px4_msgs/px4_msgs/msg/detail/ekf2_timestamps__struct.h\n'}
[1.949134] (px4_msgs) StdoutLine: {'line': b'-- Up-to-date symlink: /home/prathamkelkar/ros2_ws/install/px4_msgs/include/px4_msgs/px4_msgs/msg/detail/ekf2_timestamps__type_support.h\n'}
[1.949267] (px4_msgs) StdoutLine: {'line': b'-- Up-to-date symlink: /home/prathamkelkar/ros2_ws/install/px4_msgs/include/px4_msgs/px4_msgs/msg/detail/esc_report__functions.h\n'}
[1.949357] (px4_msgs) StdoutLine: {'line': b'-- Up-to-date symlink: /home/prathamkelkar/ros2_ws/install/px4_msgs/include/px4_msgs/px4_msgs/msg/detail/esc_report__struct.h\n'}
[1.949501] (px4_msgs) StdoutLine: {'line': b'-- Up-to-date symlink: /home/prathamkelkar/ros2_ws/install/px4_msgs/include/px4_msgs/px4_msgs/msg/detail/esc_report__type_support.h\n'}
[1.949596] (px4_msgs) StdoutLine: {'line': b'-- Up-to-date symlink: /home/prathamkelkar/ros2_ws/install/px4_msgs/include/px4_msgs/px4_msgs/msg/detail/esc_status__functions.h\n'}
[1.949734] (px4_msgs) StdoutLine: {'line': b'-- Up-to-date symlink: /home/prathamkelkar/ros2_ws/install/px4_msgs/include/px4_msgs/px4_msgs/msg/detail/esc_status__struct.h\n'}
[1.949845] (px4_msgs) StdoutLine: {'line': b'-- Up-to-date symlink: /home/prathamkelkar/ros2_ws/install/px4_msgs/include/px4_msgs/px4_msgs/msg/detail/esc_status__type_support.h\n'}
[1.949964] (px4_msgs) StdoutLine: {'line': b'-- Up-to-date symlink: /home/prathamkelkar/ros2_ws/install/px4_msgs/include/px4_msgs/px4_msgs/msg/detail/estimator_aid_source1d__functions.h\n'}
[1.950078] (px4_msgs) StdoutLine: {'line': b'-- Up-to-date symlink: /home/prathamkelkar/ros2_ws/install/px4_msgs/include/px4_msgs/px4_msgs/msg/detail/estimator_aid_source1d__struct.h\n'}
[1.950224] (px4_msgs) StdoutLine: {'line': b'-- Up-to-date symlink: /home/prathamkelkar/ros2_ws/install/px4_msgs/include/px4_msgs/px4_msgs/msg/detail/estimator_aid_source1d__type_support.h\n'}
[1.950317] (px4_msgs) StdoutLine: {'line': b'-- Up-to-date symlink: /home/prathamkelkar/ros2_ws/install/px4_msgs/include/px4_msgs/px4_msgs/msg/detail/estimator_aid_source2d__functions.h\n'}
[1.950439] (px4_msgs) StdoutLine: {'line': b'-- Up-to-date symlink: /home/prathamkelkar/ros2_ws/install/px4_msgs/include/px4_msgs/px4_msgs/msg/detail/estimator_aid_source2d__struct.h\n'}
[1.950546] (px4_msgs) StdoutLine: {'line': b'-- Up-to-date symlink: /home/prathamkelkar/ros2_ws/install/px4_msgs/include/px4_msgs/px4_msgs/msg/detail/estimator_aid_source2d__type_support.h\n'}
[1.950719] (px4_msgs) StdoutLine: {'line': b'-- Up-to-date symlink: /home/prathamkelkar/ros2_ws/install/px4_msgs/include/px4_msgs/px4_msgs/msg/detail/estimator_aid_source3d__functions.h\n'}
[1.950830] (px4_msgs) StdoutLine: {'line': b'-- Up-to-date symlink: /home/prathamkelkar/ros2_ws/install/px4_msgs/include/px4_msgs/px4_msgs/msg/detail/estimator_aid_source3d__struct.h\n'}
[1.951055] (px4_msgs) StdoutLine: {'line': b'-- Up-to-date symlink: /home/prathamkelkar/ros2_ws/install/px4_msgs/include/px4_msgs/px4_msgs/msg/detail/estimator_aid_source3d__type_support.h\n'}
[1.951169] (px4_msgs) StdoutLine: {'line': b'-- Up-to-date symlink: /home/prathamkelkar/ros2_ws/install/px4_msgs/include/px4_msgs/px4_msgs/msg/detail/estimator_bias3d__functions.h\n'}
[1.951259] (px4_msgs) StdoutLine: {'line': b'-- Up-to-date symlink: /home/prathamkelkar/ros2_ws/install/px4_msgs/include/px4_msgs/px4_msgs/msg/detail/estimator_bias3d__struct.h\n'}
[1.951400] (px4_msgs) StdoutLine: {'line': b'-- Up-to-date symlink: /home/prathamkelkar/ros2_ws/install/px4_msgs/include/px4_msgs/px4_msgs/msg/detail/estimator_bias3d__type_support.h\n'}
[1.951506] (px4_msgs) StdoutLine: {'line': b'-- Up-to-date symlink: /home/prathamkelkar/ros2_ws/install/px4_msgs/include/px4_msgs/px4_msgs/msg/detail/estimator_bias__functions.h\n'}
[1.951617] (px4_msgs) StdoutLine: {'line': b'-- Up-to-date symlink: /home/prathamkelkar/ros2_ws/install/px4_msgs/include/px4_msgs/px4_msgs/msg/detail/estimator_bias__struct.h\n'}
[1.951712] (px4_msgs) StdoutLine: {'line': b'-- Up-to-date symlink: /home/prathamkelkar/ros2_ws/install/px4_msgs/include/px4_msgs/px4_msgs/msg/detail/estimator_bias__type_support.h\n'}
[1.951840] (px4_msgs) StdoutLine: {'line': b'-- Up-to-date symlink: /home/prathamkelkar/ros2_ws/install/px4_msgs/include/px4_msgs/px4_msgs/msg/detail/estimator_event_flags__functions.h\n'}
[1.952142] (px4_msgs) StdoutLine: {'line': b'-- Up-to-date symlink: /home/prathamkelkar/ros2_ws/install/px4_msgs/include/px4_msgs/px4_msgs/msg/detail/estimator_event_flags__struct.h\n'}
[1.952462] (px4_msgs) StdoutLine: {'line': b'-- Up-to-date symlink: /home/prathamkelkar/ros2_ws/install/px4_msgs/include/px4_msgs/px4_msgs/msg/detail/estimator_event_flags__type_support.h\n'}
[1.952575] (px4_msgs) StdoutLine: {'line': b'-- Up-to-date symlink: /home/prathamkelkar/ros2_ws/install/px4_msgs/include/px4_msgs/px4_msgs/msg/detail/estimator_gps_status__functions.h\n'}
[1.952736] (px4_msgs) StdoutLine: {'line': b'-- Up-to-date symlink: /home/prathamkelkar/ros2_ws/install/px4_msgs/include/px4_msgs/px4_msgs/msg/detail/estimator_gps_status__struct.h\n'}
[1.952846] (px4_msgs) StdoutLine: {'line': b'-- Up-to-date symlink: /home/prathamkelkar/ros2_ws/install/px4_msgs/include/px4_msgs/px4_msgs/msg/detail/estimator_gps_status__type_support.h\n'}
[1.953035] (px4_msgs) StdoutLine: {'line': b'-- Up-to-date symlink: /home/prathamkelkar/ros2_ws/install/px4_msgs/include/px4_msgs/px4_msgs/msg/detail/estimator_innovations__functions.h\n'}
[1.953146] (px4_msgs) StdoutLine: {'line': b'-- Up-to-date symlink: /home/prathamkelkar/ros2_ws/install/px4_msgs/include/px4_msgs/px4_msgs/msg/detail/estimator_innovations__struct.h\n'}
[1.953260] (px4_msgs) StdoutLine: {'line': b'-- Up-to-date symlink: /home/prathamkelkar/ros2_ws/install/px4_msgs/include/px4_msgs/px4_msgs/msg/detail/estimator_innovations__type_support.h\n'}
[1.953448] (px4_msgs) StdoutLine: {'line': b'-- Up-to-date symlink: /home/prathamkelkar/ros2_ws/install/px4_msgs/include/px4_msgs/px4_msgs/msg/detail/estimator_selector_status__functions.h\n'}
[1.953593] (px4_msgs) StdoutLine: {'line': b'-- Up-to-date symlink: /home/prathamkelkar/ros2_ws/install/px4_msgs/include/px4_msgs/px4_msgs/msg/detail/estimator_selector_status__struct.h\n'}
[1.953738] (px4_msgs) StdoutLine: {'line': b'-- Up-to-date symlink: /home/prathamkelkar/ros2_ws/install/px4_msgs/include/px4_msgs/px4_msgs/msg/detail/estimator_selector_status__type_support.h\n'}
[1.953893] (px4_msgs) StdoutLine: {'line': b'-- Up-to-date symlink: /home/prathamkelkar/ros2_ws/install/px4_msgs/include/px4_msgs/px4_msgs/msg/detail/estimator_sensor_bias__functions.h\n'}
[1.954026] (px4_msgs) StdoutLine: {'line': b'-- Up-to-date symlink: /home/prathamkelkar/ros2_ws/install/px4_msgs/include/px4_msgs/px4_msgs/msg/detail/estimator_sensor_bias__struct.h\n'}
[1.954154] (px4_msgs) StdoutLine: {'line': b'-- Up-to-date symlink: /home/prathamkelkar/ros2_ws/install/px4_msgs/include/px4_msgs/px4_msgs/msg/detail/estimator_sensor_bias__type_support.h\n'}
[1.954297] (px4_msgs) StdoutLine: {'line': b'-- Up-to-date symlink: /home/prathamkelkar/ros2_ws/install/px4_msgs/include/px4_msgs/px4_msgs/msg/detail/estimator_states__functions.h\n'}
[1.954442] (px4_msgs) StdoutLine: {'line': b'-- Up-to-date symlink: /home/prathamkelkar/ros2_ws/install/px4_msgs/include/px4_msgs/px4_msgs/msg/detail/estimator_states__struct.h\n'}
[1.954571] (px4_msgs) StdoutLine: {'line': b'-- Up-to-date symlink: /home/prathamkelkar/ros2_ws/install/px4_msgs/include/px4_msgs/px4_msgs/msg/detail/estimator_states__type_support.h\n'}
[1.954723] (px4_msgs) StdoutLine: {'line': b'-- Up-to-date symlink: /home/prathamkelkar/ros2_ws/install/px4_msgs/include/px4_msgs/px4_msgs/msg/detail/estimator_status__functions.h\n'}
[1.954851] (px4_msgs) StdoutLine: {'line': b'-- Up-to-date symlink: /home/prathamkelkar/ros2_ws/install/px4_msgs/include/px4_msgs/px4_msgs/msg/detail/estimator_status__struct.h\n'}
[1.954993] (px4_msgs) StdoutLine: {'line': b'-- Up-to-date symlink: /home/prathamkelkar/ros2_ws/install/px4_msgs/include/px4_msgs/px4_msgs/msg/detail/estimator_status__type_support.h\n'}
[1.955119] (px4_msgs) StdoutLine: {'line': b'-- Up-to-date symlink: /home/prathamkelkar/ros2_ws/install/px4_msgs/include/px4_msgs/px4_msgs/msg/detail/estimator_status_flags__functions.h\n'}
[1.955259] (px4_msgs) StdoutLine: {'line': b'-- Up-to-date symlink: /home/prathamkelkar/ros2_ws/install/px4_msgs/include/px4_msgs/px4_msgs/msg/detail/estimator_status_flags__struct.h\n'}
[1.955385] (px4_msgs) StdoutLine: {'line': b'-- Up-to-date symlink: /home/prathamkelkar/ros2_ws/install/px4_msgs/include/px4_msgs/px4_msgs/msg/detail/estimator_status_flags__type_support.h\n'}
[1.955522] (px4_msgs) StdoutLine: {'line': b'-- Up-to-date symlink: /home/prathamkelkar/ros2_ws/install/px4_msgs/include/px4_msgs/px4_msgs/msg/detail/event__functions.h\n'}
[1.955657] (px4_msgs) StdoutLine: {'line': b'-- Up-to-date symlink: /home/prathamkelkar/ros2_ws/install/px4_msgs/include/px4_msgs/px4_msgs/msg/detail/event__struct.h\n'}
[1.955769] (px4_msgs) StdoutLine: {'line': b'-- Up-to-date symlink: /home/prathamkelkar/ros2_ws/install/px4_msgs/include/px4_msgs/px4_msgs/msg/detail/event__type_support.h\n'}
[1.955937] (px4_msgs) StdoutLine: {'line': b'-- Up-to-date symlink: /home/prathamkelkar/ros2_ws/install/px4_msgs/include/px4_msgs/px4_msgs/msg/detail/failsafe_flags__functions.h\n'}
[1.956103] (px4_msgs) StdoutLine: {'line': b'-- Up-to-date symlink: /home/prathamkelkar/ros2_ws/install/px4_msgs/include/px4_msgs/px4_msgs/msg/detail/failsafe_flags__struct.h\n'}
[1.956263] (px4_msgs) StdoutLine: {'line': b'-- Up-to-date symlink: /home/prathamkelkar/ros2_ws/install/px4_msgs/include/px4_msgs/px4_msgs/msg/detail/failsafe_flags__type_support.h\n'}
[1.956405] (px4_msgs) StdoutLine: {'line': b'-- Up-to-date symlink: /home/prathamkelkar/ros2_ws/install/px4_msgs/include/px4_msgs/px4_msgs/msg/detail/failure_detector_status__functions.h\n'}
[1.956533] (px4_msgs) StdoutLine: {'line': b'-- Up-to-date symlink: /home/prathamkelkar/ros2_ws/install/px4_msgs/include/px4_msgs/px4_msgs/msg/detail/failure_detector_status__struct.h\n'}
[1.956665] (px4_msgs) StdoutLine: {'line': b'-- Up-to-date symlink: /home/prathamkelkar/ros2_ws/install/px4_msgs/include/px4_msgs/px4_msgs/msg/detail/failure_detector_status__type_support.h\n'}
[1.956767] (px4_msgs) StdoutLine: {'line': b'-- Up-to-date symlink: /home/prathamkelkar/ros2_ws/install/px4_msgs/include/px4_msgs/px4_msgs/msg/detail/figure_eight_status__functions.h\n'}
[1.956915] (px4_msgs) StdoutLine: {'line': b'-- Up-to-date symlink: /home/prathamkelkar/ros2_ws/install/px4_msgs/include/px4_msgs/px4_msgs/msg/detail/figure_eight_status__struct.h\n'}
[1.957025] (px4_msgs) StdoutLine: {'line': b'-- Up-to-date symlink: /home/prathamkelkar/ros2_ws/install/px4_msgs/include/px4_msgs/px4_msgs/msg/detail/figure_eight_status__type_support.h\n'}
[1.957164] (px4_msgs) StdoutLine: {'line': b'-- Up-to-date symlink: /home/prathamkelkar/ros2_ws/install/px4_msgs/include/px4_msgs/px4_msgs/msg/detail/flight_phase_estimation__functions.h\n'}
[1.957276] (px4_msgs) StdoutLine: {'line': b'-- Up-to-date symlink: /home/prathamkelkar/ros2_ws/install/px4_msgs/include/px4_msgs/px4_msgs/msg/detail/flight_phase_estimation__struct.h\n'}
[1.957386] (px4_msgs) StdoutLine: {'line': b'-- Up-to-date symlink: /home/prathamkelkar/ros2_ws/install/px4_msgs/include/px4_msgs/px4_msgs/msg/detail/flight_phase_estimation__type_support.h\n'}
[1.957570] (px4_msgs) StdoutLine: {'line': b'-- Up-to-date symlink: /home/prathamkelkar/ros2_ws/install/px4_msgs/include/px4_msgs/px4_msgs/msg/detail/follow_target__functions.h\n'}
[1.957706] (px4_msgs) StdoutLine: {'line': b'-- Up-to-date symlink: /home/prathamkelkar/ros2_ws/install/px4_msgs/include/px4_msgs/px4_msgs/msg/detail/follow_target__struct.h\n'}
[1.957817] (px4_msgs) StdoutLine: {'line': b'-- Up-to-date symlink: /home/prathamkelkar/ros2_ws/install/px4_msgs/include/px4_msgs/px4_msgs/msg/detail/follow_target__type_support.h\n'}
[1.957975] (px4_msgs) StdoutLine: {'line': b'-- Up-to-date symlink: /home/prathamkelkar/ros2_ws/install/px4_msgs/include/px4_msgs/px4_msgs/msg/detail/follow_target_estimator__functions.h\n'}
[1.958116] (px4_msgs) StdoutLine: {'line': b'-- Up-to-date symlink: /home/prathamkelkar/ros2_ws/install/px4_msgs/include/px4_msgs/px4_msgs/msg/detail/follow_target_estimator__struct.h\n'}
[1.958244] (px4_msgs) StdoutLine: {'line': b'-- Up-to-date symlink: /home/prathamkelkar/ros2_ws/install/px4_msgs/include/px4_msgs/px4_msgs/msg/detail/follow_target_estimator__type_support.h\n'}
[1.958382] (px4_msgs) StdoutLine: {'line': b'-- Up-to-date symlink: /home/prathamkelkar/ros2_ws/install/px4_msgs/include/px4_msgs/px4_msgs/msg/detail/follow_target_status__functions.h\n'}
[1.958509] (px4_msgs) StdoutLine: {'line': b'-- Up-to-date symlink: /home/prathamkelkar/ros2_ws/install/px4_msgs/include/px4_msgs/px4_msgs/msg/detail/follow_target_status__struct.h\n'}
[1.958660] (px4_msgs) StdoutLine: {'line': b'-- Up-to-date symlink: /home/prathamkelkar/ros2_ws/install/px4_msgs/include/px4_msgs/px4_msgs/msg/detail/follow_target_status__type_support.h\n'}
[1.958787] (px4_msgs) StdoutLine: {'line': b'-- Up-to-date symlink: /home/prathamkelkar/ros2_ws/install/px4_msgs/include/px4_msgs/px4_msgs/msg/detail/generator_status__functions.h\n'}
[1.958921] (px4_msgs) StdoutLine: {'line': b'-- Up-to-date symlink: /home/prathamkelkar/ros2_ws/install/px4_msgs/include/px4_msgs/px4_msgs/msg/detail/generator_status__struct.h\n'}
[1.959056] (px4_msgs) StdoutLine: {'line': b'-- Up-to-date symlink: /home/prathamkelkar/ros2_ws/install/px4_msgs/include/px4_msgs/px4_msgs/msg/detail/generator_status__type_support.h\n'}
[1.959191] (px4_msgs) StdoutLine: {'line': b'-- Up-to-date symlink: /home/prathamkelkar/ros2_ws/install/px4_msgs/include/px4_msgs/px4_msgs/msg/detail/geofence_result__functions.h\n'}
[1.959314] (px4_msgs) StdoutLine: {'line': b'-- Up-to-date symlink: /home/prathamkelkar/ros2_ws/install/px4_msgs/include/px4_msgs/px4_msgs/msg/detail/geofence_result__struct.h\n'}
[1.959440] (px4_msgs) StdoutLine: {'line': b'-- Up-to-date symlink: /home/prathamkelkar/ros2_ws/install/px4_msgs/include/px4_msgs/px4_msgs/msg/detail/geofence_result__type_support.h\n'}
[1.959583] (px4_msgs) StdoutLine: {'line': b'-- Up-to-date symlink: /home/prathamkelkar/ros2_ws/install/px4_msgs/include/px4_msgs/px4_msgs/msg/detail/geofence_status__functions.h\n'}
[1.959736] (px4_msgs) StdoutLine: {'line': b'-- Up-to-date symlink: /home/prathamkelkar/ros2_ws/install/px4_msgs/include/px4_msgs/px4_msgs/msg/detail/geofence_status__struct.h\n'}
[1.959863] (px4_msgs) StdoutLine: {'line': b'-- Up-to-date symlink: /home/prathamkelkar/ros2_ws/install/px4_msgs/include/px4_msgs/px4_msgs/msg/detail/geofence_status__type_support.h\n'}
[1.960002] (px4_msgs) StdoutLine: {'line': b'-- Up-to-date symlink: /home/prathamkelkar/ros2_ws/install/px4_msgs/include/px4_msgs/px4_msgs/msg/detail/gimbal_controls__functions.h\n'}
[1.960130] (px4_msgs) StdoutLine: {'line': b'-- Up-to-date symlink: /home/prathamkelkar/ros2_ws/install/px4_msgs/include/px4_msgs/px4_msgs/msg/detail/gimbal_controls__struct.h\n'}
[1.960268] (px4_msgs) StdoutLine: {'line': b'-- Up-to-date symlink: /home/prathamkelkar/ros2_ws/install/px4_msgs/include/px4_msgs/px4_msgs/msg/detail/gimbal_controls__type_support.h\n'}
[1.960395] (px4_msgs) StdoutLine: {'line': b'-- Up-to-date symlink: /home/prathamkelkar/ros2_ws/install/px4_msgs/include/px4_msgs/px4_msgs/msg/detail/gimbal_device_attitude_status__functions.h\n'}
[1.960533] (px4_msgs) StdoutLine: {'line': b'-- Up-to-date symlink: /home/prathamkelkar/ros2_ws/install/px4_msgs/include/px4_msgs/px4_msgs/msg/detail/gimbal_device_attitude_status__struct.h\n'}
[1.960666] (px4_msgs) StdoutLine: {'line': b'-- Up-to-date symlink: /home/prathamkelkar/ros2_ws/install/px4_msgs/include/px4_msgs/px4_msgs/msg/detail/gimbal_device_attitude_status__type_support.h\n'}
[1.960805] (px4_msgs) StdoutLine: {'line': b'-- Up-to-date symlink: /home/prathamkelkar/ros2_ws/install/px4_msgs/include/px4_msgs/px4_msgs/msg/detail/gimbal_device_information__functions.h\n'}
[1.960931] (px4_msgs) StdoutLine: {'line': b'-- Up-to-date symlink: /home/prathamkelkar/ros2_ws/install/px4_msgs/include/px4_msgs/px4_msgs/msg/detail/gimbal_device_information__struct.h\n'}
[1.961069] (px4_msgs) StdoutLine: {'line': b'-- Up-to-date symlink: /home/prathamkelkar/ros2_ws/install/px4_msgs/include/px4_msgs/px4_msgs/msg/detail/gimbal_device_information__type_support.h\n'}
[1.961198] (px4_msgs) StdoutLine: {'line': b'-- Up-to-date symlink: /home/prathamkelkar/ros2_ws/install/px4_msgs/include/px4_msgs/px4_msgs/msg/detail/gimbal_device_set_attitude__functions.h\n'}
[1.961340] (px4_msgs) StdoutLine: {'line': b'-- Up-to-date symlink: /home/prathamkelkar/ros2_ws/install/px4_msgs/include/px4_msgs/px4_msgs/msg/detail/gimbal_device_set_attitude__struct.h\n'}
[1.961474] (px4_msgs) StdoutLine: {'line': b'-- Up-to-date symlink: /home/prathamkelkar/ros2_ws/install/px4_msgs/include/px4_msgs/px4_msgs/msg/detail/gimbal_device_set_attitude__type_support.h\n'}
[1.961637] (px4_msgs) StdoutLine: {'line': b'-- Up-to-date symlink: /home/prathamkelkar/ros2_ws/install/px4_msgs/include/px4_msgs/px4_msgs/msg/detail/gimbal_manager_information__functions.h\n'}
[1.961756] (px4_msgs) StdoutLine: {'line': b'-- Up-to-date symlink: /home/prathamkelkar/ros2_ws/install/px4_msgs/include/px4_msgs/px4_msgs/msg/detail/gimbal_manager_information__struct.h\n'}
[1.961888] (px4_msgs) StdoutLine: {'line': b'-- Up-to-date symlink: /home/prathamkelkar/ros2_ws/install/px4_msgs/include/px4_msgs/px4_msgs/msg/detail/gimbal_manager_information__type_support.h\n'}
[1.962093] (px4_msgs) StdoutLine: {'line': b'-- Up-to-date symlink: /home/prathamkelkar/ros2_ws/install/px4_msgs/include/px4_msgs/px4_msgs/msg/detail/gimbal_manager_set_attitude__functions.h\n'}
[1.962214] (px4_msgs) StdoutLine: {'line': b'-- Up-to-date symlink: /home/prathamkelkar/ros2_ws/install/px4_msgs/include/px4_msgs/px4_msgs/msg/detail/gimbal_manager_set_attitude__struct.h\n'}
[1.962376] (px4_msgs) StdoutLine: {'line': b'-- Up-to-date symlink: /home/prathamkelkar/ros2_ws/install/px4_msgs/include/px4_msgs/px4_msgs/msg/detail/gimbal_manager_set_attitude__type_support.h\n'}
[1.962562] (px4_msgs) StdoutLine: {'line': b'-- Up-to-date symlink: /home/prathamkelkar/ros2_ws/install/px4_msgs/include/px4_msgs/px4_msgs/msg/detail/gimbal_manager_set_manual_control__functions.h\n'}
[1.962760] (px4_msgs) StdoutLine: {'line': b'-- Up-to-date symlink: /home/prathamkelkar/ros2_ws/install/px4_msgs/include/px4_msgs/px4_msgs/msg/detail/gimbal_manager_set_manual_control__struct.h\n'}
[1.962875] (px4_msgs) StdoutLine: {'line': b'-- Up-to-date symlink: /home/prathamkelkar/ros2_ws/install/px4_msgs/include/px4_msgs/px4_msgs/msg/detail/gimbal_manager_set_manual_control__type_support.h\n'}
[1.963049] (px4_msgs) StdoutLine: {'line': b'-- Up-to-date symlink: /home/prathamkelkar/ros2_ws/install/px4_msgs/include/px4_msgs/px4_msgs/msg/detail/gimbal_manager_status__functions.h\n'}
[1.963215] (px4_msgs) StdoutLine: {'line': b'-- Up-to-date symlink: /home/prathamkelkar/ros2_ws/install/px4_msgs/include/px4_msgs/px4_msgs/msg/detail/gimbal_manager_status__struct.h\n'}
[1.963364] (px4_msgs) StdoutLine: {'line': b'-- Up-to-date symlink: /home/prathamkelkar/ros2_ws/install/px4_msgs/include/px4_msgs/px4_msgs/msg/detail/gimbal_manager_status__type_support.h\n'}
[1.963497] (px4_msgs) StdoutLine: {'line': b'-- Up-to-date symlink: /home/prathamkelkar/ros2_ws/install/px4_msgs/include/px4_msgs/px4_msgs/msg/detail/goto_setpoint__functions.h\n'}
[1.963653] (px4_msgs) StdoutLine: {'line': b'-- Up-to-date symlink: /home/prathamkelkar/ros2_ws/install/px4_msgs/include/px4_msgs/px4_msgs/msg/detail/goto_setpoint__struct.h\n'}
[1.963789] (px4_msgs) StdoutLine: {'line': b'-- Up-to-date symlink: /home/prathamkelkar/ros2_ws/install/px4_msgs/include/px4_msgs/px4_msgs/msg/detail/goto_setpoint__type_support.h\n'}
[1.963940] (px4_msgs) StdoutLine: {'line': b'-- Up-to-date symlink: /home/prathamkelkar/ros2_ws/install/px4_msgs/include/px4_msgs/px4_msgs/msg/detail/gpio_config__functions.h\n'}
[1.964051] (px4_msgs) StdoutLine: {'line': b'-- Up-to-date symlink: /home/prathamkelkar/ros2_ws/install/px4_msgs/include/px4_msgs/px4_msgs/msg/detail/gpio_config__struct.h\n'}
[1.964234] (px4_msgs) StdoutLine: {'line': b'-- Up-to-date symlink: /home/prathamkelkar/ros2_ws/install/px4_msgs/include/px4_msgs/px4_msgs/msg/detail/gpio_config__type_support.h\n'}
[1.964397] (px4_msgs) StdoutLine: {'line': b'-- Up-to-date symlink: /home/prathamkelkar/ros2_ws/install/px4_msgs/include/px4_msgs/px4_msgs/msg/detail/gpio_in__functions.h\n'}
[1.964533] (px4_msgs) StdoutLine: {'line': b'-- Up-to-date symlink: /home/prathamkelkar/ros2_ws/install/px4_msgs/include/px4_msgs/px4_msgs/msg/detail/gpio_in__struct.h\n'}
[1.964682] (px4_msgs) StdoutLine: {'line': b'-- Up-to-date symlink: /home/prathamkelkar/ros2_ws/install/px4_msgs/include/px4_msgs/px4_msgs/msg/detail/gpio_in__type_support.h\n'}
[1.964861] (px4_msgs) StdoutLine: {'line': b'-- Up-to-date symlink: /home/prathamkelkar/ros2_ws/install/px4_msgs/include/px4_msgs/px4_msgs/msg/detail/gpio_out__functions.h\n'}
[1.965037] (px4_msgs) StdoutLine: {'line': b'-- Up-to-date symlink: /home/prathamkelkar/ros2_ws/install/px4_msgs/include/px4_msgs/px4_msgs/msg/detail/gpio_out__struct.h\n'}
[1.965157] (px4_msgs) StdoutLine: {'line': b'-- Up-to-date symlink: /home/prathamkelkar/ros2_ws/install/px4_msgs/include/px4_msgs/px4_msgs/msg/detail/gpio_out__type_support.h\n'}
[1.965338] (px4_msgs) StdoutLine: {'line': b'-- Up-to-date symlink: /home/prathamkelkar/ros2_ws/install/px4_msgs/include/px4_msgs/px4_msgs/msg/detail/gpio_request__functions.h\n'}
[1.965508] (px4_msgs) StdoutLine: {'line': b'-- Up-to-date symlink: /home/prathamkelkar/ros2_ws/install/px4_msgs/include/px4_msgs/px4_msgs/msg/detail/gpio_request__struct.h\n'}
[1.965638] (px4_msgs) StdoutLine: {'line': b'-- Up-to-date symlink: /home/prathamkelkar/ros2_ws/install/px4_msgs/include/px4_msgs/px4_msgs/msg/detail/gpio_request__type_support.h\n'}
[1.965825] (px4_msgs) StdoutLine: {'line': b'-- Up-to-date symlink: /home/prathamkelkar/ros2_ws/install/px4_msgs/include/px4_msgs/px4_msgs/msg/detail/gps_dump__functions.h\n'}
[1.965984] (px4_msgs) StdoutLine: {'line': b'-- Up-to-date symlink: /home/prathamkelkar/ros2_ws/install/px4_msgs/include/px4_msgs/px4_msgs/msg/detail/gps_dump__struct.h\n'}
[1.966123] (px4_msgs) StdoutLine: {'line': b'-- Up-to-date symlink: /home/prathamkelkar/ros2_ws/install/px4_msgs/include/px4_msgs/px4_msgs/msg/detail/gps_dump__type_support.h\n'}
[1.966256] (px4_msgs) StdoutLine: {'line': b'-- Up-to-date symlink: /home/prathamkelkar/ros2_ws/install/px4_msgs/include/px4_msgs/px4_msgs/msg/detail/gps_inject_data__functions.h\n'}
[1.966376] (px4_msgs) StdoutLine: {'line': b'-- Up-to-date symlink: /home/prathamkelkar/ros2_ws/install/px4_msgs/include/px4_msgs/px4_msgs/msg/detail/gps_inject_data__struct.h\n'}
[1.966562] (px4_msgs) StdoutLine: {'line': b'-- Up-to-date symlink: /home/prathamkelkar/ros2_ws/install/px4_msgs/include/px4_msgs/px4_msgs/msg/detail/gps_inject_data__type_support.h\n'}
[1.966709] (px4_msgs) StdoutLine: {'line': b'-- Up-to-date symlink: /home/prathamkelkar/ros2_ws/install/px4_msgs/include/px4_msgs/px4_msgs/msg/detail/gripper__functions.h\n'}
[1.966889] (px4_msgs) StdoutLine: {'line': b'-- Up-to-date symlink: /home/prathamkelkar/ros2_ws/install/px4_msgs/include/px4_msgs/px4_msgs/msg/detail/gripper__struct.h\n'}
[1.967006] (px4_msgs) StdoutLine: {'line': b'-- Up-to-date symlink: /home/prathamkelkar/ros2_ws/install/px4_msgs/include/px4_msgs/px4_msgs/msg/detail/gripper__type_support.h\n'}
[1.967203] (px4_msgs) StdoutLine: {'line': b'-- Up-to-date symlink: /home/prathamkelkar/ros2_ws/install/px4_msgs/include/px4_msgs/px4_msgs/msg/detail/health_report__functions.h\n'}
[1.967338] (px4_msgs) StdoutLine: {'line': b'-- Up-to-date symlink: /home/prathamkelkar/ros2_ws/install/px4_msgs/include/px4_msgs/px4_msgs/msg/detail/health_report__struct.h\n'}
[1.967479] (px4_msgs) StdoutLine: {'line': b'-- Up-to-date symlink: /home/prathamkelkar/ros2_ws/install/px4_msgs/include/px4_msgs/px4_msgs/msg/detail/health_report__type_support.h\n'}
[1.967632] (px4_msgs) StdoutLine: {'line': b'-- Up-to-date symlink: /home/prathamkelkar/ros2_ws/install/px4_msgs/include/px4_msgs/px4_msgs/msg/detail/heater_status__functions.h\n'}
[1.967786] (px4_msgs) StdoutLine: {'line': b'-- Up-to-date symlink: /home/prathamkelkar/ros2_ws/install/px4_msgs/include/px4_msgs/px4_msgs/msg/detail/heater_status__struct.h\n'}
[1.967922] (px4_msgs) StdoutLine: {'line': b'-- Up-to-date symlink: /home/prathamkelkar/ros2_ws/install/px4_msgs/include/px4_msgs/px4_msgs/msg/detail/heater_status__type_support.h\n'}
[1.968068] (px4_msgs) StdoutLine: {'line': b'-- Up-to-date symlink: /home/prathamkelkar/ros2_ws/install/px4_msgs/include/px4_msgs/px4_msgs/msg/detail/home_position__functions.h\n'}
[1.968207] (px4_msgs) StdoutLine: {'line': b'-- Up-to-date symlink: /home/prathamkelkar/ros2_ws/install/px4_msgs/include/px4_msgs/px4_msgs/msg/detail/home_position__struct.h\n'}
[1.968368] (px4_msgs) StdoutLine: {'line': b'-- Up-to-date symlink: /home/prathamkelkar/ros2_ws/install/px4_msgs/include/px4_msgs/px4_msgs/msg/detail/home_position__type_support.h\n'}
[1.968483] (px4_msgs) StdoutLine: {'line': b'-- Up-to-date symlink: /home/prathamkelkar/ros2_ws/install/px4_msgs/include/px4_msgs/px4_msgs/msg/detail/hover_thrust_estimate__functions.h\n'}
[1.968656] (px4_msgs) StdoutLine: {'line': b'-- Up-to-date symlink: /home/prathamkelkar/ros2_ws/install/px4_msgs/include/px4_msgs/px4_msgs/msg/detail/hover_thrust_estimate__struct.h\n'}
[1.968814] (px4_msgs) StdoutLine: {'line': b'-- Up-to-date symlink: /home/prathamkelkar/ros2_ws/install/px4_msgs/include/px4_msgs/px4_msgs/msg/detail/hover_thrust_estimate__type_support.h\n'}
[1.968983] (px4_msgs) StdoutLine: {'line': b'-- Up-to-date symlink: /home/prathamkelkar/ros2_ws/install/px4_msgs/include/px4_msgs/px4_msgs/msg/detail/input_rc__functions.h\n'}
[1.969109] (px4_msgs) StdoutLine: {'line': b'-- Up-to-date symlink: /home/prathamkelkar/ros2_ws/install/px4_msgs/include/px4_msgs/px4_msgs/msg/detail/input_rc__struct.h\n'}
[1.969233] (px4_msgs) StdoutLine: {'line': b'-- Up-to-date symlink: /home/prathamkelkar/ros2_ws/install/px4_msgs/include/px4_msgs/px4_msgs/msg/detail/input_rc__type_support.h\n'}
[1.969354] (px4_msgs) StdoutLine: {'line': b'-- Up-to-date symlink: /home/prathamkelkar/ros2_ws/install/px4_msgs/include/px4_msgs/px4_msgs/msg/detail/internal_combustion_engine_status__functions.h\n'}
[1.969480] (px4_msgs) StdoutLine: {'line': b'-- Up-to-date symlink: /home/prathamkelkar/ros2_ws/install/px4_msgs/include/px4_msgs/px4_msgs/msg/detail/internal_combustion_engine_status__struct.h\n'}
[1.969617] (px4_msgs) StdoutLine: {'line': b'-- Up-to-date symlink: /home/prathamkelkar/ros2_ws/install/px4_msgs/include/px4_msgs/px4_msgs/msg/detail/internal_combustion_engine_status__type_support.h\n'}
[1.969747] (px4_msgs) StdoutLine: {'line': b'-- Up-to-date symlink: /home/prathamkelkar/ros2_ws/install/px4_msgs/include/px4_msgs/px4_msgs/msg/detail/iridiumsbd_status__functions.h\n'}
[1.969916] (px4_msgs) StdoutLine: {'line': b'-- Up-to-date symlink: /home/prathamkelkar/ros2_ws/install/px4_msgs/include/px4_msgs/px4_msgs/msg/detail/iridiumsbd_status__struct.h\n'}
[1.970024] (px4_msgs) StdoutLine: {'line': b'-- Up-to-date symlink: /home/prathamkelkar/ros2_ws/install/px4_msgs/include/px4_msgs/px4_msgs/msg/detail/iridiumsbd_status__type_support.h\n'}
[1.970193] (px4_msgs) StdoutLine: {'line': b'-- Up-to-date symlink: /home/prathamkelkar/ros2_ws/install/px4_msgs/include/px4_msgs/px4_msgs/msg/detail/irlock_report__functions.h\n'}
[1.970366] (px4_msgs) StdoutLine: {'line': b'-- Up-to-date symlink: /home/prathamkelkar/ros2_ws/install/px4_msgs/include/px4_msgs/px4_msgs/msg/detail/irlock_report__struct.h\n'}
[1.970500] (px4_msgs) StdoutLine: {'line': b'-- Up-to-date symlink: /home/prathamkelkar/ros2_ws/install/px4_msgs/include/px4_msgs/px4_msgs/msg/detail/irlock_report__type_support.h\n'}
[1.970636] (px4_msgs) StdoutLine: {'line': b'-- Up-to-date symlink: /home/prathamkelkar/ros2_ws/install/px4_msgs/include/px4_msgs/px4_msgs/msg/detail/landing_gear__functions.h\n'}
[1.970747] (px4_msgs) StdoutLine: {'line': b'-- Up-to-date symlink: /home/prathamkelkar/ros2_ws/install/px4_msgs/include/px4_msgs/px4_msgs/msg/detail/landing_gear__struct.h\n'}
[1.970924] (px4_msgs) StdoutLine: {'line': b'-- Up-to-date symlink: /home/prathamkelkar/ros2_ws/install/px4_msgs/include/px4_msgs/px4_msgs/msg/detail/landing_gear__type_support.h\n'}
[1.971038] (px4_msgs) StdoutLine: {'line': b'-- Up-to-date symlink: /home/prathamkelkar/ros2_ws/install/px4_msgs/include/px4_msgs/px4_msgs/msg/detail/landing_gear_wheel__functions.h\n'}
[1.971200] (px4_msgs) StdoutLine: {'line': b'-- Up-to-date symlink: /home/prathamkelkar/ros2_ws/install/px4_msgs/include/px4_msgs/px4_msgs/msg/detail/landing_gear_wheel__struct.h\n'}
[1.971315] (px4_msgs) StdoutLine: {'line': b'-- Up-to-date symlink: /home/prathamkelkar/ros2_ws/install/px4_msgs/include/px4_msgs/px4_msgs/msg/detail/landing_gear_wheel__type_support.h\n'}
[1.971478] (px4_msgs) StdoutLine: {'line': b'-- Up-to-date symlink: /home/prathamkelkar/ros2_ws/install/px4_msgs/include/px4_msgs/px4_msgs/msg/detail/landing_target_innovations__functions.h\n'}
[1.971588] (px4_msgs) StdoutLine: {'line': b'-- Up-to-date symlink: /home/prathamkelkar/ros2_ws/install/px4_msgs/include/px4_msgs/px4_msgs/msg/detail/landing_target_innovations__struct.h\n'}
[1.971782] (px4_msgs) StdoutLine: {'line': b'-- Up-to-date symlink: /home/prathamkelkar/ros2_ws/install/px4_msgs/include/px4_msgs/px4_msgs/msg/detail/landing_target_innovations__type_support.h\n'}
[1.971942] (px4_msgs) StdoutLine: {'line': b'-- Up-to-date symlink: /home/prathamkelkar/ros2_ws/install/px4_msgs/include/px4_msgs/px4_msgs/msg/detail/landing_target_pose__functions.h\n'}
[1.972074] (px4_msgs) StdoutLine: {'line': b'-- Up-to-date symlink: /home/prathamkelkar/ros2_ws/install/px4_msgs/include/px4_msgs/px4_msgs/msg/detail/landing_target_pose__struct.h\n'}
[1.972220] (px4_msgs) StdoutLine: {'line': b'-- Up-to-date symlink: /home/prathamkelkar/ros2_ws/install/px4_msgs/include/px4_msgs/px4_msgs/msg/detail/landing_target_pose__type_support.h\n'}
[1.972332] (px4_msgs) StdoutLine: {'line': b'-- Up-to-date symlink: /home/prathamkelkar/ros2_ws/install/px4_msgs/include/px4_msgs/px4_msgs/msg/detail/launch_detection_status__functions.h\n'}
[1.972497] (px4_msgs) StdoutLine: {'line': b'-- Up-to-date symlink: /home/prathamkelkar/ros2_ws/install/px4_msgs/include/px4_msgs/px4_msgs/msg/detail/launch_detection_status__struct.h\n'}
[1.972630] (px4_msgs) StdoutLine: {'line': b'-- Up-to-date symlink: /home/prathamkelkar/ros2_ws/install/px4_msgs/include/px4_msgs/px4_msgs/msg/detail/launch_detection_status__type_support.h\n'}
[1.972743] (px4_msgs) StdoutLine: {'line': b'-- Up-to-date symlink: /home/prathamkelkar/ros2_ws/install/px4_msgs/include/px4_msgs/px4_msgs/msg/detail/led_control__functions.h\n'}
[1.972858] (px4_msgs) StdoutLine: {'line': b'-- Up-to-date symlink: /home/prathamkelkar/ros2_ws/install/px4_msgs/include/px4_msgs/px4_msgs/msg/detail/led_control__struct.h\n'}
[1.973020] (px4_msgs) StdoutLine: {'line': b'-- Up-to-date symlink: /home/prathamkelkar/ros2_ws/install/px4_msgs/include/px4_msgs/px4_msgs/msg/detail/led_control__type_support.h\n'}
[1.973216] (px4_msgs) StdoutLine: {'line': b'-- Up-to-date symlink: /home/prathamkelkar/ros2_ws/install/px4_msgs/include/px4_msgs/px4_msgs/msg/detail/log_message__functions.h\n'}
[1.973351] (px4_msgs) StdoutLine: {'line': b'-- Up-to-date symlink: /home/prathamkelkar/ros2_ws/install/px4_msgs/include/px4_msgs/px4_msgs/msg/detail/log_message__struct.h\n'}
[1.973484] (px4_msgs) StdoutLine: {'line': b'-- Up-to-date symlink: /home/prathamkelkar/ros2_ws/install/px4_msgs/include/px4_msgs/px4_msgs/msg/detail/log_message__type_support.h\n'}
[1.973624] (px4_msgs) StdoutLine: {'line': b'-- Up-to-date symlink: /home/prathamkelkar/ros2_ws/install/px4_msgs/include/px4_msgs/px4_msgs/msg/detail/logger_status__functions.h\n'}
[1.973743] (px4_msgs) StdoutLine: {'line': b'-- Up-to-date symlink: /home/prathamkelkar/ros2_ws/install/px4_msgs/include/px4_msgs/px4_msgs/msg/detail/logger_status__struct.h\n'}
[1.973896] (px4_msgs) StdoutLine: {'line': b'-- Up-to-date symlink: /home/prathamkelkar/ros2_ws/install/px4_msgs/include/px4_msgs/px4_msgs/msg/detail/logger_status__type_support.h\n'}
[1.974047] (px4_msgs) StdoutLine: {'line': b'-- Up-to-date symlink: /home/prathamkelkar/ros2_ws/install/px4_msgs/include/px4_msgs/px4_msgs/msg/detail/mag_worker_data__functions.h\n'}
[1.974201] (px4_msgs) StdoutLine: {'line': b'-- Up-to-date symlink: /home/prathamkelkar/ros2_ws/install/px4_msgs/include/px4_msgs/px4_msgs/msg/detail/mag_worker_data__struct.h\n'}
[1.974363] (px4_msgs) StdoutLine: {'line': b'-- Up-to-date symlink: /home/prathamkelkar/ros2_ws/install/px4_msgs/include/px4_msgs/px4_msgs/msg/detail/mag_worker_data__type_support.h\n'}
[1.974517] (px4_msgs) StdoutLine: {'line': b'-- Up-to-date symlink: /home/prathamkelkar/ros2_ws/install/px4_msgs/include/px4_msgs/px4_msgs/msg/detail/magnetometer_bias_estimate__functions.h\n'}
[1.974680] (px4_msgs) StdoutLine: {'line': b'-- Up-to-date symlink: /home/prathamkelkar/ros2_ws/install/px4_msgs/include/px4_msgs/px4_msgs/msg/detail/magnetometer_bias_estimate__struct.h\n'}
[1.974835] (px4_msgs) StdoutLine: {'line': b'-- Up-to-date symlink: /home/prathamkelkar/ros2_ws/install/px4_msgs/include/px4_msgs/px4_msgs/msg/detail/magnetometer_bias_estimate__type_support.h\n'}
[1.974952] (px4_msgs) StdoutLine: {'line': b'-- Up-to-date symlink: /home/prathamkelkar/ros2_ws/install/px4_msgs/include/px4_msgs/px4_msgs/msg/detail/manual_control_setpoint__functions.h\n'}
[1.975066] (px4_msgs) StdoutLine: {'line': b'-- Up-to-date symlink: /home/prathamkelkar/ros2_ws/install/px4_msgs/include/px4_msgs/px4_msgs/msg/detail/manual_control_setpoint__struct.h\n'}
[1.975182] (px4_msgs) StdoutLine: {'line': b'-- Up-to-date symlink: /home/prathamkelkar/ros2_ws/install/px4_msgs/include/px4_msgs/px4_msgs/msg/detail/manual_control_setpoint__type_support.h\n'}
[1.975291] (px4_msgs) StdoutLine: {'line': b'-- Up-to-date symlink: /home/prathamkelkar/ros2_ws/install/px4_msgs/include/px4_msgs/px4_msgs/msg/detail/manual_control_switches__functions.h\n'}
[1.975411] (px4_msgs) StdoutLine: {'line': b'-- Up-to-date symlink: /home/prathamkelkar/ros2_ws/install/px4_msgs/include/px4_msgs/px4_msgs/msg/detail/manual_control_switches__struct.h\n'}
[1.975520] (px4_msgs) StdoutLine: {'line': b'-- Up-to-date symlink: /home/prathamkelkar/ros2_ws/install/px4_msgs/include/px4_msgs/px4_msgs/msg/detail/manual_control_switches__type_support.h\n'}
[1.975660] (px4_msgs) StdoutLine: {'line': b'-- Up-to-date symlink: /home/prathamkelkar/ros2_ws/install/px4_msgs/include/px4_msgs/px4_msgs/msg/detail/mavlink_log__functions.h\n'}
[1.975833] (px4_msgs) StdoutLine: {'line': b'-- Up-to-date symlink: /home/prathamkelkar/ros2_ws/install/px4_msgs/include/px4_msgs/px4_msgs/msg/detail/mavlink_log__struct.h\n'}
[1.975954] (px4_msgs) StdoutLine: {'line': b'-- Up-to-date symlink: /home/prathamkelkar/ros2_ws/install/px4_msgs/include/px4_msgs/px4_msgs/msg/detail/mavlink_log__type_support.h\n'}
[1.976105] (px4_msgs) StdoutLine: {'line': b'-- Up-to-date symlink: /home/prathamkelkar/ros2_ws/install/px4_msgs/include/px4_msgs/px4_msgs/msg/detail/mavlink_tunnel__functions.h\n'}
[1.976211] (px4_msgs) StdoutLine: {'line': b'-- Up-to-date symlink: /home/prathamkelkar/ros2_ws/install/px4_msgs/include/px4_msgs/px4_msgs/msg/detail/mavlink_tunnel__struct.h\n'}
[1.976358] (px4_msgs) StdoutLine: {'line': b'-- Up-to-date symlink: /home/prathamkelkar/ros2_ws/install/px4_msgs/include/px4_msgs/px4_msgs/msg/detail/mavlink_tunnel__type_support.h\n'}
[1.976501] (px4_msgs) StdoutLine: {'line': b'-- Up-to-date symlink: /home/prathamkelkar/ros2_ws/install/px4_msgs/include/px4_msgs/px4_msgs/msg/detail/message_format_request__functions.h\n'}
[1.976620] (px4_msgs) StdoutLine: {'line': b'-- Up-to-date symlink: /home/prathamkelkar/ros2_ws/install/px4_msgs/include/px4_msgs/px4_msgs/msg/detail/message_format_request__struct.h\n'}
[1.976757] (px4_msgs) StdoutLine: {'line': b'-- Up-to-date symlink: /home/prathamkelkar/ros2_ws/install/px4_msgs/include/px4_msgs/px4_msgs/msg/detail/message_format_request__type_support.h\n'}
[1.976917] (px4_msgs) StdoutLine: {'line': b'-- Up-to-date symlink: /home/prathamkelkar/ros2_ws/install/px4_msgs/include/px4_msgs/px4_msgs/msg/detail/message_format_response__functions.h\n'}
[1.977020] (px4_msgs) StdoutLine: {'line': b'-- Up-to-date symlink: /home/prathamkelkar/ros2_ws/install/px4_msgs/include/px4_msgs/px4_msgs/msg/detail/message_format_response__struct.h\n'}
[1.977176] (px4_msgs) StdoutLine: {'line': b'-- Up-to-date symlink: /home/prathamkelkar/ros2_ws/install/px4_msgs/include/px4_msgs/px4_msgs/msg/detail/message_format_response__type_support.h\n'}
[1.977321] (px4_msgs) StdoutLine: {'line': b'-- Up-to-date symlink: /home/prathamkelkar/ros2_ws/install/px4_msgs/include/px4_msgs/px4_msgs/msg/detail/mission__functions.h\n'}
[1.977436] (px4_msgs) StdoutLine: {'line': b'-- Up-to-date symlink: /home/prathamkelkar/ros2_ws/install/px4_msgs/include/px4_msgs/px4_msgs/msg/detail/mission__struct.h\n'}
[1.977550] (px4_msgs) StdoutLine: {'line': b'-- Up-to-date symlink: /home/prathamkelkar/ros2_ws/install/px4_msgs/include/px4_msgs/px4_msgs/msg/detail/mission__type_support.h\n'}
[1.977668] (px4_msgs) StdoutLine: {'line': b'-- Up-to-date symlink: /home/prathamkelkar/ros2_ws/install/px4_msgs/include/px4_msgs/px4_msgs/msg/detail/mission_result__functions.h\n'}
[1.977771] (px4_msgs) StdoutLine: {'line': b'-- Up-to-date symlink: /home/prathamkelkar/ros2_ws/install/px4_msgs/include/px4_msgs/px4_msgs/msg/detail/mission_result__struct.h\n'}
[1.977924] (px4_msgs) StdoutLine: {'line': b'-- Up-to-date symlink: /home/prathamkelkar/ros2_ws/install/px4_msgs/include/px4_msgs/px4_msgs/msg/detail/mission_result__type_support.h\n'}
[1.978036] (px4_msgs) StdoutLine: {'line': b'-- Up-to-date symlink: /home/prathamkelkar/ros2_ws/install/px4_msgs/include/px4_msgs/px4_msgs/msg/detail/mode_completed__functions.h\n'}
[1.978177] (px4_msgs) StdoutLine: {'line': b'-- Up-to-date symlink: /home/prathamkelkar/ros2_ws/install/px4_msgs/include/px4_msgs/px4_msgs/msg/detail/mode_completed__struct.h\n'}
[1.978287] (px4_msgs) StdoutLine: {'line': b'-- Up-to-date symlink: /home/prathamkelkar/ros2_ws/install/px4_msgs/include/px4_msgs/px4_msgs/msg/detail/mode_completed__type_support.h\n'}
[1.978433] (px4_msgs) StdoutLine: {'line': b'-- Up-to-date symlink: /home/prathamkelkar/ros2_ws/install/px4_msgs/include/px4_msgs/px4_msgs/msg/detail/mount_orientation__functions.h\n'}
[1.978578] (px4_msgs) StdoutLine: {'line': b'-- Up-to-date symlink: /home/prathamkelkar/ros2_ws/install/px4_msgs/include/px4_msgs/px4_msgs/msg/detail/mount_orientation__struct.h\n'}
[1.978730] (px4_msgs) StdoutLine: {'line': b'-- Up-to-date symlink: /home/prathamkelkar/ros2_ws/install/px4_msgs/include/px4_msgs/px4_msgs/msg/detail/mount_orientation__type_support.h\n'}
[1.978846] (px4_msgs) StdoutLine: {'line': b'-- Up-to-date symlink: /home/prathamkelkar/ros2_ws/install/px4_msgs/include/px4_msgs/px4_msgs/msg/detail/navigator_mission_item__functions.h\n'}
[1.978963] (px4_msgs) StdoutLine: {'line': b'-- Up-to-date symlink: /home/prathamkelkar/ros2_ws/install/px4_msgs/include/px4_msgs/px4_msgs/msg/detail/navigator_mission_item__struct.h\n'}
[1.979064] (px4_msgs) StdoutLine: {'line': b'-- Up-to-date symlink: /home/prathamkelkar/ros2_ws/install/px4_msgs/include/px4_msgs/px4_msgs/msg/detail/navigator_mission_item__type_support.h\n'}
[1.979181] (px4_msgs) StdoutLine: {'line': b'-- Up-to-date symlink: /home/prathamkelkar/ros2_ws/install/px4_msgs/include/px4_msgs/px4_msgs/msg/detail/normalized_unsigned_setpoint__functions.h\n'}
[1.979281] (px4_msgs) StdoutLine: {'line': b'-- Up-to-date symlink: /home/prathamkelkar/ros2_ws/install/px4_msgs/include/px4_msgs/px4_msgs/msg/detail/normalized_unsigned_setpoint__struct.h\n'}
[1.979424] (px4_msgs) StdoutLine: {'line': b'-- Up-to-date symlink: /home/prathamkelkar/ros2_ws/install/px4_msgs/include/px4_msgs/px4_msgs/msg/detail/normalized_unsigned_setpoint__type_support.h\n'}
[1.979553] (px4_msgs) StdoutLine: {'line': b'-- Up-to-date symlink: /home/prathamkelkar/ros2_ws/install/px4_msgs/include/px4_msgs/px4_msgs/msg/detail/npfg_status__functions.h\n'}
[1.979668] (px4_msgs) StdoutLine: {'line': b'-- Up-to-date symlink: /home/prathamkelkar/ros2_ws/install/px4_msgs/include/px4_msgs/px4_msgs/msg/detail/npfg_status__struct.h\n'}
[1.979787] (px4_msgs) StdoutLine: {'line': b'-- Up-to-date symlink: /home/prathamkelkar/ros2_ws/install/px4_msgs/include/px4_msgs/px4_msgs/msg/detail/npfg_status__type_support.h\n'}
[1.979951] (px4_msgs) StdoutLine: {'line': b'-- Up-to-date symlink: /home/prathamkelkar/ros2_ws/install/px4_msgs/include/px4_msgs/px4_msgs/msg/detail/obstacle_distance__functions.h\n'}
[1.980049] (px4_msgs) StdoutLine: {'line': b'-- Up-to-date symlink: /home/prathamkelkar/ros2_ws/install/px4_msgs/include/px4_msgs/px4_msgs/msg/detail/obstacle_distance__struct.h\n'}
[1.980193] (px4_msgs) StdoutLine: {'line': b'-- Up-to-date symlink: /home/prathamkelkar/ros2_ws/install/px4_msgs/include/px4_msgs/px4_msgs/msg/detail/obstacle_distance__type_support.h\n'}
[1.980330] (px4_msgs) StdoutLine: {'line': b'-- Up-to-date symlink: /home/prathamkelkar/ros2_ws/install/px4_msgs/include/px4_msgs/px4_msgs/msg/detail/offboard_control_mode__functions.h\n'}
[1.980481] (px4_msgs) StdoutLine: {'line': b'-- Up-to-date symlink: /home/prathamkelkar/ros2_ws/install/px4_msgs/include/px4_msgs/px4_msgs/msg/detail/offboard_control_mode__struct.h\n'}
[1.980593] (px4_msgs) StdoutLine: {'line': b'-- Up-to-date symlink: /home/prathamkelkar/ros2_ws/install/px4_msgs/include/px4_msgs/px4_msgs/msg/detail/offboard_control_mode__type_support.h\n'}
[1.980741] (px4_msgs) StdoutLine: {'line': b'-- Up-to-date symlink: /home/prathamkelkar/ros2_ws/install/px4_msgs/include/px4_msgs/px4_msgs/msg/detail/onboard_computer_status__functions.h\n'}
[1.980887] (simple_quadcopter_teleop) StdoutLine: {'line': b"reading manifest file 'simple_quadcopter_teleop.egg-info/SOURCES.txt'\n"}
[1.981012] (px4_msgs) StdoutLine: {'line': b'-- Up-to-date symlink: /home/prathamkelkar/ros2_ws/install/px4_msgs/include/px4_msgs/px4_msgs/msg/detail/onboard_computer_status__struct.h\n'}
[1.981124] (px4_msgs) StdoutLine: {'line': b'-- Up-to-date symlink: /home/prathamkelkar/ros2_ws/install/px4_msgs/include/px4_msgs/px4_msgs/msg/detail/onboard_computer_status__type_support.h\n'}
[1.981226] (px4_msgs) StdoutLine: {'line': b'-- Up-to-date symlink: /home/prathamkelkar/ros2_ws/install/px4_msgs/include/px4_msgs/px4_msgs/msg/detail/orb_test__functions.h\n'}
[1.981357] (px4_msgs) StdoutLine: {'line': b'-- Up-to-date symlink: /home/prathamkelkar/ros2_ws/install/px4_msgs/include/px4_msgs/px4_msgs/msg/detail/orb_test__struct.h\n'}
[1.981476] (px4_msgs) StdoutLine: {'line': b'-- Up-to-date symlink: /home/prathamkelkar/ros2_ws/install/px4_msgs/include/px4_msgs/px4_msgs/msg/detail/orb_test__type_support.h\n'}
[1.981581] (px4_msgs) StdoutLine: {'line': b'-- Up-to-date symlink: /home/prathamkelkar/ros2_ws/install/px4_msgs/include/px4_msgs/px4_msgs/msg/detail/orb_test_large__functions.h\n'}
[1.981710] (px4_msgs) StdoutLine: {'line': b'-- Up-to-date symlink: /home/prathamkelkar/ros2_ws/install/px4_msgs/include/px4_msgs/px4_msgs/msg/detail/orb_test_large__struct.h\n'}
[1.981816] (px4_msgs) StdoutLine: {'line': b'-- Up-to-date symlink: /home/prathamkelkar/ros2_ws/install/px4_msgs/include/px4_msgs/px4_msgs/msg/detail/orb_test_large__type_support.h\n'}
[1.981909] (px4_msgs) StdoutLine: {'line': b'-- Up-to-date symlink: /home/prathamkelkar/ros2_ws/install/px4_msgs/include/px4_msgs/px4_msgs/msg/detail/orb_test_medium__functions.h\n'}
[1.982003] (simple_quadcopter_teleop) StdoutLine: {'line': b"writing manifest file 'simple_quadcopter_teleop.egg-info/SOURCES.txt'\n"}
[1.982147] (px4_msgs) StdoutLine: {'line': b'-- Up-to-date symlink: /home/prathamkelkar/ros2_ws/install/px4_msgs/include/px4_msgs/px4_msgs/msg/detail/orb_test_medium__struct.h\n'}
[1.982284] (px4_msgs) StdoutLine: {'line': b'-- Up-to-date symlink: /home/prathamkelkar/ros2_ws/install/px4_msgs/include/px4_msgs/px4_msgs/msg/detail/orb_test_medium__type_support.h\n'}
[1.982428] (px4_msgs) StdoutLine: {'line': b'-- Up-to-date symlink: /home/prathamkelkar/ros2_ws/install/px4_msgs/include/px4_msgs/px4_msgs/msg/detail/orbit_status__functions.h\n'}
[1.982535] (px4_msgs) StdoutLine: {'line': b'-- Up-to-date symlink: /home/prathamkelkar/ros2_ws/install/px4_msgs/include/px4_msgs/px4_msgs/msg/detail/orbit_status__struct.h\n'}
[1.982705] (px4_msgs) StdoutLine: {'line': b'-- Up-to-date symlink: /home/prathamkelkar/ros2_ws/install/px4_msgs/include/px4_msgs/px4_msgs/msg/detail/orbit_status__type_support.h\n'}
[1.982801] (px4_msgs) StdoutLine: {'line': b'-- Up-to-date symlink: /home/prathamkelkar/ros2_ws/install/px4_msgs/include/px4_msgs/px4_msgs/msg/detail/parameter_reset_request__functions.h\n'}
[1.982916] (px4_msgs) StdoutLine: {'line': b'-- Up-to-date symlink: /home/prathamkelkar/ros2_ws/install/px4_msgs/include/px4_msgs/px4_msgs/msg/detail/parameter_reset_request__struct.h\n'}
[1.983015] (px4_msgs) StdoutLine: {'line': b'-- Up-to-date symlink: /home/prathamkelkar/ros2_ws/install/px4_msgs/include/px4_msgs/px4_msgs/msg/detail/parameter_reset_request__type_support.h\n'}
[1.983126] (px4_msgs) StdoutLine: {'line': b'-- Up-to-date symlink: /home/prathamkelkar/ros2_ws/install/px4_msgs/include/px4_msgs/px4_msgs/msg/detail/parameter_set_used_request__functions.h\n'}
[1.983236] (px4_msgs) StdoutLine: {'line': b'-- Up-to-date symlink: /home/prathamkelkar/ros2_ws/install/px4_msgs/include/px4_msgs/px4_msgs/msg/detail/parameter_set_used_request__struct.h\n'}
[1.983334] (px4_msgs) StdoutLine: {'line': b'-- Up-to-date symlink: /home/prathamkelkar/ros2_ws/install/px4_msgs/include/px4_msgs/px4_msgs/msg/detail/parameter_set_used_request__type_support.h\n'}
[1.983500] (px4_msgs) StdoutLine: {'line': b'-- Up-to-date symlink: /home/prathamkelkar/ros2_ws/install/px4_msgs/include/px4_msgs/px4_msgs/msg/detail/parameter_set_value_request__functions.h\n'}
[1.983623] (px4_msgs) StdoutLine: {'line': b'-- Up-to-date symlink: /home/prathamkelkar/ros2_ws/install/px4_msgs/include/px4_msgs/px4_msgs/msg/detail/parameter_set_value_request__struct.h\n'}
[1.983814] (px4_msgs) StdoutLine: {'line': b'-- Up-to-date symlink: /home/prathamkelkar/ros2_ws/install/px4_msgs/include/px4_msgs/px4_msgs/msg/detail/parameter_set_value_request__type_support.h\n'}
[1.983956] (px4_msgs) StdoutLine: {'line': b'-- Up-to-date symlink: /home/prathamkelkar/ros2_ws/install/px4_msgs/include/px4_msgs/px4_msgs/msg/detail/parameter_set_value_response__functions.h\n'}
[1.984089] (px4_msgs) StdoutLine: {'line': b'-- Up-to-date symlink: /home/prathamkelkar/ros2_ws/install/px4_msgs/include/px4_msgs/px4_msgs/msg/detail/parameter_set_value_response__struct.h\n'}
[1.984297] (px4_msgs) StdoutLine: {'line': b'-- Up-to-date symlink: /home/prathamkelkar/ros2_ws/install/px4_msgs/include/px4_msgs/px4_msgs/msg/detail/parameter_set_value_response__type_support.h\n'}
[1.984535] (px4_msgs) StdoutLine: {'line': b'-- Up-to-date symlink: /home/prathamkelkar/ros2_ws/install/px4_msgs/include/px4_msgs/px4_msgs/msg/detail/parameter_update__functions.h\n'}
[1.984672] (px4_msgs) StdoutLine: {'line': b'-- Up-to-date symlink: /home/prathamkelkar/ros2_ws/install/px4_msgs/include/px4_msgs/px4_msgs/msg/detail/parameter_update__struct.h\n'}
[1.984787] (px4_msgs) StdoutLine: {'line': b'-- Up-to-date symlink: /home/prathamkelkar/ros2_ws/install/px4_msgs/include/px4_msgs/px4_msgs/msg/detail/parameter_update__type_support.h\n'}
[1.984988] (px4_msgs) StdoutLine: {'line': b'-- Up-to-date symlink: /home/prathamkelkar/ros2_ws/install/px4_msgs/include/px4_msgs/px4_msgs/msg/detail/ping__functions.h\n'}
[1.985095] (px4_msgs) StdoutLine: {'line': b'-- Up-to-date symlink: /home/prathamkelkar/ros2_ws/install/px4_msgs/include/px4_msgs/px4_msgs/msg/detail/ping__struct.h\n'}
[1.985280] (px4_msgs) StdoutLine: {'line': b'-- Up-to-date symlink: /home/prathamkelkar/ros2_ws/install/px4_msgs/include/px4_msgs/px4_msgs/msg/detail/ping__type_support.h\n'}
[1.985386] (px4_msgs) StdoutLine: {'line': b'-- Up-to-date symlink: /home/prathamkelkar/ros2_ws/install/px4_msgs/include/px4_msgs/px4_msgs/msg/detail/position_controller_landing_status__functions.h\n'}
[1.985576] (px4_msgs) StdoutLine: {'line': b'-- Up-to-date symlink: /home/prathamkelkar/ros2_ws/install/px4_msgs/include/px4_msgs/px4_msgs/msg/detail/position_controller_landing_status__struct.h\n'}
[1.985701] (px4_msgs) StdoutLine: {'line': b'-- Up-to-date symlink: /home/prathamkelkar/ros2_ws/install/px4_msgs/include/px4_msgs/px4_msgs/msg/detail/position_controller_landing_status__type_support.h\n'}
[1.985882] (px4_msgs) StdoutLine: {'line': b'-- Up-to-date symlink: /home/prathamkelkar/ros2_ws/install/px4_msgs/include/px4_msgs/px4_msgs/msg/detail/position_controller_status__functions.h\n'}
[1.985992] (px4_msgs) StdoutLine: {'line': b'-- Up-to-date symlink: /home/prathamkelkar/ros2_ws/install/px4_msgs/include/px4_msgs/px4_msgs/msg/detail/position_controller_status__struct.h\n'}
[1.986093] (px4_msgs) StdoutLine: {'line': b'-- Up-to-date symlink: /home/prathamkelkar/ros2_ws/install/px4_msgs/include/px4_msgs/px4_msgs/msg/detail/position_controller_status__type_support.h\n'}
[1.986280] (px4_msgs) StdoutLine: {'line': b'-- Up-to-date symlink: /home/prathamkelkar/ros2_ws/install/px4_msgs/include/px4_msgs/px4_msgs/msg/detail/position_setpoint__functions.h\n'}
[1.986382] (px4_msgs) StdoutLine: {'line': b'-- Up-to-date symlink: /home/prathamkelkar/ros2_ws/install/px4_msgs/include/px4_msgs/px4_msgs/msg/detail/position_setpoint__struct.h\n'}
[1.986560] (px4_msgs) StdoutLine: {'line': b'-- Up-to-date symlink: /home/prathamkelkar/ros2_ws/install/px4_msgs/include/px4_msgs/px4_msgs/msg/detail/position_setpoint__type_support.h\n'}
[1.986674] (px4_msgs) StdoutLine: {'line': b'-- Up-to-date symlink: /home/prathamkelkar/ros2_ws/install/px4_msgs/include/px4_msgs/px4_msgs/msg/detail/position_setpoint_triplet__functions.h\n'}
[1.986792] (px4_msgs) StdoutLine: {'line': b'-- Up-to-date symlink: /home/prathamkelkar/ros2_ws/install/px4_msgs/include/px4_msgs/px4_msgs/msg/detail/position_setpoint_triplet__struct.h\n'}
[1.986997] (px4_msgs) StdoutLine: {'line': b'-- Up-to-date symlink: /home/prathamkelkar/ros2_ws/install/px4_msgs/include/px4_msgs/px4_msgs/msg/detail/position_setpoint_triplet__type_support.h\n'}
[1.987123] (px4_msgs) StdoutLine: {'line': b'-- Up-to-date symlink: /home/prathamkelkar/ros2_ws/install/px4_msgs/include/px4_msgs/px4_msgs/msg/detail/power_button_state__functions.h\n'}
[1.987246] (px4_msgs) StdoutLine: {'line': b'-- Up-to-date symlink: /home/prathamkelkar/ros2_ws/install/px4_msgs/include/px4_msgs/px4_msgs/msg/detail/power_button_state__struct.h\n'}
[1.987440] (px4_msgs) StdoutLine: {'line': b'-- Up-to-date symlink: /home/prathamkelkar/ros2_ws/install/px4_msgs/include/px4_msgs/px4_msgs/msg/detail/power_button_state__type_support.h\n'}
[1.987573] (px4_msgs) StdoutLine: {'line': b'-- Up-to-date symlink: /home/prathamkelkar/ros2_ws/install/px4_msgs/include/px4_msgs/px4_msgs/msg/detail/power_monitor__functions.h\n'}
[1.987690] (px4_msgs) StdoutLine: {'line': b'-- Up-to-date symlink: /home/prathamkelkar/ros2_ws/install/px4_msgs/include/px4_msgs/px4_msgs/msg/detail/power_monitor__struct.h\n'}
[1.987787] (px4_msgs) StdoutLine: {'line': b'-- Up-to-date symlink: /home/prathamkelkar/ros2_ws/install/px4_msgs/include/px4_msgs/px4_msgs/msg/detail/power_monitor__type_support.h\n'}
[1.987895] (px4_msgs) StdoutLine: {'line': b'-- Up-to-date symlink: /home/prathamkelkar/ros2_ws/install/px4_msgs/include/px4_msgs/px4_msgs/msg/detail/pps_capture__functions.h\n'}
[1.988074] (px4_msgs) StdoutLine: {'line': b'-- Up-to-date symlink: /home/prathamkelkar/ros2_ws/install/px4_msgs/include/px4_msgs/px4_msgs/msg/detail/pps_capture__struct.h\n'}
[1.988195] (px4_msgs) StdoutLine: {'line': b'-- Up-to-date symlink: /home/prathamkelkar/ros2_ws/install/px4_msgs/include/px4_msgs/px4_msgs/msg/detail/pps_capture__type_support.h\n'}
[1.988294] (px4_msgs) StdoutLine: {'line': b'-- Up-to-date symlink: /home/prathamkelkar/ros2_ws/install/px4_msgs/include/px4_msgs/px4_msgs/msg/detail/pwm_input__functions.h\n'}
[1.988502] (px4_msgs) StdoutLine: {'line': b'-- Up-to-date symlink: /home/prathamkelkar/ros2_ws/install/px4_msgs/include/px4_msgs/px4_msgs/msg/detail/pwm_input__struct.h\n'}
[1.988618] (px4_msgs) StdoutLine: {'line': b'-- Up-to-date symlink: /home/prathamkelkar/ros2_ws/install/px4_msgs/include/px4_msgs/px4_msgs/msg/detail/pwm_input__type_support.h\n'}
[1.988794] (px4_msgs) StdoutLine: {'line': b'-- Up-to-date symlink: /home/prathamkelkar/ros2_ws/install/px4_msgs/include/px4_msgs/px4_msgs/msg/detail/px4io_status__functions.h\n'}
[1.988897] (px4_msgs) StdoutLine: {'line': b'-- Up-to-date symlink: /home/prathamkelkar/ros2_ws/install/px4_msgs/include/px4_msgs/px4_msgs/msg/detail/px4io_status__struct.h\n'}
[1.988997] (px4_msgs) StdoutLine: {'line': b'-- Up-to-date symlink: /home/prathamkelkar/ros2_ws/install/px4_msgs/include/px4_msgs/px4_msgs/msg/detail/px4io_status__type_support.h\n'}
[1.989168] (px4_msgs) StdoutLine: {'line': b'-- Up-to-date symlink: /home/prathamkelkar/ros2_ws/install/px4_msgs/include/px4_msgs/px4_msgs/msg/detail/qshell_req__functions.h\n'}
[1.989268] (px4_msgs) StdoutLine: {'line': b'-- Up-to-date symlink: /home/prathamkelkar/ros2_ws/install/px4_msgs/include/px4_msgs/px4_msgs/msg/detail/qshell_req__struct.h\n'}
[1.989457] (px4_msgs) StdoutLine: {'line': b'-- Up-to-date symlink: /home/prathamkelkar/ros2_ws/install/px4_msgs/include/px4_msgs/px4_msgs/msg/detail/qshell_req__type_support.h\n'}
[1.989587] (px4_msgs) StdoutLine: {'line': b'-- Up-to-date symlink: /home/prathamkelkar/ros2_ws/install/px4_msgs/include/px4_msgs/px4_msgs/msg/detail/qshell_retval__functions.h\n'}
[1.989718] (px4_msgs) StdoutLine: {'line': b'-- Up-to-date symlink: /home/prathamkelkar/ros2_ws/install/px4_msgs/include/px4_msgs/px4_msgs/msg/detail/qshell_retval__struct.h\n'}
[1.989828] (px4_msgs) StdoutLine: {'line': b'-- Up-to-date symlink: /home/prathamkelkar/ros2_ws/install/px4_msgs/include/px4_msgs/px4_msgs/msg/detail/qshell_retval__type_support.h\n'}
[1.989992] (px4_msgs) StdoutLine: {'line': b'-- Up-to-date symlink: /home/prathamkelkar/ros2_ws/install/px4_msgs/include/px4_msgs/px4_msgs/msg/detail/radio_status__functions.h\n'}
[1.990097] (px4_msgs) StdoutLine: {'line': b'-- Up-to-date symlink: /home/prathamkelkar/ros2_ws/install/px4_msgs/include/px4_msgs/px4_msgs/msg/detail/radio_status__struct.h\n'}
[1.990272] (px4_msgs) StdoutLine: {'line': b'-- Up-to-date symlink: /home/prathamkelkar/ros2_ws/install/px4_msgs/include/px4_msgs/px4_msgs/msg/detail/radio_status__type_support.h\n'}
[1.990372] (px4_msgs) StdoutLine: {'line': b'-- Up-to-date symlink: /home/prathamkelkar/ros2_ws/install/px4_msgs/include/px4_msgs/px4_msgs/msg/detail/rate_ctrl_status__functions.h\n'}
[1.990539] (px4_msgs) StdoutLine: {'line': b'-- Up-to-date symlink: /home/prathamkelkar/ros2_ws/install/px4_msgs/include/px4_msgs/px4_msgs/msg/detail/rate_ctrl_status__struct.h\n'}
[1.990691] (px4_msgs) StdoutLine: {'line': b'-- Up-to-date symlink: /home/prathamkelkar/ros2_ws/install/px4_msgs/include/px4_msgs/px4_msgs/msg/detail/rate_ctrl_status__type_support.h\n'}
[1.990810] (px4_msgs) StdoutLine: {'line': b'-- Up-to-date symlink: /home/prathamkelkar/ros2_ws/install/px4_msgs/include/px4_msgs/px4_msgs/msg/detail/rc_channels__functions.h\n'}
[1.990924] (px4_msgs) StdoutLine: {'line': b'-- Up-to-date symlink: /home/prathamkelkar/ros2_ws/install/px4_msgs/include/px4_msgs/px4_msgs/msg/detail/rc_channels__struct.h\n'}
[1.991023] (px4_msgs) StdoutLine: {'line': b'-- Up-to-date symlink: /home/prathamkelkar/ros2_ws/install/px4_msgs/include/px4_msgs/px4_msgs/msg/detail/rc_channels__type_support.h\n'}
[1.991190] (px4_msgs) StdoutLine: {'line': b'-- Up-to-date symlink: /home/prathamkelkar/ros2_ws/install/px4_msgs/include/px4_msgs/px4_msgs/msg/detail/rc_parameter_map__functions.h\n'}
[1.991322] (px4_msgs) StdoutLine: {'line': b'-- Up-to-date symlink: /home/prathamkelkar/ros2_ws/install/px4_msgs/include/px4_msgs/px4_msgs/msg/detail/rc_parameter_map__struct.h\n'}
[1.991447] (px4_msgs) StdoutLine: {'line': b'-- Up-to-date symlink: /home/prathamkelkar/ros2_ws/install/px4_msgs/include/px4_msgs/px4_msgs/msg/detail/rc_parameter_map__type_support.h\n'}
[1.991563] (px4_msgs) StdoutLine: {'line': b'-- Up-to-date symlink: /home/prathamkelkar/ros2_ws/install/px4_msgs/include/px4_msgs/px4_msgs/msg/detail/register_ext_component_reply__functions.h\n'}
[1.991684] (px4_msgs) StdoutLine: {'line': b'-- Up-to-date symlink: /home/prathamkelkar/ros2_ws/install/px4_msgs/include/px4_msgs/px4_msgs/msg/detail/register_ext_component_reply__struct.h\n'}
[1.991785] (px4_msgs) StdoutLine: {'line': b'-- Up-to-date symlink: /home/prathamkelkar/ros2_ws/install/px4_msgs/include/px4_msgs/px4_msgs/msg/detail/register_ext_component_reply__type_support.h\n'}
[1.991889] (px4_msgs) StdoutLine: {'line': b'-- Up-to-date symlink: /home/prathamkelkar/ros2_ws/install/px4_msgs/include/px4_msgs/px4_msgs/msg/detail/register_ext_component_request__functions.h\n'}
[1.991991] (px4_msgs) StdoutLine: {'line': b'-- Up-to-date symlink: /home/prathamkelkar/ros2_ws/install/px4_msgs/include/px4_msgs/px4_msgs/msg/detail/register_ext_component_request__struct.h\n'}
[1.992106] (px4_msgs) StdoutLine: {'line': b'-- Up-to-date symlink: /home/prathamkelkar/ros2_ws/install/px4_msgs/include/px4_msgs/px4_msgs/msg/detail/register_ext_component_request__type_support.h\n'}
[1.992210] (px4_msgs) StdoutLine: {'line': b'-- Up-to-date symlink: /home/prathamkelkar/ros2_ws/install/px4_msgs/include/px4_msgs/px4_msgs/msg/detail/rpm__functions.h\n'}
[1.992397] (px4_msgs) StdoutLine: {'line': b'-- Up-to-date symlink: /home/prathamkelkar/ros2_ws/install/px4_msgs/include/px4_msgs/px4_msgs/msg/detail/rpm__struct.h\n'}
[1.992514] (px4_msgs) StdoutLine: {'line': b'-- Up-to-date symlink: /home/prathamkelkar/ros2_ws/install/px4_msgs/include/px4_msgs/px4_msgs/msg/detail/rpm__type_support.h\n'}
[1.992650] (px4_msgs) StdoutLine: {'line': b'-- Up-to-date symlink: /home/prathamkelkar/ros2_ws/install/px4_msgs/include/px4_msgs/px4_msgs/msg/detail/rtl_status__functions.h\n'}
[1.992757] (px4_msgs) StdoutLine: {'line': b'-- Up-to-date symlink: /home/prathamkelkar/ros2_ws/install/px4_msgs/include/px4_msgs/px4_msgs/msg/detail/rtl_status__struct.h\n'}
[1.992921] (px4_msgs) StdoutLine: {'line': b'-- Up-to-date symlink: /home/prathamkelkar/ros2_ws/install/px4_msgs/include/px4_msgs/px4_msgs/msg/detail/rtl_status__type_support.h\n'}
[1.993037] (px4_msgs) StdoutLine: {'line': b'-- Up-to-date symlink: /home/prathamkelkar/ros2_ws/install/px4_msgs/include/px4_msgs/px4_msgs/msg/detail/rtl_time_estimate__functions.h\n'}
[1.993158] (px4_msgs) StdoutLine: {'line': b'-- Up-to-date symlink: /home/prathamkelkar/ros2_ws/install/px4_msgs/include/px4_msgs/px4_msgs/msg/detail/rtl_time_estimate__struct.h\n'}
[1.993264] (px4_msgs) StdoutLine: {'line': b'-- Up-to-date symlink: /home/prathamkelkar/ros2_ws/install/px4_msgs/include/px4_msgs/px4_msgs/msg/detail/rtl_time_estimate__type_support.h\n'}
[1.993443] (px4_msgs) StdoutLine: {'line': b'-- Up-to-date symlink: /home/prathamkelkar/ros2_ws/install/px4_msgs/include/px4_msgs/px4_msgs/msg/detail/satellite_info__functions.h\n'}
[1.993560] (px4_msgs) StdoutLine: {'line': b'-- Up-to-date symlink: /home/prathamkelkar/ros2_ws/install/px4_msgs/include/px4_msgs/px4_msgs/msg/detail/satellite_info__struct.h\n'}
[1.993684] (px4_msgs) StdoutLine: {'line': b'-- Up-to-date symlink: /home/prathamkelkar/ros2_ws/install/px4_msgs/include/px4_msgs/px4_msgs/msg/detail/satellite_info__type_support.h\n'}
[1.993802] (px4_msgs) StdoutLine: {'line': b'-- Up-to-date symlink: /home/prathamkelkar/ros2_ws/install/px4_msgs/include/px4_msgs/px4_msgs/msg/detail/sensor_accel__functions.h\n'}
[1.993904] (px4_msgs) StdoutLine: {'line': b'-- Up-to-date symlink: /home/prathamkelkar/ros2_ws/install/px4_msgs/include/px4_msgs/px4_msgs/msg/detail/sensor_accel__struct.h\n'}
[1.994074] (px4_msgs) StdoutLine: {'line': b'-- Up-to-date symlink: /home/prathamkelkar/ros2_ws/install/px4_msgs/include/px4_msgs/px4_msgs/msg/detail/sensor_accel__type_support.h\n'}
[1.994176] (px4_msgs) StdoutLine: {'line': b'-- Up-to-date symlink: /home/prathamkelkar/ros2_ws/install/px4_msgs/include/px4_msgs/px4_msgs/msg/detail/sensor_accel_fifo__functions.h\n'}
[1.994347] (px4_msgs) StdoutLine: {'line': b'-- Up-to-date symlink: /home/prathamkelkar/ros2_ws/install/px4_msgs/include/px4_msgs/px4_msgs/msg/detail/sensor_accel_fifo__struct.h\n'}
[1.994467] (px4_msgs) StdoutLine: {'line': b'-- Up-to-date symlink: /home/prathamkelkar/ros2_ws/install/px4_msgs/include/px4_msgs/px4_msgs/msg/detail/sensor_accel_fifo__type_support.h\n'}
[1.994607] (px4_msgs) StdoutLine: {'line': b'-- Up-to-date symlink: /home/prathamkelkar/ros2_ws/install/px4_msgs/include/px4_msgs/px4_msgs/msg/detail/sensor_airflow__functions.h\n'}
[1.994770] (px4_msgs) StdoutLine: {'line': b'-- Up-to-date symlink: /home/prathamkelkar/ros2_ws/install/px4_msgs/include/px4_msgs/px4_msgs/msg/detail/sensor_airflow__struct.h\n'}
[1.994929] (px4_msgs) StdoutLine: {'line': b'-- Up-to-date symlink: /home/prathamkelkar/ros2_ws/install/px4_msgs/include/px4_msgs/px4_msgs/msg/detail/sensor_airflow__type_support.h\n'}
[1.995035] (px4_msgs) StdoutLine: {'line': b'-- Up-to-date symlink: /home/prathamkelkar/ros2_ws/install/px4_msgs/include/px4_msgs/px4_msgs/msg/detail/sensor_baro__functions.h\n'}
[2.025080] (-) TimerEvent: {}
[2.025839] (px4_msgs) StdoutLine: {'line': b'-- Up-to-date symlink: /home/prathamkelkar/ros2_ws/install/px4_msgs/include/px4_msgs/px4_msgs/msg/detail/sensor_baro__struct.h\n'}
[2.026429] (px4_msgs) StdoutLine: {'line': b'-- Up-to-date symlink: /home/prathamkelkar/ros2_ws/install/px4_msgs/include/px4_msgs/px4_msgs/msg/detail/sensor_baro__type_support.h\n'}
[2.026701] (px4_msgs) StdoutLine: {'line': b'-- Up-to-date symlink: /home/prathamkelkar/ros2_ws/install/px4_msgs/include/px4_msgs/px4_msgs/msg/detail/sensor_combined__functions.h\n'}
[2.026830] (px4_msgs) StdoutLine: {'line': b'-- Up-to-date symlink: /home/prathamkelkar/ros2_ws/install/px4_msgs/include/px4_msgs/px4_msgs/msg/detail/sensor_combined__struct.h\n'}
[2.027021] (px4_msgs) StdoutLine: {'line': b'-- Up-to-date symlink: /home/prathamkelkar/ros2_ws/install/px4_msgs/include/px4_msgs/px4_msgs/msg/detail/sensor_combined__type_support.h\n'}
[2.027174] (px4_msgs) StdoutLine: {'line': b'-- Up-to-date symlink: /home/prathamkelkar/ros2_ws/install/px4_msgs/include/px4_msgs/px4_msgs/msg/detail/sensor_correction__functions.h\n'}
[2.027334] (px4_msgs) StdoutLine: {'line': b'-- Up-to-date symlink: /home/prathamkelkar/ros2_ws/install/px4_msgs/include/px4_msgs/px4_msgs/msg/detail/sensor_correction__struct.h\n'}
[2.027470] (px4_msgs) StdoutLine: {'line': b'-- Up-to-date symlink: /home/prathamkelkar/ros2_ws/install/px4_msgs/include/px4_msgs/px4_msgs/msg/detail/sensor_correction__type_support.h\n'}
[2.027594] (px4_msgs) StdoutLine: {'line': b'-- Up-to-date symlink: /home/prathamkelkar/ros2_ws/install/px4_msgs/include/px4_msgs/px4_msgs/msg/detail/sensor_gnss_relative__functions.h\n'}
[2.027705] (px4_msgs) StdoutLine: {'line': b'-- Up-to-date symlink: /home/prathamkelkar/ros2_ws/install/px4_msgs/include/px4_msgs/px4_msgs/msg/detail/sensor_gnss_relative__struct.h\n'}
[2.027807] (px4_msgs) StdoutLine: {'line': b'-- Up-to-date symlink: /home/prathamkelkar/ros2_ws/install/px4_msgs/include/px4_msgs/px4_msgs/msg/detail/sensor_gnss_relative__type_support.h\n'}
[2.027982] (px4_msgs) StdoutLine: {'line': b'-- Up-to-date symlink: /home/prathamkelkar/ros2_ws/install/px4_msgs/include/px4_msgs/px4_msgs/msg/detail/sensor_gps__functions.h\n'}
[2.028086] (px4_msgs) StdoutLine: {'line': b'-- Up-to-date symlink: /home/prathamkelkar/ros2_ws/install/px4_msgs/include/px4_msgs/px4_msgs/msg/detail/sensor_gps__struct.h\n'}
[2.028253] (px4_msgs) StdoutLine: {'line': b'-- Up-to-date symlink: /home/prathamkelkar/ros2_ws/install/px4_msgs/include/px4_msgs/px4_msgs/msg/detail/sensor_gps__type_support.h\n'}
[2.028377] (px4_msgs) StdoutLine: {'line': b'-- Up-to-date symlink: /home/prathamkelkar/ros2_ws/install/px4_msgs/include/px4_msgs/px4_msgs/msg/detail/sensor_gyro__functions.h\n'}
[2.028476] (px4_msgs) StdoutLine: {'line': b'-- Up-to-date symlink: /home/prathamkelkar/ros2_ws/install/px4_msgs/include/px4_msgs/px4_msgs/msg/detail/sensor_gyro__struct.h\n'}
[2.028662] (px4_msgs) StdoutLine: {'line': b'-- Up-to-date symlink: /home/prathamkelkar/ros2_ws/install/px4_msgs/include/px4_msgs/px4_msgs/msg/detail/sensor_gyro__type_support.h\n'}
[2.028771] (px4_msgs) StdoutLine: {'line': b'-- Up-to-date symlink: /home/prathamkelkar/ros2_ws/install/px4_msgs/include/px4_msgs/px4_msgs/msg/detail/sensor_gyro_fft__functions.h\n'}
[2.028875] (px4_msgs) StdoutLine: {'line': b'-- Up-to-date symlink: /home/prathamkelkar/ros2_ws/install/px4_msgs/include/px4_msgs/px4_msgs/msg/detail/sensor_gyro_fft__struct.h\n'}
[2.028982] (px4_msgs) StdoutLine: {'line': b'-- Up-to-date symlink: /home/prathamkelkar/ros2_ws/install/px4_msgs/include/px4_msgs/px4_msgs/msg/detail/sensor_gyro_fft__type_support.h\n'}
[2.029083] (px4_msgs) StdoutLine: {'line': b'-- Up-to-date symlink: /home/prathamkelkar/ros2_ws/install/px4_msgs/include/px4_msgs/px4_msgs/msg/detail/sensor_gyro_fifo__functions.h\n'}
[2.029277] (px4_msgs) StdoutLine: {'line': b'-- Up-to-date symlink: /home/prathamkelkar/ros2_ws/install/px4_msgs/include/px4_msgs/px4_msgs/msg/detail/sensor_gyro_fifo__struct.h\n'}
[2.029377] (px4_msgs) StdoutLine: {'line': b'-- Up-to-date symlink: /home/prathamkelkar/ros2_ws/install/px4_msgs/include/px4_msgs/px4_msgs/msg/detail/sensor_gyro_fifo__type_support.h\n'}
[2.029543] (px4_msgs) StdoutLine: {'line': b'-- Up-to-date symlink: /home/prathamkelkar/ros2_ws/install/px4_msgs/include/px4_msgs/px4_msgs/msg/detail/sensor_hygrometer__functions.h\n'}
[2.029652] (px4_msgs) StdoutLine: {'line': b'-- Up-to-date symlink: /home/prathamkelkar/ros2_ws/install/px4_msgs/include/px4_msgs/px4_msgs/msg/detail/sensor_hygrometer__struct.h\n'}
[2.029755] (px4_msgs) StdoutLine: {'line': b'-- Up-to-date symlink: /home/prathamkelkar/ros2_ws/install/px4_msgs/include/px4_msgs/px4_msgs/msg/detail/sensor_hygrometer__type_support.h\n'}
[2.029922] (px4_msgs) StdoutLine: {'line': b'-- Up-to-date symlink: /home/prathamkelkar/ros2_ws/install/px4_msgs/include/px4_msgs/px4_msgs/msg/detail/sensor_mag__functions.h\n'}
[2.030022] (px4_msgs) StdoutLine: {'line': b'-- Up-to-date symlink: /home/prathamkelkar/ros2_ws/install/px4_msgs/include/px4_msgs/px4_msgs/msg/detail/sensor_mag__struct.h\n'}
[2.030126] (px4_msgs) StdoutLine: {'line': b'-- Up-to-date symlink: /home/prathamkelkar/ros2_ws/install/px4_msgs/include/px4_msgs/px4_msgs/msg/detail/sensor_mag__type_support.h\n'}
[2.030234] (px4_msgs) StdoutLine: {'line': b'-- Up-to-date symlink: /home/prathamkelkar/ros2_ws/install/px4_msgs/include/px4_msgs/px4_msgs/msg/detail/sensor_optical_flow__functions.h\n'}
[2.030434] (px4_msgs) StdoutLine: {'line': b'-- Up-to-date symlink: /home/prathamkelkar/ros2_ws/install/px4_msgs/include/px4_msgs/px4_msgs/msg/detail/sensor_optical_flow__struct.h\n'}
[2.030556] (px4_msgs) StdoutLine: {'line': b'-- Up-to-date symlink: /home/prathamkelkar/ros2_ws/install/px4_msgs/include/px4_msgs/px4_msgs/msg/detail/sensor_optical_flow__type_support.h\n'}
[2.030876] (px4_msgs) StdoutLine: {'line': b'-- Up-to-date symlink: /home/prathamkelkar/ros2_ws/install/px4_msgs/include/px4_msgs/px4_msgs/msg/detail/sensor_preflight_mag__functions.h\n'}
[2.031225] (px4_msgs) StdoutLine: {'line': b'-- Up-to-date symlink: /home/prathamkelkar/ros2_ws/install/px4_msgs/include/px4_msgs/px4_msgs/msg/detail/sensor_preflight_mag__struct.h\n'}
[2.031598] (px4_msgs) StdoutLine: {'line': b'-- Up-to-date symlink: /home/prathamkelkar/ros2_ws/install/px4_msgs/include/px4_msgs/px4_msgs/msg/detail/sensor_preflight_mag__type_support.h\n'}
[2.032146] (px4_msgs) StdoutLine: {'line': b'-- Up-to-date symlink: /home/prathamkelkar/ros2_ws/install/px4_msgs/include/px4_msgs/px4_msgs/msg/detail/sensor_selection__functions.h\n'}
[2.032964] (px4_msgs) StdoutLine: {'line': b'-- Up-to-date symlink: /home/prathamkelkar/ros2_ws/install/px4_msgs/include/px4_msgs/px4_msgs/msg/detail/sensor_selection__struct.h\n'}
[2.037238] (px4_msgs) StdoutLine: {'line': b'-- Up-to-date symlink: /home/prathamkelkar/ros2_ws/install/px4_msgs/include/px4_msgs/px4_msgs/msg/detail/sensor_selection__type_support.h\n'}
[2.038212] (px4_msgs) StdoutLine: {'line': b'-- Up-to-date symlink: /home/prathamkelkar/ros2_ws/install/px4_msgs/include/px4_msgs/px4_msgs/msg/detail/sensor_uwb__functions.h\n'}
[2.039404] (px4_msgs) StdoutLine: {'line': b'-- Up-to-date symlink: /home/prathamkelkar/ros2_ws/install/px4_msgs/include/px4_msgs/px4_msgs/msg/detail/sensor_uwb__struct.h\n'}
[2.040654] (px4_msgs) StdoutLine: {'line': b'-- Up-to-date symlink: /home/prathamkelkar/ros2_ws/install/px4_msgs/include/px4_msgs/px4_msgs/msg/detail/sensor_uwb__type_support.h\n'}
[2.041505] (px4_msgs) StdoutLine: {'line': b'-- Up-to-date symlink: /home/prathamkelkar/ros2_ws/install/px4_msgs/include/px4_msgs/px4_msgs/msg/detail/sensors_status__functions.h\n'}
[2.043190] (px4_msgs) StdoutLine: {'line': b'-- Up-to-date symlink: /home/prathamkelkar/ros2_ws/install/px4_msgs/include/px4_msgs/px4_msgs/msg/detail/sensors_status__struct.h\n'}
[2.043726] (px4_msgs) StdoutLine: {'line': b'-- Up-to-date symlink: /home/prathamkelkar/ros2_ws/install/px4_msgs/include/px4_msgs/px4_msgs/msg/detail/sensors_status__type_support.h\n'}
[2.043859] (px4_msgs) StdoutLine: {'line': b'-- Up-to-date symlink: /home/prathamkelkar/ros2_ws/install/px4_msgs/include/px4_msgs/px4_msgs/msg/detail/sensors_status_imu__functions.h\n'}
[2.044141] (px4_msgs) StdoutLine: {'line': b'-- Up-to-date symlink: /home/prathamkelkar/ros2_ws/install/px4_msgs/include/px4_msgs/px4_msgs/msg/detail/sensors_status_imu__struct.h\n'}
[2.044615] (px4_msgs) StdoutLine: {'line': b'-- Up-to-date symlink: /home/prathamkelkar/ros2_ws/install/px4_msgs/include/px4_msgs/px4_msgs/msg/detail/sensors_status_imu__type_support.h\n'}
[2.045088] (px4_msgs) StdoutLine: {'line': b'-- Up-to-date symlink: /home/prathamkelkar/ros2_ws/install/px4_msgs/include/px4_msgs/px4_msgs/msg/detail/system_power__functions.h\n'}
[2.045271] (px4_msgs) StdoutLine: {'line': b'-- Up-to-date symlink: /home/prathamkelkar/ros2_ws/install/px4_msgs/include/px4_msgs/px4_msgs/msg/detail/system_power__struct.h\n'}
[2.045572] (px4_msgs) StdoutLine: {'line': b'-- Up-to-date symlink: /home/prathamkelkar/ros2_ws/install/px4_msgs/include/px4_msgs/px4_msgs/msg/detail/system_power__type_support.h\n'}
[2.045689] (px4_msgs) StdoutLine: {'line': b'-- Up-to-date symlink: /home/prathamkelkar/ros2_ws/install/px4_msgs/include/px4_msgs/px4_msgs/msg/detail/takeoff_status__functions.h\n'}
[2.045888] (px4_msgs) StdoutLine: {'line': b'-- Up-to-date symlink: /home/prathamkelkar/ros2_ws/install/px4_msgs/include/px4_msgs/px4_msgs/msg/detail/takeoff_status__struct.h\n'}
[2.046317] (px4_msgs) StdoutLine: {'line': b'-- Up-to-date symlink: /home/prathamkelkar/ros2_ws/install/px4_msgs/include/px4_msgs/px4_msgs/msg/detail/takeoff_status__type_support.h\n'}
[2.046518] (px4_msgs) StdoutLine: {'line': b'-- Up-to-date symlink: /home/prathamkelkar/ros2_ws/install/px4_msgs/include/px4_msgs/px4_msgs/msg/detail/task_stack_info__functions.h\n'}
[2.046691] (px4_msgs) StdoutLine: {'line': b'-- Up-to-date symlink: /home/prathamkelkar/ros2_ws/install/px4_msgs/include/px4_msgs/px4_msgs/msg/detail/task_stack_info__struct.h\n'}
[2.047023] (px4_msgs) StdoutLine: {'line': b'-- Up-to-date symlink: /home/prathamkelkar/ros2_ws/install/px4_msgs/include/px4_msgs/px4_msgs/msg/detail/task_stack_info__type_support.h\n'}
[2.047445] (px4_msgs) StdoutLine: {'line': b'-- Up-to-date symlink: /home/prathamkelkar/ros2_ws/install/px4_msgs/include/px4_msgs/px4_msgs/msg/detail/tecs_status__functions.h\n'}
[2.047643] (px4_msgs) StdoutLine: {'line': b'-- Up-to-date symlink: /home/prathamkelkar/ros2_ws/install/px4_msgs/include/px4_msgs/px4_msgs/msg/detail/tecs_status__struct.h\n'}
[2.047773] (px4_msgs) StdoutLine: {'line': b'-- Up-to-date symlink: /home/prathamkelkar/ros2_ws/install/px4_msgs/include/px4_msgs/px4_msgs/msg/detail/tecs_status__type_support.h\n'}
[2.047997] (px4_msgs) StdoutLine: {'line': b'-- Up-to-date symlink: /home/prathamkelkar/ros2_ws/install/px4_msgs/include/px4_msgs/px4_msgs/msg/detail/telemetry_status__functions.h\n'}
[2.048094] (px4_msgs) StdoutLine: {'line': b'-- Up-to-date symlink: /home/prathamkelkar/ros2_ws/install/px4_msgs/include/px4_msgs/px4_msgs/msg/detail/telemetry_status__struct.h\n'}
[2.048780] (px4_msgs) StdoutLine: {'line': b'-- Up-to-date symlink: /home/prathamkelkar/ros2_ws/install/px4_msgs/include/px4_msgs/px4_msgs/msg/detail/telemetry_status__type_support.h\n'}
[2.049179] (px4_msgs) StdoutLine: {'line': b'-- Up-to-date symlink: /home/prathamkelkar/ros2_ws/install/px4_msgs/include/px4_msgs/px4_msgs/msg/detail/tiltrotor_extra_controls__functions.h\n'}
[2.049341] (px4_msgs) StdoutLine: {'line': b'-- Up-to-date symlink: /home/prathamkelkar/ros2_ws/install/px4_msgs/include/px4_msgs/px4_msgs/msg/detail/tiltrotor_extra_controls__struct.h\n'}
[2.049448] (px4_msgs) StdoutLine: {'line': b'-- Up-to-date symlink: /home/prathamkelkar/ros2_ws/install/px4_msgs/include/px4_msgs/px4_msgs/msg/detail/tiltrotor_extra_controls__type_support.h\n'}
[2.049839] (px4_msgs) StdoutLine: {'line': b'-- Up-to-date symlink: /home/prathamkelkar/ros2_ws/install/px4_msgs/include/px4_msgs/px4_msgs/msg/detail/timesync_status__functions.h\n'}
[2.049971] (px4_msgs) StdoutLine: {'line': b'-- Up-to-date symlink: /home/prathamkelkar/ros2_ws/install/px4_msgs/include/px4_msgs/px4_msgs/msg/detail/timesync_status__struct.h\n'}
[2.050074] (px4_msgs) StdoutLine: {'line': b'-- Up-to-date symlink: /home/prathamkelkar/ros2_ws/install/px4_msgs/include/px4_msgs/px4_msgs/msg/detail/timesync_status__type_support.h\n'}
[2.050175] (px4_msgs) StdoutLine: {'line': b'-- Up-to-date symlink: /home/prathamkelkar/ros2_ws/install/px4_msgs/include/px4_msgs/px4_msgs/msg/detail/trajectory_bezier__functions.h\n'}
[2.050296] (px4_msgs) StdoutLine: {'line': b'-- Up-to-date symlink: /home/prathamkelkar/ros2_ws/install/px4_msgs/include/px4_msgs/px4_msgs/msg/detail/trajectory_bezier__struct.h\n'}
[2.050408] (px4_msgs) StdoutLine: {'line': b'-- Up-to-date symlink: /home/prathamkelkar/ros2_ws/install/px4_msgs/include/px4_msgs/px4_msgs/msg/detail/trajectory_bezier__type_support.h\n'}
[2.050535] (px4_msgs) StdoutLine: {'line': b'-- Up-to-date symlink: /home/prathamkelkar/ros2_ws/install/px4_msgs/include/px4_msgs/px4_msgs/msg/detail/trajectory_setpoint__functions.h\n'}
[2.050733] (px4_msgs) StdoutLine: {'line': b'-- Up-to-date symlink: /home/prathamkelkar/ros2_ws/install/px4_msgs/include/px4_msgs/px4_msgs/msg/detail/trajectory_setpoint__struct.h\n'}
[2.050829] (px4_msgs) StdoutLine: {'line': b'-- Up-to-date symlink: /home/prathamkelkar/ros2_ws/install/px4_msgs/include/px4_msgs/px4_msgs/msg/detail/trajectory_setpoint__type_support.h\n'}
[2.050939] (px4_msgs) StdoutLine: {'line': b'-- Up-to-date symlink: /home/prathamkelkar/ros2_ws/install/px4_msgs/include/px4_msgs/px4_msgs/msg/detail/trajectory_waypoint__functions.h\n'}
[2.051099] (px4_msgs) StdoutLine: {'line': b'-- Up-to-date symlink: /home/prathamkelkar/ros2_ws/install/px4_msgs/include/px4_msgs/px4_msgs/msg/detail/trajectory_waypoint__struct.h\n'}
[2.051216] (px4_msgs) StdoutLine: {'line': b'-- Up-to-date symlink: /home/prathamkelkar/ros2_ws/install/px4_msgs/include/px4_msgs/px4_msgs/msg/detail/trajectory_waypoint__type_support.h\n'}
[2.051294] (px4_msgs) StdoutLine: {'line': b'-- Up-to-date symlink: /home/prathamkelkar/ros2_ws/install/px4_msgs/include/px4_msgs/px4_msgs/msg/detail/transponder_report__functions.h\n'}
[2.051497] (px4_msgs) StdoutLine: {'line': b'-- Up-to-date symlink: /home/prathamkelkar/ros2_ws/install/px4_msgs/include/px4_msgs/px4_msgs/msg/detail/transponder_report__struct.h\n'}
[2.051579] (px4_msgs) StdoutLine: {'line': b'-- Up-to-date symlink: /home/prathamkelkar/ros2_ws/install/px4_msgs/include/px4_msgs/px4_msgs/msg/detail/transponder_report__type_support.h\n'}
[2.051665] (px4_msgs) StdoutLine: {'line': b'-- Up-to-date symlink: /home/prathamkelkar/ros2_ws/install/px4_msgs/include/px4_msgs/px4_msgs/msg/detail/tune_control__functions.h\n'}
[2.052021] (px4_msgs) StdoutLine: {'line': b'-- Up-to-date symlink: /home/prathamkelkar/ros2_ws/install/px4_msgs/include/px4_msgs/px4_msgs/msg/detail/tune_control__struct.h\n'}
[2.052311] (px4_msgs) StdoutLine: {'line': b'-- Up-to-date symlink: /home/prathamkelkar/ros2_ws/install/px4_msgs/include/px4_msgs/px4_msgs/msg/detail/tune_control__type_support.h\n'}
[2.052458] (px4_msgs) StdoutLine: {'line': b'-- Up-to-date symlink: /home/prathamkelkar/ros2_ws/install/px4_msgs/include/px4_msgs/px4_msgs/msg/detail/uavcan_parameter_request__functions.h\n'}
[2.052620] (px4_msgs) StdoutLine: {'line': b'-- Up-to-date symlink: /home/prathamkelkar/ros2_ws/install/px4_msgs/include/px4_msgs/px4_msgs/msg/detail/uavcan_parameter_request__struct.h\n'}
[2.052720] (px4_msgs) StdoutLine: {'line': b'-- Up-to-date symlink: /home/prathamkelkar/ros2_ws/install/px4_msgs/include/px4_msgs/px4_msgs/msg/detail/uavcan_parameter_request__type_support.h\n'}
[2.052816] (px4_msgs) StdoutLine: {'line': b'-- Up-to-date symlink: /home/prathamkelkar/ros2_ws/install/px4_msgs/include/px4_msgs/px4_msgs/msg/detail/uavcan_parameter_value__functions.h\n'}
[2.053008] (px4_msgs) StdoutLine: {'line': b'-- Up-to-date symlink: /home/prathamkelkar/ros2_ws/install/px4_msgs/include/px4_msgs/px4_msgs/msg/detail/uavcan_parameter_value__struct.h\n'}
[2.053126] (px4_msgs) StdoutLine: {'line': b'-- Up-to-date symlink: /home/prathamkelkar/ros2_ws/install/px4_msgs/include/px4_msgs/px4_msgs/msg/detail/uavcan_parameter_value__type_support.h\n'}
[2.053225] (px4_msgs) StdoutLine: {'line': b'-- Up-to-date symlink: /home/prathamkelkar/ros2_ws/install/px4_msgs/include/px4_msgs/px4_msgs/msg/detail/ulog_stream__functions.h\n'}
[2.053343] (px4_msgs) StdoutLine: {'line': b'-- Up-to-date symlink: /home/prathamkelkar/ros2_ws/install/px4_msgs/include/px4_msgs/px4_msgs/msg/detail/ulog_stream__struct.h\n'}
[2.053434] (px4_msgs) StdoutLine: {'line': b'-- Up-to-date symlink: /home/prathamkelkar/ros2_ws/install/px4_msgs/include/px4_msgs/px4_msgs/msg/detail/ulog_stream__type_support.h\n'}
[2.053548] (px4_msgs) StdoutLine: {'line': b'-- Up-to-date symlink: /home/prathamkelkar/ros2_ws/install/px4_msgs/include/px4_msgs/px4_msgs/msg/detail/ulog_stream_ack__functions.h\n'}
[2.053662] (simple_quadcopter_teleop) StdoutLine: {'line': b'running build_ext\n'}
[2.053755] (simple_quadcopter_teleop) StdoutLine: {'line': b'Creating /home/prathamkelkar/ros2_ws/install/simple_quadcopter_teleop/lib/python3.12/site-packages/simple-quadcopter-teleop.egg-link (link to .)\n'}
[2.053849] (px4_msgs) StdoutLine: {'line': b'-- Up-to-date symlink: /home/prathamkelkar/ros2_ws/install/px4_msgs/include/px4_msgs/px4_msgs/msg/detail/ulog_stream_ack__struct.h\n'}
[2.054026] (px4_msgs) StdoutLine: {'line': b'-- Up-to-date symlink: /home/prathamkelkar/ros2_ws/install/px4_msgs/include/px4_msgs/px4_msgs/msg/detail/ulog_stream_ack__type_support.h\n'}
[2.054134] (px4_msgs) StdoutLine: {'line': b'-- Up-to-date symlink: /home/prathamkelkar/ros2_ws/install/px4_msgs/include/px4_msgs/px4_msgs/msg/detail/unregister_ext_component__functions.h\n'}
[2.054278] (px4_msgs) StdoutLine: {'line': b'-- Up-to-date symlink: /home/prathamkelkar/ros2_ws/install/px4_msgs/include/px4_msgs/px4_msgs/msg/detail/unregister_ext_component__struct.h\n'}
[2.054360] (px4_msgs) StdoutLine: {'line': b'-- Up-to-date symlink: /home/prathamkelkar/ros2_ws/install/px4_msgs/include/px4_msgs/px4_msgs/msg/detail/unregister_ext_component__type_support.h\n'}
[2.054450] (px4_msgs) StdoutLine: {'line': b'-- Up-to-date symlink: /home/prathamkelkar/ros2_ws/install/px4_msgs/include/px4_msgs/px4_msgs/msg/detail/vehicle_acceleration__functions.h\n'}
[2.054647] (px4_msgs) StdoutLine: {'line': b'-- Up-to-date symlink: /home/prathamkelkar/ros2_ws/install/px4_msgs/include/px4_msgs/px4_msgs/msg/detail/vehicle_acceleration__struct.h\n'}
[2.054734] (px4_msgs) StdoutLine: {'line': b'-- Up-to-date symlink: /home/prathamkelkar/ros2_ws/install/px4_msgs/include/px4_msgs/px4_msgs/msg/detail/vehicle_acceleration__type_support.h\n'}
[2.054810] (px4_msgs) StdoutLine: {'line': b'-- Up-to-date symlink: /home/prathamkelkar/ros2_ws/install/px4_msgs/include/px4_msgs/px4_msgs/msg/detail/vehicle_air_data__functions.h\n'}
[2.055629] (px4_msgs) StdoutLine: {'line': b'-- Up-to-date symlink: /home/prathamkelkar/ros2_ws/install/px4_msgs/include/px4_msgs/px4_msgs/msg/detail/vehicle_air_data__struct.h\n'}
[2.055755] (px4_msgs) StdoutLine: {'line': b'-- Up-to-date symlink: /home/prathamkelkar/ros2_ws/install/px4_msgs/include/px4_msgs/px4_msgs/msg/detail/vehicle_air_data__type_support.h\n'}
[2.056112] (px4_msgs) StdoutLine: {'line': b'-- Up-to-date symlink: /home/prathamkelkar/ros2_ws/install/px4_msgs/include/px4_msgs/px4_msgs/msg/detail/vehicle_angular_acceleration_setpoint__functions.h\n'}
[2.056374] (px4_msgs) StdoutLine: {'line': b'-- Up-to-date symlink: /home/prathamkelkar/ros2_ws/install/px4_msgs/include/px4_msgs/px4_msgs/msg/detail/vehicle_angular_acceleration_setpoint__struct.h\n'}
[2.058167] (px4_msgs) StdoutLine: {'line': b'-- Up-to-date symlink: /home/prathamkelkar/ros2_ws/install/px4_msgs/include/px4_msgs/px4_msgs/msg/detail/vehicle_angular_acceleration_setpoint__type_support.h\n'}
[2.058443] (px4_msgs) StdoutLine: {'line': b'-- Up-to-date symlink: /home/prathamkelkar/ros2_ws/install/px4_msgs/include/px4_msgs/px4_msgs/msg/detail/vehicle_angular_velocity__functions.h\n'}
[2.060533] (px4_msgs) StdoutLine: {'line': b'-- Up-to-date symlink: /home/prathamkelkar/ros2_ws/install/px4_msgs/include/px4_msgs/px4_msgs/msg/detail/vehicle_angular_velocity__struct.h\n'}
[2.062048] (px4_msgs) StdoutLine: {'line': b'-- Up-to-date symlink: /home/prathamkelkar/ros2_ws/install/px4_msgs/include/px4_msgs/px4_msgs/msg/detail/vehicle_angular_velocity__type_support.h\n'}
[2.062737] (px4_msgs) StdoutLine: {'line': b'-- Up-to-date symlink: /home/prathamkelkar/ros2_ws/install/px4_msgs/include/px4_msgs/px4_msgs/msg/detail/vehicle_attitude__functions.h\n'}
[2.063214] (px4_msgs) StdoutLine: {'line': b'-- Up-to-date symlink: /home/prathamkelkar/ros2_ws/install/px4_msgs/include/px4_msgs/px4_msgs/msg/detail/vehicle_attitude__struct.h\n'}
[2.063633] (px4_msgs) StdoutLine: {'line': b'-- Up-to-date symlink: /home/prathamkelkar/ros2_ws/install/px4_msgs/include/px4_msgs/px4_msgs/msg/detail/vehicle_attitude__type_support.h\n'}
[2.063733] (px4_msgs) StdoutLine: {'line': b'-- Up-to-date symlink: /home/prathamkelkar/ros2_ws/install/px4_msgs/include/px4_msgs/px4_msgs/msg/detail/vehicle_attitude_setpoint__functions.h\n'}
[2.065478] (px4_msgs) StdoutLine: {'line': b'-- Up-to-date symlink: /home/prathamkelkar/ros2_ws/install/px4_msgs/include/px4_msgs/px4_msgs/msg/detail/vehicle_attitude_setpoint__struct.h\n'}
[2.065634] (px4_msgs) StdoutLine: {'line': b'-- Up-to-date symlink: /home/prathamkelkar/ros2_ws/install/px4_msgs/include/px4_msgs/px4_msgs/msg/detail/vehicle_attitude_setpoint__type_support.h\n'}
[2.065731] (px4_msgs) StdoutLine: {'line': b'-- Up-to-date symlink: /home/prathamkelkar/ros2_ws/install/px4_msgs/include/px4_msgs/px4_msgs/msg/detail/vehicle_command__functions.h\n'}
[2.066020] (px4_msgs) StdoutLine: {'line': b'-- Up-to-date symlink: /home/prathamkelkar/ros2_ws/install/px4_msgs/include/px4_msgs/px4_msgs/msg/detail/vehicle_command__struct.h\n'}
[2.066101] (px4_msgs) StdoutLine: {'line': b'-- Up-to-date symlink: /home/prathamkelkar/ros2_ws/install/px4_msgs/include/px4_msgs/px4_msgs/msg/detail/vehicle_command__type_support.h\n'}
[2.066175] (px4_msgs) StdoutLine: {'line': b'-- Up-to-date symlink: /home/prathamkelkar/ros2_ws/install/px4_msgs/include/px4_msgs/px4_msgs/msg/detail/vehicle_command_ack__functions.h\n'}
[2.066532] (px4_msgs) StdoutLine: {'line': b'-- Up-to-date symlink: /home/prathamkelkar/ros2_ws/install/px4_msgs/include/px4_msgs/px4_msgs/msg/detail/vehicle_command_ack__struct.h\n'}
[2.067307] (px4_msgs) StdoutLine: {'line': b'-- Up-to-date symlink: /home/prathamkelkar/ros2_ws/install/px4_msgs/include/px4_msgs/px4_msgs/msg/detail/vehicle_command_ack__type_support.h\n'}
[2.068167] (px4_msgs) StdoutLine: {'line': b'-- Up-to-date symlink: /home/prathamkelkar/ros2_ws/install/px4_msgs/include/px4_msgs/px4_msgs/msg/detail/vehicle_constraints__functions.h\n'}
[2.068384] (px4_msgs) StdoutLine: {'line': b'-- Up-to-date symlink: /home/prathamkelkar/ros2_ws/install/px4_msgs/include/px4_msgs/px4_msgs/msg/detail/vehicle_constraints__struct.h\n'}
[2.068622] (px4_msgs) StdoutLine: {'line': b'-- Up-to-date symlink: /home/prathamkelkar/ros2_ws/install/px4_msgs/include/px4_msgs/px4_msgs/msg/detail/vehicle_constraints__type_support.h\n'}
[2.068722] (px4_msgs) StdoutLine: {'line': b'-- Up-to-date symlink: /home/prathamkelkar/ros2_ws/install/px4_msgs/include/px4_msgs/px4_msgs/msg/detail/vehicle_control_mode__functions.h\n'}
[2.068870] (px4_msgs) StdoutLine: {'line': b'-- Up-to-date symlink: /home/prathamkelkar/ros2_ws/install/px4_msgs/include/px4_msgs/px4_msgs/msg/detail/vehicle_control_mode__struct.h\n'}
[2.068970] (px4_msgs) StdoutLine: {'line': b'-- Up-to-date symlink: /home/prathamkelkar/ros2_ws/install/px4_msgs/include/px4_msgs/px4_msgs/msg/detail/vehicle_control_mode__type_support.h\n'}
[2.070035] (px4_msgs) StdoutLine: {'line': b'-- Up-to-date symlink: /home/prathamkelkar/ros2_ws/install/px4_msgs/include/px4_msgs/px4_msgs/msg/detail/vehicle_global_position__functions.h\n'}
[2.070268] (px4_msgs) StdoutLine: {'line': b'-- Up-to-date symlink: /home/prathamkelkar/ros2_ws/install/px4_msgs/include/px4_msgs/px4_msgs/msg/detail/vehicle_global_position__struct.h\n'}
[2.073640] (px4_msgs) StdoutLine: {'line': b'-- Up-to-date symlink: /home/prathamkelkar/ros2_ws/install/px4_msgs/include/px4_msgs/px4_msgs/msg/detail/vehicle_global_position__type_support.h\n'}
[2.073760] (px4_msgs) StdoutLine: {'line': b'-- Up-to-date symlink: /home/prathamkelkar/ros2_ws/install/px4_msgs/include/px4_msgs/px4_msgs/msg/detail/vehicle_imu__functions.h\n'}
[2.075203] (px4_msgs) StdoutLine: {'line': b'-- Up-to-date symlink: /home/prathamkelkar/ros2_ws/install/px4_msgs/include/px4_msgs/px4_msgs/msg/detail/vehicle_imu__struct.h\n'}
[2.075458] (px4_msgs) StdoutLine: {'line': b'-- Up-to-date symlink: /home/prathamkelkar/ros2_ws/install/px4_msgs/include/px4_msgs/px4_msgs/msg/detail/vehicle_imu__type_support.h\n'}
[2.075919] (px4_msgs) StdoutLine: {'line': b'-- Up-to-date symlink: /home/prathamkelkar/ros2_ws/install/px4_msgs/include/px4_msgs/px4_msgs/msg/detail/vehicle_imu_status__functions.h\n'}
[2.076961] (px4_msgs) StdoutLine: {'line': b'-- Up-to-date symlink: /home/prathamkelkar/ros2_ws/install/px4_msgs/include/px4_msgs/px4_msgs/msg/detail/vehicle_imu_status__struct.h\n'}
[2.077082] (px4_msgs) StdoutLine: {'line': b'-- Up-to-date symlink: /home/prathamkelkar/ros2_ws/install/px4_msgs/include/px4_msgs/px4_msgs/msg/detail/vehicle_imu_status__type_support.h\n'}
[2.077262] (px4_msgs) StdoutLine: {'line': b'-- Up-to-date symlink: /home/prathamkelkar/ros2_ws/install/px4_msgs/include/px4_msgs/px4_msgs/msg/detail/vehicle_land_detected__functions.h\n'}
[2.077547] (px4_msgs) StdoutLine: {'line': b'-- Up-to-date symlink: /home/prathamkelkar/ros2_ws/install/px4_msgs/include/px4_msgs/px4_msgs/msg/detail/vehicle_land_detected__struct.h\n'}
[2.078835] (px4_msgs) StdoutLine: {'line': b'-- Up-to-date symlink: /home/prathamkelkar/ros2_ws/install/px4_msgs/include/px4_msgs/px4_msgs/msg/detail/vehicle_land_detected__type_support.h\n'}
[2.078988] (px4_msgs) StdoutLine: {'line': b'-- Up-to-date symlink: /home/prathamkelkar/ros2_ws/install/px4_msgs/include/px4_msgs/px4_msgs/msg/detail/vehicle_local_position__functions.h\n'}
[2.079575] (px4_msgs) StdoutLine: {'line': b'-- Up-to-date symlink: /home/prathamkelkar/ros2_ws/install/px4_msgs/include/px4_msgs/px4_msgs/msg/detail/vehicle_local_position__struct.h\n'}
[2.080362] (px4_msgs) StdoutLine: {'line': b'-- Up-to-date symlink: /home/prathamkelkar/ros2_ws/install/px4_msgs/include/px4_msgs/px4_msgs/msg/detail/vehicle_local_position__type_support.h\n'}
[2.080458] (px4_msgs) StdoutLine: {'line': b'-- Up-to-date symlink: /home/prathamkelkar/ros2_ws/install/px4_msgs/include/px4_msgs/px4_msgs/msg/detail/vehicle_local_position_setpoint__functions.h\n'}
[2.080549] (px4_msgs) StdoutLine: {'line': b'-- Up-to-date symlink: /home/prathamkelkar/ros2_ws/install/px4_msgs/include/px4_msgs/px4_msgs/msg/detail/vehicle_local_position_setpoint__struct.h\n'}
[2.080643] (px4_msgs) StdoutLine: {'line': b'-- Up-to-date symlink: /home/prathamkelkar/ros2_ws/install/px4_msgs/include/px4_msgs/px4_msgs/msg/detail/vehicle_local_position_setpoint__type_support.h\n'}
[2.080729] (px4_msgs) StdoutLine: {'line': b'-- Up-to-date symlink: /home/prathamkelkar/ros2_ws/install/px4_msgs/include/px4_msgs/px4_msgs/msg/detail/vehicle_magnetometer__functions.h\n'}
[2.080813] (px4_msgs) StdoutLine: {'line': b'-- Up-to-date symlink: /home/prathamkelkar/ros2_ws/install/px4_msgs/include/px4_msgs/px4_msgs/msg/detail/vehicle_magnetometer__struct.h\n'}
[2.080958] (px4_msgs) StdoutLine: {'line': b'-- Up-to-date symlink: /home/prathamkelkar/ros2_ws/install/px4_msgs/include/px4_msgs/px4_msgs/msg/detail/vehicle_magnetometer__type_support.h\n'}
[2.081065] (px4_msgs) StdoutLine: {'line': b'-- Up-to-date symlink: /home/prathamkelkar/ros2_ws/install/px4_msgs/include/px4_msgs/px4_msgs/msg/detail/vehicle_odometry__functions.h\n'}
[2.081145] (px4_msgs) StdoutLine: {'line': b'-- Up-to-date symlink: /home/prathamkelkar/ros2_ws/install/px4_msgs/include/px4_msgs/px4_msgs/msg/detail/vehicle_odometry__struct.h\n'}
[2.081226] (px4_msgs) StdoutLine: {'line': b'-- Up-to-date symlink: /home/prathamkelkar/ros2_ws/install/px4_msgs/include/px4_msgs/px4_msgs/msg/detail/vehicle_odometry__type_support.h\n'}
[2.081309] (px4_msgs) StdoutLine: {'line': b'-- Up-to-date symlink: /home/prathamkelkar/ros2_ws/install/px4_msgs/include/px4_msgs/px4_msgs/msg/detail/vehicle_optical_flow__functions.h\n'}
[2.081406] (px4_msgs) StdoutLine: {'line': b'-- Up-to-date symlink: /home/prathamkelkar/ros2_ws/install/px4_msgs/include/px4_msgs/px4_msgs/msg/detail/vehicle_optical_flow__struct.h\n'}
[2.081548] (px4_msgs) StdoutLine: {'line': b'-- Up-to-date symlink: /home/prathamkelkar/ros2_ws/install/px4_msgs/include/px4_msgs/px4_msgs/msg/detail/vehicle_optical_flow__type_support.h\n'}
[2.081638] (px4_msgs) StdoutLine: {'line': b'-- Up-to-date symlink: /home/prathamkelkar/ros2_ws/install/px4_msgs/include/px4_msgs/px4_msgs/msg/detail/vehicle_optical_flow_vel__functions.h\n'}
[2.082003] (px4_msgs) StdoutLine: {'line': b'-- Up-to-date symlink: /home/prathamkelkar/ros2_ws/install/px4_msgs/include/px4_msgs/px4_msgs/msg/detail/vehicle_optical_flow_vel__struct.h\n'}
[2.082222] (px4_msgs) StdoutLine: {'line': b'-- Up-to-date symlink: /home/prathamkelkar/ros2_ws/install/px4_msgs/include/px4_msgs/px4_msgs/msg/detail/vehicle_optical_flow_vel__type_support.h\n'}
[2.082307] (px4_msgs) StdoutLine: {'line': b'-- Up-to-date symlink: /home/prathamkelkar/ros2_ws/install/px4_msgs/include/px4_msgs/px4_msgs/msg/detail/vehicle_rates_setpoint__functions.h\n'}
[2.082393] (px4_msgs) StdoutLine: {'line': b'-- Up-to-date symlink: /home/prathamkelkar/ros2_ws/install/px4_msgs/include/px4_msgs/px4_msgs/msg/detail/vehicle_rates_setpoint__struct.h\n'}
[2.082474] (px4_msgs) StdoutLine: {'line': b'-- Up-to-date symlink: /home/prathamkelkar/ros2_ws/install/px4_msgs/include/px4_msgs/px4_msgs/msg/detail/vehicle_rates_setpoint__type_support.h\n'}
[2.083165] (px4_msgs) StdoutLine: {'line': b'-- Up-to-date symlink: /home/prathamkelkar/ros2_ws/install/px4_msgs/include/px4_msgs/px4_msgs/msg/detail/vehicle_roi__functions.h\n'}
[2.083289] (px4_msgs) StdoutLine: {'line': b'-- Up-to-date symlink: /home/prathamkelkar/ros2_ws/install/px4_msgs/include/px4_msgs/px4_msgs/msg/detail/vehicle_roi__struct.h\n'}
[2.083386] (px4_msgs) StdoutLine: {'line': b'-- Up-to-date symlink: /home/prathamkelkar/ros2_ws/install/px4_msgs/include/px4_msgs/px4_msgs/msg/detail/vehicle_roi__type_support.h\n'}
[2.083534] (px4_msgs) StdoutLine: {'line': b'-- Up-to-date symlink: /home/prathamkelkar/ros2_ws/install/px4_msgs/include/px4_msgs/px4_msgs/msg/detail/vehicle_status__functions.h\n'}
[2.083939] (px4_msgs) StdoutLine: {'line': b'-- Up-to-date symlink: /home/prathamkelkar/ros2_ws/install/px4_msgs/include/px4_msgs/px4_msgs/msg/detail/vehicle_status__struct.h\n'}
[2.084097] (px4_msgs) StdoutLine: {'line': b'-- Up-to-date symlink: /home/prathamkelkar/ros2_ws/install/px4_msgs/include/px4_msgs/px4_msgs/msg/detail/vehicle_status__type_support.h\n'}
[2.084194] (px4_msgs) StdoutLine: {'line': b'-- Up-to-date symlink: /home/prathamkelkar/ros2_ws/install/px4_msgs/include/px4_msgs/px4_msgs/msg/detail/vehicle_thrust_setpoint__functions.h\n'}
[2.084353] (px4_msgs) StdoutLine: {'line': b'-- Up-to-date symlink: /home/prathamkelkar/ros2_ws/install/px4_msgs/include/px4_msgs/px4_msgs/msg/detail/vehicle_thrust_setpoint__struct.h\n'}
[2.084479] (px4_msgs) StdoutLine: {'line': b'-- Up-to-date symlink: /home/prathamkelkar/ros2_ws/install/px4_msgs/include/px4_msgs/px4_msgs/msg/detail/vehicle_thrust_setpoint__type_support.h\n'}
[2.084560] (px4_msgs) StdoutLine: {'line': b'-- Up-to-date symlink: /home/prathamkelkar/ros2_ws/install/px4_msgs/include/px4_msgs/px4_msgs/msg/detail/vehicle_torque_setpoint__functions.h\n'}
[2.084672] (px4_msgs) StdoutLine: {'line': b'-- Up-to-date symlink: /home/prathamkelkar/ros2_ws/install/px4_msgs/include/px4_msgs/px4_msgs/msg/detail/vehicle_torque_setpoint__struct.h\n'}
[2.084750] (px4_msgs) StdoutLine: {'line': b'-- Up-to-date symlink: /home/prathamkelkar/ros2_ws/install/px4_msgs/include/px4_msgs/px4_msgs/msg/detail/vehicle_torque_setpoint__type_support.h\n'}
[2.084843] (px4_msgs) StdoutLine: {'line': b'-- Up-to-date symlink: /home/prathamkelkar/ros2_ws/install/px4_msgs/include/px4_msgs/px4_msgs/msg/detail/vehicle_trajectory_bezier__functions.h\n'}
[2.084931] (px4_msgs) StdoutLine: {'line': b'-- Up-to-date symlink: /home/prathamkelkar/ros2_ws/install/px4_msgs/include/px4_msgs/px4_msgs/msg/detail/vehicle_trajectory_bezier__struct.h\n'}
[2.085006] (px4_msgs) StdoutLine: {'line': b'-- Up-to-date symlink: /home/prathamkelkar/ros2_ws/install/px4_msgs/include/px4_msgs/px4_msgs/msg/detail/vehicle_trajectory_bezier__type_support.h\n'}
[2.085100] (px4_msgs) StdoutLine: {'line': b'-- Up-to-date symlink: /home/prathamkelkar/ros2_ws/install/px4_msgs/include/px4_msgs/px4_msgs/msg/detail/vehicle_trajectory_waypoint__functions.h\n'}
[2.085187] (px4_msgs) StdoutLine: {'line': b'-- Up-to-date symlink: /home/prathamkelkar/ros2_ws/install/px4_msgs/include/px4_msgs/px4_msgs/msg/detail/vehicle_trajectory_waypoint__struct.h\n'}
[2.085282] (px4_msgs) StdoutLine: {'line': b'-- Up-to-date symlink: /home/prathamkelkar/ros2_ws/install/px4_msgs/include/px4_msgs/px4_msgs/msg/detail/vehicle_trajectory_waypoint__type_support.h\n'}
[2.085353] (px4_msgs) StdoutLine: {'line': b'-- Up-to-date symlink: /home/prathamkelkar/ros2_ws/install/px4_msgs/include/px4_msgs/px4_msgs/msg/detail/velocity_limits__functions.h\n'}
[2.085518] (px4_msgs) StdoutLine: {'line': b'-- Up-to-date symlink: /home/prathamkelkar/ros2_ws/install/px4_msgs/include/px4_msgs/px4_msgs/msg/detail/velocity_limits__struct.h\n'}
[2.085613] (px4_msgs) StdoutLine: {'line': b'-- Up-to-date symlink: /home/prathamkelkar/ros2_ws/install/px4_msgs/include/px4_msgs/px4_msgs/msg/detail/velocity_limits__type_support.h\n'}
[2.085695] (px4_msgs) StdoutLine: {'line': b'-- Up-to-date symlink: /home/prathamkelkar/ros2_ws/install/px4_msgs/include/px4_msgs/px4_msgs/msg/detail/vtol_vehicle_status__functions.h\n'}
[2.085768] (px4_msgs) StdoutLine: {'line': b'-- Up-to-date symlink: /home/prathamkelkar/ros2_ws/install/px4_msgs/include/px4_msgs/px4_msgs/msg/detail/vtol_vehicle_status__struct.h\n'}
[2.085892] (px4_msgs) StdoutLine: {'line': b'-- Up-to-date symlink: /home/prathamkelkar/ros2_ws/install/px4_msgs/include/px4_msgs/px4_msgs/msg/detail/vtol_vehicle_status__type_support.h\n'}
[2.085990] (px4_msgs) StdoutLine: {'line': b'-- Up-to-date symlink: /home/prathamkelkar/ros2_ws/install/px4_msgs/include/px4_msgs/px4_msgs/msg/detail/wheel_encoders__functions.h\n'}
[2.086062] (px4_msgs) StdoutLine: {'line': b'-- Up-to-date symlink: /home/prathamkelkar/ros2_ws/install/px4_msgs/include/px4_msgs/px4_msgs/msg/detail/wheel_encoders__struct.h\n'}
[2.086149] (px4_msgs) StdoutLine: {'line': b'-- Up-to-date symlink: /home/prathamkelkar/ros2_ws/install/px4_msgs/include/px4_msgs/px4_msgs/msg/detail/wheel_encoders__type_support.h\n'}
[2.086298] (px4_msgs) StdoutLine: {'line': b'-- Up-to-date symlink: /home/prathamkelkar/ros2_ws/install/px4_msgs/include/px4_msgs/px4_msgs/msg/detail/wind__functions.h\n'}
[2.086368] (px4_msgs) StdoutLine: {'line': b'-- Up-to-date symlink: /home/prathamkelkar/ros2_ws/install/px4_msgs/include/px4_msgs/px4_msgs/msg/detail/wind__struct.h\n'}
[2.086442] (px4_msgs) StdoutLine: {'line': b'-- Up-to-date symlink: /home/prathamkelkar/ros2_ws/install/px4_msgs/include/px4_msgs/px4_msgs/msg/detail/wind__type_support.h\n'}
[2.086594] (px4_msgs) StdoutLine: {'line': b'-- Up-to-date symlink: /home/prathamkelkar/ros2_ws/install/px4_msgs/include/px4_msgs/px4_msgs/msg/detail/yaw_estimator_status__functions.h\n'}
[2.086675] (px4_msgs) StdoutLine: {'line': b'-- Up-to-date symlink: /home/prathamkelkar/ros2_ws/install/px4_msgs/include/px4_msgs/px4_msgs/msg/detail/yaw_estimator_status__struct.h\n'}
[2.086750] (px4_msgs) StdoutLine: {'line': b'-- Up-to-date symlink: /home/prathamkelkar/ros2_ws/install/px4_msgs/include/px4_msgs/px4_msgs/msg/detail/yaw_estimator_status__type_support.h\n'}
[2.086890] (px4_msgs) StdoutLine: {'line': b'-- Up-to-date symlink: /home/prathamkelkar/ros2_ws/install/px4_msgs/include/px4_msgs/px4_msgs/msg/differential_drive_setpoint.h\n'}
[2.086980] (px4_msgs) StdoutLine: {'line': b'-- Up-to-date symlink: /home/prathamkelkar/ros2_ws/install/px4_msgs/include/px4_msgs/px4_msgs/msg/differential_pressure.h\n'}
[2.087072] (px4_msgs) StdoutLine: {'line': b'-- Up-to-date symlink: /home/prathamkelkar/ros2_ws/install/px4_msgs/include/px4_msgs/px4_msgs/msg/distance_sensor.h\n'}
[2.087171] (px4_msgs) StdoutLine: {'line': b'-- Up-to-date symlink: /home/prathamkelkar/ros2_ws/install/px4_msgs/include/px4_msgs/px4_msgs/msg/ekf2_timestamps.h\n'}
[2.087261] (px4_msgs) StdoutLine: {'line': b'-- Up-to-date symlink: /home/prathamkelkar/ros2_ws/install/px4_msgs/include/px4_msgs/px4_msgs/msg/esc_report.h\n'}
[2.087337] (px4_msgs) StdoutLine: {'line': b'-- Up-to-date symlink: /home/prathamkelkar/ros2_ws/install/px4_msgs/include/px4_msgs/px4_msgs/msg/esc_status.h\n'}
[2.087426] (px4_msgs) StdoutLine: {'line': b'-- Up-to-date symlink: /home/prathamkelkar/ros2_ws/install/px4_msgs/include/px4_msgs/px4_msgs/msg/estimator_aid_source1d.h\n'}
[2.087532] (px4_msgs) StdoutLine: {'line': b'-- Up-to-date symlink: /home/prathamkelkar/ros2_ws/install/px4_msgs/include/px4_msgs/px4_msgs/msg/estimator_aid_source2d.h\n'}
[2.087628] (px4_msgs) StdoutLine: {'line': b'-- Up-to-date symlink: /home/prathamkelkar/ros2_ws/install/px4_msgs/include/px4_msgs/px4_msgs/msg/estimator_aid_source3d.h\n'}
[2.087701] (px4_msgs) StdoutLine: {'line': b'-- Up-to-date symlink: /home/prathamkelkar/ros2_ws/install/px4_msgs/include/px4_msgs/px4_msgs/msg/estimator_bias.h\n'}
[2.087774] (px4_msgs) StdoutLine: {'line': b'-- Up-to-date symlink: /home/prathamkelkar/ros2_ws/install/px4_msgs/include/px4_msgs/px4_msgs/msg/estimator_bias3d.h\n'}
[2.087899] (px4_msgs) StdoutLine: {'line': b'-- Up-to-date symlink: /home/prathamkelkar/ros2_ws/install/px4_msgs/include/px4_msgs/px4_msgs/msg/estimator_event_flags.h\n'}
[2.087990] (px4_msgs) StdoutLine: {'line': b'-- Up-to-date symlink: /home/prathamkelkar/ros2_ws/install/px4_msgs/include/px4_msgs/px4_msgs/msg/estimator_gps_status.h\n'}
[2.088065] (px4_msgs) StdoutLine: {'line': b'-- Up-to-date symlink: /home/prathamkelkar/ros2_ws/install/px4_msgs/include/px4_msgs/px4_msgs/msg/estimator_innovations.h\n'}
[2.088201] (px4_msgs) StdoutLine: {'line': b'-- Up-to-date symlink: /home/prathamkelkar/ros2_ws/install/px4_msgs/include/px4_msgs/px4_msgs/msg/estimator_selector_status.h\n'}
[2.088296] (px4_msgs) StdoutLine: {'line': b'-- Up-to-date symlink: /home/prathamkelkar/ros2_ws/install/px4_msgs/include/px4_msgs/px4_msgs/msg/estimator_sensor_bias.h\n'}
[2.088371] (px4_msgs) StdoutLine: {'line': b'-- Up-to-date symlink: /home/prathamkelkar/ros2_ws/install/px4_msgs/include/px4_msgs/px4_msgs/msg/estimator_states.h\n'}
[2.088444] (px4_msgs) StdoutLine: {'line': b'-- Up-to-date symlink: /home/prathamkelkar/ros2_ws/install/px4_msgs/include/px4_msgs/px4_msgs/msg/estimator_status.h\n'}
[2.088575] (px4_msgs) StdoutLine: {'line': b'-- Up-to-date symlink: /home/prathamkelkar/ros2_ws/install/px4_msgs/include/px4_msgs/px4_msgs/msg/estimator_status_flags.h\n'}
[2.088661] (px4_msgs) StdoutLine: {'line': b'-- Up-to-date symlink: /home/prathamkelkar/ros2_ws/install/px4_msgs/include/px4_msgs/px4_msgs/msg/event.h\n'}
[2.088783] (px4_msgs) StdoutLine: {'line': b'-- Up-to-date symlink: /home/prathamkelkar/ros2_ws/install/px4_msgs/include/px4_msgs/px4_msgs/msg/failsafe_flags.h\n'}
[2.088853] (px4_msgs) StdoutLine: {'line': b'-- Up-to-date symlink: /home/prathamkelkar/ros2_ws/install/px4_msgs/include/px4_msgs/px4_msgs/msg/failure_detector_status.h\n'}
[2.088921] (px4_msgs) StdoutLine: {'line': b'-- Up-to-date symlink: /home/prathamkelkar/ros2_ws/install/px4_msgs/include/px4_msgs/px4_msgs/msg/figure_eight_status.h\n'}
[2.088993] (px4_msgs) StdoutLine: {'line': b'-- Up-to-date symlink: /home/prathamkelkar/ros2_ws/install/px4_msgs/include/px4_msgs/px4_msgs/msg/flight_phase_estimation.h\n'}
[2.089157] (px4_msgs) StdoutLine: {'line': b'-- Up-to-date symlink: /home/prathamkelkar/ros2_ws/install/px4_msgs/include/px4_msgs/px4_msgs/msg/follow_target.h\n'}
[2.089230] (px4_msgs) StdoutLine: {'line': b'-- Up-to-date symlink: /home/prathamkelkar/ros2_ws/install/px4_msgs/include/px4_msgs/px4_msgs/msg/follow_target_estimator.h\n'}
[2.089303] (px4_msgs) StdoutLine: {'line': b'-- Up-to-date symlink: /home/prathamkelkar/ros2_ws/install/px4_msgs/include/px4_msgs/px4_msgs/msg/follow_target_status.h\n'}
[2.089435] (px4_msgs) StdoutLine: {'line': b'-- Up-to-date symlink: /home/prathamkelkar/ros2_ws/install/px4_msgs/include/px4_msgs/px4_msgs/msg/generator_status.h\n'}
[2.089512] (px4_msgs) StdoutLine: {'line': b'-- Up-to-date symlink: /home/prathamkelkar/ros2_ws/install/px4_msgs/include/px4_msgs/px4_msgs/msg/geofence_result.h\n'}
[2.089612] (px4_msgs) StdoutLine: {'line': b'-- Up-to-date symlink: /home/prathamkelkar/ros2_ws/install/px4_msgs/include/px4_msgs/px4_msgs/msg/geofence_status.h\n'}
[2.089710] (px4_msgs) StdoutLine: {'line': b'-- Up-to-date symlink: /home/prathamkelkar/ros2_ws/install/px4_msgs/include/px4_msgs/px4_msgs/msg/gimbal_controls.h\n'}
[2.089790] (px4_msgs) StdoutLine: {'line': b'-- Up-to-date symlink: /home/prathamkelkar/ros2_ws/install/px4_msgs/include/px4_msgs/px4_msgs/msg/gimbal_device_attitude_status.h\n'}
[2.089882] (px4_msgs) StdoutLine: {'line': b'-- Up-to-date symlink: /home/prathamkelkar/ros2_ws/install/px4_msgs/include/px4_msgs/px4_msgs/msg/gimbal_device_information.h\n'}
[2.089957] (px4_msgs) StdoutLine: {'line': b'-- Up-to-date symlink: /home/prathamkelkar/ros2_ws/install/px4_msgs/include/px4_msgs/px4_msgs/msg/gimbal_device_set_attitude.h\n'}
[2.090028] (px4_msgs) StdoutLine: {'line': b'-- Up-to-date symlink: /home/prathamkelkar/ros2_ws/install/px4_msgs/include/px4_msgs/px4_msgs/msg/gimbal_manager_information.h\n'}
[2.090102] (px4_msgs) StdoutLine: {'line': b'-- Up-to-date symlink: /home/prathamkelkar/ros2_ws/install/px4_msgs/include/px4_msgs/px4_msgs/msg/gimbal_manager_set_attitude.h\n'}
[2.090224] (px4_msgs) StdoutLine: {'line': b'-- Up-to-date symlink: /home/prathamkelkar/ros2_ws/install/px4_msgs/include/px4_msgs/px4_msgs/msg/gimbal_manager_set_manual_control.h\n'}
[2.090366] (px4_msgs) StdoutLine: {'line': b'-- Up-to-date symlink: /home/prathamkelkar/ros2_ws/install/px4_msgs/include/px4_msgs/px4_msgs/msg/gimbal_manager_status.h\n'}
[2.090445] (px4_msgs) StdoutLine: {'line': b'-- Up-to-date symlink: /home/prathamkelkar/ros2_ws/install/px4_msgs/include/px4_msgs/px4_msgs/msg/goto_setpoint.h\n'}
[2.090519] (px4_msgs) StdoutLine: {'line': b'-- Up-to-date symlink: /home/prathamkelkar/ros2_ws/install/px4_msgs/include/px4_msgs/px4_msgs/msg/gpio_config.h\n'}
[2.090663] (px4_msgs) StdoutLine: {'line': b'-- Up-to-date symlink: /home/prathamkelkar/ros2_ws/install/px4_msgs/include/px4_msgs/px4_msgs/msg/gpio_in.h\n'}
[2.090759] (px4_msgs) StdoutLine: {'line': b'-- Up-to-date symlink: /home/prathamkelkar/ros2_ws/install/px4_msgs/include/px4_msgs/px4_msgs/msg/gpio_out.h\n'}
[2.090839] (px4_msgs) StdoutLine: {'line': b'-- Up-to-date symlink: /home/prathamkelkar/ros2_ws/install/px4_msgs/include/px4_msgs/px4_msgs/msg/gpio_request.h\n'}
[2.090978] (px4_msgs) StdoutLine: {'line': b'-- Up-to-date symlink: /home/prathamkelkar/ros2_ws/install/px4_msgs/include/px4_msgs/px4_msgs/msg/gps_dump.h\n'}
[2.091083] (px4_msgs) StdoutLine: {'line': b'-- Up-to-date symlink: /home/prathamkelkar/ros2_ws/install/px4_msgs/include/px4_msgs/px4_msgs/msg/gps_inject_data.h\n'}
[2.091167] (simple_quadcopter_teleop) StdoutLine: {'line': b'Installing teleop_node script to /home/prathamkelkar/ros2_ws/install/simple_quadcopter_teleop/lib/simple_quadcopter_teleop\n'}
[2.091319] (simple_quadcopter_teleop) StdoutLine: {'line': b'\n'}
[2.091403] (simple_quadcopter_teleop) StdoutLine: {'line': b'Installed /home/prathamkelkar/ros2_ws/build/simple_quadcopter_teleop\n'}
[2.091519] (simple_quadcopter_teleop) StdoutLine: {'line': b'running symlink_data\n'}
[2.091620] (px4_msgs) StdoutLine: {'line': b'-- Up-to-date symlink: /home/prathamkelkar/ros2_ws/install/px4_msgs/include/px4_msgs/px4_msgs/msg/gripper.h\n'}
[2.091704] (px4_msgs) StdoutLine: {'line': b'-- Up-to-date symlink: /home/prathamkelkar/ros2_ws/install/px4_msgs/include/px4_msgs/px4_msgs/msg/health_report.h\n'}
[2.091785] (px4_msgs) StdoutLine: {'line': b'-- Up-to-date symlink: /home/prathamkelkar/ros2_ws/install/px4_msgs/include/px4_msgs/px4_msgs/msg/heater_status.h\n'}
[2.091867] (px4_msgs) StdoutLine: {'line': b'-- Up-to-date symlink: /home/prathamkelkar/ros2_ws/install/px4_msgs/include/px4_msgs/px4_msgs/msg/home_position.h\n'}
[2.091948] (px4_msgs) StdoutLine: {'line': b'-- Up-to-date symlink: /home/prathamkelkar/ros2_ws/install/px4_msgs/include/px4_msgs/px4_msgs/msg/hover_thrust_estimate.h\n'}
[2.092107] (px4_msgs) StdoutLine: {'line': b'-- Up-to-date symlink: /home/prathamkelkar/ros2_ws/install/px4_msgs/include/px4_msgs/px4_msgs/msg/input_rc.h\n'}
[2.092202] (px4_msgs) StdoutLine: {'line': b'-- Up-to-date symlink: /home/prathamkelkar/ros2_ws/install/px4_msgs/include/px4_msgs/px4_msgs/msg/internal_combustion_engine_status.h\n'}
[2.092283] (px4_msgs) StdoutLine: {'line': b'-- Up-to-date symlink: /home/prathamkelkar/ros2_ws/install/px4_msgs/include/px4_msgs/px4_msgs/msg/iridiumsbd_status.h\n'}
[2.092422] (px4_msgs) StdoutLine: {'line': b'-- Up-to-date symlink: /home/prathamkelkar/ros2_ws/install/px4_msgs/include/px4_msgs/px4_msgs/msg/irlock_report.h\n'}
[2.092509] (px4_msgs) StdoutLine: {'line': b'-- Up-to-date symlink: /home/prathamkelkar/ros2_ws/install/px4_msgs/include/px4_msgs/px4_msgs/msg/landing_gear.h\n'}
[2.092624] (px4_msgs) StdoutLine: {'line': b'-- Up-to-date symlink: /home/prathamkelkar/ros2_ws/install/px4_msgs/include/px4_msgs/px4_msgs/msg/landing_gear_wheel.h\n'}
[2.092702] (px4_msgs) StdoutLine: {'line': b'-- Up-to-date symlink: /home/prathamkelkar/ros2_ws/install/px4_msgs/include/px4_msgs/px4_msgs/msg/landing_target_innovations.h\n'}
[2.092778] (px4_msgs) StdoutLine: {'line': b'-- Up-to-date symlink: /home/prathamkelkar/ros2_ws/install/px4_msgs/include/px4_msgs/px4_msgs/msg/landing_target_pose.h\n'}
[2.092917] (px4_msgs) StdoutLine: {'line': b'-- Up-to-date symlink: /home/prathamkelkar/ros2_ws/install/px4_msgs/include/px4_msgs/px4_msgs/msg/launch_detection_status.h\n'}
[2.093012] (px4_msgs) StdoutLine: {'line': b'-- Up-to-date symlink: /home/prathamkelkar/ros2_ws/install/px4_msgs/include/px4_msgs/px4_msgs/msg/led_control.h\n'}
[2.093092] (px4_msgs) StdoutLine: {'line': b'-- Up-to-date symlink: /home/prathamkelkar/ros2_ws/install/px4_msgs/include/px4_msgs/px4_msgs/msg/log_message.h\n'}
[2.093267] (px4_msgs) StdoutLine: {'line': b'-- Up-to-date symlink: /home/prathamkelkar/ros2_ws/install/px4_msgs/include/px4_msgs/px4_msgs/msg/logger_status.h\n'}
[2.093342] (px4_msgs) StdoutLine: {'line': b'-- Up-to-date symlink: /home/prathamkelkar/ros2_ws/install/px4_msgs/include/px4_msgs/px4_msgs/msg/mag_worker_data.h\n'}
[2.093414] (px4_msgs) StdoutLine: {'line': b'-- Up-to-date symlink: /home/prathamkelkar/ros2_ws/install/px4_msgs/include/px4_msgs/px4_msgs/msg/magnetometer_bias_estimate.h\n'}
[2.093540] (px4_msgs) StdoutLine: {'line': b'-- Up-to-date symlink: /home/prathamkelkar/ros2_ws/install/px4_msgs/include/px4_msgs/px4_msgs/msg/manual_control_setpoint.h\n'}
[2.093666] (px4_msgs) StdoutLine: {'line': b'-- Up-to-date symlink: /home/prathamkelkar/ros2_ws/install/px4_msgs/include/px4_msgs/px4_msgs/msg/manual_control_switches.h\n'}
[2.093756] (px4_msgs) StdoutLine: {'line': b'-- Up-to-date symlink: /home/prathamkelkar/ros2_ws/install/px4_msgs/include/px4_msgs/px4_msgs/msg/mavlink_log.h\n'}
[2.093845] (px4_msgs) StdoutLine: {'line': b'-- Up-to-date symlink: /home/prathamkelkar/ros2_ws/install/px4_msgs/include/px4_msgs/px4_msgs/msg/mavlink_tunnel.h\n'}
[2.093921] (px4_msgs) StdoutLine: {'line': b'-- Up-to-date symlink: /home/prathamkelkar/ros2_ws/install/px4_msgs/include/px4_msgs/px4_msgs/msg/message_format_request.h\n'}
[2.094010] (px4_msgs) StdoutLine: {'line': b'-- Up-to-date symlink: /home/prathamkelkar/ros2_ws/install/px4_msgs/include/px4_msgs/px4_msgs/msg/message_format_response.h\n'}
[2.094096] (px4_msgs) StdoutLine: {'line': b'-- Up-to-date symlink: /home/prathamkelkar/ros2_ws/install/px4_msgs/include/px4_msgs/px4_msgs/msg/mission.h\n'}
[2.094183] (px4_msgs) StdoutLine: {'line': b'-- Up-to-date symlink: /home/prathamkelkar/ros2_ws/install/px4_msgs/include/px4_msgs/px4_msgs/msg/mission_result.h\n'}
[2.094333] (px4_msgs) StdoutLine: {'line': b'-- Up-to-date symlink: /home/prathamkelkar/ros2_ws/install/px4_msgs/include/px4_msgs/px4_msgs/msg/mode_completed.h\n'}
[2.094425] (px4_msgs) StdoutLine: {'line': b'-- Up-to-date symlink: /home/prathamkelkar/ros2_ws/install/px4_msgs/include/px4_msgs/px4_msgs/msg/mount_orientation.h\n'}
[2.094515] (px4_msgs) StdoutLine: {'line': b'-- Up-to-date symlink: /home/prathamkelkar/ros2_ws/install/px4_msgs/include/px4_msgs/px4_msgs/msg/navigator_mission_item.h\n'}
[2.094610] (px4_msgs) StdoutLine: {'line': b'-- Up-to-date symlink: /home/prathamkelkar/ros2_ws/install/px4_msgs/include/px4_msgs/px4_msgs/msg/normalized_unsigned_setpoint.h\n'}
[2.094683] (px4_msgs) StdoutLine: {'line': b'-- Up-to-date symlink: /home/prathamkelkar/ros2_ws/install/px4_msgs/include/px4_msgs/px4_msgs/msg/npfg_status.h\n'}
[2.094767] (px4_msgs) StdoutLine: {'line': b'-- Up-to-date symlink: /home/prathamkelkar/ros2_ws/install/px4_msgs/include/px4_msgs/px4_msgs/msg/obstacle_distance.h\n'}
[2.094900] (px4_msgs) StdoutLine: {'line': b'-- Up-to-date symlink: /home/prathamkelkar/ros2_ws/install/px4_msgs/include/px4_msgs/px4_msgs/msg/offboard_control_mode.h\n'}
[2.094992] (px4_msgs) StdoutLine: {'line': b'-- Up-to-date symlink: /home/prathamkelkar/ros2_ws/install/px4_msgs/include/px4_msgs/px4_msgs/msg/onboard_computer_status.h\n'}
[2.095066] (px4_msgs) StdoutLine: {'line': b'-- Up-to-date symlink: /home/prathamkelkar/ros2_ws/install/px4_msgs/include/px4_msgs/px4_msgs/msg/orb_test.h\n'}
[2.095203] (px4_msgs) StdoutLine: {'line': b'-- Up-to-date symlink: /home/prathamkelkar/ros2_ws/install/px4_msgs/include/px4_msgs/px4_msgs/msg/orb_test_large.h\n'}
[2.095296] (px4_msgs) StdoutLine: {'line': b'-- Up-to-date symlink: /home/prathamkelkar/ros2_ws/install/px4_msgs/include/px4_msgs/px4_msgs/msg/orb_test_medium.h\n'}
[2.095389] (px4_msgs) StdoutLine: {'line': b'-- Up-to-date symlink: /home/prathamkelkar/ros2_ws/install/px4_msgs/include/px4_msgs/px4_msgs/msg/orbit_status.h\n'}
[2.095477] (px4_msgs) StdoutLine: {'line': b'-- Up-to-date symlink: /home/prathamkelkar/ros2_ws/install/px4_msgs/include/px4_msgs/px4_msgs/msg/parameter_reset_request.h\n'}
[2.095565] (px4_msgs) StdoutLine: {'line': b'-- Up-to-date symlink: /home/prathamkelkar/ros2_ws/install/px4_msgs/include/px4_msgs/px4_msgs/msg/parameter_set_used_request.h\n'}
[2.095650] (px4_msgs) StdoutLine: {'line': b'-- Up-to-date symlink: /home/prathamkelkar/ros2_ws/install/px4_msgs/include/px4_msgs/px4_msgs/msg/parameter_set_value_request.h\n'}
[2.095727] (px4_msgs) StdoutLine: {'line': b'-- Up-to-date symlink: /home/prathamkelkar/ros2_ws/install/px4_msgs/include/px4_msgs/px4_msgs/msg/parameter_set_value_response.h\n'}
[2.095852] (px4_msgs) StdoutLine: {'line': b'-- Up-to-date symlink: /home/prathamkelkar/ros2_ws/install/px4_msgs/include/px4_msgs/px4_msgs/msg/parameter_update.h\n'}
[2.095928] (px4_msgs) StdoutLine: {'line': b'-- Up-to-date symlink: /home/prathamkelkar/ros2_ws/install/px4_msgs/include/px4_msgs/px4_msgs/msg/ping.h\n'}
[2.096009] (px4_msgs) StdoutLine: {'line': b'-- Up-to-date symlink: /home/prathamkelkar/ros2_ws/install/px4_msgs/include/px4_msgs/px4_msgs/msg/position_controller_landing_status.h\n'}
[2.096159] (px4_msgs) StdoutLine: {'line': b'-- Up-to-date symlink: /home/prathamkelkar/ros2_ws/install/px4_msgs/include/px4_msgs/px4_msgs/msg/position_controller_status.h\n'}
[2.096251] (px4_msgs) StdoutLine: {'line': b'-- Up-to-date symlink: /home/prathamkelkar/ros2_ws/install/px4_msgs/include/px4_msgs/px4_msgs/msg/position_setpoint.h\n'}
[2.096338] (px4_msgs) StdoutLine: {'line': b'-- Up-to-date symlink: /home/prathamkelkar/ros2_ws/install/px4_msgs/include/px4_msgs/px4_msgs/msg/position_setpoint_triplet.h\n'}
[2.096425] (px4_msgs) StdoutLine: {'line': b'-- Up-to-date symlink: /home/prathamkelkar/ros2_ws/install/px4_msgs/include/px4_msgs/px4_msgs/msg/power_button_state.h\n'}
[2.096510] (px4_msgs) StdoutLine: {'line': b'-- Up-to-date symlink: /home/prathamkelkar/ros2_ws/install/px4_msgs/include/px4_msgs/px4_msgs/msg/power_monitor.h\n'}
[2.096597] (px4_msgs) StdoutLine: {'line': b'-- Up-to-date symlink: /home/prathamkelkar/ros2_ws/install/px4_msgs/include/px4_msgs/px4_msgs/msg/pps_capture.h\n'}
[2.096677] (px4_msgs) StdoutLine: {'line': b'-- Up-to-date symlink: /home/prathamkelkar/ros2_ws/install/px4_msgs/include/px4_msgs/px4_msgs/msg/pwm_input.h\n'}
[2.096750] (px4_msgs) StdoutLine: {'line': b'-- Up-to-date symlink: /home/prathamkelkar/ros2_ws/install/px4_msgs/include/px4_msgs/px4_msgs/msg/px4io_status.h\n'}
[2.096901] (px4_msgs) StdoutLine: {'line': b'-- Up-to-date symlink: /home/prathamkelkar/ros2_ws/install/px4_msgs/include/px4_msgs/px4_msgs/msg/qshell_req.h\n'}
[2.096973] (px4_msgs) StdoutLine: {'line': b'-- Up-to-date symlink: /home/prathamkelkar/ros2_ws/install/px4_msgs/include/px4_msgs/px4_msgs/msg/qshell_retval.h\n'}
[2.097046] (px4_msgs) StdoutLine: {'line': b'-- Up-to-date symlink: /home/prathamkelkar/ros2_ws/install/px4_msgs/include/px4_msgs/px4_msgs/msg/radio_status.h\n'}
[2.097187] (px4_msgs) StdoutLine: {'line': b'-- Up-to-date symlink: /home/prathamkelkar/ros2_ws/install/px4_msgs/include/px4_msgs/px4_msgs/msg/rate_ctrl_status.h\n'}
[2.097257] (px4_msgs) StdoutLine: {'line': b'-- Up-to-date symlink: /home/prathamkelkar/ros2_ws/install/px4_msgs/include/px4_msgs/px4_msgs/msg/rc_channels.h\n'}
[2.097391] (px4_msgs) StdoutLine: {'line': b'-- Up-to-date symlink: /home/prathamkelkar/ros2_ws/install/px4_msgs/include/px4_msgs/px4_msgs/msg/rc_parameter_map.h\n'}
[2.097476] (px4_msgs) StdoutLine: {'line': b'-- Up-to-date symlink: /home/prathamkelkar/ros2_ws/install/px4_msgs/include/px4_msgs/px4_msgs/msg/register_ext_component_reply.h\n'}
[2.097548] (px4_msgs) StdoutLine: {'line': b'-- Up-to-date symlink: /home/prathamkelkar/ros2_ws/install/px4_msgs/include/px4_msgs/px4_msgs/msg/register_ext_component_request.h\n'}
[2.097639] (px4_msgs) StdoutLine: {'line': b'-- Up-to-date symlink: /home/prathamkelkar/ros2_ws/install/px4_msgs/include/px4_msgs/px4_msgs/msg/rosidl_generator_c__visibility_control.h\n'}
[2.097713] (px4_msgs) StdoutLine: {'line': b'-- Up-to-date symlink: /home/prathamkelkar/ros2_ws/install/px4_msgs/include/px4_msgs/px4_msgs/msg/rpm.h\n'}
[2.097788] (px4_msgs) StdoutLine: {'line': b'-- Up-to-date symlink: /home/prathamkelkar/ros2_ws/install/px4_msgs/include/px4_msgs/px4_msgs/msg/rtl_status.h\n'}
[2.097937] (px4_msgs) StdoutLine: {'line': b'-- Up-to-date symlink: /home/prathamkelkar/ros2_ws/install/px4_msgs/include/px4_msgs/px4_msgs/msg/rtl_time_estimate.h\n'}
[2.098016] (simple_quadcopter_teleop) CommandEnded: {'returncode': 0}
[2.098400] (px4_msgs) StdoutLine: {'line': b'-- Up-to-date symlink: /home/prathamkelkar/ros2_ws/install/px4_msgs/include/px4_msgs/px4_msgs/msg/satellite_info.h\n'}
[2.098501] (px4_msgs) StdoutLine: {'line': b'-- Up-to-date symlink: /home/prathamkelkar/ros2_ws/install/px4_msgs/include/px4_msgs/px4_msgs/msg/sensor_accel.h\n'}
[2.098648] (px4_msgs) StdoutLine: {'line': b'-- Up-to-date symlink: /home/prathamkelkar/ros2_ws/install/px4_msgs/include/px4_msgs/px4_msgs/msg/sensor_accel_fifo.h\n'}
[2.098760] (px4_msgs) StdoutLine: {'line': b'-- Up-to-date symlink: /home/prathamkelkar/ros2_ws/install/px4_msgs/include/px4_msgs/px4_msgs/msg/sensor_airflow.h\n'}
[2.098843] (px4_msgs) StdoutLine: {'line': b'-- Up-to-date symlink: /home/prathamkelkar/ros2_ws/install/px4_msgs/include/px4_msgs/px4_msgs/msg/sensor_baro.h\n'}
[2.098958] (px4_msgs) StdoutLine: {'line': b'-- Up-to-date symlink: /home/prathamkelkar/ros2_ws/install/px4_msgs/include/px4_msgs/px4_msgs/msg/sensor_combined.h\n'}
[2.099081] (px4_msgs) StdoutLine: {'line': b'-- Up-to-date symlink: /home/prathamkelkar/ros2_ws/install/px4_msgs/include/px4_msgs/px4_msgs/msg/sensor_correction.h\n'}
[2.099152] (px4_msgs) StdoutLine: {'line': b'-- Up-to-date symlink: /home/prathamkelkar/ros2_ws/install/px4_msgs/include/px4_msgs/px4_msgs/msg/sensor_gnss_relative.h\n'}
[2.099244] (px4_msgs) StdoutLine: {'line': b'-- Up-to-date symlink: /home/prathamkelkar/ros2_ws/install/px4_msgs/include/px4_msgs/px4_msgs/msg/sensor_gps.h\n'}
[2.099332] (px4_msgs) StdoutLine: {'line': b'-- Up-to-date symlink: /home/prathamkelkar/ros2_ws/install/px4_msgs/include/px4_msgs/px4_msgs/msg/sensor_gyro.h\n'}
[2.099424] (px4_msgs) StdoutLine: {'line': b'-- Up-to-date symlink: /home/prathamkelkar/ros2_ws/install/px4_msgs/include/px4_msgs/px4_msgs/msg/sensor_gyro_fft.h\n'}
[2.099509] (px4_msgs) StdoutLine: {'line': b'-- Up-to-date symlink: /home/prathamkelkar/ros2_ws/install/px4_msgs/include/px4_msgs/px4_msgs/msg/sensor_gyro_fifo.h\n'}
[2.099599] (px4_msgs) StdoutLine: {'line': b'-- Up-to-date symlink: /home/prathamkelkar/ros2_ws/install/px4_msgs/include/px4_msgs/px4_msgs/msg/sensor_hygrometer.h\n'}
[2.099685] (px4_msgs) StdoutLine: {'line': b'-- Up-to-date symlink: /home/prathamkelkar/ros2_ws/install/px4_msgs/include/px4_msgs/px4_msgs/msg/sensor_mag.h\n'}
[2.099769] (px4_msgs) StdoutLine: {'line': b'-- Up-to-date symlink: /home/prathamkelkar/ros2_ws/install/px4_msgs/include/px4_msgs/px4_msgs/msg/sensor_optical_flow.h\n'}
[2.099920] (px4_msgs) StdoutLine: {'line': b'-- Up-to-date symlink: /home/prathamkelkar/ros2_ws/install/px4_msgs/include/px4_msgs/px4_msgs/msg/sensor_preflight_mag.h\n'}
[2.099994] (px4_msgs) StdoutLine: {'line': b'-- Up-to-date symlink: /home/prathamkelkar/ros2_ws/install/px4_msgs/include/px4_msgs/px4_msgs/msg/sensor_selection.h\n'}
[2.100061] (px4_msgs) StdoutLine: {'line': b'-- Up-to-date symlink: /home/prathamkelkar/ros2_ws/install/px4_msgs/include/px4_msgs/px4_msgs/msg/sensor_uwb.h\n'}
[2.100217] (px4_msgs) StdoutLine: {'line': b'-- Up-to-date symlink: /home/prathamkelkar/ros2_ws/install/px4_msgs/include/px4_msgs/px4_msgs/msg/sensors_status.h\n'}
[2.100293] (px4_msgs) StdoutLine: {'line': b'-- Up-to-date symlink: /home/prathamkelkar/ros2_ws/install/px4_msgs/include/px4_msgs/px4_msgs/msg/sensors_status_imu.h\n'}
[2.100429] (px4_msgs) StdoutLine: {'line': b'-- Up-to-date symlink: /home/prathamkelkar/ros2_ws/install/px4_msgs/include/px4_msgs/px4_msgs/msg/system_power.h\n'}
[2.100503] (px4_msgs) StdoutLine: {'line': b'-- Up-to-date symlink: /home/prathamkelkar/ros2_ws/install/px4_msgs/include/px4_msgs/px4_msgs/msg/takeoff_status.h\n'}
[2.100574] (px4_msgs) StdoutLine: {'line': b'-- Up-to-date symlink: /home/prathamkelkar/ros2_ws/install/px4_msgs/include/px4_msgs/px4_msgs/msg/task_stack_info.h\n'}
[2.100731] (px4_msgs) StdoutLine: {'line': b'-- Up-to-date symlink: /home/prathamkelkar/ros2_ws/install/px4_msgs/include/px4_msgs/px4_msgs/msg/tecs_status.h\n'}
[2.100807] (px4_msgs) StdoutLine: {'line': b'-- Up-to-date symlink: /home/prathamkelkar/ros2_ws/install/px4_msgs/include/px4_msgs/px4_msgs/msg/telemetry_status.h\n'}
[2.100881] (px4_msgs) StdoutLine: {'line': b'-- Up-to-date symlink: /home/prathamkelkar/ros2_ws/install/px4_msgs/include/px4_msgs/px4_msgs/msg/tiltrotor_extra_controls.h\n'}
[2.101028] (px4_msgs) StdoutLine: {'line': b'-- Up-to-date symlink: /home/prathamkelkar/ros2_ws/install/px4_msgs/include/px4_msgs/px4_msgs/msg/timesync_status.h\n'}
[2.101104] (px4_msgs) StdoutLine: {'line': b'-- Up-to-date symlink: /home/prathamkelkar/ros2_ws/install/px4_msgs/include/px4_msgs/px4_msgs/msg/trajectory_bezier.h\n'}
[2.101173] (px4_msgs) StdoutLine: {'line': b'-- Up-to-date symlink: /home/prathamkelkar/ros2_ws/install/px4_msgs/include/px4_msgs/px4_msgs/msg/trajectory_setpoint.h\n'}
[2.101332] (px4_msgs) StdoutLine: {'line': b'-- Up-to-date symlink: /home/prathamkelkar/ros2_ws/install/px4_msgs/include/px4_msgs/px4_msgs/msg/trajectory_waypoint.h\n'}
[2.101422] (px4_msgs) StdoutLine: {'line': b'-- Up-to-date symlink: /home/prathamkelkar/ros2_ws/install/px4_msgs/include/px4_msgs/px4_msgs/msg/transponder_report.h\n'}
[2.101501] (px4_msgs) StdoutLine: {'line': b'-- Up-to-date symlink: /home/prathamkelkar/ros2_ws/install/px4_msgs/include/px4_msgs/px4_msgs/msg/tune_control.h\n'}
[2.101592] (px4_msgs) StdoutLine: {'line': b'-- Up-to-date symlink: /home/prathamkelkar/ros2_ws/install/px4_msgs/include/px4_msgs/px4_msgs/msg/uavcan_parameter_request.h\n'}
[2.101695] (px4_msgs) StdoutLine: {'line': b'-- Up-to-date symlink: /home/prathamkelkar/ros2_ws/install/px4_msgs/include/px4_msgs/px4_msgs/msg/uavcan_parameter_value.h\n'}
[2.101772] (px4_msgs) StdoutLine: {'line': b'-- Up-to-date symlink: /home/prathamkelkar/ros2_ws/install/px4_msgs/include/px4_msgs/px4_msgs/msg/ulog_stream.h\n'}
[2.101931] (px4_msgs) StdoutLine: {'line': b'-- Up-to-date symlink: /home/prathamkelkar/ros2_ws/install/px4_msgs/include/px4_msgs/px4_msgs/msg/ulog_stream_ack.h\n'}
[2.102015] (px4_msgs) StdoutLine: {'line': b'-- Up-to-date symlink: /home/prathamkelkar/ros2_ws/install/px4_msgs/include/px4_msgs/px4_msgs/msg/unregister_ext_component.h\n'}
[2.102094] (px4_msgs) StdoutLine: {'line': b'-- Up-to-date symlink: /home/prathamkelkar/ros2_ws/install/px4_msgs/include/px4_msgs/px4_msgs/msg/vehicle_acceleration.h\n'}
[2.102183] (px4_msgs) StdoutLine: {'line': b'-- Up-to-date symlink: /home/prathamkelkar/ros2_ws/install/px4_msgs/include/px4_msgs/px4_msgs/msg/vehicle_air_data.h\n'}
[2.102278] (px4_msgs) StdoutLine: {'line': b'-- Up-to-date symlink: /home/prathamkelkar/ros2_ws/install/px4_msgs/include/px4_msgs/px4_msgs/msg/vehicle_angular_acceleration_setpoint.h\n'}
[2.102357] (px4_msgs) StdoutLine: {'line': b'-- Up-to-date symlink: /home/prathamkelkar/ros2_ws/install/px4_msgs/include/px4_msgs/px4_msgs/msg/vehicle_angular_velocity.h\n'}
[2.102493] (px4_msgs) StdoutLine: {'line': b'-- Up-to-date symlink: /home/prathamkelkar/ros2_ws/install/px4_msgs/include/px4_msgs/px4_msgs/msg/vehicle_attitude.h\n'}
[2.102605] (px4_msgs) StdoutLine: {'line': b'-- Up-to-date symlink: /home/prathamkelkar/ros2_ws/install/px4_msgs/include/px4_msgs/px4_msgs/msg/vehicle_attitude_setpoint.h\n'}
[2.102681] (px4_msgs) StdoutLine: {'line': b'-- Up-to-date symlink: /home/prathamkelkar/ros2_ws/install/px4_msgs/include/px4_msgs/px4_msgs/msg/vehicle_command.h\n'}
[2.102757] (px4_msgs) StdoutLine: {'line': b'-- Up-to-date symlink: /home/prathamkelkar/ros2_ws/install/px4_msgs/include/px4_msgs/px4_msgs/msg/vehicle_command_ack.h\n'}
[2.102833] (px4_msgs) StdoutLine: {'line': b'-- Up-to-date symlink: /home/prathamkelkar/ros2_ws/install/px4_msgs/include/px4_msgs/px4_msgs/msg/vehicle_constraints.h\n'}
[2.102970] (px4_msgs) StdoutLine: {'line': b'-- Up-to-date symlink: /home/prathamkelkar/ros2_ws/install/px4_msgs/include/px4_msgs/px4_msgs/msg/vehicle_control_mode.h\n'}
[2.103045] (px4_msgs) StdoutLine: {'line': b'-- Up-to-date symlink: /home/prathamkelkar/ros2_ws/install/px4_msgs/include/px4_msgs/px4_msgs/msg/vehicle_global_position.h\n'}
[2.103179] (px4_msgs) StdoutLine: {'line': b'-- Up-to-date symlink: /home/prathamkelkar/ros2_ws/install/px4_msgs/include/px4_msgs/px4_msgs/msg/vehicle_imu.h\n'}
[2.103273] (px4_msgs) StdoutLine: {'line': b'-- Up-to-date symlink: /home/prathamkelkar/ros2_ws/install/px4_msgs/include/px4_msgs/px4_msgs/msg/vehicle_imu_status.h\n'}
[2.103409] (px4_msgs) StdoutLine: {'line': b'-- Up-to-date symlink: /home/prathamkelkar/ros2_ws/install/px4_msgs/include/px4_msgs/px4_msgs/msg/vehicle_land_detected.h\n'}
[2.103483] (px4_msgs) StdoutLine: {'line': b'-- Up-to-date symlink: /home/prathamkelkar/ros2_ws/install/px4_msgs/include/px4_msgs/px4_msgs/msg/vehicle_local_position.h\n'}
[2.103620] (px4_msgs) StdoutLine: {'line': b'-- Up-to-date symlink: /home/prathamkelkar/ros2_ws/install/px4_msgs/include/px4_msgs/px4_msgs/msg/vehicle_local_position_setpoint.h\n'}
[2.103711] (px4_msgs) StdoutLine: {'line': b'-- Up-to-date symlink: /home/prathamkelkar/ros2_ws/install/px4_msgs/include/px4_msgs/px4_msgs/msg/vehicle_magnetometer.h\n'}
[2.103795] (px4_msgs) StdoutLine: {'line': b'-- Up-to-date symlink: /home/prathamkelkar/ros2_ws/install/px4_msgs/include/px4_msgs/px4_msgs/msg/vehicle_odometry.h\n'}
[2.103922] (px4_msgs) StdoutLine: {'line': b'-- Up-to-date symlink: /home/prathamkelkar/ros2_ws/install/px4_msgs/include/px4_msgs/px4_msgs/msg/vehicle_optical_flow.h\n'}
[2.104056] (px4_msgs) StdoutLine: {'line': b'-- Up-to-date symlink: /home/prathamkelkar/ros2_ws/install/px4_msgs/include/px4_msgs/px4_msgs/msg/vehicle_optical_flow_vel.h\n'}
[2.104136] (px4_msgs) StdoutLine: {'line': b'-- Up-to-date symlink: /home/prathamkelkar/ros2_ws/install/px4_msgs/include/px4_msgs/px4_msgs/msg/vehicle_rates_setpoint.h\n'}
[2.104257] (px4_msgs) StdoutLine: {'line': b'-- Up-to-date symlink: /home/prathamkelkar/ros2_ws/install/px4_msgs/include/px4_msgs/px4_msgs/msg/vehicle_roi.h\n'}
[2.104357] (px4_msgs) StdoutLine: {'line': b'-- Up-to-date symlink: /home/prathamkelkar/ros2_ws/install/px4_msgs/include/px4_msgs/px4_msgs/msg/vehicle_status.h\n'}
[2.104450] (px4_msgs) StdoutLine: {'line': b'-- Up-to-date symlink: /home/prathamkelkar/ros2_ws/install/px4_msgs/include/px4_msgs/px4_msgs/msg/vehicle_thrust_setpoint.h\n'}
[2.104547] (px4_msgs) StdoutLine: {'line': b'-- Up-to-date symlink: /home/prathamkelkar/ros2_ws/install/px4_msgs/include/px4_msgs/px4_msgs/msg/vehicle_torque_setpoint.h\n'}
[2.104641] (px4_msgs) StdoutLine: {'line': b'-- Up-to-date symlink: /home/prathamkelkar/ros2_ws/install/px4_msgs/include/px4_msgs/px4_msgs/msg/vehicle_trajectory_bezier.h\n'}
[2.104722] (px4_msgs) StdoutLine: {'line': b'-- Up-to-date symlink: /home/prathamkelkar/ros2_ws/install/px4_msgs/include/px4_msgs/px4_msgs/msg/vehicle_trajectory_waypoint.h\n'}
[2.104801] (px4_msgs) StdoutLine: {'line': b'-- Up-to-date symlink: /home/prathamkelkar/ros2_ws/install/px4_msgs/include/px4_msgs/px4_msgs/msg/velocity_limits.h\n'}
[2.104947] (px4_msgs) StdoutLine: {'line': b'-- Up-to-date symlink: /home/prathamkelkar/ros2_ws/install/px4_msgs/include/px4_msgs/px4_msgs/msg/vtol_vehicle_status.h\n'}
[2.105023] (px4_msgs) StdoutLine: {'line': b'-- Up-to-date symlink: /home/prathamkelkar/ros2_ws/install/px4_msgs/include/px4_msgs/px4_msgs/msg/wheel_encoders.h\n'}
[2.105099] (px4_msgs) StdoutLine: {'line': b'-- Up-to-date symlink: /home/prathamkelkar/ros2_ws/install/px4_msgs/include/px4_msgs/px4_msgs/msg/wind.h\n'}
[2.105252] (px4_msgs) StdoutLine: {'line': b'-- Up-to-date symlink: /home/prathamkelkar/ros2_ws/install/px4_msgs/include/px4_msgs/px4_msgs/msg/yaw_estimator_status.h\n'}
[2.105328] (px4_msgs) StdoutLine: {'line': b'-- Up-to-date symlink: /home/prathamkelkar/ros2_ws/install/px4_msgs/include/px4_msgs/px4_msgs/srv/detail/vehicle_command__functions.h\n'}
[2.105479] (px4_msgs) StdoutLine: {'line': b'-- Up-to-date symlink: /home/prathamkelkar/ros2_ws/install/px4_msgs/include/px4_msgs/px4_msgs/srv/detail/vehicle_command__struct.h\n'}
[2.105558] (px4_msgs) StdoutLine: {'line': b'-- Up-to-date symlink: /home/prathamkelkar/ros2_ws/install/px4_msgs/include/px4_msgs/px4_msgs/srv/detail/vehicle_command__type_support.h\n'}
[2.105641] (px4_msgs) StdoutLine: {'line': b'-- Up-to-date symlink: /home/prathamkelkar/ros2_ws/install/px4_msgs/include/px4_msgs/px4_msgs/srv/vehicle_command.h\n'}
[2.105797] (px4_msgs) StdoutLine: {'line': b'-- Up-to-date symlink: /home/prathamkelkar/ros2_ws/install/px4_msgs/share/px4_msgs/environment/library_path.sh\n'}
[2.105874] (px4_msgs) StdoutLine: {'line': b'-- Up-to-date symlink: /home/prathamkelkar/ros2_ws/install/px4_msgs/share/px4_msgs/environment/library_path.dsv\n'}
[2.105998] (px4_msgs) StdoutLine: {'line': b'-- Up-to-date symlink: /home/prathamkelkar/ros2_ws/install/px4_msgs/include/px4_msgs/px4_msgs/msg/detail/action_request__rosidl_typesupport_fastrtps_c.h\n'}
[2.106112] (px4_msgs) StdoutLine: {'line': b'-- Up-to-date symlink: /home/prathamkelkar/ros2_ws/install/px4_msgs/include/px4_msgs/px4_msgs/msg/detail/actuator_armed__rosidl_typesupport_fastrtps_c.h\n'}
[2.106208] (px4_msgs) StdoutLine: {'line': b'-- Up-to-date symlink: /home/prathamkelkar/ros2_ws/install/px4_msgs/include/px4_msgs/px4_msgs/msg/detail/actuator_controls_status__rosidl_typesupport_fastrtps_c.h\n'}
[2.106303] (px4_msgs) StdoutLine: {'line': b'-- Up-to-date symlink: /home/prathamkelkar/ros2_ws/install/px4_msgs/include/px4_msgs/px4_msgs/msg/detail/actuator_motors__rosidl_typesupport_fastrtps_c.h\n'}
[2.106394] (px4_msgs) StdoutLine: {'line': b'-- Up-to-date symlink: /home/prathamkelkar/ros2_ws/install/px4_msgs/include/px4_msgs/px4_msgs/msg/detail/actuator_outputs__rosidl_typesupport_fastrtps_c.h\n'}
[2.106483] (px4_msgs) StdoutLine: {'line': b'-- Up-to-date symlink: /home/prathamkelkar/ros2_ws/install/px4_msgs/include/px4_msgs/px4_msgs/msg/detail/actuator_servos__rosidl_typesupport_fastrtps_c.h\n'}
[2.106572] (px4_msgs) StdoutLine: {'line': b'-- Up-to-date symlink: /home/prathamkelkar/ros2_ws/install/px4_msgs/include/px4_msgs/px4_msgs/msg/detail/actuator_servos_trim__rosidl_typesupport_fastrtps_c.h\n'}
[2.106666] (px4_msgs) StdoutLine: {'line': b'-- Up-to-date symlink: /home/prathamkelkar/ros2_ws/install/px4_msgs/include/px4_msgs/px4_msgs/msg/detail/actuator_test__rosidl_typesupport_fastrtps_c.h\n'}
[2.106742] (px4_msgs) StdoutLine: {'line': b'-- Up-to-date symlink: /home/prathamkelkar/ros2_ws/install/px4_msgs/include/px4_msgs/px4_msgs/msg/detail/adc_report__rosidl_typesupport_fastrtps_c.h\n'}
[2.106815] (px4_msgs) StdoutLine: {'line': b'-- Up-to-date symlink: /home/prathamkelkar/ros2_ws/install/px4_msgs/include/px4_msgs/px4_msgs/msg/detail/airspeed__rosidl_typesupport_fastrtps_c.h\n'}
[2.106960] (px4_msgs) StdoutLine: {'line': b'-- Up-to-date symlink: /home/prathamkelkar/ros2_ws/install/px4_msgs/include/px4_msgs/px4_msgs/msg/detail/airspeed_validated__rosidl_typesupport_fastrtps_c.h\n'}
[2.107097] (px4_msgs) StdoutLine: {'line': b'-- Up-to-date symlink: /home/prathamkelkar/ros2_ws/install/px4_msgs/include/px4_msgs/px4_msgs/msg/detail/airspeed_wind__rosidl_typesupport_fastrtps_c.h\n'}
[2.107170] (px4_msgs) StdoutLine: {'line': b'-- Up-to-date symlink: /home/prathamkelkar/ros2_ws/install/px4_msgs/include/px4_msgs/px4_msgs/msg/detail/arming_check_reply__rosidl_typesupport_fastrtps_c.h\n'}
[2.107245] (px4_msgs) StdoutLine: {'line': b'-- Up-to-date symlink: /home/prathamkelkar/ros2_ws/install/px4_msgs/include/px4_msgs/px4_msgs/msg/detail/arming_check_request__rosidl_typesupport_fastrtps_c.h\n'}
[2.107406] (px4_msgs) StdoutLine: {'line': b'-- Up-to-date symlink: /home/prathamkelkar/ros2_ws/install/px4_msgs/include/px4_msgs/px4_msgs/msg/detail/autotune_attitude_control_status__rosidl_typesupport_fastrtps_c.h\n'}
[2.107514] (px4_msgs) StdoutLine: {'line': b'-- Up-to-date symlink: /home/prathamkelkar/ros2_ws/install/px4_msgs/include/px4_msgs/px4_msgs/msg/detail/battery_status__rosidl_typesupport_fastrtps_c.h\n'}
[2.107620] (px4_msgs) StdoutLine: {'line': b'-- Up-to-date symlink: /home/prathamkelkar/ros2_ws/install/px4_msgs/include/px4_msgs/px4_msgs/msg/detail/buffer128__rosidl_typesupport_fastrtps_c.h\n'}
[2.107697] (px4_msgs) StdoutLine: {'line': b'-- Up-to-date symlink: /home/prathamkelkar/ros2_ws/install/px4_msgs/include/px4_msgs/px4_msgs/msg/detail/button_event__rosidl_typesupport_fastrtps_c.h\n'}
[2.107841] (px4_msgs) StdoutLine: {'line': b'-- Up-to-date symlink: /home/prathamkelkar/ros2_ws/install/px4_msgs/include/px4_msgs/px4_msgs/msg/detail/camera_capture__rosidl_typesupport_fastrtps_c.h\n'}
[2.107924] (px4_msgs) StdoutLine: {'line': b'-- Up-to-date symlink: /home/prathamkelkar/ros2_ws/install/px4_msgs/include/px4_msgs/px4_msgs/msg/detail/camera_status__rosidl_typesupport_fastrtps_c.h\n'}
[2.108003] (px4_msgs) StdoutLine: {'line': b'-- Up-to-date symlink: /home/prathamkelkar/ros2_ws/install/px4_msgs/include/px4_msgs/px4_msgs/msg/detail/camera_trigger__rosidl_typesupport_fastrtps_c.h\n'}
[2.108153] (px4_msgs) StdoutLine: {'line': b'-- Up-to-date symlink: /home/prathamkelkar/ros2_ws/install/px4_msgs/include/px4_msgs/px4_msgs/msg/detail/can_interface_status__rosidl_typesupport_fastrtps_c.h\n'}
[2.108284] (px4_msgs) StdoutLine: {'line': b'-- Up-to-date symlink: /home/prathamkelkar/ros2_ws/install/px4_msgs/include/px4_msgs/px4_msgs/msg/detail/cellular_status__rosidl_typesupport_fastrtps_c.h\n'}
[2.108358] (px4_msgs) StdoutLine: {'line': b'-- Up-to-date symlink: /home/prathamkelkar/ros2_ws/install/px4_msgs/include/px4_msgs/px4_msgs/msg/detail/collision_constraints__rosidl_typesupport_fastrtps_c.h\n'}
[2.108439] (px4_msgs) StdoutLine: {'line': b'-- Up-to-date symlink: /home/prathamkelkar/ros2_ws/install/px4_msgs/include/px4_msgs/px4_msgs/msg/detail/collision_report__rosidl_typesupport_fastrtps_c.h\n'}
[2.108584] (px4_msgs) StdoutLine: {'line': b'-- Up-to-date symlink: /home/prathamkelkar/ros2_ws/install/px4_msgs/include/px4_msgs/px4_msgs/msg/detail/config_overrides__rosidl_typesupport_fastrtps_c.h\n'}
[2.108665] (px4_msgs) StdoutLine: {'line': b'-- Up-to-date symlink: /home/prathamkelkar/ros2_ws/install/px4_msgs/include/px4_msgs/px4_msgs/msg/detail/control_allocator_status__rosidl_typesupport_fastrtps_c.h\n'}
[2.108742] (px4_msgs) StdoutLine: {'line': b'-- Up-to-date symlink: /home/prathamkelkar/ros2_ws/install/px4_msgs/include/px4_msgs/px4_msgs/msg/detail/cpuload__rosidl_typesupport_fastrtps_c.h\n'}
[2.108892] (px4_msgs) StdoutLine: {'line': b'-- Up-to-date symlink: /home/prathamkelkar/ros2_ws/install/px4_msgs/include/px4_msgs/px4_msgs/msg/detail/dataman_request__rosidl_typesupport_fastrtps_c.h\n'}
[2.108971] (px4_msgs) StdoutLine: {'line': b'-- Up-to-date symlink: /home/prathamkelkar/ros2_ws/install/px4_msgs/include/px4_msgs/px4_msgs/msg/detail/dataman_response__rosidl_typesupport_fastrtps_c.h\n'}
[2.109055] (px4_msgs) StdoutLine: {'line': b'-- Up-to-date symlink: /home/prathamkelkar/ros2_ws/install/px4_msgs/include/px4_msgs/px4_msgs/msg/detail/debug_array__rosidl_typesupport_fastrtps_c.h\n'}
[2.109197] (px4_msgs) StdoutLine: {'line': b'-- Up-to-date symlink: /home/prathamkelkar/ros2_ws/install/px4_msgs/include/px4_msgs/px4_msgs/msg/detail/debug_key_value__rosidl_typesupport_fastrtps_c.h\n'}
[2.109274] (px4_msgs) StdoutLine: {'line': b'-- Up-to-date symlink: /home/prathamkelkar/ros2_ws/install/px4_msgs/include/px4_msgs/px4_msgs/msg/detail/debug_value__rosidl_typesupport_fastrtps_c.h\n'}
[2.109424] (px4_msgs) StdoutLine: {'line': b'-- Up-to-date symlink: /home/prathamkelkar/ros2_ws/install/px4_msgs/include/px4_msgs/px4_msgs/msg/detail/debug_vect__rosidl_typesupport_fastrtps_c.h\n'}
[2.109517] (px4_msgs) StdoutLine: {'line': b'-- Up-to-date symlink: /home/prathamkelkar/ros2_ws/install/px4_msgs/include/px4_msgs/px4_msgs/msg/detail/differential_drive_setpoint__rosidl_typesupport_fastrtps_c.h\n'}
[2.109593] (px4_msgs) StdoutLine: {'line': b'-- Up-to-date symlink: /home/prathamkelkar/ros2_ws/install/px4_msgs/include/px4_msgs/px4_msgs/msg/detail/differential_pressure__rosidl_typesupport_fastrtps_c.h\n'}
[2.109748] (px4_msgs) StdoutLine: {'line': b'-- Up-to-date symlink: /home/prathamkelkar/ros2_ws/install/px4_msgs/include/px4_msgs/px4_msgs/msg/detail/distance_sensor__rosidl_typesupport_fastrtps_c.h\n'}
[2.109831] (px4_msgs) StdoutLine: {'line': b'-- Up-to-date symlink: /home/prathamkelkar/ros2_ws/install/px4_msgs/include/px4_msgs/px4_msgs/msg/detail/ekf2_timestamps__rosidl_typesupport_fastrtps_c.h\n'}
[2.109974] (px4_msgs) StdoutLine: {'line': b'-- Up-to-date symlink: /home/prathamkelkar/ros2_ws/install/px4_msgs/include/px4_msgs/px4_msgs/msg/detail/esc_report__rosidl_typesupport_fastrtps_c.h\n'}
[2.110077] (px4_msgs) StdoutLine: {'line': b'-- Up-to-date symlink: /home/prathamkelkar/ros2_ws/install/px4_msgs/include/px4_msgs/px4_msgs/msg/detail/esc_status__rosidl_typesupport_fastrtps_c.h\n'}
[2.110152] (px4_msgs) StdoutLine: {'line': b'-- Up-to-date symlink: /home/prathamkelkar/ros2_ws/install/px4_msgs/include/px4_msgs/px4_msgs/msg/detail/estimator_aid_source1d__rosidl_typesupport_fastrtps_c.h\n'}
[2.110237] (px4_msgs) StdoutLine: {'line': b'-- Up-to-date symlink: /home/prathamkelkar/ros2_ws/install/px4_msgs/include/px4_msgs/px4_msgs/msg/detail/estimator_aid_source2d__rosidl_typesupport_fastrtps_c.h\n'}
[2.110396] (px4_msgs) StdoutLine: {'line': b'-- Up-to-date symlink: /home/prathamkelkar/ros2_ws/install/px4_msgs/include/px4_msgs/px4_msgs/msg/detail/estimator_aid_source3d__rosidl_typesupport_fastrtps_c.h\n'}
[2.110483] (px4_msgs) StdoutLine: {'line': b'-- Up-to-date symlink: /home/prathamkelkar/ros2_ws/install/px4_msgs/include/px4_msgs/px4_msgs/msg/detail/estimator_bias3d__rosidl_typesupport_fastrtps_c.h\n'}
[2.110585] (px4_msgs) StdoutLine: {'line': b'-- Up-to-date symlink: /home/prathamkelkar/ros2_ws/install/px4_msgs/include/px4_msgs/px4_msgs/msg/detail/estimator_bias__rosidl_typesupport_fastrtps_c.h\n'}
[2.110670] (px4_msgs) StdoutLine: {'line': b'-- Up-to-date symlink: /home/prathamkelkar/ros2_ws/install/px4_msgs/include/px4_msgs/px4_msgs/msg/detail/estimator_event_flags__rosidl_typesupport_fastrtps_c.h\n'}
[2.110746] (px4_msgs) StdoutLine: {'line': b'-- Up-to-date symlink: /home/prathamkelkar/ros2_ws/install/px4_msgs/include/px4_msgs/px4_msgs/msg/detail/estimator_gps_status__rosidl_typesupport_fastrtps_c.h\n'}
[2.110833] (px4_msgs) StdoutLine: {'line': b'-- Up-to-date symlink: /home/prathamkelkar/ros2_ws/install/px4_msgs/include/px4_msgs/px4_msgs/msg/detail/estimator_innovations__rosidl_typesupport_fastrtps_c.h\n'}
[2.110909] (px4_msgs) StdoutLine: {'line': b'-- Up-to-date symlink: /home/prathamkelkar/ros2_ws/install/px4_msgs/include/px4_msgs/px4_msgs/msg/detail/estimator_selector_status__rosidl_typesupport_fastrtps_c.h\n'}
[2.110985] (px4_msgs) StdoutLine: {'line': b'-- Up-to-date symlink: /home/prathamkelkar/ros2_ws/install/px4_msgs/include/px4_msgs/px4_msgs/msg/detail/estimator_sensor_bias__rosidl_typesupport_fastrtps_c.h\n'}
[2.111064] (px4_msgs) StdoutLine: {'line': b'-- Up-to-date symlink: /home/prathamkelkar/ros2_ws/install/px4_msgs/include/px4_msgs/px4_msgs/msg/detail/estimator_states__rosidl_typesupport_fastrtps_c.h\n'}
[2.111253] (px4_msgs) StdoutLine: {'line': b'-- Up-to-date symlink: /home/prathamkelkar/ros2_ws/install/px4_msgs/include/px4_msgs/px4_msgs/msg/detail/estimator_status__rosidl_typesupport_fastrtps_c.h\n'}
[2.111343] (px4_msgs) StdoutLine: {'line': b'-- Up-to-date symlink: /home/prathamkelkar/ros2_ws/install/px4_msgs/include/px4_msgs/px4_msgs/msg/detail/estimator_status_flags__rosidl_typesupport_fastrtps_c.h\n'}
[2.111435] (px4_msgs) StdoutLine: {'line': b'-- Up-to-date symlink: /home/prathamkelkar/ros2_ws/install/px4_msgs/include/px4_msgs/px4_msgs/msg/detail/event__rosidl_typesupport_fastrtps_c.h\n'}
[2.111524] (px4_msgs) StdoutLine: {'line': b'-- Up-to-date symlink: /home/prathamkelkar/ros2_ws/install/px4_msgs/include/px4_msgs/px4_msgs/msg/detail/failsafe_flags__rosidl_typesupport_fastrtps_c.h\n'}
[2.111620] (px4_msgs) StdoutLine: {'line': b'-- Up-to-date symlink: /home/prathamkelkar/ros2_ws/install/px4_msgs/include/px4_msgs/px4_msgs/msg/detail/failure_detector_status__rosidl_typesupport_fastrtps_c.h\n'}
[2.111713] (px4_msgs) StdoutLine: {'line': b'-- Up-to-date symlink: /home/prathamkelkar/ros2_ws/install/px4_msgs/include/px4_msgs/px4_msgs/msg/detail/figure_eight_status__rosidl_typesupport_fastrtps_c.h\n'}
[2.111800] (px4_msgs) StdoutLine: {'line': b'-- Up-to-date symlink: /home/prathamkelkar/ros2_ws/install/px4_msgs/include/px4_msgs/px4_msgs/msg/detail/flight_phase_estimation__rosidl_typesupport_fastrtps_c.h\n'}
[2.111902] (px4_msgs) StdoutLine: {'line': b'-- Up-to-date symlink: /home/prathamkelkar/ros2_ws/install/px4_msgs/include/px4_msgs/px4_msgs/msg/detail/follow_target__rosidl_typesupport_fastrtps_c.h\n'}
[2.111980] (px4_msgs) StdoutLine: {'line': b'-- Up-to-date symlink: /home/prathamkelkar/ros2_ws/install/px4_msgs/include/px4_msgs/px4_msgs/msg/detail/follow_target_estimator__rosidl_typesupport_fastrtps_c.h\n'}
[2.112112] (px4_msgs) StdoutLine: {'line': b'-- Up-to-date symlink: /home/prathamkelkar/ros2_ws/install/px4_msgs/include/px4_msgs/px4_msgs/msg/detail/follow_target_status__rosidl_typesupport_fastrtps_c.h\n'}
[2.112227] (px4_msgs) StdoutLine: {'line': b'-- Up-to-date symlink: /home/prathamkelkar/ros2_ws/install/px4_msgs/include/px4_msgs/px4_msgs/msg/detail/generator_status__rosidl_typesupport_fastrtps_c.h\n'}
[2.112306] (px4_msgs) StdoutLine: {'line': b'-- Up-to-date symlink: /home/prathamkelkar/ros2_ws/install/px4_msgs/include/px4_msgs/px4_msgs/msg/detail/geofence_result__rosidl_typesupport_fastrtps_c.h\n'}
[2.112459] (px4_msgs) StdoutLine: {'line': b'-- Up-to-date symlink: /home/prathamkelkar/ros2_ws/install/px4_msgs/include/px4_msgs/px4_msgs/msg/detail/geofence_status__rosidl_typesupport_fastrtps_c.h\n'}
[2.112536] (px4_msgs) StdoutLine: {'line': b'-- Up-to-date symlink: /home/prathamkelkar/ros2_ws/install/px4_msgs/include/px4_msgs/px4_msgs/msg/detail/gimbal_controls__rosidl_typesupport_fastrtps_c.h\n'}
[2.112620] (px4_msgs) StdoutLine: {'line': b'-- Up-to-date symlink: /home/prathamkelkar/ros2_ws/install/px4_msgs/include/px4_msgs/px4_msgs/msg/detail/gimbal_device_attitude_status__rosidl_typesupport_fastrtps_c.h\n'}
[2.112785] (px4_msgs) StdoutLine: {'line': b'-- Up-to-date symlink: /home/prathamkelkar/ros2_ws/install/px4_msgs/include/px4_msgs/px4_msgs/msg/detail/gimbal_device_information__rosidl_typesupport_fastrtps_c.h\n'}
[2.112863] (px4_msgs) StdoutLine: {'line': b'-- Up-to-date symlink: /home/prathamkelkar/ros2_ws/install/px4_msgs/include/px4_msgs/px4_msgs/msg/detail/gimbal_device_set_attitude__rosidl_typesupport_fastrtps_c.h\n'}
[2.112940] (px4_msgs) StdoutLine: {'line': b'-- Up-to-date symlink: /home/prathamkelkar/ros2_ws/install/px4_msgs/include/px4_msgs/px4_msgs/msg/detail/gimbal_manager_information__rosidl_typesupport_fastrtps_c.h\n'}
[2.113091] (px4_msgs) StdoutLine: {'line': b'-- Up-to-date symlink: /home/prathamkelkar/ros2_ws/install/px4_msgs/include/px4_msgs/px4_msgs/msg/detail/gimbal_manager_set_attitude__rosidl_typesupport_fastrtps_c.h\n'}
[2.113181] (px4_msgs) StdoutLine: {'line': b'-- Up-to-date symlink: /home/prathamkelkar/ros2_ws/install/px4_msgs/include/px4_msgs/px4_msgs/msg/detail/gimbal_manager_set_manual_control__rosidl_typesupport_fastrtps_c.h\n'}
[2.113275] (px4_msgs) StdoutLine: {'line': b'-- Up-to-date symlink: /home/prathamkelkar/ros2_ws/install/px4_msgs/include/px4_msgs/px4_msgs/msg/detail/gimbal_manager_status__rosidl_typesupport_fastrtps_c.h\n'}
[2.113378] (px4_msgs) StdoutLine: {'line': b'-- Up-to-date symlink: /home/prathamkelkar/ros2_ws/install/px4_msgs/include/px4_msgs/px4_msgs/msg/detail/goto_setpoint__rosidl_typesupport_fastrtps_c.h\n'}
[2.113471] (px4_msgs) StdoutLine: {'line': b'-- Up-to-date symlink: /home/prathamkelkar/ros2_ws/install/px4_msgs/include/px4_msgs/px4_msgs/msg/detail/gpio_config__rosidl_typesupport_fastrtps_c.h\n'}
[2.113550] (px4_msgs) StdoutLine: {'line': b'-- Up-to-date symlink: /home/prathamkelkar/ros2_ws/install/px4_msgs/include/px4_msgs/px4_msgs/msg/detail/gpio_in__rosidl_typesupport_fastrtps_c.h\n'}
[2.113635] (px4_msgs) StdoutLine: {'line': b'-- Up-to-date symlink: /home/prathamkelkar/ros2_ws/install/px4_msgs/include/px4_msgs/px4_msgs/msg/detail/gpio_out__rosidl_typesupport_fastrtps_c.h\n'}
[2.113783] (px4_msgs) StdoutLine: {'line': b'-- Up-to-date symlink: /home/prathamkelkar/ros2_ws/install/px4_msgs/include/px4_msgs/px4_msgs/msg/detail/gpio_request__rosidl_typesupport_fastrtps_c.h\n'}
[2.113861] (px4_msgs) StdoutLine: {'line': b'-- Up-to-date symlink: /home/prathamkelkar/ros2_ws/install/px4_msgs/include/px4_msgs/px4_msgs/msg/detail/gps_dump__rosidl_typesupport_fastrtps_c.h\n'}
[2.114010] (px4_msgs) StdoutLine: {'line': b'-- Up-to-date symlink: /home/prathamkelkar/ros2_ws/install/px4_msgs/include/px4_msgs/px4_msgs/msg/detail/gps_inject_data__rosidl_typesupport_fastrtps_c.h\n'}
[2.114088] (px4_msgs) StdoutLine: {'line': b'-- Up-to-date symlink: /home/prathamkelkar/ros2_ws/install/px4_msgs/include/px4_msgs/px4_msgs/msg/detail/gripper__rosidl_typesupport_fastrtps_c.h\n'}
[2.114165] (px4_msgs) StdoutLine: {'line': b'-- Up-to-date symlink: /home/prathamkelkar/ros2_ws/install/px4_msgs/include/px4_msgs/px4_msgs/msg/detail/health_report__rosidl_typesupport_fastrtps_c.h\n'}
[2.114311] (px4_msgs) StdoutLine: {'line': b'-- Up-to-date symlink: /home/prathamkelkar/ros2_ws/install/px4_msgs/include/px4_msgs/px4_msgs/msg/detail/heater_status__rosidl_typesupport_fastrtps_c.h\n'}
[2.114419] (px4_msgs) StdoutLine: {'line': b'-- Up-to-date symlink: /home/prathamkelkar/ros2_ws/install/px4_msgs/include/px4_msgs/px4_msgs/msg/detail/home_position__rosidl_typesupport_fastrtps_c.h\n'}
[2.114518] (px4_msgs) StdoutLine: {'line': b'-- Up-to-date symlink: /home/prathamkelkar/ros2_ws/install/px4_msgs/include/px4_msgs/px4_msgs/msg/detail/hover_thrust_estimate__rosidl_typesupport_fastrtps_c.h\n'}
[2.114610] (px4_msgs) StdoutLine: {'line': b'-- Up-to-date symlink: /home/prathamkelkar/ros2_ws/install/px4_msgs/include/px4_msgs/px4_msgs/msg/detail/input_rc__rosidl_typesupport_fastrtps_c.h\n'}
[2.114686] (px4_msgs) StdoutLine: {'line': b'-- Up-to-date symlink: /home/prathamkelkar/ros2_ws/install/px4_msgs/include/px4_msgs/px4_msgs/msg/detail/internal_combustion_engine_status__rosidl_typesupport_fastrtps_c.h\n'}
[2.114762] (px4_msgs) StdoutLine: {'line': b'-- Up-to-date symlink: /home/prathamkelkar/ros2_ws/install/px4_msgs/include/px4_msgs/px4_msgs/msg/detail/iridiumsbd_status__rosidl_typesupport_fastrtps_c.h\n'}
[2.114940] (px4_msgs) StdoutLine: {'line': b'-- Up-to-date symlink: /home/prathamkelkar/ros2_ws/install/px4_msgs/include/px4_msgs/px4_msgs/msg/detail/irlock_report__rosidl_typesupport_fastrtps_c.h\n'}
[2.115023] (px4_msgs) StdoutLine: {'line': b'-- Up-to-date symlink: /home/prathamkelkar/ros2_ws/install/px4_msgs/include/px4_msgs/px4_msgs/msg/detail/landing_gear__rosidl_typesupport_fastrtps_c.h\n'}
[2.115108] (px4_msgs) StdoutLine: {'line': b'-- Up-to-date symlink: /home/prathamkelkar/ros2_ws/install/px4_msgs/include/px4_msgs/px4_msgs/msg/detail/landing_gear_wheel__rosidl_typesupport_fastrtps_c.h\n'}
[2.115273] (px4_msgs) StdoutLine: {'line': b'-- Up-to-date symlink: /home/prathamkelkar/ros2_ws/install/px4_msgs/include/px4_msgs/px4_msgs/msg/detail/landing_target_innovations__rosidl_typesupport_fastrtps_c.h\n'}
[2.115352] (px4_msgs) StdoutLine: {'line': b'-- Up-to-date symlink: /home/prathamkelkar/ros2_ws/install/px4_msgs/include/px4_msgs/px4_msgs/msg/detail/landing_target_pose__rosidl_typesupport_fastrtps_c.h\n'}
[2.115427] (px4_msgs) StdoutLine: {'line': b'-- Up-to-date symlink: /home/prathamkelkar/ros2_ws/install/px4_msgs/include/px4_msgs/px4_msgs/msg/detail/launch_detection_status__rosidl_typesupport_fastrtps_c.h\n'}
[2.115569] (px4_msgs) StdoutLine: {'line': b'-- Up-to-date symlink: /home/prathamkelkar/ros2_ws/install/px4_msgs/include/px4_msgs/px4_msgs/msg/detail/led_control__rosidl_typesupport_fastrtps_c.h\n'}
[2.115652] (px4_msgs) StdoutLine: {'line': b'-- Up-to-date symlink: /home/prathamkelkar/ros2_ws/install/px4_msgs/include/px4_msgs/px4_msgs/msg/detail/log_message__rosidl_typesupport_fastrtps_c.h\n'}
[2.115789] (px4_msgs) StdoutLine: {'line': b'-- Up-to-date symlink: /home/prathamkelkar/ros2_ws/install/px4_msgs/include/px4_msgs/px4_msgs/msg/detail/logger_status__rosidl_typesupport_fastrtps_c.h\n'}
[2.115867] (px4_msgs) StdoutLine: {'line': b'-- Up-to-date symlink: /home/prathamkelkar/ros2_ws/install/px4_msgs/include/px4_msgs/px4_msgs/msg/detail/mag_worker_data__rosidl_typesupport_fastrtps_c.h\n'}
[2.115944] (px4_msgs) StdoutLine: {'line': b'-- Up-to-date symlink: /home/prathamkelkar/ros2_ws/install/px4_msgs/include/px4_msgs/px4_msgs/msg/detail/magnetometer_bias_estimate__rosidl_typesupport_fastrtps_c.h\n'}
[2.116111] (px4_msgs) StdoutLine: {'line': b'-- Up-to-date symlink: /home/prathamkelkar/ros2_ws/install/px4_msgs/include/px4_msgs/px4_msgs/msg/detail/manual_control_setpoint__rosidl_typesupport_fastrtps_c.h\n'}
[2.116189] (px4_msgs) StdoutLine: {'line': b'-- Up-to-date symlink: /home/prathamkelkar/ros2_ws/install/px4_msgs/include/px4_msgs/px4_msgs/msg/detail/manual_control_switches__rosidl_typesupport_fastrtps_c.h\n'}
[2.116323] (px4_msgs) StdoutLine: {'line': b'-- Up-to-date symlink: /home/prathamkelkar/ros2_ws/install/px4_msgs/include/px4_msgs/px4_msgs/msg/detail/mavlink_log__rosidl_typesupport_fastrtps_c.h\n'}
[2.116425] (px4_msgs) StdoutLine: {'line': b'-- Up-to-date symlink: /home/prathamkelkar/ros2_ws/install/px4_msgs/include/px4_msgs/px4_msgs/msg/detail/mavlink_tunnel__rosidl_typesupport_fastrtps_c.h\n'}
[2.116520] (px4_msgs) StdoutLine: {'line': b'-- Up-to-date symlink: /home/prathamkelkar/ros2_ws/install/px4_msgs/include/px4_msgs/px4_msgs/msg/detail/message_format_request__rosidl_typesupport_fastrtps_c.h\n'}
[2.116623] (px4_msgs) StdoutLine: {'line': b'-- Up-to-date symlink: /home/prathamkelkar/ros2_ws/install/px4_msgs/include/px4_msgs/px4_msgs/msg/detail/message_format_response__rosidl_typesupport_fastrtps_c.h\n'}
[2.116704] (px4_msgs) StdoutLine: {'line': b'-- Up-to-date symlink: /home/prathamkelkar/ros2_ws/install/px4_msgs/include/px4_msgs/px4_msgs/msg/detail/mission__rosidl_typesupport_fastrtps_c.h\n'}
[2.116779] (px4_msgs) StdoutLine: {'line': b'-- Up-to-date symlink: /home/prathamkelkar/ros2_ws/install/px4_msgs/include/px4_msgs/px4_msgs/msg/detail/mission_result__rosidl_typesupport_fastrtps_c.h\n'}
[2.116911] (px4_msgs) StdoutLine: {'line': b'-- Up-to-date symlink: /home/prathamkelkar/ros2_ws/install/px4_msgs/include/px4_msgs/px4_msgs/msg/detail/mode_completed__rosidl_typesupport_fastrtps_c.h\n'}
[2.117013] (px4_msgs) StdoutLine: {'line': b'-- Up-to-date symlink: /home/prathamkelkar/ros2_ws/install/px4_msgs/include/px4_msgs/px4_msgs/msg/detail/mount_orientation__rosidl_typesupport_fastrtps_c.h\n'}
[2.117090] (px4_msgs) StdoutLine: {'line': b'-- Up-to-date symlink: /home/prathamkelkar/ros2_ws/install/px4_msgs/include/px4_msgs/px4_msgs/msg/detail/navigator_mission_item__rosidl_typesupport_fastrtps_c.h\n'}
[2.117241] (px4_msgs) StdoutLine: {'line': b'-- Up-to-date symlink: /home/prathamkelkar/ros2_ws/install/px4_msgs/include/px4_msgs/px4_msgs/msg/detail/normalized_unsigned_setpoint__rosidl_typesupport_fastrtps_c.h\n'}
[2.117317] (px4_msgs) StdoutLine: {'line': b'-- Up-to-date symlink: /home/prathamkelkar/ros2_ws/install/px4_msgs/include/px4_msgs/px4_msgs/msg/detail/npfg_status__rosidl_typesupport_fastrtps_c.h\n'}
[2.117459] (px4_msgs) StdoutLine: {'line': b'-- Up-to-date symlink: /home/prathamkelkar/ros2_ws/install/px4_msgs/include/px4_msgs/px4_msgs/msg/detail/obstacle_distance__rosidl_typesupport_fastrtps_c.h\n'}
[2.117542] (px4_msgs) StdoutLine: {'line': b'-- Up-to-date symlink: /home/prathamkelkar/ros2_ws/install/px4_msgs/include/px4_msgs/px4_msgs/msg/detail/offboard_control_mode__rosidl_typesupport_fastrtps_c.h\n'}
[2.117704] (px4_msgs) StdoutLine: {'line': b'-- Up-to-date symlink: /home/prathamkelkar/ros2_ws/install/px4_msgs/include/px4_msgs/px4_msgs/msg/detail/onboard_computer_status__rosidl_typesupport_fastrtps_c.h\n'}
[2.117794] (px4_msgs) StdoutLine: {'line': b'-- Up-to-date symlink: /home/prathamkelkar/ros2_ws/install/px4_msgs/include/px4_msgs/px4_msgs/msg/detail/orb_test__rosidl_typesupport_fastrtps_c.h\n'}
[2.117890] (px4_msgs) StdoutLine: {'line': b'-- Up-to-date symlink: /home/prathamkelkar/ros2_ws/install/px4_msgs/include/px4_msgs/px4_msgs/msg/detail/orb_test_large__rosidl_typesupport_fastrtps_c.h\n'}
[2.117980] (px4_msgs) StdoutLine: {'line': b'-- Up-to-date symlink: /home/prathamkelkar/ros2_ws/install/px4_msgs/include/px4_msgs/px4_msgs/msg/detail/orb_test_medium__rosidl_typesupport_fastrtps_c.h\n'}
[2.118073] (px4_msgs) StdoutLine: {'line': b'-- Up-to-date symlink: /home/prathamkelkar/ros2_ws/install/px4_msgs/include/px4_msgs/px4_msgs/msg/detail/orbit_status__rosidl_typesupport_fastrtps_c.h\n'}
[2.118150] (px4_msgs) StdoutLine: {'line': b'-- Up-to-date symlink: /home/prathamkelkar/ros2_ws/install/px4_msgs/include/px4_msgs/px4_msgs/msg/detail/parameter_reset_request__rosidl_typesupport_fastrtps_c.h\n'}
[2.118234] (px4_msgs) StdoutLine: {'line': b'-- Up-to-date symlink: /home/prathamkelkar/ros2_ws/install/px4_msgs/include/px4_msgs/px4_msgs/msg/detail/parameter_set_used_request__rosidl_typesupport_fastrtps_c.h\n'}
[2.118391] (px4_msgs) StdoutLine: {'line': b'-- Up-to-date symlink: /home/prathamkelkar/ros2_ws/install/px4_msgs/include/px4_msgs/px4_msgs/msg/detail/parameter_set_value_request__rosidl_typesupport_fastrtps_c.h\n'}
[2.118482] (px4_msgs) StdoutLine: {'line': b'-- Up-to-date symlink: /home/prathamkelkar/ros2_ws/install/px4_msgs/include/px4_msgs/px4_msgs/msg/detail/parameter_set_value_response__rosidl_typesupport_fastrtps_c.h\n'}
[2.118574] (px4_msgs) StdoutLine: {'line': b'-- Up-to-date symlink: /home/prathamkelkar/ros2_ws/install/px4_msgs/include/px4_msgs/px4_msgs/msg/detail/parameter_update__rosidl_typesupport_fastrtps_c.h\n'}
[2.118672] (px4_msgs) StdoutLine: {'line': b'-- Up-to-date symlink: /home/prathamkelkar/ros2_ws/install/px4_msgs/include/px4_msgs/px4_msgs/msg/detail/ping__rosidl_typesupport_fastrtps_c.h\n'}
[2.118752] (px4_msgs) StdoutLine: {'line': b'-- Up-to-date symlink: /home/prathamkelkar/ros2_ws/install/px4_msgs/include/px4_msgs/px4_msgs/msg/detail/position_controller_landing_status__rosidl_typesupport_fastrtps_c.h\n'}
[2.118839] (px4_msgs) StdoutLine: {'line': b'-- Up-to-date symlink: /home/prathamkelkar/ros2_ws/install/px4_msgs/include/px4_msgs/px4_msgs/msg/detail/position_controller_status__rosidl_typesupport_fastrtps_c.h\n'}
[2.118913] (px4_msgs) StdoutLine: {'line': b'-- Up-to-date symlink: /home/prathamkelkar/ros2_ws/install/px4_msgs/include/px4_msgs/px4_msgs/msg/detail/position_setpoint__rosidl_typesupport_fastrtps_c.h\n'}
[2.119048] (px4_msgs) StdoutLine: {'line': b'-- Up-to-date symlink: /home/prathamkelkar/ros2_ws/install/px4_msgs/include/px4_msgs/px4_msgs/msg/detail/position_setpoint_triplet__rosidl_typesupport_fastrtps_c.h\n'}
[2.119122] (px4_msgs) StdoutLine: {'line': b'-- Up-to-date symlink: /home/prathamkelkar/ros2_ws/install/px4_msgs/include/px4_msgs/px4_msgs/msg/detail/power_button_state__rosidl_typesupport_fastrtps_c.h\n'}
[2.119199] (px4_msgs) StdoutLine: {'line': b'-- Up-to-date symlink: /home/prathamkelkar/ros2_ws/install/px4_msgs/include/px4_msgs/px4_msgs/msg/detail/power_monitor__rosidl_typesupport_fastrtps_c.h\n'}
[2.119351] (px4_msgs) StdoutLine: {'line': b'-- Up-to-date symlink: /home/prathamkelkar/ros2_ws/install/px4_msgs/include/px4_msgs/px4_msgs/msg/detail/pps_capture__rosidl_typesupport_fastrtps_c.h\n'}
[2.119441] (px4_msgs) StdoutLine: {'line': b'-- Up-to-date symlink: /home/prathamkelkar/ros2_ws/install/px4_msgs/include/px4_msgs/px4_msgs/msg/detail/pwm_input__rosidl_typesupport_fastrtps_c.h\n'}
[2.119526] (px4_msgs) StdoutLine: {'line': b'-- Up-to-date symlink: /home/prathamkelkar/ros2_ws/install/px4_msgs/include/px4_msgs/px4_msgs/msg/detail/px4io_status__rosidl_typesupport_fastrtps_c.h\n'}
[2.119616] (px4_msgs) StdoutLine: {'line': b'-- Up-to-date symlink: /home/prathamkelkar/ros2_ws/install/px4_msgs/include/px4_msgs/px4_msgs/msg/detail/qshell_req__rosidl_typesupport_fastrtps_c.h\n'}
[2.119691] (px4_msgs) StdoutLine: {'line': b'-- Up-to-date symlink: /home/prathamkelkar/ros2_ws/install/px4_msgs/include/px4_msgs/px4_msgs/msg/detail/qshell_retval__rosidl_typesupport_fastrtps_c.h\n'}
[2.119764] (px4_msgs) StdoutLine: {'line': b'-- Up-to-date symlink: /home/prathamkelkar/ros2_ws/install/px4_msgs/include/px4_msgs/px4_msgs/msg/detail/radio_status__rosidl_typesupport_fastrtps_c.h\n'}
[2.119846] (px4_msgs) StdoutLine: {'line': b'-- Up-to-date symlink: /home/prathamkelkar/ros2_ws/install/px4_msgs/include/px4_msgs/px4_msgs/msg/detail/rate_ctrl_status__rosidl_typesupport_fastrtps_c.h\n'}
[2.119996] (px4_msgs) StdoutLine: {'line': b'-- Up-to-date symlink: /home/prathamkelkar/ros2_ws/install/px4_msgs/include/px4_msgs/px4_msgs/msg/detail/rc_channels__rosidl_typesupport_fastrtps_c.h\n'}
[2.120072] (px4_msgs) StdoutLine: {'line': b'-- Up-to-date symlink: /home/prathamkelkar/ros2_ws/install/px4_msgs/include/px4_msgs/px4_msgs/msg/detail/rc_parameter_map__rosidl_typesupport_fastrtps_c.h\n'}
[2.120235] (px4_msgs) StdoutLine: {'line': b'-- Up-to-date symlink: /home/prathamkelkar/ros2_ws/install/px4_msgs/include/px4_msgs/px4_msgs/msg/detail/register_ext_component_reply__rosidl_typesupport_fastrtps_c.h\n'}
[2.120314] (px4_msgs) StdoutLine: {'line': b'-- Up-to-date symlink: /home/prathamkelkar/ros2_ws/install/px4_msgs/include/px4_msgs/px4_msgs/msg/detail/register_ext_component_request__rosidl_typesupport_fastrtps_c.h\n'}
[2.120447] (px4_msgs) StdoutLine: {'line': b'-- Up-to-date symlink: /home/prathamkelkar/ros2_ws/install/px4_msgs/include/px4_msgs/px4_msgs/msg/detail/rpm__rosidl_typesupport_fastrtps_c.h\n'}
[2.120556] (px4_msgs) StdoutLine: {'line': b'-- Up-to-date symlink: /home/prathamkelkar/ros2_ws/install/px4_msgs/include/px4_msgs/px4_msgs/msg/detail/rtl_status__rosidl_typesupport_fastrtps_c.h\n'}
[2.120642] (px4_msgs) StdoutLine: {'line': b'-- Up-to-date symlink: /home/prathamkelkar/ros2_ws/install/px4_msgs/include/px4_msgs/px4_msgs/msg/detail/rtl_time_estimate__rosidl_typesupport_fastrtps_c.h\n'}
[2.120735] (px4_msgs) StdoutLine: {'line': b'-- Up-to-date symlink: /home/prathamkelkar/ros2_ws/install/px4_msgs/include/px4_msgs/px4_msgs/msg/detail/satellite_info__rosidl_typesupport_fastrtps_c.h\n'}
[2.120808] (px4_msgs) StdoutLine: {'line': b'-- Up-to-date symlink: /home/prathamkelkar/ros2_ws/install/px4_msgs/include/px4_msgs/px4_msgs/msg/detail/sensor_accel__rosidl_typesupport_fastrtps_c.h\n'}
[2.120945] (px4_msgs) StdoutLine: {'line': b'-- Up-to-date symlink: /home/prathamkelkar/ros2_ws/install/px4_msgs/include/px4_msgs/px4_msgs/msg/detail/sensor_accel_fifo__rosidl_typesupport_fastrtps_c.h\n'}
[2.121021] (px4_msgs) StdoutLine: {'line': b'-- Up-to-date symlink: /home/prathamkelkar/ros2_ws/install/px4_msgs/include/px4_msgs/px4_msgs/msg/detail/sensor_airflow__rosidl_typesupport_fastrtps_c.h\n'}
[2.121098] (px4_msgs) StdoutLine: {'line': b'-- Up-to-date symlink: /home/prathamkelkar/ros2_ws/install/px4_msgs/include/px4_msgs/px4_msgs/msg/detail/sensor_baro__rosidl_typesupport_fastrtps_c.h\n'}
[2.121262] (px4_msgs) StdoutLine: {'line': b'-- Up-to-date symlink: /home/prathamkelkar/ros2_ws/install/px4_msgs/include/px4_msgs/px4_msgs/msg/detail/sensor_combined__rosidl_typesupport_fastrtps_c.h\n'}
[2.121341] (px4_msgs) StdoutLine: {'line': b'-- Up-to-date symlink: /home/prathamkelkar/ros2_ws/install/px4_msgs/include/px4_msgs/px4_msgs/msg/detail/sensor_correction__rosidl_typesupport_fastrtps_c.h\n'}
[2.121420] (px4_msgs) StdoutLine: {'line': b'-- Up-to-date symlink: /home/prathamkelkar/ros2_ws/install/px4_msgs/include/px4_msgs/px4_msgs/msg/detail/sensor_gnss_relative__rosidl_typesupport_fastrtps_c.h\n'}
[2.121572] (px4_msgs) StdoutLine: {'line': b'-- Up-to-date symlink: /home/prathamkelkar/ros2_ws/install/px4_msgs/include/px4_msgs/px4_msgs/msg/detail/sensor_gps__rosidl_typesupport_fastrtps_c.h\n'}
[2.121679] (px4_msgs) StdoutLine: {'line': b'-- Up-to-date symlink: /home/prathamkelkar/ros2_ws/install/px4_msgs/include/px4_msgs/px4_msgs/msg/detail/sensor_gyro__rosidl_typesupport_fastrtps_c.h\n'}
[2.121758] (px4_msgs) StdoutLine: {'line': b'-- Up-to-date symlink: /home/prathamkelkar/ros2_ws/install/px4_msgs/include/px4_msgs/px4_msgs/msg/detail/sensor_gyro_fft__rosidl_typesupport_fastrtps_c.h\n'}
[2.121836] (px4_msgs) StdoutLine: {'line': b'-- Up-to-date symlink: /home/prathamkelkar/ros2_ws/install/px4_msgs/include/px4_msgs/px4_msgs/msg/detail/sensor_gyro_fifo__rosidl_typesupport_fastrtps_c.h\n'}
[2.121974] (px4_msgs) StdoutLine: {'line': b'-- Up-to-date symlink: /home/prathamkelkar/ros2_ws/install/px4_msgs/include/px4_msgs/px4_msgs/msg/detail/sensor_hygrometer__rosidl_typesupport_fastrtps_c.h\n'}
[2.122093] (px4_msgs) StdoutLine: {'line': b'-- Up-to-date symlink: /home/prathamkelkar/ros2_ws/install/px4_msgs/include/px4_msgs/px4_msgs/msg/detail/sensor_mag__rosidl_typesupport_fastrtps_c.h\n'}
[2.122187] (px4_msgs) StdoutLine: {'line': b'-- Up-to-date symlink: /home/prathamkelkar/ros2_ws/install/px4_msgs/include/px4_msgs/px4_msgs/msg/detail/sensor_optical_flow__rosidl_typesupport_fastrtps_c.h\n'}
[2.122282] (px4_msgs) StdoutLine: {'line': b'-- Up-to-date symlink: /home/prathamkelkar/ros2_ws/install/px4_msgs/include/px4_msgs/px4_msgs/msg/detail/sensor_preflight_mag__rosidl_typesupport_fastrtps_c.h\n'}
[2.122358] (px4_msgs) StdoutLine: {'line': b'-- Up-to-date symlink: /home/prathamkelkar/ros2_ws/install/px4_msgs/include/px4_msgs/px4_msgs/msg/detail/sensor_selection__rosidl_typesupport_fastrtps_c.h\n'}
[2.122448] (px4_msgs) StdoutLine: {'line': b'-- Up-to-date symlink: /home/prathamkelkar/ros2_ws/install/px4_msgs/include/px4_msgs/px4_msgs/msg/detail/sensor_uwb__rosidl_typesupport_fastrtps_c.h\n'}
[2.122524] (px4_msgs) StdoutLine: {'line': b'-- Up-to-date symlink: /home/prathamkelkar/ros2_ws/install/px4_msgs/include/px4_msgs/px4_msgs/msg/detail/sensors_status__rosidl_typesupport_fastrtps_c.h\n'}
[2.122607] (px4_msgs) StdoutLine: {'line': b'-- Up-to-date symlink: /home/prathamkelkar/ros2_ws/install/px4_msgs/include/px4_msgs/px4_msgs/msg/detail/sensors_status_imu__rosidl_typesupport_fastrtps_c.h\n'}
[2.122732] (px4_msgs) StdoutLine: {'line': b'-- Up-to-date symlink: /home/prathamkelkar/ros2_ws/install/px4_msgs/include/px4_msgs/px4_msgs/msg/detail/system_power__rosidl_typesupport_fastrtps_c.h\n'}
[2.122808] (px4_msgs) StdoutLine: {'line': b'-- Up-to-date symlink: /home/prathamkelkar/ros2_ws/install/px4_msgs/include/px4_msgs/px4_msgs/msg/detail/takeoff_status__rosidl_typesupport_fastrtps_c.h\n'}
[2.122885] (px4_msgs) StdoutLine: {'line': b'-- Up-to-date symlink: /home/prathamkelkar/ros2_ws/install/px4_msgs/include/px4_msgs/px4_msgs/msg/detail/task_stack_info__rosidl_typesupport_fastrtps_c.h\n'}
[2.123059] (px4_msgs) StdoutLine: {'line': b'-- Up-to-date symlink: /home/prathamkelkar/ros2_ws/install/px4_msgs/include/px4_msgs/px4_msgs/msg/detail/tecs_status__rosidl_typesupport_fastrtps_c.h\n'}
[2.123153] (px4_msgs) StdoutLine: {'line': b'-- Up-to-date symlink: /home/prathamkelkar/ros2_ws/install/px4_msgs/include/px4_msgs/px4_msgs/msg/detail/telemetry_status__rosidl_typesupport_fastrtps_c.h\n'}
[2.123286] (px4_msgs) StdoutLine: {'line': b'-- Up-to-date symlink: /home/prathamkelkar/ros2_ws/install/px4_msgs/include/px4_msgs/px4_msgs/msg/detail/tiltrotor_extra_controls__rosidl_typesupport_fastrtps_c.h\n'}
[2.123401] (px4_msgs) StdoutLine: {'line': b'-- Up-to-date symlink: /home/prathamkelkar/ros2_ws/install/px4_msgs/include/px4_msgs/px4_msgs/msg/detail/timesync_status__rosidl_typesupport_fastrtps_c.h\n'}
[2.123483] (px4_msgs) StdoutLine: {'line': b'-- Up-to-date symlink: /home/prathamkelkar/ros2_ws/install/px4_msgs/include/px4_msgs/px4_msgs/msg/detail/trajectory_bezier__rosidl_typesupport_fastrtps_c.h\n'}
[2.123632] (px4_msgs) StdoutLine: {'line': b'-- Up-to-date symlink: /home/prathamkelkar/ros2_ws/install/px4_msgs/include/px4_msgs/px4_msgs/msg/detail/trajectory_setpoint__rosidl_typesupport_fastrtps_c.h\n'}
[2.123740] (px4_msgs) StdoutLine: {'line': b'-- Up-to-date symlink: /home/prathamkelkar/ros2_ws/install/px4_msgs/include/px4_msgs/px4_msgs/msg/detail/trajectory_waypoint__rosidl_typesupport_fastrtps_c.h\n'}
[2.123812] (px4_msgs) StdoutLine: {'line': b'-- Up-to-date symlink: /home/prathamkelkar/ros2_ws/install/px4_msgs/include/px4_msgs/px4_msgs/msg/detail/transponder_report__rosidl_typesupport_fastrtps_c.h\n'}
[2.123937] (px4_msgs) StdoutLine: {'line': b'-- Up-to-date symlink: /home/prathamkelkar/ros2_ws/install/px4_msgs/include/px4_msgs/px4_msgs/msg/detail/tune_control__rosidl_typesupport_fastrtps_c.h\n'}
[2.124036] (px4_msgs) StdoutLine: {'line': b'-- Up-to-date symlink: /home/prathamkelkar/ros2_ws/install/px4_msgs/include/px4_msgs/px4_msgs/msg/detail/uavcan_parameter_request__rosidl_typesupport_fastrtps_c.h\n'}
[2.124126] (px4_msgs) StdoutLine: {'line': b'-- Up-to-date symlink: /home/prathamkelkar/ros2_ws/install/px4_msgs/include/px4_msgs/px4_msgs/msg/detail/uavcan_parameter_value__rosidl_typesupport_fastrtps_c.h\n'}
[2.124215] (px4_msgs) StdoutLine: {'line': b'-- Up-to-date symlink: /home/prathamkelkar/ros2_ws/install/px4_msgs/include/px4_msgs/px4_msgs/msg/detail/ulog_stream__rosidl_typesupport_fastrtps_c.h\n'}
[2.124299] (px4_msgs) StdoutLine: {'line': b'-- Up-to-date symlink: /home/prathamkelkar/ros2_ws/install/px4_msgs/include/px4_msgs/px4_msgs/msg/detail/ulog_stream_ack__rosidl_typesupport_fastrtps_c.h\n'}
[2.124373] (px4_msgs) StdoutLine: {'line': b'-- Up-to-date symlink: /home/prathamkelkar/ros2_ws/install/px4_msgs/include/px4_msgs/px4_msgs/msg/detail/unregister_ext_component__rosidl_typesupport_fastrtps_c.h\n'}
[2.124460] (px4_msgs) StdoutLine: {'line': b'-- Up-to-date symlink: /home/prathamkelkar/ros2_ws/install/px4_msgs/include/px4_msgs/px4_msgs/msg/detail/vehicle_acceleration__rosidl_typesupport_fastrtps_c.h\n'}
[2.124549] (px4_msgs) StdoutLine: {'line': b'-- Up-to-date symlink: /home/prathamkelkar/ros2_ws/install/px4_msgs/include/px4_msgs/px4_msgs/msg/detail/vehicle_air_data__rosidl_typesupport_fastrtps_c.h\n'}
[2.124643] (px4_msgs) StdoutLine: {'line': b'-- Up-to-date symlink: /home/prathamkelkar/ros2_ws/install/px4_msgs/include/px4_msgs/px4_msgs/msg/detail/vehicle_angular_acceleration_setpoint__rosidl_typesupport_fastrtps_c.h\n'}
[2.124725] (px4_msgs) StdoutLine: {'line': b'-- Up-to-date symlink: /home/prathamkelkar/ros2_ws/install/px4_msgs/include/px4_msgs/px4_msgs/msg/detail/vehicle_angular_velocity__rosidl_typesupport_fastrtps_c.h\n'}
[2.124818] (px4_msgs) StdoutLine: {'line': b'-- Up-to-date symlink: /home/prathamkelkar/ros2_ws/install/px4_msgs/include/px4_msgs/px4_msgs/msg/detail/vehicle_attitude__rosidl_typesupport_fastrtps_c.h\n'}
[2.124946] (px4_msgs) StdoutLine: {'line': b'-- Up-to-date symlink: /home/prathamkelkar/ros2_ws/install/px4_msgs/include/px4_msgs/px4_msgs/msg/detail/vehicle_attitude_setpoint__rosidl_typesupport_fastrtps_c.h\n'}
[2.125062] (px4_msgs) StdoutLine: {'line': b'-- Up-to-date symlink: /home/prathamkelkar/ros2_ws/install/px4_msgs/include/px4_msgs/px4_msgs/msg/detail/vehicle_command__rosidl_typesupport_fastrtps_c.h\n'}
[2.125151] (-) TimerEvent: {}
[2.125311] (px4_msgs) StdoutLine: {'line': b'-- Up-to-date symlink: /home/prathamkelkar/ros2_ws/install/px4_msgs/include/px4_msgs/px4_msgs/msg/detail/vehicle_command_ack__rosidl_typesupport_fastrtps_c.h\n'}
[2.125429] (px4_msgs) StdoutLine: {'line': b'-- Up-to-date symlink: /home/prathamkelkar/ros2_ws/install/px4_msgs/include/px4_msgs/px4_msgs/msg/detail/vehicle_constraints__rosidl_typesupport_fastrtps_c.h\n'}
[2.125527] (px4_msgs) StdoutLine: {'line': b'-- Up-to-date symlink: /home/prathamkelkar/ros2_ws/install/px4_msgs/include/px4_msgs/px4_msgs/msg/detail/vehicle_control_mode__rosidl_typesupport_fastrtps_c.h\n'}
[2.125626] (px4_msgs) StdoutLine: {'line': b'-- Up-to-date symlink: /home/prathamkelkar/ros2_ws/install/px4_msgs/include/px4_msgs/px4_msgs/msg/detail/vehicle_global_position__rosidl_typesupport_fastrtps_c.h\n'}
[2.125705] (px4_msgs) StdoutLine: {'line': b'-- Up-to-date symlink: /home/prathamkelkar/ros2_ws/install/px4_msgs/include/px4_msgs/px4_msgs/msg/detail/vehicle_imu__rosidl_typesupport_fastrtps_c.h\n'}
[2.125794] (px4_msgs) StdoutLine: {'line': b'-- Up-to-date symlink: /home/prathamkelkar/ros2_ws/install/px4_msgs/include/px4_msgs/px4_msgs/msg/detail/vehicle_imu_status__rosidl_typesupport_fastrtps_c.h\n'}
[2.125892] (px4_msgs) StdoutLine: {'line': b'-- Up-to-date symlink: /home/prathamkelkar/ros2_ws/install/px4_msgs/include/px4_msgs/px4_msgs/msg/detail/vehicle_land_detected__rosidl_typesupport_fastrtps_c.h\n'}
[2.125962] (px4_msgs) StdoutLine: {'line': b'-- Up-to-date symlink: /home/prathamkelkar/ros2_ws/install/px4_msgs/include/px4_msgs/px4_msgs/msg/detail/vehicle_local_position__rosidl_typesupport_fastrtps_c.h\n'}
[2.126051] (px4_msgs) StdoutLine: {'line': b'-- Up-to-date symlink: /home/prathamkelkar/ros2_ws/install/px4_msgs/include/px4_msgs/px4_msgs/msg/detail/vehicle_local_position_setpoint__rosidl_typesupport_fastrtps_c.h\n'}
[2.126124] (px4_msgs) StdoutLine: {'line': b'-- Up-to-date symlink: /home/prathamkelkar/ros2_ws/install/px4_msgs/include/px4_msgs/px4_msgs/msg/detail/vehicle_magnetometer__rosidl_typesupport_fastrtps_c.h\n'}
[2.126218] (px4_msgs) StdoutLine: {'line': b'-- Up-to-date symlink: /home/prathamkelkar/ros2_ws/install/px4_msgs/include/px4_msgs/px4_msgs/msg/detail/vehicle_odometry__rosidl_typesupport_fastrtps_c.h\n'}
[2.126289] (px4_msgs) StdoutLine: {'line': b'-- Up-to-date symlink: /home/prathamkelkar/ros2_ws/install/px4_msgs/include/px4_msgs/px4_msgs/msg/detail/vehicle_optical_flow__rosidl_typesupport_fastrtps_c.h\n'}
[2.126363] (px4_msgs) StdoutLine: {'line': b'-- Up-to-date symlink: /home/prathamkelkar/ros2_ws/install/px4_msgs/include/px4_msgs/px4_msgs/msg/detail/vehicle_optical_flow_vel__rosidl_typesupport_fastrtps_c.h\n'}
[2.126497] (px4_msgs) StdoutLine: {'line': b'-- Up-to-date symlink: /home/prathamkelkar/ros2_ws/install/px4_msgs/include/px4_msgs/px4_msgs/msg/detail/vehicle_rates_setpoint__rosidl_typesupport_fastrtps_c.h\n'}
[2.126589] (px4_msgs) StdoutLine: {'line': b'-- Up-to-date symlink: /home/prathamkelkar/ros2_ws/install/px4_msgs/include/px4_msgs/px4_msgs/msg/detail/vehicle_roi__rosidl_typesupport_fastrtps_c.h\n'}
[2.126660] (px4_msgs) StdoutLine: {'line': b'-- Up-to-date symlink: /home/prathamkelkar/ros2_ws/install/px4_msgs/include/px4_msgs/px4_msgs/msg/detail/vehicle_status__rosidl_typesupport_fastrtps_c.h\n'}
[2.126728] (px4_msgs) StdoutLine: {'line': b'-- Up-to-date symlink: /home/prathamkelkar/ros2_ws/install/px4_msgs/include/px4_msgs/px4_msgs/msg/detail/vehicle_thrust_setpoint__rosidl_typesupport_fastrtps_c.h\n'}
[2.126827] (px4_msgs) StdoutLine: {'line': b'-- Up-to-date symlink: /home/prathamkelkar/ros2_ws/install/px4_msgs/include/px4_msgs/px4_msgs/msg/detail/vehicle_torque_setpoint__rosidl_typesupport_fastrtps_c.h\n'}
[2.126896] (px4_msgs) StdoutLine: {'line': b'-- Up-to-date symlink: /home/prathamkelkar/ros2_ws/install/px4_msgs/include/px4_msgs/px4_msgs/msg/detail/vehicle_trajectory_bezier__rosidl_typesupport_fastrtps_c.h\n'}
[2.126962] (px4_msgs) StdoutLine: {'line': b'-- Up-to-date symlink: /home/prathamkelkar/ros2_ws/install/px4_msgs/include/px4_msgs/px4_msgs/msg/detail/vehicle_trajectory_waypoint__rosidl_typesupport_fastrtps_c.h\n'}
[2.127049] (px4_msgs) StdoutLine: {'line': b'-- Up-to-date symlink: /home/prathamkelkar/ros2_ws/install/px4_msgs/include/px4_msgs/px4_msgs/msg/detail/velocity_limits__rosidl_typesupport_fastrtps_c.h\n'}
[2.127120] (px4_msgs) StdoutLine: {'line': b'-- Up-to-date symlink: /home/prathamkelkar/ros2_ws/install/px4_msgs/include/px4_msgs/px4_msgs/msg/detail/vtol_vehicle_status__rosidl_typesupport_fastrtps_c.h\n'}
[2.127192] (px4_msgs) StdoutLine: {'line': b'-- Up-to-date symlink: /home/prathamkelkar/ros2_ws/install/px4_msgs/include/px4_msgs/px4_msgs/msg/detail/wheel_encoders__rosidl_typesupport_fastrtps_c.h\n'}
[2.127267] (px4_msgs) StdoutLine: {'line': b'-- Up-to-date symlink: /home/prathamkelkar/ros2_ws/install/px4_msgs/include/px4_msgs/px4_msgs/msg/detail/wind__rosidl_typesupport_fastrtps_c.h\n'}
[2.127342] (px4_msgs) StdoutLine: {'line': b'-- Up-to-date symlink: /home/prathamkelkar/ros2_ws/install/px4_msgs/include/px4_msgs/px4_msgs/msg/detail/yaw_estimator_status__rosidl_typesupport_fastrtps_c.h\n'}
[2.127467] (px4_msgs) StdoutLine: {'line': b'-- Up-to-date symlink: /home/prathamkelkar/ros2_ws/install/px4_msgs/include/px4_msgs/px4_msgs/msg/rosidl_typesupport_fastrtps_c__visibility_control.h\n'}
[2.127577] (px4_msgs) StdoutLine: {'line': b'-- Up-to-date symlink: /home/prathamkelkar/ros2_ws/install/px4_msgs/include/px4_msgs/px4_msgs/srv/detail/vehicle_command__rosidl_typesupport_fastrtps_c.h\n'}
[2.127656] (simple_quadcopter_teleop) JobEnded: {'identifier': 'simple_quadcopter_teleop', 'rc': 0}
[2.128168] (px4_msgs) StdoutLine: {'line': b'-- Up-to-date symlink: /home/prathamkelkar/ros2_ws/install/px4_msgs/include/px4_msgs/px4_msgs/msg/action_request.hpp\n'}
[2.128298] (px4_msgs) StdoutLine: {'line': b'-- Up-to-date symlink: /home/prathamkelkar/ros2_ws/install/px4_msgs/include/px4_msgs/px4_msgs/msg/actuator_armed.hpp\n'}
[2.128376] (px4_msgs) StdoutLine: {'line': b'-- Up-to-date symlink: /home/prathamkelkar/ros2_ws/install/px4_msgs/include/px4_msgs/px4_msgs/msg/actuator_controls_status.hpp\n'}
[2.128478] (px4_msgs) StdoutLine: {'line': b'-- Up-to-date symlink: /home/prathamkelkar/ros2_ws/install/px4_msgs/include/px4_msgs/px4_msgs/msg/actuator_motors.hpp\n'}
[2.128555] (px4_msgs) StdoutLine: {'line': b'-- Up-to-date symlink: /home/prathamkelkar/ros2_ws/install/px4_msgs/include/px4_msgs/px4_msgs/msg/actuator_outputs.hpp\n'}
[2.128638] (px4_msgs) StdoutLine: {'line': b'-- Up-to-date symlink: /home/prathamkelkar/ros2_ws/install/px4_msgs/include/px4_msgs/px4_msgs/msg/actuator_servos.hpp\n'}
[2.128738] (px4_msgs) StdoutLine: {'line': b'-- Up-to-date symlink: /home/prathamkelkar/ros2_ws/install/px4_msgs/include/px4_msgs/px4_msgs/msg/actuator_servos_trim.hpp\n'}
[2.128816] (px4_msgs) StdoutLine: {'line': b'-- Up-to-date symlink: /home/prathamkelkar/ros2_ws/install/px4_msgs/include/px4_msgs/px4_msgs/msg/actuator_test.hpp\n'}
[2.128912] (px4_msgs) StdoutLine: {'line': b'-- Up-to-date symlink: /home/prathamkelkar/ros2_ws/install/px4_msgs/include/px4_msgs/px4_msgs/msg/adc_report.hpp\n'}
[2.128985] (px4_msgs) StdoutLine: {'line': b'-- Up-to-date symlink: /home/prathamkelkar/ros2_ws/install/px4_msgs/include/px4_msgs/px4_msgs/msg/airspeed.hpp\n'}
[2.129059] (px4_msgs) StdoutLine: {'line': b'-- Up-to-date symlink: /home/prathamkelkar/ros2_ws/install/px4_msgs/include/px4_msgs/px4_msgs/msg/airspeed_validated.hpp\n'}
[2.129156] (px4_msgs) StdoutLine: {'line': b'-- Up-to-date symlink: /home/prathamkelkar/ros2_ws/install/px4_msgs/include/px4_msgs/px4_msgs/msg/airspeed_wind.hpp\n'}
[2.129223] (px4_msgs) StdoutLine: {'line': b'-- Up-to-date symlink: /home/prathamkelkar/ros2_ws/install/px4_msgs/include/px4_msgs/px4_msgs/msg/arming_check_reply.hpp\n'}
[2.129315] (px4_msgs) StdoutLine: {'line': b'-- Up-to-date symlink: /home/prathamkelkar/ros2_ws/install/px4_msgs/include/px4_msgs/px4_msgs/msg/arming_check_request.hpp\n'}
[2.129397] (px4_msgs) StdoutLine: {'line': b'-- Up-to-date symlink: /home/prathamkelkar/ros2_ws/install/px4_msgs/include/px4_msgs/px4_msgs/msg/autotune_attitude_control_status.hpp\n'}
[2.129472] (px4_msgs) StdoutLine: {'line': b'-- Up-to-date symlink: /home/prathamkelkar/ros2_ws/install/px4_msgs/include/px4_msgs/px4_msgs/msg/battery_status.hpp\n'}
[2.129546] (px4_msgs) StdoutLine: {'line': b'-- Up-to-date symlink: /home/prathamkelkar/ros2_ws/install/px4_msgs/include/px4_msgs/px4_msgs/msg/buffer128.hpp\n'}
[2.129705] (px4_msgs) StdoutLine: {'line': b'-- Up-to-date symlink: /home/prathamkelkar/ros2_ws/install/px4_msgs/include/px4_msgs/px4_msgs/msg/button_event.hpp\n'}
[2.129781] (px4_msgs) StdoutLine: {'line': b'-- Up-to-date symlink: /home/prathamkelkar/ros2_ws/install/px4_msgs/include/px4_msgs/px4_msgs/msg/camera_capture.hpp\n'}
[2.129874] (px4_msgs) StdoutLine: {'line': b'-- Up-to-date symlink: /home/prathamkelkar/ros2_ws/install/px4_msgs/include/px4_msgs/px4_msgs/msg/camera_status.hpp\n'}
[2.129963] (px4_msgs) StdoutLine: {'line': b'-- Up-to-date symlink: /home/prathamkelkar/ros2_ws/install/px4_msgs/include/px4_msgs/px4_msgs/msg/camera_trigger.hpp\n'}
[2.130059] (px4_msgs) StdoutLine: {'line': b'-- Up-to-date symlink: /home/prathamkelkar/ros2_ws/install/px4_msgs/include/px4_msgs/px4_msgs/msg/can_interface_status.hpp\n'}
[2.130147] (px4_msgs) StdoutLine: {'line': b'-- Up-to-date symlink: /home/prathamkelkar/ros2_ws/install/px4_msgs/include/px4_msgs/px4_msgs/msg/cellular_status.hpp\n'}
[2.130240] (px4_msgs) StdoutLine: {'line': b'-- Up-to-date symlink: /home/prathamkelkar/ros2_ws/install/px4_msgs/include/px4_msgs/px4_msgs/msg/collision_constraints.hpp\n'}
[2.130309] (px4_msgs) StdoutLine: {'line': b'-- Up-to-date symlink: /home/prathamkelkar/ros2_ws/install/px4_msgs/include/px4_msgs/px4_msgs/msg/collision_report.hpp\n'}
[2.130405] (px4_msgs) StdoutLine: {'line': b'-- Up-to-date symlink: /home/prathamkelkar/ros2_ws/install/px4_msgs/include/px4_msgs/px4_msgs/msg/config_overrides.hpp\n'}
[2.130488] (px4_msgs) StdoutLine: {'line': b'-- Up-to-date symlink: /home/prathamkelkar/ros2_ws/install/px4_msgs/include/px4_msgs/px4_msgs/msg/control_allocator_status.hpp\n'}
[2.130573] (px4_msgs) StdoutLine: {'line': b'-- Up-to-date symlink: /home/prathamkelkar/ros2_ws/install/px4_msgs/include/px4_msgs/px4_msgs/msg/cpuload.hpp\n'}
[2.130681] (px4_msgs) StdoutLine: {'line': b'-- Up-to-date symlink: /home/prathamkelkar/ros2_ws/install/px4_msgs/include/px4_msgs/px4_msgs/msg/dataman_request.hpp\n'}
[2.130750] (px4_msgs) StdoutLine: {'line': b'-- Up-to-date symlink: /home/prathamkelkar/ros2_ws/install/px4_msgs/include/px4_msgs/px4_msgs/msg/dataman_response.hpp\n'}
[2.130848] (px4_msgs) StdoutLine: {'line': b'-- Up-to-date symlink: /home/prathamkelkar/ros2_ws/install/px4_msgs/include/px4_msgs/px4_msgs/msg/debug_array.hpp\n'}
[2.130925] (px4_msgs) StdoutLine: {'line': b'-- Up-to-date symlink: /home/prathamkelkar/ros2_ws/install/px4_msgs/include/px4_msgs/px4_msgs/msg/debug_key_value.hpp\n'}
[2.131010] (px4_msgs) StdoutLine: {'line': b'-- Up-to-date symlink: /home/prathamkelkar/ros2_ws/install/px4_msgs/include/px4_msgs/px4_msgs/msg/debug_value.hpp\n'}
[2.131574] (px4_msgs) StdoutLine: {'line': b'-- Up-to-date symlink: /home/prathamkelkar/ros2_ws/install/px4_msgs/include/px4_msgs/px4_msgs/msg/debug_vect.hpp\n'}
[2.131709] (px4_msgs) StdoutLine: {'line': b'-- Up-to-date symlink: /home/prathamkelkar/ros2_ws/install/px4_msgs/include/px4_msgs/px4_msgs/msg/detail/action_request__builder.hpp\n'}
[2.131816] (px4_msgs) StdoutLine: {'line': b'-- Up-to-date symlink: /home/prathamkelkar/ros2_ws/install/px4_msgs/include/px4_msgs/px4_msgs/msg/detail/action_request__struct.hpp\n'}
[2.132402] (px4_msgs) StdoutLine: {'line': b'-- Up-to-date symlink: /home/prathamkelkar/ros2_ws/install/px4_msgs/include/px4_msgs/px4_msgs/msg/detail/action_request__traits.hpp\n'}
[2.132585] (px4_msgs) StdoutLine: {'line': b'-- Up-to-date symlink: /home/prathamkelkar/ros2_ws/install/px4_msgs/include/px4_msgs/px4_msgs/msg/detail/action_request__type_support.hpp\n'}
[2.132702] (px4_msgs) StdoutLine: {'line': b'-- Up-to-date symlink: /home/prathamkelkar/ros2_ws/install/px4_msgs/include/px4_msgs/px4_msgs/msg/detail/actuator_armed__builder.hpp\n'}
[2.132788] (px4_msgs) StdoutLine: {'line': b'-- Up-to-date symlink: /home/prathamkelkar/ros2_ws/install/px4_msgs/include/px4_msgs/px4_msgs/msg/detail/actuator_armed__struct.hpp\n'}
[2.133235] (px4_msgs) StdoutLine: {'line': b'-- Up-to-date symlink: /home/prathamkelkar/ros2_ws/install/px4_msgs/include/px4_msgs/px4_msgs/msg/detail/actuator_armed__traits.hpp\n'}
[2.133422] (px4_msgs) StdoutLine: {'line': b'-- Up-to-date symlink: /home/prathamkelkar/ros2_ws/install/px4_msgs/include/px4_msgs/px4_msgs/msg/detail/actuator_armed__type_support.hpp\n'}
[2.133583] (px4_msgs) StdoutLine: {'line': b'-- Up-to-date symlink: /home/prathamkelkar/ros2_ws/install/px4_msgs/include/px4_msgs/px4_msgs/msg/detail/actuator_controls_status__builder.hpp\n'}
[2.133684] (px4_msgs) StdoutLine: {'line': b'-- Up-to-date symlink: /home/prathamkelkar/ros2_ws/install/px4_msgs/include/px4_msgs/px4_msgs/msg/detail/actuator_controls_status__struct.hpp\n'}
[2.133774] (px4_msgs) StdoutLine: {'line': b'-- Up-to-date symlink: /home/prathamkelkar/ros2_ws/install/px4_msgs/include/px4_msgs/px4_msgs/msg/detail/actuator_controls_status__traits.hpp\n'}
[2.133858] (px4_msgs) StdoutLine: {'line': b'-- Up-to-date symlink: /home/prathamkelkar/ros2_ws/install/px4_msgs/include/px4_msgs/px4_msgs/msg/detail/actuator_controls_status__type_support.hpp\n'}
[2.133939] (px4_msgs) StdoutLine: {'line': b'-- Up-to-date symlink: /home/prathamkelkar/ros2_ws/install/px4_msgs/include/px4_msgs/px4_msgs/msg/detail/actuator_motors__builder.hpp\n'}
[2.134018] (px4_msgs) StdoutLine: {'line': b'-- Up-to-date symlink: /home/prathamkelkar/ros2_ws/install/px4_msgs/include/px4_msgs/px4_msgs/msg/detail/actuator_motors__struct.hpp\n'}
[2.134098] (px4_msgs) StdoutLine: {'line': b'-- Up-to-date symlink: /home/prathamkelkar/ros2_ws/install/px4_msgs/include/px4_msgs/px4_msgs/msg/detail/actuator_motors__traits.hpp\n'}
[2.134173] (px4_msgs) StdoutLine: {'line': b'-- Up-to-date symlink: /home/prathamkelkar/ros2_ws/install/px4_msgs/include/px4_msgs/px4_msgs/msg/detail/actuator_motors__type_support.hpp\n'}
[2.134251] (px4_msgs) StdoutLine: {'line': b'-- Up-to-date symlink: /home/prathamkelkar/ros2_ws/install/px4_msgs/include/px4_msgs/px4_msgs/msg/detail/actuator_outputs__builder.hpp\n'}
[2.134328] (px4_msgs) StdoutLine: {'line': b'-- Up-to-date symlink: /home/prathamkelkar/ros2_ws/install/px4_msgs/include/px4_msgs/px4_msgs/msg/detail/actuator_outputs__struct.hpp\n'}
[2.134400] (px4_msgs) StdoutLine: {'line': b'-- Up-to-date symlink: /home/prathamkelkar/ros2_ws/install/px4_msgs/include/px4_msgs/px4_msgs/msg/detail/actuator_outputs__traits.hpp\n'}
[2.134506] (px4_msgs) StdoutLine: {'line': b'-- Up-to-date symlink: /home/prathamkelkar/ros2_ws/install/px4_msgs/include/px4_msgs/px4_msgs/msg/detail/actuator_outputs__type_support.hpp\n'}
[2.134586] (px4_msgs) StdoutLine: {'line': b'-- Up-to-date symlink: /home/prathamkelkar/ros2_ws/install/px4_msgs/include/px4_msgs/px4_msgs/msg/detail/actuator_servos__builder.hpp\n'}
[2.134668] (px4_msgs) StdoutLine: {'line': b'-- Up-to-date symlink: /home/prathamkelkar/ros2_ws/install/px4_msgs/include/px4_msgs/px4_msgs/msg/detail/actuator_servos__struct.hpp\n'}
[2.134743] (px4_msgs) StdoutLine: {'line': b'-- Up-to-date symlink: /home/prathamkelkar/ros2_ws/install/px4_msgs/include/px4_msgs/px4_msgs/msg/detail/actuator_servos__traits.hpp\n'}
[2.134819] (px4_msgs) StdoutLine: {'line': b'-- Up-to-date symlink: /home/prathamkelkar/ros2_ws/install/px4_msgs/include/px4_msgs/px4_msgs/msg/detail/actuator_servos__type_support.hpp\n'}
[2.134895] (px4_msgs) StdoutLine: {'line': b'-- Up-to-date symlink: /home/prathamkelkar/ros2_ws/install/px4_msgs/include/px4_msgs/px4_msgs/msg/detail/actuator_servos_trim__builder.hpp\n'}
[2.134966] (px4_msgs) StdoutLine: {'line': b'-- Up-to-date symlink: /home/prathamkelkar/ros2_ws/install/px4_msgs/include/px4_msgs/px4_msgs/msg/detail/actuator_servos_trim__struct.hpp\n'}
[2.135037] (px4_msgs) StdoutLine: {'line': b'-- Up-to-date symlink: /home/prathamkelkar/ros2_ws/install/px4_msgs/include/px4_msgs/px4_msgs/msg/detail/actuator_servos_trim__traits.hpp\n'}
[2.135108] (px4_msgs) StdoutLine: {'line': b'-- Up-to-date symlink: /home/prathamkelkar/ros2_ws/install/px4_msgs/include/px4_msgs/px4_msgs/msg/detail/actuator_servos_trim__type_support.hpp\n'}
[2.135184] (px4_msgs) StdoutLine: {'line': b'-- Up-to-date symlink: /home/prathamkelkar/ros2_ws/install/px4_msgs/include/px4_msgs/px4_msgs/msg/detail/actuator_test__builder.hpp\n'}
[2.135254] (px4_msgs) StdoutLine: {'line': b'-- Up-to-date symlink: /home/prathamkelkar/ros2_ws/install/px4_msgs/include/px4_msgs/px4_msgs/msg/detail/actuator_test__struct.hpp\n'}
[2.135505] (px4_msgs) StdoutLine: {'line': b'-- Up-to-date symlink: /home/prathamkelkar/ros2_ws/install/px4_msgs/include/px4_msgs/px4_msgs/msg/detail/actuator_test__traits.hpp\n'}
[2.135595] (px4_msgs) StdoutLine: {'line': b'-- Up-to-date symlink: /home/prathamkelkar/ros2_ws/install/px4_msgs/include/px4_msgs/px4_msgs/msg/detail/actuator_test__type_support.hpp\n'}
[2.135684] (px4_msgs) StdoutLine: {'line': b'-- Up-to-date symlink: /home/prathamkelkar/ros2_ws/install/px4_msgs/include/px4_msgs/px4_msgs/msg/detail/adc_report__builder.hpp\n'}
[2.135807] (px4_msgs) StdoutLine: {'line': b'-- Up-to-date symlink: /home/prathamkelkar/ros2_ws/install/px4_msgs/include/px4_msgs/px4_msgs/msg/detail/adc_report__struct.hpp\n'}
[2.135884] (px4_msgs) StdoutLine: {'line': b'-- Up-to-date symlink: /home/prathamkelkar/ros2_ws/install/px4_msgs/include/px4_msgs/px4_msgs/msg/detail/adc_report__traits.hpp\n'}
[2.135961] (px4_msgs) StdoutLine: {'line': b'-- Up-to-date symlink: /home/prathamkelkar/ros2_ws/install/px4_msgs/include/px4_msgs/px4_msgs/msg/detail/adc_report__type_support.hpp\n'}
[2.136100] (px4_msgs) StdoutLine: {'line': b'-- Up-to-date symlink: /home/prathamkelkar/ros2_ws/install/px4_msgs/include/px4_msgs/px4_msgs/msg/detail/airspeed__builder.hpp\n'}
[2.136181] (px4_msgs) StdoutLine: {'line': b'-- Up-to-date symlink: /home/prathamkelkar/ros2_ws/install/px4_msgs/include/px4_msgs/px4_msgs/msg/detail/airspeed__struct.hpp\n'}
[2.136329] (px4_msgs) StdoutLine: {'line': b'-- Up-to-date symlink: /home/prathamkelkar/ros2_ws/install/px4_msgs/include/px4_msgs/px4_msgs/msg/detail/airspeed__traits.hpp\n'}
[2.136411] (px4_msgs) StdoutLine: {'line': b'-- Up-to-date symlink: /home/prathamkelkar/ros2_ws/install/px4_msgs/include/px4_msgs/px4_msgs/msg/detail/airspeed__type_support.hpp\n'}
[2.136495] (px4_msgs) StdoutLine: {'line': b'-- Up-to-date symlink: /home/prathamkelkar/ros2_ws/install/px4_msgs/include/px4_msgs/px4_msgs/msg/detail/airspeed_validated__builder.hpp\n'}
[2.136575] (px4_msgs) StdoutLine: {'line': b'-- Up-to-date symlink: /home/prathamkelkar/ros2_ws/install/px4_msgs/include/px4_msgs/px4_msgs/msg/detail/airspeed_validated__struct.hpp\n'}
[2.136716] (px4_msgs) StdoutLine: {'line': b'-- Up-to-date symlink: /home/prathamkelkar/ros2_ws/install/px4_msgs/include/px4_msgs/px4_msgs/msg/detail/airspeed_validated__traits.hpp\n'}
[2.136847] (px4_msgs) StdoutLine: {'line': b'-- Up-to-date symlink: /home/prathamkelkar/ros2_ws/install/px4_msgs/include/px4_msgs/px4_msgs/msg/detail/airspeed_validated__type_support.hpp\n'}
[2.136927] (px4_msgs) StdoutLine: {'line': b'-- Up-to-date symlink: /home/prathamkelkar/ros2_ws/install/px4_msgs/include/px4_msgs/px4_msgs/msg/detail/airspeed_wind__builder.hpp\n'}
[2.137005] (px4_msgs) StdoutLine: {'line': b'-- Up-to-date symlink: /home/prathamkelkar/ros2_ws/install/px4_msgs/include/px4_msgs/px4_msgs/msg/detail/airspeed_wind__struct.hpp\n'}
[2.137088] (px4_msgs) StdoutLine: {'line': b'-- Up-to-date symlink: /home/prathamkelkar/ros2_ws/install/px4_msgs/include/px4_msgs/px4_msgs/msg/detail/airspeed_wind__traits.hpp\n'}
[2.137169] (px4_msgs) StdoutLine: {'line': b'-- Up-to-date symlink: /home/prathamkelkar/ros2_ws/install/px4_msgs/include/px4_msgs/px4_msgs/msg/detail/airspeed_wind__type_support.hpp\n'}
[2.137290] (px4_msgs) StdoutLine: {'line': b'-- Up-to-date symlink: /home/prathamkelkar/ros2_ws/install/px4_msgs/include/px4_msgs/px4_msgs/msg/detail/arming_check_reply__builder.hpp\n'}
[2.137372] (px4_msgs) StdoutLine: {'line': b'-- Up-to-date symlink: /home/prathamkelkar/ros2_ws/install/px4_msgs/include/px4_msgs/px4_msgs/msg/detail/arming_check_reply__struct.hpp\n'}
[2.137450] (px4_msgs) StdoutLine: {'line': b'-- Up-to-date symlink: /home/prathamkelkar/ros2_ws/install/px4_msgs/include/px4_msgs/px4_msgs/msg/detail/arming_check_reply__traits.hpp\n'}
[2.137529] (px4_msgs) StdoutLine: {'line': b'-- Up-to-date symlink: /home/prathamkelkar/ros2_ws/install/px4_msgs/include/px4_msgs/px4_msgs/msg/detail/arming_check_reply__type_support.hpp\n'}
[2.137611] (px4_msgs) StdoutLine: {'line': b'-- Up-to-date symlink: /home/prathamkelkar/ros2_ws/install/px4_msgs/include/px4_msgs/px4_msgs/msg/detail/arming_check_request__builder.hpp\n'}
[2.137686] (px4_msgs) StdoutLine: {'line': b'-- Up-to-date symlink: /home/prathamkelkar/ros2_ws/install/px4_msgs/include/px4_msgs/px4_msgs/msg/detail/arming_check_request__struct.hpp\n'}
[2.137764] (px4_msgs) StdoutLine: {'line': b'-- Up-to-date symlink: /home/prathamkelkar/ros2_ws/install/px4_msgs/include/px4_msgs/px4_msgs/msg/detail/arming_check_request__traits.hpp\n'}
[2.137910] (px4_msgs) StdoutLine: {'line': b'-- Up-to-date symlink: /home/prathamkelkar/ros2_ws/install/px4_msgs/include/px4_msgs/px4_msgs/msg/detail/arming_check_request__type_support.hpp\n'}
[2.138036] (px4_msgs) StdoutLine: {'line': b'-- Up-to-date symlink: /home/prathamkelkar/ros2_ws/install/px4_msgs/include/px4_msgs/px4_msgs/msg/detail/autotune_attitude_control_status__builder.hpp\n'}
[2.138120] (px4_msgs) StdoutLine: {'line': b'-- Up-to-date symlink: /home/prathamkelkar/ros2_ws/install/px4_msgs/include/px4_msgs/px4_msgs/msg/detail/autotune_attitude_control_status__struct.hpp\n'}
[2.138200] (px4_msgs) StdoutLine: {'line': b'-- Up-to-date symlink: /home/prathamkelkar/ros2_ws/install/px4_msgs/include/px4_msgs/px4_msgs/msg/detail/autotune_attitude_control_status__traits.hpp\n'}
[2.138276] (px4_msgs) StdoutLine: {'line': b'-- Up-to-date symlink: /home/prathamkelkar/ros2_ws/install/px4_msgs/include/px4_msgs/px4_msgs/msg/detail/autotune_attitude_control_status__type_support.hpp\n'}
[2.138354] (px4_msgs) StdoutLine: {'line': b'-- Up-to-date symlink: /home/prathamkelkar/ros2_ws/install/px4_msgs/include/px4_msgs/px4_msgs/msg/detail/battery_status__builder.hpp\n'}
[2.138433] (px4_msgs) StdoutLine: {'line': b'-- Up-to-date symlink: /home/prathamkelkar/ros2_ws/install/px4_msgs/include/px4_msgs/px4_msgs/msg/detail/battery_status__struct.hpp\n'}
[2.138556] (px4_msgs) StdoutLine: {'line': b'-- Up-to-date symlink: /home/prathamkelkar/ros2_ws/install/px4_msgs/include/px4_msgs/px4_msgs/msg/detail/battery_status__traits.hpp\n'}
[2.138640] (px4_msgs) StdoutLine: {'line': b'-- Up-to-date symlink: /home/prathamkelkar/ros2_ws/install/px4_msgs/include/px4_msgs/px4_msgs/msg/detail/battery_status__type_support.hpp\n'}
[2.138777] (px4_msgs) StdoutLine: {'line': b'-- Up-to-date symlink: /home/prathamkelkar/ros2_ws/install/px4_msgs/include/px4_msgs/px4_msgs/msg/detail/buffer128__builder.hpp\n'}
[2.138881] (px4_msgs) StdoutLine: {'line': b'-- Up-to-date symlink: /home/prathamkelkar/ros2_ws/install/px4_msgs/include/px4_msgs/px4_msgs/msg/detail/buffer128__struct.hpp\n'}
[2.138987] (px4_msgs) StdoutLine: {'line': b'-- Up-to-date symlink: /home/prathamkelkar/ros2_ws/install/px4_msgs/include/px4_msgs/px4_msgs/msg/detail/buffer128__traits.hpp\n'}
[2.139063] (px4_msgs) StdoutLine: {'line': b'-- Up-to-date symlink: /home/prathamkelkar/ros2_ws/install/px4_msgs/include/px4_msgs/px4_msgs/msg/detail/buffer128__type_support.hpp\n'}
[2.139164] (px4_msgs) StdoutLine: {'line': b'-- Up-to-date symlink: /home/prathamkelkar/ros2_ws/install/px4_msgs/include/px4_msgs/px4_msgs/msg/detail/button_event__builder.hpp\n'}
[2.139243] (px4_msgs) StdoutLine: {'line': b'-- Up-to-date symlink: /home/prathamkelkar/ros2_ws/install/px4_msgs/include/px4_msgs/px4_msgs/msg/detail/button_event__struct.hpp\n'}
[2.139323] (px4_msgs) StdoutLine: {'line': b'-- Up-to-date symlink: /home/prathamkelkar/ros2_ws/install/px4_msgs/include/px4_msgs/px4_msgs/msg/detail/button_event__traits.hpp\n'}
[2.139431] (px4_msgs) StdoutLine: {'line': b'-- Up-to-date symlink: /home/prathamkelkar/ros2_ws/install/px4_msgs/include/px4_msgs/px4_msgs/msg/detail/button_event__type_support.hpp\n'}
[2.139506] (px4_msgs) StdoutLine: {'line': b'-- Up-to-date symlink: /home/prathamkelkar/ros2_ws/install/px4_msgs/include/px4_msgs/px4_msgs/msg/detail/camera_capture__builder.hpp\n'}
[2.139612] (px4_msgs) StdoutLine: {'line': b'-- Up-to-date symlink: /home/prathamkelkar/ros2_ws/install/px4_msgs/include/px4_msgs/px4_msgs/msg/detail/camera_capture__struct.hpp\n'}
[2.139718] (px4_msgs) StdoutLine: {'line': b'-- Up-to-date symlink: /home/prathamkelkar/ros2_ws/install/px4_msgs/include/px4_msgs/px4_msgs/msg/detail/camera_capture__traits.hpp\n'}
[2.139804] (px4_msgs) StdoutLine: {'line': b'-- Up-to-date symlink: /home/prathamkelkar/ros2_ws/install/px4_msgs/include/px4_msgs/px4_msgs/msg/detail/camera_capture__type_support.hpp\n'}
[2.139881] (px4_msgs) StdoutLine: {'line': b'-- Up-to-date symlink: /home/prathamkelkar/ros2_ws/install/px4_msgs/include/px4_msgs/px4_msgs/msg/detail/camera_status__builder.hpp\n'}
[2.139957] (px4_msgs) StdoutLine: {'line': b'-- Up-to-date symlink: /home/prathamkelkar/ros2_ws/install/px4_msgs/include/px4_msgs/px4_msgs/msg/detail/camera_status__struct.hpp\n'}
[2.140059] (px4_msgs) StdoutLine: {'line': b'-- Up-to-date symlink: /home/prathamkelkar/ros2_ws/install/px4_msgs/include/px4_msgs/px4_msgs/msg/detail/camera_status__traits.hpp\n'}
[2.140138] (px4_msgs) StdoutLine: {'line': b'-- Up-to-date symlink: /home/prathamkelkar/ros2_ws/install/px4_msgs/include/px4_msgs/px4_msgs/msg/detail/camera_status__type_support.hpp\n'}
[2.140239] (px4_msgs) StdoutLine: {'line': b'-- Up-to-date symlink: /home/prathamkelkar/ros2_ws/install/px4_msgs/include/px4_msgs/px4_msgs/msg/detail/camera_trigger__builder.hpp\n'}
[2.140327] (px4_msgs) StdoutLine: {'line': b'-- Up-to-date symlink: /home/prathamkelkar/ros2_ws/install/px4_msgs/include/px4_msgs/px4_msgs/msg/detail/camera_trigger__struct.hpp\n'}
[2.140426] (px4_msgs) StdoutLine: {'line': b'-- Up-to-date symlink: /home/prathamkelkar/ros2_ws/install/px4_msgs/include/px4_msgs/px4_msgs/msg/detail/camera_trigger__traits.hpp\n'}
[2.140520] (px4_msgs) StdoutLine: {'line': b'-- Up-to-date symlink: /home/prathamkelkar/ros2_ws/install/px4_msgs/include/px4_msgs/px4_msgs/msg/detail/camera_trigger__type_support.hpp\n'}
[2.140595] (px4_msgs) StdoutLine: {'line': b'-- Up-to-date symlink: /home/prathamkelkar/ros2_ws/install/px4_msgs/include/px4_msgs/px4_msgs/msg/detail/can_interface_status__builder.hpp\n'}
[2.140723] (px4_msgs) StdoutLine: {'line': b'-- Up-to-date symlink: /home/prathamkelkar/ros2_ws/install/px4_msgs/include/px4_msgs/px4_msgs/msg/detail/can_interface_status__struct.hpp\n'}
[2.140796] (px4_msgs) StdoutLine: {'line': b'-- Up-to-date symlink: /home/prathamkelkar/ros2_ws/install/px4_msgs/include/px4_msgs/px4_msgs/msg/detail/can_interface_status__traits.hpp\n'}
[2.140874] (px4_msgs) StdoutLine: {'line': b'-- Up-to-date symlink: /home/prathamkelkar/ros2_ws/install/px4_msgs/include/px4_msgs/px4_msgs/msg/detail/can_interface_status__type_support.hpp\n'}
[2.140944] (px4_msgs) StdoutLine: {'line': b'-- Up-to-date symlink: /home/prathamkelkar/ros2_ws/install/px4_msgs/include/px4_msgs/px4_msgs/msg/detail/cellular_status__builder.hpp\n'}
[2.141055] (px4_msgs) StdoutLine: {'line': b'-- Up-to-date symlink: /home/prathamkelkar/ros2_ws/install/px4_msgs/include/px4_msgs/px4_msgs/msg/detail/cellular_status__struct.hpp\n'}
[2.141164] (px4_msgs) StdoutLine: {'line': b'-- Up-to-date symlink: /home/prathamkelkar/ros2_ws/install/px4_msgs/include/px4_msgs/px4_msgs/msg/detail/cellular_status__traits.hpp\n'}
[2.141236] (px4_msgs) StdoutLine: {'line': b'-- Up-to-date symlink: /home/prathamkelkar/ros2_ws/install/px4_msgs/include/px4_msgs/px4_msgs/msg/detail/cellular_status__type_support.hpp\n'}
[2.141301] (px4_msgs) StdoutLine: {'line': b'-- Up-to-date symlink: /home/prathamkelkar/ros2_ws/install/px4_msgs/include/px4_msgs/px4_msgs/msg/detail/collision_constraints__builder.hpp\n'}
[2.141416] (px4_msgs) StdoutLine: {'line': b'-- Up-to-date symlink: /home/prathamkelkar/ros2_ws/install/px4_msgs/include/px4_msgs/px4_msgs/msg/detail/collision_constraints__struct.hpp\n'}
[2.141491] (px4_msgs) StdoutLine: {'line': b'-- Up-to-date symlink: /home/prathamkelkar/ros2_ws/install/px4_msgs/include/px4_msgs/px4_msgs/msg/detail/collision_constraints__traits.hpp\n'}
[2.141566] (px4_msgs) StdoutLine: {'line': b'-- Up-to-date symlink: /home/prathamkelkar/ros2_ws/install/px4_msgs/include/px4_msgs/px4_msgs/msg/detail/collision_constraints__type_support.hpp\n'}
[2.141686] (px4_msgs) StdoutLine: {'line': b'-- Up-to-date symlink: /home/prathamkelkar/ros2_ws/install/px4_msgs/include/px4_msgs/px4_msgs/msg/detail/collision_report__builder.hpp\n'}
[2.141764] (px4_msgs) StdoutLine: {'line': b'-- Up-to-date symlink: /home/prathamkelkar/ros2_ws/install/px4_msgs/include/px4_msgs/px4_msgs/msg/detail/collision_report__struct.hpp\n'}
[2.141840] (px4_msgs) StdoutLine: {'line': b'-- Up-to-date symlink: /home/prathamkelkar/ros2_ws/install/px4_msgs/include/px4_msgs/px4_msgs/msg/detail/collision_report__traits.hpp\n'}
[2.141944] (px4_msgs) StdoutLine: {'line': b'-- Up-to-date symlink: /home/prathamkelkar/ros2_ws/install/px4_msgs/include/px4_msgs/px4_msgs/msg/detail/collision_report__type_support.hpp\n'}
[2.142015] (px4_msgs) StdoutLine: {'line': b'-- Up-to-date symlink: /home/prathamkelkar/ros2_ws/install/px4_msgs/include/px4_msgs/px4_msgs/msg/detail/config_overrides__builder.hpp\n'}
[2.142088] (px4_msgs) StdoutLine: {'line': b'-- Up-to-date symlink: /home/prathamkelkar/ros2_ws/install/px4_msgs/include/px4_msgs/px4_msgs/msg/detail/config_overrides__struct.hpp\n'}
[2.142161] (px4_msgs) StdoutLine: {'line': b'-- Up-to-date symlink: /home/prathamkelkar/ros2_ws/install/px4_msgs/include/px4_msgs/px4_msgs/msg/detail/config_overrides__traits.hpp\n'}
[2.142236] (px4_msgs) StdoutLine: {'line': b'-- Up-to-date symlink: /home/prathamkelkar/ros2_ws/install/px4_msgs/include/px4_msgs/px4_msgs/msg/detail/config_overrides__type_support.hpp\n'}
[2.142308] (px4_msgs) StdoutLine: {'line': b'-- Up-to-date symlink: /home/prathamkelkar/ros2_ws/install/px4_msgs/include/px4_msgs/px4_msgs/msg/detail/control_allocator_status__builder.hpp\n'}
[2.142379] (px4_msgs) StdoutLine: {'line': b'-- Up-to-date symlink: /home/prathamkelkar/ros2_ws/install/px4_msgs/include/px4_msgs/px4_msgs/msg/detail/control_allocator_status__struct.hpp\n'}
[2.142451] (px4_msgs) StdoutLine: {'line': b'-- Up-to-date symlink: /home/prathamkelkar/ros2_ws/install/px4_msgs/include/px4_msgs/px4_msgs/msg/detail/control_allocator_status__traits.hpp\n'}
[2.142523] (px4_msgs) StdoutLine: {'line': b'-- Up-to-date symlink: /home/prathamkelkar/ros2_ws/install/px4_msgs/include/px4_msgs/px4_msgs/msg/detail/control_allocator_status__type_support.hpp\n'}
[2.142595] (px4_msgs) StdoutLine: {'line': b'-- Up-to-date symlink: /home/prathamkelkar/ros2_ws/install/px4_msgs/include/px4_msgs/px4_msgs/msg/detail/cpuload__builder.hpp\n'}
[2.142674] (px4_msgs) StdoutLine: {'line': b'-- Up-to-date symlink: /home/prathamkelkar/ros2_ws/install/px4_msgs/include/px4_msgs/px4_msgs/msg/detail/cpuload__struct.hpp\n'}
[2.142771] (px4_msgs) StdoutLine: {'line': b'-- Up-to-date symlink: /home/prathamkelkar/ros2_ws/install/px4_msgs/include/px4_msgs/px4_msgs/msg/detail/cpuload__traits.hpp\n'}
[2.142849] (px4_msgs) StdoutLine: {'line': b'-- Up-to-date symlink: /home/prathamkelkar/ros2_ws/install/px4_msgs/include/px4_msgs/px4_msgs/msg/detail/cpuload__type_support.hpp\n'}
[2.142928] (px4_msgs) StdoutLine: {'line': b'-- Up-to-date symlink: /home/prathamkelkar/ros2_ws/install/px4_msgs/include/px4_msgs/px4_msgs/msg/detail/dataman_request__builder.hpp\n'}
[2.143005] (px4_msgs) StdoutLine: {'line': b'-- Up-to-date symlink: /home/prathamkelkar/ros2_ws/install/px4_msgs/include/px4_msgs/px4_msgs/msg/detail/dataman_request__struct.hpp\n'}
[2.143130] (px4_msgs) StdoutLine: {'line': b'-- Up-to-date symlink: /home/prathamkelkar/ros2_ws/install/px4_msgs/include/px4_msgs/px4_msgs/msg/detail/dataman_request__traits.hpp\n'}
[2.143226] (px4_msgs) StdoutLine: {'line': b'-- Up-to-date symlink: /home/prathamkelkar/ros2_ws/install/px4_msgs/include/px4_msgs/px4_msgs/msg/detail/dataman_request__type_support.hpp\n'}
[2.143293] (px4_msgs) StdoutLine: {'line': b'-- Up-to-date symlink: /home/prathamkelkar/ros2_ws/install/px4_msgs/include/px4_msgs/px4_msgs/msg/detail/dataman_response__builder.hpp\n'}
[2.143366] (px4_msgs) StdoutLine: {'line': b'-- Up-to-date symlink: /home/prathamkelkar/ros2_ws/install/px4_msgs/include/px4_msgs/px4_msgs/msg/detail/dataman_response__struct.hpp\n'}
[2.143441] (px4_msgs) StdoutLine: {'line': b'-- Up-to-date symlink: /home/prathamkelkar/ros2_ws/install/px4_msgs/include/px4_msgs/px4_msgs/msg/detail/dataman_response__traits.hpp\n'}
[2.143563] (px4_msgs) StdoutLine: {'line': b'-- Up-to-date symlink: /home/prathamkelkar/ros2_ws/install/px4_msgs/include/px4_msgs/px4_msgs/msg/detail/dataman_response__type_support.hpp\n'}
[2.143641] (px4_msgs) StdoutLine: {'line': b'-- Up-to-date symlink: /home/prathamkelkar/ros2_ws/install/px4_msgs/include/px4_msgs/px4_msgs/msg/detail/debug_array__builder.hpp\n'}
[2.143729] (px4_msgs) StdoutLine: {'line': b'-- Up-to-date symlink: /home/prathamkelkar/ros2_ws/install/px4_msgs/include/px4_msgs/px4_msgs/msg/detail/debug_array__struct.hpp\n'}
[2.143813] (px4_msgs) StdoutLine: {'line': b'-- Up-to-date symlink: /home/prathamkelkar/ros2_ws/install/px4_msgs/include/px4_msgs/px4_msgs/msg/detail/debug_array__traits.hpp\n'}
[2.143882] (px4_msgs) StdoutLine: {'line': b'-- Up-to-date symlink: /home/prathamkelkar/ros2_ws/install/px4_msgs/include/px4_msgs/px4_msgs/msg/detail/debug_array__type_support.hpp\n'}
[2.143954] (px4_msgs) StdoutLine: {'line': b'-- Up-to-date symlink: /home/prathamkelkar/ros2_ws/install/px4_msgs/include/px4_msgs/px4_msgs/msg/detail/debug_key_value__builder.hpp\n'}
[2.144022] (px4_msgs) StdoutLine: {'line': b'-- Up-to-date symlink: /home/prathamkelkar/ros2_ws/install/px4_msgs/include/px4_msgs/px4_msgs/msg/detail/debug_key_value__struct.hpp\n'}
[2.144105] (px4_msgs) StdoutLine: {'line': b'-- Up-to-date symlink: /home/prathamkelkar/ros2_ws/install/px4_msgs/include/px4_msgs/px4_msgs/msg/detail/debug_key_value__traits.hpp\n'}
[2.144252] (px4_msgs) StdoutLine: {'line': b'-- Up-to-date symlink: /home/prathamkelkar/ros2_ws/install/px4_msgs/include/px4_msgs/px4_msgs/msg/detail/debug_key_value__type_support.hpp\n'}
[2.144330] (px4_msgs) StdoutLine: {'line': b'-- Up-to-date symlink: /home/prathamkelkar/ros2_ws/install/px4_msgs/include/px4_msgs/px4_msgs/msg/detail/debug_value__builder.hpp\n'}
[2.144433] (px4_msgs) StdoutLine: {'line': b'-- Up-to-date symlink: /home/prathamkelkar/ros2_ws/install/px4_msgs/include/px4_msgs/px4_msgs/msg/detail/debug_value__struct.hpp\n'}
[2.144511] (px4_msgs) StdoutLine: {'line': b'-- Up-to-date symlink: /home/prathamkelkar/ros2_ws/install/px4_msgs/include/px4_msgs/px4_msgs/msg/detail/debug_value__traits.hpp\n'}
[2.144585] (px4_msgs) StdoutLine: {'line': b'-- Up-to-date symlink: /home/prathamkelkar/ros2_ws/install/px4_msgs/include/px4_msgs/px4_msgs/msg/detail/debug_value__type_support.hpp\n'}
[2.144666] (px4_msgs) StdoutLine: {'line': b'-- Up-to-date symlink: /home/prathamkelkar/ros2_ws/install/px4_msgs/include/px4_msgs/px4_msgs/msg/detail/debug_vect__builder.hpp\n'}
[2.144775] (px4_msgs) StdoutLine: {'line': b'-- Up-to-date symlink: /home/prathamkelkar/ros2_ws/install/px4_msgs/include/px4_msgs/px4_msgs/msg/detail/debug_vect__struct.hpp\n'}
[2.144849] (px4_msgs) StdoutLine: {'line': b'-- Up-to-date symlink: /home/prathamkelkar/ros2_ws/install/px4_msgs/include/px4_msgs/px4_msgs/msg/detail/debug_vect__traits.hpp\n'}
[2.144925] (px4_msgs) StdoutLine: {'line': b'-- Up-to-date symlink: /home/prathamkelkar/ros2_ws/install/px4_msgs/include/px4_msgs/px4_msgs/msg/detail/debug_vect__type_support.hpp\n'}
[2.144997] (px4_msgs) StdoutLine: {'line': b'-- Up-to-date symlink: /home/prathamkelkar/ros2_ws/install/px4_msgs/include/px4_msgs/px4_msgs/msg/detail/differential_drive_setpoint__builder.hpp\n'}
[2.145071] (px4_msgs) StdoutLine: {'line': b'-- Up-to-date symlink: /home/prathamkelkar/ros2_ws/install/px4_msgs/include/px4_msgs/px4_msgs/msg/detail/differential_drive_setpoint__struct.hpp\n'}
[2.145188] (px4_msgs) StdoutLine: {'line': b'-- Up-to-date symlink: /home/prathamkelkar/ros2_ws/install/px4_msgs/include/px4_msgs/px4_msgs/msg/detail/differential_drive_setpoint__traits.hpp\n'}
[2.145284] (px4_msgs) StdoutLine: {'line': b'-- Up-to-date symlink: /home/prathamkelkar/ros2_ws/install/px4_msgs/include/px4_msgs/px4_msgs/msg/detail/differential_drive_setpoint__type_support.hpp\n'}
[2.145374] (px4_msgs) StdoutLine: {'line': b'-- Up-to-date symlink: /home/prathamkelkar/ros2_ws/install/px4_msgs/include/px4_msgs/px4_msgs/msg/detail/differential_pressure__builder.hpp\n'}
[2.145460] (px4_msgs) StdoutLine: {'line': b'-- Up-to-date symlink: /home/prathamkelkar/ros2_ws/install/px4_msgs/include/px4_msgs/px4_msgs/msg/detail/differential_pressure__struct.hpp\n'}
[2.145536] (px4_msgs) StdoutLine: {'line': b'-- Up-to-date symlink: /home/prathamkelkar/ros2_ws/install/px4_msgs/include/px4_msgs/px4_msgs/msg/detail/differential_pressure__traits.hpp\n'}
[2.145641] (px4_msgs) StdoutLine: {'line': b'-- Up-to-date symlink: /home/prathamkelkar/ros2_ws/install/px4_msgs/include/px4_msgs/px4_msgs/msg/detail/differential_pressure__type_support.hpp\n'}
[2.145717] (px4_msgs) StdoutLine: {'line': b'-- Up-to-date symlink: /home/prathamkelkar/ros2_ws/install/px4_msgs/include/px4_msgs/px4_msgs/msg/detail/distance_sensor__builder.hpp\n'}
[2.145794] (px4_msgs) StdoutLine: {'line': b'-- Up-to-date symlink: /home/prathamkelkar/ros2_ws/install/px4_msgs/include/px4_msgs/px4_msgs/msg/detail/distance_sensor__struct.hpp\n'}
[2.145872] (px4_msgs) StdoutLine: {'line': b'-- Up-to-date symlink: /home/prathamkelkar/ros2_ws/install/px4_msgs/include/px4_msgs/px4_msgs/msg/detail/distance_sensor__traits.hpp\n'}
[2.145974] (px4_msgs) StdoutLine: {'line': b'-- Up-to-date symlink: /home/prathamkelkar/ros2_ws/install/px4_msgs/include/px4_msgs/px4_msgs/msg/detail/distance_sensor__type_support.hpp\n'}
[2.146075] (px4_msgs) StdoutLine: {'line': b'-- Up-to-date symlink: /home/prathamkelkar/ros2_ws/install/px4_msgs/include/px4_msgs/px4_msgs/msg/detail/ekf2_timestamps__builder.hpp\n'}
[2.146155] (px4_msgs) StdoutLine: {'line': b'-- Up-to-date symlink: /home/prathamkelkar/ros2_ws/install/px4_msgs/include/px4_msgs/px4_msgs/msg/detail/ekf2_timestamps__struct.hpp\n'}
[2.146229] (px4_msgs) StdoutLine: {'line': b'-- Up-to-date symlink: /home/prathamkelkar/ros2_ws/install/px4_msgs/include/px4_msgs/px4_msgs/msg/detail/ekf2_timestamps__traits.hpp\n'}
[2.146302] (px4_msgs) StdoutLine: {'line': b'-- Up-to-date symlink: /home/prathamkelkar/ros2_ws/install/px4_msgs/include/px4_msgs/px4_msgs/msg/detail/ekf2_timestamps__type_support.hpp\n'}
[2.146397] (px4_msgs) StdoutLine: {'line': b'-- Up-to-date symlink: /home/prathamkelkar/ros2_ws/install/px4_msgs/include/px4_msgs/px4_msgs/msg/detail/esc_report__builder.hpp\n'}
[2.146474] (px4_msgs) StdoutLine: {'line': b'-- Up-to-date symlink: /home/prathamkelkar/ros2_ws/install/px4_msgs/include/px4_msgs/px4_msgs/msg/detail/esc_report__struct.hpp\n'}
[2.146550] (px4_msgs) StdoutLine: {'line': b'-- Up-to-date symlink: /home/prathamkelkar/ros2_ws/install/px4_msgs/include/px4_msgs/px4_msgs/msg/detail/esc_report__traits.hpp\n'}
[2.146634] (px4_msgs) StdoutLine: {'line': b'-- Up-to-date symlink: /home/prathamkelkar/ros2_ws/install/px4_msgs/include/px4_msgs/px4_msgs/msg/detail/esc_report__type_support.hpp\n'}
[2.146709] (px4_msgs) StdoutLine: {'line': b'-- Up-to-date symlink: /home/prathamkelkar/ros2_ws/install/px4_msgs/include/px4_msgs/px4_msgs/msg/detail/esc_status__builder.hpp\n'}
[2.146817] (px4_msgs) StdoutLine: {'line': b'-- Up-to-date symlink: /home/prathamkelkar/ros2_ws/install/px4_msgs/include/px4_msgs/px4_msgs/msg/detail/esc_status__struct.hpp\n'}
[2.146920] (px4_msgs) StdoutLine: {'line': b'-- Up-to-date symlink: /home/prathamkelkar/ros2_ws/install/px4_msgs/include/px4_msgs/px4_msgs/msg/detail/esc_status__traits.hpp\n'}
[2.146993] (px4_msgs) StdoutLine: {'line': b'-- Up-to-date symlink: /home/prathamkelkar/ros2_ws/install/px4_msgs/include/px4_msgs/px4_msgs/msg/detail/esc_status__type_support.hpp\n'}
[2.147090] (px4_msgs) StdoutLine: {'line': b'-- Up-to-date symlink: /home/prathamkelkar/ros2_ws/install/px4_msgs/include/px4_msgs/px4_msgs/msg/detail/estimator_aid_source1d__builder.hpp\n'}
[2.147164] (px4_msgs) StdoutLine: {'line': b'-- Up-to-date symlink: /home/prathamkelkar/ros2_ws/install/px4_msgs/include/px4_msgs/px4_msgs/msg/detail/estimator_aid_source1d__struct.hpp\n'}
[2.147237] (px4_msgs) StdoutLine: {'line': b'-- Up-to-date symlink: /home/prathamkelkar/ros2_ws/install/px4_msgs/include/px4_msgs/px4_msgs/msg/detail/estimator_aid_source1d__traits.hpp\n'}
[2.147345] (px4_msgs) StdoutLine: {'line': b'-- Up-to-date symlink: /home/prathamkelkar/ros2_ws/install/px4_msgs/include/px4_msgs/px4_msgs/msg/detail/estimator_aid_source1d__type_support.hpp\n'}
[2.147414] (px4_msgs) StdoutLine: {'line': b'-- Up-to-date symlink: /home/prathamkelkar/ros2_ws/install/px4_msgs/include/px4_msgs/px4_msgs/msg/detail/estimator_aid_source2d__builder.hpp\n'}
[2.147485] (px4_msgs) StdoutLine: {'line': b'-- Up-to-date symlink: /home/prathamkelkar/ros2_ws/install/px4_msgs/include/px4_msgs/px4_msgs/msg/detail/estimator_aid_source2d__struct.hpp\n'}
[2.147558] (px4_msgs) StdoutLine: {'line': b'-- Up-to-date symlink: /home/prathamkelkar/ros2_ws/install/px4_msgs/include/px4_msgs/px4_msgs/msg/detail/estimator_aid_source2d__traits.hpp\n'}
[2.147635] (px4_msgs) StdoutLine: {'line': b'-- Up-to-date symlink: /home/prathamkelkar/ros2_ws/install/px4_msgs/include/px4_msgs/px4_msgs/msg/detail/estimator_aid_source2d__type_support.hpp\n'}
[2.147707] (px4_msgs) StdoutLine: {'line': b'-- Up-to-date symlink: /home/prathamkelkar/ros2_ws/install/px4_msgs/include/px4_msgs/px4_msgs/msg/detail/estimator_aid_source3d__builder.hpp\n'}
[2.147778] (px4_msgs) StdoutLine: {'line': b'-- Up-to-date symlink: /home/prathamkelkar/ros2_ws/install/px4_msgs/include/px4_msgs/px4_msgs/msg/detail/estimator_aid_source3d__struct.hpp\n'}
[2.147897] (px4_msgs) StdoutLine: {'line': b'-- Up-to-date symlink: /home/prathamkelkar/ros2_ws/install/px4_msgs/include/px4_msgs/px4_msgs/msg/detail/estimator_aid_source3d__traits.hpp\n'}
[2.147971] (px4_msgs) StdoutLine: {'line': b'-- Up-to-date symlink: /home/prathamkelkar/ros2_ws/install/px4_msgs/include/px4_msgs/px4_msgs/msg/detail/estimator_aid_source3d__type_support.hpp\n'}
[2.148065] (px4_msgs) StdoutLine: {'line': b'-- Up-to-date symlink: /home/prathamkelkar/ros2_ws/install/px4_msgs/include/px4_msgs/px4_msgs/msg/detail/estimator_bias3d__builder.hpp\n'}
[2.148136] (px4_msgs) StdoutLine: {'line': b'-- Up-to-date symlink: /home/prathamkelkar/ros2_ws/install/px4_msgs/include/px4_msgs/px4_msgs/msg/detail/estimator_bias3d__struct.hpp\n'}
[2.148233] (px4_msgs) StdoutLine: {'line': b'-- Up-to-date symlink: /home/prathamkelkar/ros2_ws/install/px4_msgs/include/px4_msgs/px4_msgs/msg/detail/estimator_bias3d__traits.hpp\n'}
[2.148331] (px4_msgs) StdoutLine: {'line': b'-- Up-to-date symlink: /home/prathamkelkar/ros2_ws/install/px4_msgs/include/px4_msgs/px4_msgs/msg/detail/estimator_bias3d__type_support.hpp\n'}
[2.148413] (px4_msgs) StdoutLine: {'line': b'-- Up-to-date symlink: /home/prathamkelkar/ros2_ws/install/px4_msgs/include/px4_msgs/px4_msgs/msg/detail/estimator_bias__builder.hpp\n'}
[2.148493] (px4_msgs) StdoutLine: {'line': b'-- Up-to-date symlink: /home/prathamkelkar/ros2_ws/install/px4_msgs/include/px4_msgs/px4_msgs/msg/detail/estimator_bias__struct.hpp\n'}
[2.148568] (px4_msgs) StdoutLine: {'line': b'-- Up-to-date symlink: /home/prathamkelkar/ros2_ws/install/px4_msgs/include/px4_msgs/px4_msgs/msg/detail/estimator_bias__traits.hpp\n'}
[2.148645] (px4_msgs) StdoutLine: {'line': b'-- Up-to-date symlink: /home/prathamkelkar/ros2_ws/install/px4_msgs/include/px4_msgs/px4_msgs/msg/detail/estimator_bias__type_support.hpp\n'}
[2.148720] (px4_msgs) StdoutLine: {'line': b'-- Up-to-date symlink: /home/prathamkelkar/ros2_ws/install/px4_msgs/include/px4_msgs/px4_msgs/msg/detail/estimator_event_flags__builder.hpp\n'}
[2.148793] (px4_msgs) StdoutLine: {'line': b'-- Up-to-date symlink: /home/prathamkelkar/ros2_ws/install/px4_msgs/include/px4_msgs/px4_msgs/msg/detail/estimator_event_flags__struct.hpp\n'}
[2.148898] (px4_msgs) StdoutLine: {'line': b'-- Up-to-date symlink: /home/prathamkelkar/ros2_ws/install/px4_msgs/include/px4_msgs/px4_msgs/msg/detail/estimator_event_flags__traits.hpp\n'}
[2.148975] (px4_msgs) StdoutLine: {'line': b'-- Up-to-date symlink: /home/prathamkelkar/ros2_ws/install/px4_msgs/include/px4_msgs/px4_msgs/msg/detail/estimator_event_flags__type_support.hpp\n'}
[2.149051] (px4_msgs) StdoutLine: {'line': b'-- Up-to-date symlink: /home/prathamkelkar/ros2_ws/install/px4_msgs/include/px4_msgs/px4_msgs/msg/detail/estimator_gps_status__builder.hpp\n'}
[2.149160] (px4_msgs) StdoutLine: {'line': b'-- Up-to-date symlink: /home/prathamkelkar/ros2_ws/install/px4_msgs/include/px4_msgs/px4_msgs/msg/detail/estimator_gps_status__struct.hpp\n'}
[2.149246] (px4_msgs) StdoutLine: {'line': b'-- Up-to-date symlink: /home/prathamkelkar/ros2_ws/install/px4_msgs/include/px4_msgs/px4_msgs/msg/detail/estimator_gps_status__traits.hpp\n'}
[2.149355] (px4_msgs) StdoutLine: {'line': b'-- Up-to-date symlink: /home/prathamkelkar/ros2_ws/install/px4_msgs/include/px4_msgs/px4_msgs/msg/detail/estimator_gps_status__type_support.hpp\n'}
[2.149447] (px4_msgs) StdoutLine: {'line': b'-- Up-to-date symlink: /home/prathamkelkar/ros2_ws/install/px4_msgs/include/px4_msgs/px4_msgs/msg/detail/estimator_innovations__builder.hpp\n'}
[2.149543] (px4_msgs) StdoutLine: {'line': b'-- Up-to-date symlink: /home/prathamkelkar/ros2_ws/install/px4_msgs/include/px4_msgs/px4_msgs/msg/detail/estimator_innovations__struct.hpp\n'}
[2.149632] (px4_msgs) StdoutLine: {'line': b'-- Up-to-date symlink: /home/prathamkelkar/ros2_ws/install/px4_msgs/include/px4_msgs/px4_msgs/msg/detail/estimator_innovations__traits.hpp\n'}
[2.149739] (px4_msgs) StdoutLine: {'line': b'-- Up-to-date symlink: /home/prathamkelkar/ros2_ws/install/px4_msgs/include/px4_msgs/px4_msgs/msg/detail/estimator_innovations__type_support.hpp\n'}
[2.149822] (px4_msgs) StdoutLine: {'line': b'-- Up-to-date symlink: /home/prathamkelkar/ros2_ws/install/px4_msgs/include/px4_msgs/px4_msgs/msg/detail/estimator_selector_status__builder.hpp\n'}
[2.149924] (px4_msgs) StdoutLine: {'line': b'-- Up-to-date symlink: /home/prathamkelkar/ros2_ws/install/px4_msgs/include/px4_msgs/px4_msgs/msg/detail/estimator_selector_status__struct.hpp\n'}
[2.149993] (px4_msgs) StdoutLine: {'line': b'-- Up-to-date symlink: /home/prathamkelkar/ros2_ws/install/px4_msgs/include/px4_msgs/px4_msgs/msg/detail/estimator_selector_status__traits.hpp\n'}
[2.150069] (px4_msgs) StdoutLine: {'line': b'-- Up-to-date symlink: /home/prathamkelkar/ros2_ws/install/px4_msgs/include/px4_msgs/px4_msgs/msg/detail/estimator_selector_status__type_support.hpp\n'}
[2.150412] (px4_msgs) StdoutLine: {'line': b'-- Up-to-date symlink: /home/prathamkelkar/ros2_ws/install/px4_msgs/include/px4_msgs/px4_msgs/msg/detail/estimator_sensor_bias__builder.hpp\n'}
[2.151083] (px4_msgs) StdoutLine: {'line': b'-- Up-to-date symlink: /home/prathamkelkar/ros2_ws/install/px4_msgs/include/px4_msgs/px4_msgs/msg/detail/estimator_sensor_bias__struct.hpp\n'}
[2.151309] (px4_msgs) StdoutLine: {'line': b'-- Up-to-date symlink: /home/prathamkelkar/ros2_ws/install/px4_msgs/include/px4_msgs/px4_msgs/msg/detail/estimator_sensor_bias__traits.hpp\n'}
[2.151496] (px4_msgs) StdoutLine: {'line': b'-- Up-to-date symlink: /home/prathamkelkar/ros2_ws/install/px4_msgs/include/px4_msgs/px4_msgs/msg/detail/estimator_sensor_bias__type_support.hpp\n'}
[2.151622] (px4_msgs) StdoutLine: {'line': b'-- Up-to-date symlink: /home/prathamkelkar/ros2_ws/install/px4_msgs/include/px4_msgs/px4_msgs/msg/detail/estimator_states__builder.hpp\n'}
[2.151724] (px4_msgs) StdoutLine: {'line': b'-- Up-to-date symlink: /home/prathamkelkar/ros2_ws/install/px4_msgs/include/px4_msgs/px4_msgs/msg/detail/estimator_states__struct.hpp\n'}
[2.151858] (px4_msgs) StdoutLine: {'line': b'-- Up-to-date symlink: /home/prathamkelkar/ros2_ws/install/px4_msgs/include/px4_msgs/px4_msgs/msg/detail/estimator_states__traits.hpp\n'}
[2.151961] (px4_msgs) StdoutLine: {'line': b'-- Up-to-date symlink: /home/prathamkelkar/ros2_ws/install/px4_msgs/include/px4_msgs/px4_msgs/msg/detail/estimator_states__type_support.hpp\n'}
[2.152059] (px4_msgs) StdoutLine: {'line': b'-- Up-to-date symlink: /home/prathamkelkar/ros2_ws/install/px4_msgs/include/px4_msgs/px4_msgs/msg/detail/estimator_status__builder.hpp\n'}
[2.152158] (px4_msgs) StdoutLine: {'line': b'-- Up-to-date symlink: /home/prathamkelkar/ros2_ws/install/px4_msgs/include/px4_msgs/px4_msgs/msg/detail/estimator_status__struct.hpp\n'}
[2.152255] (px4_msgs) StdoutLine: {'line': b'-- Up-to-date symlink: /home/prathamkelkar/ros2_ws/install/px4_msgs/include/px4_msgs/px4_msgs/msg/detail/estimator_status__traits.hpp\n'}
[2.152381] (px4_msgs) StdoutLine: {'line': b'-- Up-to-date symlink: /home/prathamkelkar/ros2_ws/install/px4_msgs/include/px4_msgs/px4_msgs/msg/detail/estimator_status__type_support.hpp\n'}
[2.152473] (px4_msgs) StdoutLine: {'line': b'-- Up-to-date symlink: /home/prathamkelkar/ros2_ws/install/px4_msgs/include/px4_msgs/px4_msgs/msg/detail/estimator_status_flags__builder.hpp\n'}
[2.152564] (px4_msgs) StdoutLine: {'line': b'-- Up-to-date symlink: /home/prathamkelkar/ros2_ws/install/px4_msgs/include/px4_msgs/px4_msgs/msg/detail/estimator_status_flags__struct.hpp\n'}
[2.152673] (px4_msgs) StdoutLine: {'line': b'-- Up-to-date symlink: /home/prathamkelkar/ros2_ws/install/px4_msgs/include/px4_msgs/px4_msgs/msg/detail/estimator_status_flags__traits.hpp\n'}
[2.152767] (px4_msgs) StdoutLine: {'line': b'-- Up-to-date symlink: /home/prathamkelkar/ros2_ws/install/px4_msgs/include/px4_msgs/px4_msgs/msg/detail/estimator_status_flags__type_support.hpp\n'}
[2.152855] (px4_msgs) StdoutLine: {'line': b'-- Up-to-date symlink: /home/prathamkelkar/ros2_ws/install/px4_msgs/include/px4_msgs/px4_msgs/msg/detail/event__builder.hpp\n'}
[2.152953] (px4_msgs) StdoutLine: {'line': b'-- Up-to-date symlink: /home/prathamkelkar/ros2_ws/install/px4_msgs/include/px4_msgs/px4_msgs/msg/detail/event__struct.hpp\n'}
[2.153120] (px4_msgs) StdoutLine: {'line': b'-- Up-to-date symlink: /home/prathamkelkar/ros2_ws/install/px4_msgs/include/px4_msgs/px4_msgs/msg/detail/event__traits.hpp\n'}
[2.153219] (px4_msgs) StdoutLine: {'line': b'-- Up-to-date symlink: /home/prathamkelkar/ros2_ws/install/px4_msgs/include/px4_msgs/px4_msgs/msg/detail/event__type_support.hpp\n'}
[2.153318] (px4_msgs) StdoutLine: {'line': b'-- Up-to-date symlink: /home/prathamkelkar/ros2_ws/install/px4_msgs/include/px4_msgs/px4_msgs/msg/detail/failsafe_flags__builder.hpp\n'}
[2.153465] (px4_msgs) StdoutLine: {'line': b'-- Up-to-date symlink: /home/prathamkelkar/ros2_ws/install/px4_msgs/include/px4_msgs/px4_msgs/msg/detail/failsafe_flags__struct.hpp\n'}
[2.153555] (px4_msgs) StdoutLine: {'line': b'-- Up-to-date symlink: /home/prathamkelkar/ros2_ws/install/px4_msgs/include/px4_msgs/px4_msgs/msg/detail/failsafe_flags__traits.hpp\n'}
[2.153665] (px4_msgs) StdoutLine: {'line': b'-- Up-to-date symlink: /home/prathamkelkar/ros2_ws/install/px4_msgs/include/px4_msgs/px4_msgs/msg/detail/failsafe_flags__type_support.hpp\n'}
[2.153798] (px4_msgs) StdoutLine: {'line': b'-- Up-to-date symlink: /home/prathamkelkar/ros2_ws/install/px4_msgs/include/px4_msgs/px4_msgs/msg/detail/failure_detector_status__builder.hpp\n'}
[2.153898] (px4_msgs) StdoutLine: {'line': b'-- Up-to-date symlink: /home/prathamkelkar/ros2_ws/install/px4_msgs/include/px4_msgs/px4_msgs/msg/detail/failure_detector_status__struct.hpp\n'}
[2.153998] (px4_msgs) StdoutLine: {'line': b'-- Up-to-date symlink: /home/prathamkelkar/ros2_ws/install/px4_msgs/include/px4_msgs/px4_msgs/msg/detail/failure_detector_status__traits.hpp\n'}
[2.154091] (px4_msgs) StdoutLine: {'line': b'-- Up-to-date symlink: /home/prathamkelkar/ros2_ws/install/px4_msgs/include/px4_msgs/px4_msgs/msg/detail/failure_detector_status__type_support.hpp\n'}
[2.154219] (px4_msgs) StdoutLine: {'line': b'-- Up-to-date symlink: /home/prathamkelkar/ros2_ws/install/px4_msgs/include/px4_msgs/px4_msgs/msg/detail/figure_eight_status__builder.hpp\n'}
[2.154315] (px4_msgs) StdoutLine: {'line': b'-- Up-to-date symlink: /home/prathamkelkar/ros2_ws/install/px4_msgs/include/px4_msgs/px4_msgs/msg/detail/figure_eight_status__struct.hpp\n'}
[2.154411] (px4_msgs) StdoutLine: {'line': b'-- Up-to-date symlink: /home/prathamkelkar/ros2_ws/install/px4_msgs/include/px4_msgs/px4_msgs/msg/detail/figure_eight_status__traits.hpp\n'}
[2.154539] (px4_msgs) StdoutLine: {'line': b'-- Up-to-date symlink: /home/prathamkelkar/ros2_ws/install/px4_msgs/include/px4_msgs/px4_msgs/msg/detail/figure_eight_status__type_support.hpp\n'}
[2.154663] (px4_msgs) StdoutLine: {'line': b'-- Up-to-date symlink: /home/prathamkelkar/ros2_ws/install/px4_msgs/include/px4_msgs/px4_msgs/msg/detail/flight_phase_estimation__builder.hpp\n'}
[2.154762] (px4_msgs) StdoutLine: {'line': b'-- Up-to-date symlink: /home/prathamkelkar/ros2_ws/install/px4_msgs/include/px4_msgs/px4_msgs/msg/detail/flight_phase_estimation__struct.hpp\n'}
[2.154879] (px4_msgs) StdoutLine: {'line': b'-- Up-to-date symlink: /home/prathamkelkar/ros2_ws/install/px4_msgs/include/px4_msgs/px4_msgs/msg/detail/flight_phase_estimation__traits.hpp\n'}
[2.154974] (px4_msgs) StdoutLine: {'line': b'-- Up-to-date symlink: /home/prathamkelkar/ros2_ws/install/px4_msgs/include/px4_msgs/px4_msgs/msg/detail/flight_phase_estimation__type_support.hpp\n'}
[2.155097] (px4_msgs) StdoutLine: {'line': b'-- Up-to-date symlink: /home/prathamkelkar/ros2_ws/install/px4_msgs/include/px4_msgs/px4_msgs/msg/detail/follow_target__builder.hpp\n'}
[2.155191] (px4_msgs) StdoutLine: {'line': b'-- Up-to-date symlink: /home/prathamkelkar/ros2_ws/install/px4_msgs/include/px4_msgs/px4_msgs/msg/detail/follow_target__struct.hpp\n'}
[2.155293] (px4_msgs) StdoutLine: {'line': b'-- Up-to-date symlink: /home/prathamkelkar/ros2_ws/install/px4_msgs/include/px4_msgs/px4_msgs/msg/detail/follow_target__traits.hpp\n'}
[2.155401] (px4_msgs) StdoutLine: {'line': b'-- Up-to-date symlink: /home/prathamkelkar/ros2_ws/install/px4_msgs/include/px4_msgs/px4_msgs/msg/detail/follow_target__type_support.hpp\n'}
[2.155569] (px4_msgs) StdoutLine: {'line': b'-- Up-to-date symlink: /home/prathamkelkar/ros2_ws/install/px4_msgs/include/px4_msgs/px4_msgs/msg/detail/follow_target_estimator__builder.hpp\n'}
[2.155723] (px4_msgs) StdoutLine: {'line': b'-- Up-to-date symlink: /home/prathamkelkar/ros2_ws/install/px4_msgs/include/px4_msgs/px4_msgs/msg/detail/follow_target_estimator__struct.hpp\n'}
[2.155832] (px4_msgs) StdoutLine: {'line': b'-- Up-to-date symlink: /home/prathamkelkar/ros2_ws/install/px4_msgs/include/px4_msgs/px4_msgs/msg/detail/follow_target_estimator__traits.hpp\n'}
[2.155943] (px4_msgs) StdoutLine: {'line': b'-- Up-to-date symlink: /home/prathamkelkar/ros2_ws/install/px4_msgs/include/px4_msgs/px4_msgs/msg/detail/follow_target_estimator__type_support.hpp\n'}
[2.156087] (px4_msgs) StdoutLine: {'line': b'-- Up-to-date symlink: /home/prathamkelkar/ros2_ws/install/px4_msgs/include/px4_msgs/px4_msgs/msg/detail/follow_target_status__builder.hpp\n'}
[2.156198] (px4_msgs) StdoutLine: {'line': b'-- Up-to-date symlink: /home/prathamkelkar/ros2_ws/install/px4_msgs/include/px4_msgs/px4_msgs/msg/detail/follow_target_status__struct.hpp\n'}
[2.156339] (px4_msgs) StdoutLine: {'line': b'-- Up-to-date symlink: /home/prathamkelkar/ros2_ws/install/px4_msgs/include/px4_msgs/px4_msgs/msg/detail/follow_target_status__traits.hpp\n'}
[2.156450] (px4_msgs) StdoutLine: {'line': b'-- Up-to-date symlink: /home/prathamkelkar/ros2_ws/install/px4_msgs/include/px4_msgs/px4_msgs/msg/detail/follow_target_status__type_support.hpp\n'}
[2.156576] (px4_msgs) StdoutLine: {'line': b'-- Up-to-date symlink: /home/prathamkelkar/ros2_ws/install/px4_msgs/include/px4_msgs/px4_msgs/msg/detail/generator_status__builder.hpp\n'}
[2.156695] (px4_msgs) StdoutLine: {'line': b'-- Up-to-date symlink: /home/prathamkelkar/ros2_ws/install/px4_msgs/include/px4_msgs/px4_msgs/msg/detail/generator_status__struct.hpp\n'}
[2.156804] (px4_msgs) StdoutLine: {'line': b'-- Up-to-date symlink: /home/prathamkelkar/ros2_ws/install/px4_msgs/include/px4_msgs/px4_msgs/msg/detail/generator_status__traits.hpp\n'}
[2.156889] (px4_msgs) StdoutLine: {'line': b'-- Up-to-date symlink: /home/prathamkelkar/ros2_ws/install/px4_msgs/include/px4_msgs/px4_msgs/msg/detail/generator_status__type_support.hpp\n'}
[2.157005] (px4_msgs) StdoutLine: {'line': b'-- Up-to-date symlink: /home/prathamkelkar/ros2_ws/install/px4_msgs/include/px4_msgs/px4_msgs/msg/detail/geofence_result__builder.hpp\n'}
[2.157093] (px4_msgs) StdoutLine: {'line': b'-- Up-to-date symlink: /home/prathamkelkar/ros2_ws/install/px4_msgs/include/px4_msgs/px4_msgs/msg/detail/geofence_result__struct.hpp\n'}
[2.157182] (px4_msgs) StdoutLine: {'line': b'-- Up-to-date symlink: /home/prathamkelkar/ros2_ws/install/px4_msgs/include/px4_msgs/px4_msgs/msg/detail/geofence_result__traits.hpp\n'}
[2.157308] (px4_msgs) StdoutLine: {'line': b'-- Up-to-date symlink: /home/prathamkelkar/ros2_ws/install/px4_msgs/include/px4_msgs/px4_msgs/msg/detail/geofence_result__type_support.hpp\n'}
[2.157399] (px4_msgs) StdoutLine: {'line': b'-- Up-to-date symlink: /home/prathamkelkar/ros2_ws/install/px4_msgs/include/px4_msgs/px4_msgs/msg/detail/geofence_status__builder.hpp\n'}
[2.157517] (px4_msgs) StdoutLine: {'line': b'-- Up-to-date symlink: /home/prathamkelkar/ros2_ws/install/px4_msgs/include/px4_msgs/px4_msgs/msg/detail/geofence_status__struct.hpp\n'}
[2.157614] (px4_msgs) StdoutLine: {'line': b'-- Up-to-date symlink: /home/prathamkelkar/ros2_ws/install/px4_msgs/include/px4_msgs/px4_msgs/msg/detail/geofence_status__traits.hpp\n'}
[2.157731] (px4_msgs) StdoutLine: {'line': b'-- Up-to-date symlink: /home/prathamkelkar/ros2_ws/install/px4_msgs/include/px4_msgs/px4_msgs/msg/detail/geofence_status__type_support.hpp\n'}
[2.157821] (px4_msgs) StdoutLine: {'line': b'-- Up-to-date symlink: /home/prathamkelkar/ros2_ws/install/px4_msgs/include/px4_msgs/px4_msgs/msg/detail/gimbal_controls__builder.hpp\n'}
[2.157906] (px4_msgs) StdoutLine: {'line': b'-- Up-to-date symlink: /home/prathamkelkar/ros2_ws/install/px4_msgs/include/px4_msgs/px4_msgs/msg/detail/gimbal_controls__struct.hpp\n'}
[2.158025] (px4_msgs) StdoutLine: {'line': b'-- Up-to-date symlink: /home/prathamkelkar/ros2_ws/install/px4_msgs/include/px4_msgs/px4_msgs/msg/detail/gimbal_controls__traits.hpp\n'}
[2.158112] (px4_msgs) StdoutLine: {'line': b'-- Up-to-date symlink: /home/prathamkelkar/ros2_ws/install/px4_msgs/include/px4_msgs/px4_msgs/msg/detail/gimbal_controls__type_support.hpp\n'}
[2.158204] (px4_msgs) StdoutLine: {'line': b'-- Up-to-date symlink: /home/prathamkelkar/ros2_ws/install/px4_msgs/include/px4_msgs/px4_msgs/msg/detail/gimbal_device_attitude_status__builder.hpp\n'}
[2.158321] (px4_msgs) StdoutLine: {'line': b'-- Up-to-date symlink: /home/prathamkelkar/ros2_ws/install/px4_msgs/include/px4_msgs/px4_msgs/msg/detail/gimbal_device_attitude_status__struct.hpp\n'}
[2.158439] (px4_msgs) StdoutLine: {'line': b'-- Up-to-date symlink: /home/prathamkelkar/ros2_ws/install/px4_msgs/include/px4_msgs/px4_msgs/msg/detail/gimbal_device_attitude_status__traits.hpp\n'}
[2.158541] (px4_msgs) StdoutLine: {'line': b'-- Up-to-date symlink: /home/prathamkelkar/ros2_ws/install/px4_msgs/include/px4_msgs/px4_msgs/msg/detail/gimbal_device_attitude_status__type_support.hpp\n'}
[2.158655] (px4_msgs) StdoutLine: {'line': b'-- Up-to-date symlink: /home/prathamkelkar/ros2_ws/install/px4_msgs/include/px4_msgs/px4_msgs/msg/detail/gimbal_device_information__builder.hpp\n'}
[2.158774] (px4_msgs) StdoutLine: {'line': b'-- Up-to-date symlink: /home/prathamkelkar/ros2_ws/install/px4_msgs/include/px4_msgs/px4_msgs/msg/detail/gimbal_device_information__struct.hpp\n'}
[2.158863] (px4_msgs) StdoutLine: {'line': b'-- Up-to-date symlink: /home/prathamkelkar/ros2_ws/install/px4_msgs/include/px4_msgs/px4_msgs/msg/detail/gimbal_device_information__traits.hpp\n'}
[2.158950] (px4_msgs) StdoutLine: {'line': b'-- Up-to-date symlink: /home/prathamkelkar/ros2_ws/install/px4_msgs/include/px4_msgs/px4_msgs/msg/detail/gimbal_device_information__type_support.hpp\n'}
[2.159039] (px4_msgs) StdoutLine: {'line': b'-- Up-to-date symlink: /home/prathamkelkar/ros2_ws/install/px4_msgs/include/px4_msgs/px4_msgs/msg/detail/gimbal_device_set_attitude__builder.hpp\n'}
[2.159160] (px4_msgs) StdoutLine: {'line': b'-- Up-to-date symlink: /home/prathamkelkar/ros2_ws/install/px4_msgs/include/px4_msgs/px4_msgs/msg/detail/gimbal_device_set_attitude__struct.hpp\n'}
[2.159283] (px4_msgs) StdoutLine: {'line': b'-- Up-to-date symlink: /home/prathamkelkar/ros2_ws/install/px4_msgs/include/px4_msgs/px4_msgs/msg/detail/gimbal_device_set_attitude__traits.hpp\n'}
[2.159375] (px4_msgs) StdoutLine: {'line': b'-- Up-to-date symlink: /home/prathamkelkar/ros2_ws/install/px4_msgs/include/px4_msgs/px4_msgs/msg/detail/gimbal_device_set_attitude__type_support.hpp\n'}
[2.159491] (px4_msgs) StdoutLine: {'line': b'-- Up-to-date symlink: /home/prathamkelkar/ros2_ws/install/px4_msgs/include/px4_msgs/px4_msgs/msg/detail/gimbal_manager_information__builder.hpp\n'}
[2.159575] (px4_msgs) StdoutLine: {'line': b'-- Up-to-date symlink: /home/prathamkelkar/ros2_ws/install/px4_msgs/include/px4_msgs/px4_msgs/msg/detail/gimbal_manager_information__struct.hpp\n'}
[2.159660] (px4_msgs) StdoutLine: {'line': b'-- Up-to-date symlink: /home/prathamkelkar/ros2_ws/install/px4_msgs/include/px4_msgs/px4_msgs/msg/detail/gimbal_manager_information__traits.hpp\n'}
[2.159783] (px4_msgs) StdoutLine: {'line': b'-- Up-to-date symlink: /home/prathamkelkar/ros2_ws/install/px4_msgs/include/px4_msgs/px4_msgs/msg/detail/gimbal_manager_information__type_support.hpp\n'}
[2.159872] (px4_msgs) StdoutLine: {'line': b'-- Up-to-date symlink: /home/prathamkelkar/ros2_ws/install/px4_msgs/include/px4_msgs/px4_msgs/msg/detail/gimbal_manager_set_attitude__builder.hpp\n'}
[2.159951] (px4_msgs) StdoutLine: {'line': b'-- Up-to-date symlink: /home/prathamkelkar/ros2_ws/install/px4_msgs/include/px4_msgs/px4_msgs/msg/detail/gimbal_manager_set_attitude__struct.hpp\n'}
[2.160053] (px4_msgs) StdoutLine: {'line': b'-- Up-to-date symlink: /home/prathamkelkar/ros2_ws/install/px4_msgs/include/px4_msgs/px4_msgs/msg/detail/gimbal_manager_set_attitude__traits.hpp\n'}
[2.160130] (px4_msgs) StdoutLine: {'line': b'-- Up-to-date symlink: /home/prathamkelkar/ros2_ws/install/px4_msgs/include/px4_msgs/px4_msgs/msg/detail/gimbal_manager_set_attitude__type_support.hpp\n'}
[2.160207] (px4_msgs) StdoutLine: {'line': b'-- Up-to-date symlink: /home/prathamkelkar/ros2_ws/install/px4_msgs/include/px4_msgs/px4_msgs/msg/detail/gimbal_manager_set_manual_control__builder.hpp\n'}
[2.160284] (px4_msgs) StdoutLine: {'line': b'-- Up-to-date symlink: /home/prathamkelkar/ros2_ws/install/px4_msgs/include/px4_msgs/px4_msgs/msg/detail/gimbal_manager_set_manual_control__struct.hpp\n'}
[2.160393] (px4_msgs) StdoutLine: {'line': b'-- Up-to-date symlink: /home/prathamkelkar/ros2_ws/install/px4_msgs/include/px4_msgs/px4_msgs/msg/detail/gimbal_manager_set_manual_control__traits.hpp\n'}
[2.160483] (px4_msgs) StdoutLine: {'line': b'-- Up-to-date symlink: /home/prathamkelkar/ros2_ws/install/px4_msgs/include/px4_msgs/px4_msgs/msg/detail/gimbal_manager_set_manual_control__type_support.hpp\n'}
[2.160560] (px4_msgs) StdoutLine: {'line': b'-- Up-to-date symlink: /home/prathamkelkar/ros2_ws/install/px4_msgs/include/px4_msgs/px4_msgs/msg/detail/gimbal_manager_status__builder.hpp\n'}
[2.160643] (px4_msgs) StdoutLine: {'line': b'-- Up-to-date symlink: /home/prathamkelkar/ros2_ws/install/px4_msgs/include/px4_msgs/px4_msgs/msg/detail/gimbal_manager_status__struct.hpp\n'}
[2.160749] (px4_msgs) StdoutLine: {'line': b'-- Up-to-date symlink: /home/prathamkelkar/ros2_ws/install/px4_msgs/include/px4_msgs/px4_msgs/msg/detail/gimbal_manager_status__traits.hpp\n'}
[2.160829] (px4_msgs) StdoutLine: {'line': b'-- Up-to-date symlink: /home/prathamkelkar/ros2_ws/install/px4_msgs/include/px4_msgs/px4_msgs/msg/detail/gimbal_manager_status__type_support.hpp\n'}
[2.160909] (px4_msgs) StdoutLine: {'line': b'-- Up-to-date symlink: /home/prathamkelkar/ros2_ws/install/px4_msgs/include/px4_msgs/px4_msgs/msg/detail/goto_setpoint__builder.hpp\n'}
[2.160989] (px4_msgs) StdoutLine: {'line': b'-- Up-to-date symlink: /home/prathamkelkar/ros2_ws/install/px4_msgs/include/px4_msgs/px4_msgs/msg/detail/goto_setpoint__struct.hpp\n'}
[2.161066] (px4_msgs) StdoutLine: {'line': b'-- Up-to-date symlink: /home/prathamkelkar/ros2_ws/install/px4_msgs/include/px4_msgs/px4_msgs/msg/detail/goto_setpoint__traits.hpp\n'}
[2.161180] (px4_msgs) StdoutLine: {'line': b'-- Up-to-date symlink: /home/prathamkelkar/ros2_ws/install/px4_msgs/include/px4_msgs/px4_msgs/msg/detail/goto_setpoint__type_support.hpp\n'}
[2.161285] (px4_msgs) StdoutLine: {'line': b'-- Up-to-date symlink: /home/prathamkelkar/ros2_ws/install/px4_msgs/include/px4_msgs/px4_msgs/msg/detail/gpio_config__builder.hpp\n'}
[2.161385] (px4_msgs) StdoutLine: {'line': b'-- Up-to-date symlink: /home/prathamkelkar/ros2_ws/install/px4_msgs/include/px4_msgs/px4_msgs/msg/detail/gpio_config__struct.hpp\n'}
[2.161466] (px4_msgs) StdoutLine: {'line': b'-- Up-to-date symlink: /home/prathamkelkar/ros2_ws/install/px4_msgs/include/px4_msgs/px4_msgs/msg/detail/gpio_config__traits.hpp\n'}
[2.161571] (px4_msgs) StdoutLine: {'line': b'-- Up-to-date symlink: /home/prathamkelkar/ros2_ws/install/px4_msgs/include/px4_msgs/px4_msgs/msg/detail/gpio_config__type_support.hpp\n'}
[2.161673] (px4_msgs) StdoutLine: {'line': b'-- Up-to-date symlink: /home/prathamkelkar/ros2_ws/install/px4_msgs/include/px4_msgs/px4_msgs/msg/detail/gpio_in__builder.hpp\n'}
[2.161759] (px4_msgs) StdoutLine: {'line': b'-- Up-to-date symlink: /home/prathamkelkar/ros2_ws/install/px4_msgs/include/px4_msgs/px4_msgs/msg/detail/gpio_in__struct.hpp\n'}
[2.161832] (px4_msgs) StdoutLine: {'line': b'-- Up-to-date symlink: /home/prathamkelkar/ros2_ws/install/px4_msgs/include/px4_msgs/px4_msgs/msg/detail/gpio_in__traits.hpp\n'}
[2.161912] (px4_msgs) StdoutLine: {'line': b'-- Up-to-date symlink: /home/prathamkelkar/ros2_ws/install/px4_msgs/include/px4_msgs/px4_msgs/msg/detail/gpio_in__type_support.hpp\n'}
[2.161991] (px4_msgs) StdoutLine: {'line': b'-- Up-to-date symlink: /home/prathamkelkar/ros2_ws/install/px4_msgs/include/px4_msgs/px4_msgs/msg/detail/gpio_out__builder.hpp\n'}
[2.162068] (px4_msgs) StdoutLine: {'line': b'-- Up-to-date symlink: /home/prathamkelkar/ros2_ws/install/px4_msgs/include/px4_msgs/px4_msgs/msg/detail/gpio_out__struct.hpp\n'}
[2.162190] (px4_msgs) StdoutLine: {'line': b'-- Up-to-date symlink: /home/prathamkelkar/ros2_ws/install/px4_msgs/include/px4_msgs/px4_msgs/msg/detail/gpio_out__traits.hpp\n'}
[2.162271] (px4_msgs) StdoutLine: {'line': b'-- Up-to-date symlink: /home/prathamkelkar/ros2_ws/install/px4_msgs/include/px4_msgs/px4_msgs/msg/detail/gpio_out__type_support.hpp\n'}
[2.162410] (px4_msgs) StdoutLine: {'line': b'-- Up-to-date symlink: /home/prathamkelkar/ros2_ws/install/px4_msgs/include/px4_msgs/px4_msgs/msg/detail/gpio_request__builder.hpp\n'}
[2.162521] (px4_msgs) StdoutLine: {'line': b'-- Up-to-date symlink: /home/prathamkelkar/ros2_ws/install/px4_msgs/include/px4_msgs/px4_msgs/msg/detail/gpio_request__struct.hpp\n'}
[2.162615] (px4_msgs) StdoutLine: {'line': b'-- Up-to-date symlink: /home/prathamkelkar/ros2_ws/install/px4_msgs/include/px4_msgs/px4_msgs/msg/detail/gpio_request__traits.hpp\n'}
[2.162693] (px4_msgs) StdoutLine: {'line': b'-- Up-to-date symlink: /home/prathamkelkar/ros2_ws/install/px4_msgs/include/px4_msgs/px4_msgs/msg/detail/gpio_request__type_support.hpp\n'}
[2.162772] (px4_msgs) StdoutLine: {'line': b'-- Up-to-date symlink: /home/prathamkelkar/ros2_ws/install/px4_msgs/include/px4_msgs/px4_msgs/msg/detail/gps_dump__builder.hpp\n'}
[2.162851] (px4_msgs) StdoutLine: {'line': b'-- Up-to-date symlink: /home/prathamkelkar/ros2_ws/install/px4_msgs/include/px4_msgs/px4_msgs/msg/detail/gps_dump__struct.hpp\n'}
[2.162960] (px4_msgs) StdoutLine: {'line': b'-- Up-to-date symlink: /home/prathamkelkar/ros2_ws/install/px4_msgs/include/px4_msgs/px4_msgs/msg/detail/gps_dump__traits.hpp\n'}
[2.163038] (px4_msgs) StdoutLine: {'line': b'-- Up-to-date symlink: /home/prathamkelkar/ros2_ws/install/px4_msgs/include/px4_msgs/px4_msgs/msg/detail/gps_dump__type_support.hpp\n'}
[2.163114] (px4_msgs) StdoutLine: {'line': b'-- Up-to-date symlink: /home/prathamkelkar/ros2_ws/install/px4_msgs/include/px4_msgs/px4_msgs/msg/detail/gps_inject_data__builder.hpp\n'}
[2.163186] (px4_msgs) StdoutLine: {'line': b'-- Up-to-date symlink: /home/prathamkelkar/ros2_ws/install/px4_msgs/include/px4_msgs/px4_msgs/msg/detail/gps_inject_data__struct.hpp\n'}
[2.163258] (px4_msgs) StdoutLine: {'line': b'-- Up-to-date symlink: /home/prathamkelkar/ros2_ws/install/px4_msgs/include/px4_msgs/px4_msgs/msg/detail/gps_inject_data__traits.hpp\n'}
[2.163330] (px4_msgs) StdoutLine: {'line': b'-- Up-to-date symlink: /home/prathamkelkar/ros2_ws/install/px4_msgs/include/px4_msgs/px4_msgs/msg/detail/gps_inject_data__type_support.hpp\n'}
[2.163441] (px4_msgs) StdoutLine: {'line': b'-- Up-to-date symlink: /home/prathamkelkar/ros2_ws/install/px4_msgs/include/px4_msgs/px4_msgs/msg/detail/gripper__builder.hpp\n'}
[2.163518] (px4_msgs) StdoutLine: {'line': b'-- Up-to-date symlink: /home/prathamkelkar/ros2_ws/install/px4_msgs/include/px4_msgs/px4_msgs/msg/detail/gripper__struct.hpp\n'}
[2.163593] (px4_msgs) StdoutLine: {'line': b'-- Up-to-date symlink: /home/prathamkelkar/ros2_ws/install/px4_msgs/include/px4_msgs/px4_msgs/msg/detail/gripper__traits.hpp\n'}
[2.163669] (px4_msgs) StdoutLine: {'line': b'-- Up-to-date symlink: /home/prathamkelkar/ros2_ws/install/px4_msgs/include/px4_msgs/px4_msgs/msg/detail/gripper__type_support.hpp\n'}
[2.163741] (px4_msgs) StdoutLine: {'line': b'-- Up-to-date symlink: /home/prathamkelkar/ros2_ws/install/px4_msgs/include/px4_msgs/px4_msgs/msg/detail/health_report__builder.hpp\n'}
[2.163814] (px4_msgs) StdoutLine: {'line': b'-- Up-to-date symlink: /home/prathamkelkar/ros2_ws/install/px4_msgs/include/px4_msgs/px4_msgs/msg/detail/health_report__struct.hpp\n'}
[2.163906] (px4_msgs) StdoutLine: {'line': b'-- Up-to-date symlink: /home/prathamkelkar/ros2_ws/install/px4_msgs/include/px4_msgs/px4_msgs/msg/detail/health_report__traits.hpp\n'}
[2.163980] (px4_msgs) StdoutLine: {'line': b'-- Up-to-date symlink: /home/prathamkelkar/ros2_ws/install/px4_msgs/include/px4_msgs/px4_msgs/msg/detail/health_report__type_support.hpp\n'}
[2.164052] (px4_msgs) StdoutLine: {'line': b'-- Up-to-date symlink: /home/prathamkelkar/ros2_ws/install/px4_msgs/include/px4_msgs/px4_msgs/msg/detail/heater_status__builder.hpp\n'}
[2.164171] (px4_msgs) StdoutLine: {'line': b'-- Up-to-date symlink: /home/prathamkelkar/ros2_ws/install/px4_msgs/include/px4_msgs/px4_msgs/msg/detail/heater_status__struct.hpp\n'}
[2.164262] (px4_msgs) StdoutLine: {'line': b'-- Up-to-date symlink: /home/prathamkelkar/ros2_ws/install/px4_msgs/include/px4_msgs/px4_msgs/msg/detail/heater_status__traits.hpp\n'}
[2.164358] (px4_msgs) StdoutLine: {'line': b'-- Up-to-date symlink: /home/prathamkelkar/ros2_ws/install/px4_msgs/include/px4_msgs/px4_msgs/msg/detail/heater_status__type_support.hpp\n'}
[2.164434] (px4_msgs) StdoutLine: {'line': b'-- Up-to-date symlink: /home/prathamkelkar/ros2_ws/install/px4_msgs/include/px4_msgs/px4_msgs/msg/detail/home_position__builder.hpp\n'}
[2.164533] (px4_msgs) StdoutLine: {'line': b'-- Up-to-date symlink: /home/prathamkelkar/ros2_ws/install/px4_msgs/include/px4_msgs/px4_msgs/msg/detail/home_position__struct.hpp\n'}
[2.164632] (px4_msgs) StdoutLine: {'line': b'-- Up-to-date symlink: /home/prathamkelkar/ros2_ws/install/px4_msgs/include/px4_msgs/px4_msgs/msg/detail/home_position__traits.hpp\n'}
[2.164732] (px4_msgs) StdoutLine: {'line': b'-- Up-to-date symlink: /home/prathamkelkar/ros2_ws/install/px4_msgs/include/px4_msgs/px4_msgs/msg/detail/home_position__type_support.hpp\n'}
[2.164804] (px4_msgs) StdoutLine: {'line': b'-- Up-to-date symlink: /home/prathamkelkar/ros2_ws/install/px4_msgs/include/px4_msgs/px4_msgs/msg/detail/hover_thrust_estimate__builder.hpp\n'}
[2.164880] (px4_msgs) StdoutLine: {'line': b'-- Up-to-date symlink: /home/prathamkelkar/ros2_ws/install/px4_msgs/include/px4_msgs/px4_msgs/msg/detail/hover_thrust_estimate__struct.hpp\n'}
[2.164953] (px4_msgs) StdoutLine: {'line': b'-- Up-to-date symlink: /home/prathamkelkar/ros2_ws/install/px4_msgs/include/px4_msgs/px4_msgs/msg/detail/hover_thrust_estimate__traits.hpp\n'}
[2.165052] (px4_msgs) StdoutLine: {'line': b'-- Up-to-date symlink: /home/prathamkelkar/ros2_ws/install/px4_msgs/include/px4_msgs/px4_msgs/msg/detail/hover_thrust_estimate__type_support.hpp\n'}
[2.165143] (px4_msgs) StdoutLine: {'line': b'-- Up-to-date symlink: /home/prathamkelkar/ros2_ws/install/px4_msgs/include/px4_msgs/px4_msgs/msg/detail/input_rc__builder.hpp\n'}
[2.165240] (px4_msgs) StdoutLine: {'line': b'-- Up-to-date symlink: /home/prathamkelkar/ros2_ws/install/px4_msgs/include/px4_msgs/px4_msgs/msg/detail/input_rc__struct.hpp\n'}
[2.165314] (px4_msgs) StdoutLine: {'line': b'-- Up-to-date symlink: /home/prathamkelkar/ros2_ws/install/px4_msgs/include/px4_msgs/px4_msgs/msg/detail/input_rc__traits.hpp\n'}
[2.165417] (px4_msgs) StdoutLine: {'line': b'-- Up-to-date symlink: /home/prathamkelkar/ros2_ws/install/px4_msgs/include/px4_msgs/px4_msgs/msg/detail/input_rc__type_support.hpp\n'}
[2.165488] (px4_msgs) StdoutLine: {'line': b'-- Up-to-date symlink: /home/prathamkelkar/ros2_ws/install/px4_msgs/include/px4_msgs/px4_msgs/msg/detail/internal_combustion_engine_status__builder.hpp\n'}
[2.165564] (px4_msgs) StdoutLine: {'line': b'-- Up-to-date symlink: /home/prathamkelkar/ros2_ws/install/px4_msgs/include/px4_msgs/px4_msgs/msg/detail/internal_combustion_engine_status__struct.hpp\n'}
[2.165643] (px4_msgs) StdoutLine: {'line': b'-- Up-to-date symlink: /home/prathamkelkar/ros2_ws/install/px4_msgs/include/px4_msgs/px4_msgs/msg/detail/internal_combustion_engine_status__traits.hpp\n'}
[2.165711] (px4_msgs) StdoutLine: {'line': b'-- Up-to-date symlink: /home/prathamkelkar/ros2_ws/install/px4_msgs/include/px4_msgs/px4_msgs/msg/detail/internal_combustion_engine_status__type_support.hpp\n'}
[2.165826] (px4_msgs) StdoutLine: {'line': b'-- Up-to-date symlink: /home/prathamkelkar/ros2_ws/install/px4_msgs/include/px4_msgs/px4_msgs/msg/detail/iridiumsbd_status__builder.hpp\n'}
[2.165923] (px4_msgs) StdoutLine: {'line': b'-- Up-to-date symlink: /home/prathamkelkar/ros2_ws/install/px4_msgs/include/px4_msgs/px4_msgs/msg/detail/iridiumsbd_status__struct.hpp\n'}
[2.166011] (px4_msgs) StdoutLine: {'line': b'-- Up-to-date symlink: /home/prathamkelkar/ros2_ws/install/px4_msgs/include/px4_msgs/px4_msgs/msg/detail/iridiumsbd_status__traits.hpp\n'}
[2.166110] (px4_msgs) StdoutLine: {'line': b'-- Up-to-date symlink: /home/prathamkelkar/ros2_ws/install/px4_msgs/include/px4_msgs/px4_msgs/msg/detail/iridiumsbd_status__type_support.hpp\n'}
[2.166183] (px4_msgs) StdoutLine: {'line': b'-- Up-to-date symlink: /home/prathamkelkar/ros2_ws/install/px4_msgs/include/px4_msgs/px4_msgs/msg/detail/irlock_report__builder.hpp\n'}
[2.166259] (px4_msgs) StdoutLine: {'line': b'-- Up-to-date symlink: /home/prathamkelkar/ros2_ws/install/px4_msgs/include/px4_msgs/px4_msgs/msg/detail/irlock_report__struct.hpp\n'}
[2.166360] (px4_msgs) StdoutLine: {'line': b'-- Up-to-date symlink: /home/prathamkelkar/ros2_ws/install/px4_msgs/include/px4_msgs/px4_msgs/msg/detail/irlock_report__traits.hpp\n'}
[2.166456] (px4_msgs) StdoutLine: {'line': b'-- Up-to-date symlink: /home/prathamkelkar/ros2_ws/install/px4_msgs/include/px4_msgs/px4_msgs/msg/detail/irlock_report__type_support.hpp\n'}
[2.166537] (px4_msgs) StdoutLine: {'line': b'-- Up-to-date symlink: /home/prathamkelkar/ros2_ws/install/px4_msgs/include/px4_msgs/px4_msgs/msg/detail/landing_gear__builder.hpp\n'}
[2.166630] (px4_msgs) StdoutLine: {'line': b'-- Up-to-date symlink: /home/prathamkelkar/ros2_ws/install/px4_msgs/include/px4_msgs/px4_msgs/msg/detail/landing_gear__struct.hpp\n'}
[2.166703] (px4_msgs) StdoutLine: {'line': b'-- Up-to-date symlink: /home/prathamkelkar/ros2_ws/install/px4_msgs/include/px4_msgs/px4_msgs/msg/detail/landing_gear__traits.hpp\n'}
[2.166807] (px4_msgs) StdoutLine: {'line': b'-- Up-to-date symlink: /home/prathamkelkar/ros2_ws/install/px4_msgs/include/px4_msgs/px4_msgs/msg/detail/landing_gear__type_support.hpp\n'}
[2.166879] (px4_msgs) StdoutLine: {'line': b'-- Up-to-date symlink: /home/prathamkelkar/ros2_ws/install/px4_msgs/include/px4_msgs/px4_msgs/msg/detail/landing_gear_wheel__builder.hpp\n'}
[2.166952] (px4_msgs) StdoutLine: {'line': b'-- Up-to-date symlink: /home/prathamkelkar/ros2_ws/install/px4_msgs/include/px4_msgs/px4_msgs/msg/detail/landing_gear_wheel__struct.hpp\n'}
[2.167023] (px4_msgs) StdoutLine: {'line': b'-- Up-to-date symlink: /home/prathamkelkar/ros2_ws/install/px4_msgs/include/px4_msgs/px4_msgs/msg/detail/landing_gear_wheel__traits.hpp\n'}
[2.167126] (px4_msgs) StdoutLine: {'line': b'-- Up-to-date symlink: /home/prathamkelkar/ros2_ws/install/px4_msgs/include/px4_msgs/px4_msgs/msg/detail/landing_gear_wheel__type_support.hpp\n'}
[2.167222] (px4_msgs) StdoutLine: {'line': b'-- Up-to-date symlink: /home/prathamkelkar/ros2_ws/install/px4_msgs/include/px4_msgs/px4_msgs/msg/detail/landing_target_innovations__builder.hpp\n'}
[2.167297] (px4_msgs) StdoutLine: {'line': b'-- Up-to-date symlink: /home/prathamkelkar/ros2_ws/install/px4_msgs/include/px4_msgs/px4_msgs/msg/detail/landing_target_innovations__struct.hpp\n'}
[2.167377] (px4_msgs) StdoutLine: {'line': b'-- Up-to-date symlink: /home/prathamkelkar/ros2_ws/install/px4_msgs/include/px4_msgs/px4_msgs/msg/detail/landing_target_innovations__traits.hpp\n'}
[2.167448] (px4_msgs) StdoutLine: {'line': b'-- Up-to-date symlink: /home/prathamkelkar/ros2_ws/install/px4_msgs/include/px4_msgs/px4_msgs/msg/detail/landing_target_innovations__type_support.hpp\n'}
[2.167549] (px4_msgs) StdoutLine: {'line': b'-- Up-to-date symlink: /home/prathamkelkar/ros2_ws/install/px4_msgs/include/px4_msgs/px4_msgs/msg/detail/landing_target_pose__builder.hpp\n'}
[2.167640] (px4_msgs) StdoutLine: {'line': b'-- Up-to-date symlink: /home/prathamkelkar/ros2_ws/install/px4_msgs/include/px4_msgs/px4_msgs/msg/detail/landing_target_pose__struct.hpp\n'}
[2.167745] (px4_msgs) StdoutLine: {'line': b'-- Up-to-date symlink: /home/prathamkelkar/ros2_ws/install/px4_msgs/include/px4_msgs/px4_msgs/msg/detail/landing_target_pose__traits.hpp\n'}
[2.167823] (px4_msgs) StdoutLine: {'line': b'-- Up-to-date symlink: /home/prathamkelkar/ros2_ws/install/px4_msgs/include/px4_msgs/px4_msgs/msg/detail/landing_target_pose__type_support.hpp\n'}
[2.167919] (px4_msgs) StdoutLine: {'line': b'-- Up-to-date symlink: /home/prathamkelkar/ros2_ws/install/px4_msgs/include/px4_msgs/px4_msgs/msg/detail/launch_detection_status__builder.hpp\n'}
[2.167997] (px4_msgs) StdoutLine: {'line': b'-- Up-to-date symlink: /home/prathamkelkar/ros2_ws/install/px4_msgs/include/px4_msgs/px4_msgs/msg/detail/launch_detection_status__struct.hpp\n'}
[2.168066] (px4_msgs) StdoutLine: {'line': b'-- Up-to-date symlink: /home/prathamkelkar/ros2_ws/install/px4_msgs/include/px4_msgs/px4_msgs/msg/detail/launch_detection_status__traits.hpp\n'}
[2.168276] (px4_msgs) StdoutLine: {'line': b'-- Up-to-date symlink: /home/prathamkelkar/ros2_ws/install/px4_msgs/include/px4_msgs/px4_msgs/msg/detail/launch_detection_status__type_support.hpp\n'}
[2.168353] (px4_msgs) StdoutLine: {'line': b'-- Up-to-date symlink: /home/prathamkelkar/ros2_ws/install/px4_msgs/include/px4_msgs/px4_msgs/msg/detail/led_control__builder.hpp\n'}
[2.168530] (px4_msgs) StdoutLine: {'line': b'-- Up-to-date symlink: /home/prathamkelkar/ros2_ws/install/px4_msgs/include/px4_msgs/px4_msgs/msg/detail/led_control__struct.hpp\n'}
[2.168624] (px4_msgs) StdoutLine: {'line': b'-- Up-to-date symlink: /home/prathamkelkar/ros2_ws/install/px4_msgs/include/px4_msgs/px4_msgs/msg/detail/led_control__traits.hpp\n'}
[2.168699] (px4_msgs) StdoutLine: {'line': b'-- Up-to-date symlink: /home/prathamkelkar/ros2_ws/install/px4_msgs/include/px4_msgs/px4_msgs/msg/detail/led_control__type_support.hpp\n'}
[2.168776] (px4_msgs) StdoutLine: {'line': b'-- Up-to-date symlink: /home/prathamkelkar/ros2_ws/install/px4_msgs/include/px4_msgs/px4_msgs/msg/detail/log_message__builder.hpp\n'}
[2.168857] (px4_msgs) StdoutLine: {'line': b'-- Up-to-date symlink: /home/prathamkelkar/ros2_ws/install/px4_msgs/include/px4_msgs/px4_msgs/msg/detail/log_message__struct.hpp\n'}
[2.168940] (px4_msgs) StdoutLine: {'line': b'-- Up-to-date symlink: /home/prathamkelkar/ros2_ws/install/px4_msgs/include/px4_msgs/px4_msgs/msg/detail/log_message__traits.hpp\n'}
[2.169019] (px4_msgs) StdoutLine: {'line': b'-- Up-to-date symlink: /home/prathamkelkar/ros2_ws/install/px4_msgs/include/px4_msgs/px4_msgs/msg/detail/log_message__type_support.hpp\n'}
[2.169097] (px4_msgs) StdoutLine: {'line': b'-- Up-to-date symlink: /home/prathamkelkar/ros2_ws/install/px4_msgs/include/px4_msgs/px4_msgs/msg/detail/logger_status__builder.hpp\n'}
[2.169182] (px4_msgs) StdoutLine: {'line': b'-- Up-to-date symlink: /home/prathamkelkar/ros2_ws/install/px4_msgs/include/px4_msgs/px4_msgs/msg/detail/logger_status__struct.hpp\n'}
[2.169264] (px4_msgs) StdoutLine: {'line': b'-- Up-to-date symlink: /home/prathamkelkar/ros2_ws/install/px4_msgs/include/px4_msgs/px4_msgs/msg/detail/logger_status__traits.hpp\n'}
[2.169345] (px4_msgs) StdoutLine: {'line': b'-- Up-to-date symlink: /home/prathamkelkar/ros2_ws/install/px4_msgs/include/px4_msgs/px4_msgs/msg/detail/logger_status__type_support.hpp\n'}
[2.169426] (px4_msgs) StdoutLine: {'line': b'-- Up-to-date symlink: /home/prathamkelkar/ros2_ws/install/px4_msgs/include/px4_msgs/px4_msgs/msg/detail/mag_worker_data__builder.hpp\n'}
[2.169505] (px4_msgs) StdoutLine: {'line': b'-- Up-to-date symlink: /home/prathamkelkar/ros2_ws/install/px4_msgs/include/px4_msgs/px4_msgs/msg/detail/mag_worker_data__struct.hpp\n'}
[2.169581] (px4_msgs) StdoutLine: {'line': b'-- Up-to-date symlink: /home/prathamkelkar/ros2_ws/install/px4_msgs/include/px4_msgs/px4_msgs/msg/detail/mag_worker_data__traits.hpp\n'}
[2.169676] (px4_msgs) StdoutLine: {'line': b'-- Up-to-date symlink: /home/prathamkelkar/ros2_ws/install/px4_msgs/include/px4_msgs/px4_msgs/msg/detail/mag_worker_data__type_support.hpp\n'}
[2.169756] (px4_msgs) StdoutLine: {'line': b'-- Up-to-date symlink: /home/prathamkelkar/ros2_ws/install/px4_msgs/include/px4_msgs/px4_msgs/msg/detail/magnetometer_bias_estimate__builder.hpp\n'}
[2.169837] (px4_msgs) StdoutLine: {'line': b'-- Up-to-date symlink: /home/prathamkelkar/ros2_ws/install/px4_msgs/include/px4_msgs/px4_msgs/msg/detail/magnetometer_bias_estimate__struct.hpp\n'}
[2.169917] (px4_msgs) StdoutLine: {'line': b'-- Up-to-date symlink: /home/prathamkelkar/ros2_ws/install/px4_msgs/include/px4_msgs/px4_msgs/msg/detail/magnetometer_bias_estimate__traits.hpp\n'}
[2.169999] (px4_msgs) StdoutLine: {'line': b'-- Up-to-date symlink: /home/prathamkelkar/ros2_ws/install/px4_msgs/include/px4_msgs/px4_msgs/msg/detail/magnetometer_bias_estimate__type_support.hpp\n'}
[2.170080] (px4_msgs) StdoutLine: {'line': b'-- Up-to-date symlink: /home/prathamkelkar/ros2_ws/install/px4_msgs/include/px4_msgs/px4_msgs/msg/detail/manual_control_setpoint__builder.hpp\n'}
[2.170163] (px4_msgs) StdoutLine: {'line': b'-- Up-to-date symlink: /home/prathamkelkar/ros2_ws/install/px4_msgs/include/px4_msgs/px4_msgs/msg/detail/manual_control_setpoint__struct.hpp\n'}
[2.170241] (px4_msgs) StdoutLine: {'line': b'-- Up-to-date symlink: /home/prathamkelkar/ros2_ws/install/px4_msgs/include/px4_msgs/px4_msgs/msg/detail/manual_control_setpoint__traits.hpp\n'}
[2.170329] (px4_msgs) StdoutLine: {'line': b'-- Up-to-date symlink: /home/prathamkelkar/ros2_ws/install/px4_msgs/include/px4_msgs/px4_msgs/msg/detail/manual_control_setpoint__type_support.hpp\n'}
[2.170417] (px4_msgs) StdoutLine: {'line': b'-- Up-to-date symlink: /home/prathamkelkar/ros2_ws/install/px4_msgs/include/px4_msgs/px4_msgs/msg/detail/manual_control_switches__builder.hpp\n'}
[2.170499] (px4_msgs) StdoutLine: {'line': b'-- Up-to-date symlink: /home/prathamkelkar/ros2_ws/install/px4_msgs/include/px4_msgs/px4_msgs/msg/detail/manual_control_switches__struct.hpp\n'}
[2.170582] (px4_msgs) StdoutLine: {'line': b'-- Up-to-date symlink: /home/prathamkelkar/ros2_ws/install/px4_msgs/include/px4_msgs/px4_msgs/msg/detail/manual_control_switches__traits.hpp\n'}
[2.170668] (px4_msgs) StdoutLine: {'line': b'-- Up-to-date symlink: /home/prathamkelkar/ros2_ws/install/px4_msgs/include/px4_msgs/px4_msgs/msg/detail/manual_control_switches__type_support.hpp\n'}
[2.170743] (px4_msgs) StdoutLine: {'line': b'-- Up-to-date symlink: /home/prathamkelkar/ros2_ws/install/px4_msgs/include/px4_msgs/px4_msgs/msg/detail/mavlink_log__builder.hpp\n'}
[2.170821] (px4_msgs) StdoutLine: {'line': b'-- Up-to-date symlink: /home/prathamkelkar/ros2_ws/install/px4_msgs/include/px4_msgs/px4_msgs/msg/detail/mavlink_log__struct.hpp\n'}
[2.170898] (px4_msgs) StdoutLine: {'line': b'-- Up-to-date symlink: /home/prathamkelkar/ros2_ws/install/px4_msgs/include/px4_msgs/px4_msgs/msg/detail/mavlink_log__traits.hpp\n'}
[2.170976] (px4_msgs) StdoutLine: {'line': b'-- Up-to-date symlink: /home/prathamkelkar/ros2_ws/install/px4_msgs/include/px4_msgs/px4_msgs/msg/detail/mavlink_log__type_support.hpp\n'}
[2.171053] (px4_msgs) StdoutLine: {'line': b'-- Up-to-date symlink: /home/prathamkelkar/ros2_ws/install/px4_msgs/include/px4_msgs/px4_msgs/msg/detail/mavlink_tunnel__builder.hpp\n'}
[2.171138] (px4_msgs) StdoutLine: {'line': b'-- Up-to-date symlink: /home/prathamkelkar/ros2_ws/install/px4_msgs/include/px4_msgs/px4_msgs/msg/detail/mavlink_tunnel__struct.hpp\n'}
[2.171219] (px4_msgs) StdoutLine: {'line': b'-- Up-to-date symlink: /home/prathamkelkar/ros2_ws/install/px4_msgs/include/px4_msgs/px4_msgs/msg/detail/mavlink_tunnel__traits.hpp\n'}
[2.171306] (px4_msgs) StdoutLine: {'line': b'-- Up-to-date symlink: /home/prathamkelkar/ros2_ws/install/px4_msgs/include/px4_msgs/px4_msgs/msg/detail/mavlink_tunnel__type_support.hpp\n'}
[2.171398] (px4_msgs) StdoutLine: {'line': b'-- Up-to-date symlink: /home/prathamkelkar/ros2_ws/install/px4_msgs/include/px4_msgs/px4_msgs/msg/detail/message_format_request__builder.hpp\n'}
[2.171489] (px4_msgs) StdoutLine: {'line': b'-- Up-to-date symlink: /home/prathamkelkar/ros2_ws/install/px4_msgs/include/px4_msgs/px4_msgs/msg/detail/message_format_request__struct.hpp\n'}
[2.171573] (px4_msgs) StdoutLine: {'line': b'-- Up-to-date symlink: /home/prathamkelkar/ros2_ws/install/px4_msgs/include/px4_msgs/px4_msgs/msg/detail/message_format_request__traits.hpp\n'}
[2.171668] (px4_msgs) StdoutLine: {'line': b'-- Up-to-date symlink: /home/prathamkelkar/ros2_ws/install/px4_msgs/include/px4_msgs/px4_msgs/msg/detail/message_format_request__type_support.hpp\n'}
[2.171756] (px4_msgs) StdoutLine: {'line': b'-- Up-to-date symlink: /home/prathamkelkar/ros2_ws/install/px4_msgs/include/px4_msgs/px4_msgs/msg/detail/message_format_response__builder.hpp\n'}
[2.171841] (px4_msgs) StdoutLine: {'line': b'-- Up-to-date symlink: /home/prathamkelkar/ros2_ws/install/px4_msgs/include/px4_msgs/px4_msgs/msg/detail/message_format_response__struct.hpp\n'}
[2.171934] (px4_msgs) StdoutLine: {'line': b'-- Up-to-date symlink: /home/prathamkelkar/ros2_ws/install/px4_msgs/include/px4_msgs/px4_msgs/msg/detail/message_format_response__traits.hpp\n'}
[2.172017] (px4_msgs) StdoutLine: {'line': b'-- Up-to-date symlink: /home/prathamkelkar/ros2_ws/install/px4_msgs/include/px4_msgs/px4_msgs/msg/detail/message_format_response__type_support.hpp\n'}
[2.172110] (px4_msgs) StdoutLine: {'line': b'-- Up-to-date symlink: /home/prathamkelkar/ros2_ws/install/px4_msgs/include/px4_msgs/px4_msgs/msg/detail/mission__builder.hpp\n'}
[2.172205] (px4_msgs) StdoutLine: {'line': b'-- Up-to-date symlink: /home/prathamkelkar/ros2_ws/install/px4_msgs/include/px4_msgs/px4_msgs/msg/detail/mission__struct.hpp\n'}
[2.172301] (px4_msgs) StdoutLine: {'line': b'-- Up-to-date symlink: /home/prathamkelkar/ros2_ws/install/px4_msgs/include/px4_msgs/px4_msgs/msg/detail/mission__traits.hpp\n'}
[2.172396] (px4_msgs) StdoutLine: {'line': b'-- Up-to-date symlink: /home/prathamkelkar/ros2_ws/install/px4_msgs/include/px4_msgs/px4_msgs/msg/detail/mission__type_support.hpp\n'}
[2.172497] (px4_msgs) StdoutLine: {'line': b'-- Up-to-date symlink: /home/prathamkelkar/ros2_ws/install/px4_msgs/include/px4_msgs/px4_msgs/msg/detail/mission_result__builder.hpp\n'}
[2.172585] (px4_msgs) StdoutLine: {'line': b'-- Up-to-date symlink: /home/prathamkelkar/ros2_ws/install/px4_msgs/include/px4_msgs/px4_msgs/msg/detail/mission_result__struct.hpp\n'}
[2.172690] (px4_msgs) StdoutLine: {'line': b'-- Up-to-date symlink: /home/prathamkelkar/ros2_ws/install/px4_msgs/include/px4_msgs/px4_msgs/msg/detail/mission_result__traits.hpp\n'}
[2.172975] (px4_msgs) StdoutLine: {'line': b'-- Up-to-date symlink: /home/prathamkelkar/ros2_ws/install/px4_msgs/include/px4_msgs/px4_msgs/msg/detail/mission_result__type_support.hpp\n'}
[2.173092] (px4_msgs) StdoutLine: {'line': b'-- Up-to-date symlink: /home/prathamkelkar/ros2_ws/install/px4_msgs/include/px4_msgs/px4_msgs/msg/detail/mode_completed__builder.hpp\n'}
[2.173183] (px4_msgs) StdoutLine: {'line': b'-- Up-to-date symlink: /home/prathamkelkar/ros2_ws/install/px4_msgs/include/px4_msgs/px4_msgs/msg/detail/mode_completed__struct.hpp\n'}
[2.173283] (px4_msgs) StdoutLine: {'line': b'-- Up-to-date symlink: /home/prathamkelkar/ros2_ws/install/px4_msgs/include/px4_msgs/px4_msgs/msg/detail/mode_completed__traits.hpp\n'}
[2.173381] (px4_msgs) StdoutLine: {'line': b'-- Up-to-date symlink: /home/prathamkelkar/ros2_ws/install/px4_msgs/include/px4_msgs/px4_msgs/msg/detail/mode_completed__type_support.hpp\n'}
[2.173472] (px4_msgs) StdoutLine: {'line': b'-- Up-to-date symlink: /home/prathamkelkar/ros2_ws/install/px4_msgs/include/px4_msgs/px4_msgs/msg/detail/mount_orientation__builder.hpp\n'}
[2.173564] (px4_msgs) StdoutLine: {'line': b'-- Up-to-date symlink: /home/prathamkelkar/ros2_ws/install/px4_msgs/include/px4_msgs/px4_msgs/msg/detail/mount_orientation__struct.hpp\n'}
[2.173667] (px4_msgs) StdoutLine: {'line': b'-- Up-to-date symlink: /home/prathamkelkar/ros2_ws/install/px4_msgs/include/px4_msgs/px4_msgs/msg/detail/mount_orientation__traits.hpp\n'}
[2.173764] (px4_msgs) StdoutLine: {'line': b'-- Up-to-date symlink: /home/prathamkelkar/ros2_ws/install/px4_msgs/include/px4_msgs/px4_msgs/msg/detail/mount_orientation__type_support.hpp\n'}
[2.173855] (px4_msgs) StdoutLine: {'line': b'-- Up-to-date symlink: /home/prathamkelkar/ros2_ws/install/px4_msgs/include/px4_msgs/px4_msgs/msg/detail/navigator_mission_item__builder.hpp\n'}
[2.173940] (px4_msgs) StdoutLine: {'line': b'-- Up-to-date symlink: /home/prathamkelkar/ros2_ws/install/px4_msgs/include/px4_msgs/px4_msgs/msg/detail/navigator_mission_item__struct.hpp\n'}
[2.174031] (px4_msgs) StdoutLine: {'line': b'-- Up-to-date symlink: /home/prathamkelkar/ros2_ws/install/px4_msgs/include/px4_msgs/px4_msgs/msg/detail/navigator_mission_item__traits.hpp\n'}
[2.174124] (px4_msgs) StdoutLine: {'line': b'-- Up-to-date symlink: /home/prathamkelkar/ros2_ws/install/px4_msgs/include/px4_msgs/px4_msgs/msg/detail/navigator_mission_item__type_support.hpp\n'}
[2.174216] (px4_msgs) StdoutLine: {'line': b'-- Up-to-date symlink: /home/prathamkelkar/ros2_ws/install/px4_msgs/include/px4_msgs/px4_msgs/msg/detail/normalized_unsigned_setpoint__builder.hpp\n'}
[2.174308] (px4_msgs) StdoutLine: {'line': b'-- Up-to-date symlink: /home/prathamkelkar/ros2_ws/install/px4_msgs/include/px4_msgs/px4_msgs/msg/detail/normalized_unsigned_setpoint__struct.hpp\n'}
[2.174402] (px4_msgs) StdoutLine: {'line': b'-- Up-to-date symlink: /home/prathamkelkar/ros2_ws/install/px4_msgs/include/px4_msgs/px4_msgs/msg/detail/normalized_unsigned_setpoint__traits.hpp\n'}
[2.174495] (px4_msgs) StdoutLine: {'line': b'-- Up-to-date symlink: /home/prathamkelkar/ros2_ws/install/px4_msgs/include/px4_msgs/px4_msgs/msg/detail/normalized_unsigned_setpoint__type_support.hpp\n'}
[2.174587] (px4_msgs) StdoutLine: {'line': b'-- Up-to-date symlink: /home/prathamkelkar/ros2_ws/install/px4_msgs/include/px4_msgs/px4_msgs/msg/detail/npfg_status__builder.hpp\n'}
[2.174686] (px4_msgs) StdoutLine: {'line': b'-- Up-to-date symlink: /home/prathamkelkar/ros2_ws/install/px4_msgs/include/px4_msgs/px4_msgs/msg/detail/npfg_status__struct.hpp\n'}
[2.174782] (px4_msgs) StdoutLine: {'line': b'-- Up-to-date symlink: /home/prathamkelkar/ros2_ws/install/px4_msgs/include/px4_msgs/px4_msgs/msg/detail/npfg_status__traits.hpp\n'}
[2.174880] (px4_msgs) StdoutLine: {'line': b'-- Up-to-date symlink: /home/prathamkelkar/ros2_ws/install/px4_msgs/include/px4_msgs/px4_msgs/msg/detail/npfg_status__type_support.hpp\n'}
[2.174986] (px4_msgs) StdoutLine: {'line': b'-- Up-to-date symlink: /home/prathamkelkar/ros2_ws/install/px4_msgs/include/px4_msgs/px4_msgs/msg/detail/obstacle_distance__builder.hpp\n'}
[2.175094] (px4_msgs) StdoutLine: {'line': b'-- Up-to-date symlink: /home/prathamkelkar/ros2_ws/install/px4_msgs/include/px4_msgs/px4_msgs/msg/detail/obstacle_distance__struct.hpp\n'}
[2.175203] (px4_msgs) StdoutLine: {'line': b'-- Up-to-date symlink: /home/prathamkelkar/ros2_ws/install/px4_msgs/include/px4_msgs/px4_msgs/msg/detail/obstacle_distance__traits.hpp\n'}
[2.175317] (px4_msgs) StdoutLine: {'line': b'-- Up-to-date symlink: /home/prathamkelkar/ros2_ws/install/px4_msgs/include/px4_msgs/px4_msgs/msg/detail/obstacle_distance__type_support.hpp\n'}
[2.175424] (px4_msgs) StdoutLine: {'line': b'-- Up-to-date symlink: /home/prathamkelkar/ros2_ws/install/px4_msgs/include/px4_msgs/px4_msgs/msg/detail/offboard_control_mode__builder.hpp\n'}
[2.176182] (px4_msgs) StdoutLine: {'line': b'-- Up-to-date symlink: /home/prathamkelkar/ros2_ws/install/px4_msgs/include/px4_msgs/px4_msgs/msg/detail/offboard_control_mode__struct.hpp\n'}
[2.176309] (px4_msgs) StdoutLine: {'line': b'-- Up-to-date symlink: /home/prathamkelkar/ros2_ws/install/px4_msgs/include/px4_msgs/px4_msgs/msg/detail/offboard_control_mode__traits.hpp\n'}
[2.176419] (px4_msgs) StdoutLine: {'line': b'-- Up-to-date symlink: /home/prathamkelkar/ros2_ws/install/px4_msgs/include/px4_msgs/px4_msgs/msg/detail/offboard_control_mode__type_support.hpp\n'}
[2.176511] (px4_msgs) StdoutLine: {'line': b'-- Up-to-date symlink: /home/prathamkelkar/ros2_ws/install/px4_msgs/include/px4_msgs/px4_msgs/msg/detail/onboard_computer_status__builder.hpp\n'}
[2.176597] (px4_msgs) StdoutLine: {'line': b'-- Up-to-date symlink: /home/prathamkelkar/ros2_ws/install/px4_msgs/include/px4_msgs/px4_msgs/msg/detail/onboard_computer_status__struct.hpp\n'}
[2.176718] (px4_msgs) StdoutLine: {'line': b'-- Up-to-date symlink: /home/prathamkelkar/ros2_ws/install/px4_msgs/include/px4_msgs/px4_msgs/msg/detail/onboard_computer_status__traits.hpp\n'}
[2.176827] (px4_msgs) StdoutLine: {'line': b'-- Up-to-date symlink: /home/prathamkelkar/ros2_ws/install/px4_msgs/include/px4_msgs/px4_msgs/msg/detail/onboard_computer_status__type_support.hpp\n'}
[2.176927] (px4_msgs) StdoutLine: {'line': b'-- Up-to-date symlink: /home/prathamkelkar/ros2_ws/install/px4_msgs/include/px4_msgs/px4_msgs/msg/detail/orb_test__builder.hpp\n'}
[2.177023] (px4_msgs) StdoutLine: {'line': b'-- Up-to-date symlink: /home/prathamkelkar/ros2_ws/install/px4_msgs/include/px4_msgs/px4_msgs/msg/detail/orb_test__struct.hpp\n'}
[2.177121] (px4_msgs) StdoutLine: {'line': b'-- Up-to-date symlink: /home/prathamkelkar/ros2_ws/install/px4_msgs/include/px4_msgs/px4_msgs/msg/detail/orb_test__traits.hpp\n'}
[2.177218] (px4_msgs) StdoutLine: {'line': b'-- Up-to-date symlink: /home/prathamkelkar/ros2_ws/install/px4_msgs/include/px4_msgs/px4_msgs/msg/detail/orb_test__type_support.hpp\n'}
[2.177318] (px4_msgs) StdoutLine: {'line': b'-- Up-to-date symlink: /home/prathamkelkar/ros2_ws/install/px4_msgs/include/px4_msgs/px4_msgs/msg/detail/orb_test_large__builder.hpp\n'}
[2.177417] (px4_msgs) StdoutLine: {'line': b'-- Up-to-date symlink: /home/prathamkelkar/ros2_ws/install/px4_msgs/include/px4_msgs/px4_msgs/msg/detail/orb_test_large__struct.hpp\n'}
[2.177517] (px4_msgs) StdoutLine: {'line': b'-- Up-to-date symlink: /home/prathamkelkar/ros2_ws/install/px4_msgs/include/px4_msgs/px4_msgs/msg/detail/orb_test_large__traits.hpp\n'}
[2.177618] (px4_msgs) StdoutLine: {'line': b'-- Up-to-date symlink: /home/prathamkelkar/ros2_ws/install/px4_msgs/include/px4_msgs/px4_msgs/msg/detail/orb_test_large__type_support.hpp\n'}
[2.177714] (px4_msgs) StdoutLine: {'line': b'-- Up-to-date symlink: /home/prathamkelkar/ros2_ws/install/px4_msgs/include/px4_msgs/px4_msgs/msg/detail/orb_test_medium__builder.hpp\n'}
[2.177814] (px4_msgs) StdoutLine: {'line': b'-- Up-to-date symlink: /home/prathamkelkar/ros2_ws/install/px4_msgs/include/px4_msgs/px4_msgs/msg/detail/orb_test_medium__struct.hpp\n'}
[2.177907] (px4_msgs) StdoutLine: {'line': b'-- Up-to-date symlink: /home/prathamkelkar/ros2_ws/install/px4_msgs/include/px4_msgs/px4_msgs/msg/detail/orb_test_medium__traits.hpp\n'}
[2.177999] (px4_msgs) StdoutLine: {'line': b'-- Up-to-date symlink: /home/prathamkelkar/ros2_ws/install/px4_msgs/include/px4_msgs/px4_msgs/msg/detail/orb_test_medium__type_support.hpp\n'}
[2.178096] (px4_msgs) StdoutLine: {'line': b'-- Up-to-date symlink: /home/prathamkelkar/ros2_ws/install/px4_msgs/include/px4_msgs/px4_msgs/msg/detail/orbit_status__builder.hpp\n'}
[2.178184] (px4_msgs) StdoutLine: {'line': b'-- Up-to-date symlink: /home/prathamkelkar/ros2_ws/install/px4_msgs/include/px4_msgs/px4_msgs/msg/detail/orbit_status__struct.hpp\n'}
[2.178275] (px4_msgs) StdoutLine: {'line': b'-- Up-to-date symlink: /home/prathamkelkar/ros2_ws/install/px4_msgs/include/px4_msgs/px4_msgs/msg/detail/orbit_status__traits.hpp\n'}
[2.178469] (px4_msgs) StdoutLine: {'line': b'-- Up-to-date symlink: /home/prathamkelkar/ros2_ws/install/px4_msgs/include/px4_msgs/px4_msgs/msg/detail/orbit_status__type_support.hpp\n'}
[2.178565] (px4_msgs) StdoutLine: {'line': b'-- Up-to-date symlink: /home/prathamkelkar/ros2_ws/install/px4_msgs/include/px4_msgs/px4_msgs/msg/detail/parameter_reset_request__builder.hpp\n'}
[2.178664] (px4_msgs) StdoutLine: {'line': b'-- Up-to-date symlink: /home/prathamkelkar/ros2_ws/install/px4_msgs/include/px4_msgs/px4_msgs/msg/detail/parameter_reset_request__struct.hpp\n'}
[2.178757] (px4_msgs) StdoutLine: {'line': b'-- Up-to-date symlink: /home/prathamkelkar/ros2_ws/install/px4_msgs/include/px4_msgs/px4_msgs/msg/detail/parameter_reset_request__traits.hpp\n'}
[2.178849] (px4_msgs) StdoutLine: {'line': b'-- Up-to-date symlink: /home/prathamkelkar/ros2_ws/install/px4_msgs/include/px4_msgs/px4_msgs/msg/detail/parameter_reset_request__type_support.hpp\n'}
[2.178940] (px4_msgs) StdoutLine: {'line': b'-- Up-to-date symlink: /home/prathamkelkar/ros2_ws/install/px4_msgs/include/px4_msgs/px4_msgs/msg/detail/parameter_set_used_request__builder.hpp\n'}
[2.179033] (px4_msgs) StdoutLine: {'line': b'-- Up-to-date symlink: /home/prathamkelkar/ros2_ws/install/px4_msgs/include/px4_msgs/px4_msgs/msg/detail/parameter_set_used_request__struct.hpp\n'}
[2.179135] (px4_msgs) StdoutLine: {'line': b'-- Up-to-date symlink: /home/prathamkelkar/ros2_ws/install/px4_msgs/include/px4_msgs/px4_msgs/msg/detail/parameter_set_used_request__traits.hpp\n'}
[2.179400] (px4_msgs) StdoutLine: {'line': b'-- Up-to-date symlink: /home/prathamkelkar/ros2_ws/install/px4_msgs/include/px4_msgs/px4_msgs/msg/detail/parameter_set_used_request__type_support.hpp\n'}
[2.179517] (px4_msgs) StdoutLine: {'line': b'-- Up-to-date symlink: /home/prathamkelkar/ros2_ws/install/px4_msgs/include/px4_msgs/px4_msgs/msg/detail/parameter_set_value_request__builder.hpp\n'}
[2.179629] (px4_msgs) StdoutLine: {'line': b'-- Up-to-date symlink: /home/prathamkelkar/ros2_ws/install/px4_msgs/include/px4_msgs/px4_msgs/msg/detail/parameter_set_value_request__struct.hpp\n'}
[2.179733] (px4_msgs) StdoutLine: {'line': b'-- Up-to-date symlink: /home/prathamkelkar/ros2_ws/install/px4_msgs/include/px4_msgs/px4_msgs/msg/detail/parameter_set_value_request__traits.hpp\n'}
[2.179831] (px4_msgs) StdoutLine: {'line': b'-- Up-to-date symlink: /home/prathamkelkar/ros2_ws/install/px4_msgs/include/px4_msgs/px4_msgs/msg/detail/parameter_set_value_request__type_support.hpp\n'}
[2.179925] (px4_msgs) StdoutLine: {'line': b'-- Up-to-date symlink: /home/prathamkelkar/ros2_ws/install/px4_msgs/include/px4_msgs/px4_msgs/msg/detail/parameter_set_value_response__builder.hpp\n'}
[2.180516] (px4_msgs) StdoutLine: {'line': b'-- Up-to-date symlink: /home/prathamkelkar/ros2_ws/install/px4_msgs/include/px4_msgs/px4_msgs/msg/detail/parameter_set_value_response__struct.hpp\n'}
[2.180685] (px4_msgs) StdoutLine: {'line': b'-- Up-to-date symlink: /home/prathamkelkar/ros2_ws/install/px4_msgs/include/px4_msgs/px4_msgs/msg/detail/parameter_set_value_response__traits.hpp\n'}
[2.180801] (px4_msgs) StdoutLine: {'line': b'-- Up-to-date symlink: /home/prathamkelkar/ros2_ws/install/px4_msgs/include/px4_msgs/px4_msgs/msg/detail/parameter_set_value_response__type_support.hpp\n'}
[2.180902] (px4_msgs) StdoutLine: {'line': b'-- Up-to-date symlink: /home/prathamkelkar/ros2_ws/install/px4_msgs/include/px4_msgs/px4_msgs/msg/detail/parameter_update__builder.hpp\n'}
[2.180994] (px4_msgs) StdoutLine: {'line': b'-- Up-to-date symlink: /home/prathamkelkar/ros2_ws/install/px4_msgs/include/px4_msgs/px4_msgs/msg/detail/parameter_update__struct.hpp\n'}
[2.181642] (px4_msgs) StdoutLine: {'line': b'-- Up-to-date symlink: /home/prathamkelkar/ros2_ws/install/px4_msgs/include/px4_msgs/px4_msgs/msg/detail/parameter_update__traits.hpp\n'}
[2.181781] (px4_msgs) StdoutLine: {'line': b'-- Up-to-date symlink: /home/prathamkelkar/ros2_ws/install/px4_msgs/include/px4_msgs/px4_msgs/msg/detail/parameter_update__type_support.hpp\n'}
[2.181949] (px4_msgs) StdoutLine: {'line': b'-- Up-to-date symlink: /home/prathamkelkar/ros2_ws/install/px4_msgs/include/px4_msgs/px4_msgs/msg/detail/ping__builder.hpp\n'}
[2.182057] (px4_msgs) StdoutLine: {'line': b'-- Up-to-date symlink: /home/prathamkelkar/ros2_ws/install/px4_msgs/include/px4_msgs/px4_msgs/msg/detail/ping__struct.hpp\n'}
[2.182156] (px4_msgs) StdoutLine: {'line': b'-- Up-to-date symlink: /home/prathamkelkar/ros2_ws/install/px4_msgs/include/px4_msgs/px4_msgs/msg/detail/ping__traits.hpp\n'}
[2.182256] (px4_msgs) StdoutLine: {'line': b'-- Up-to-date symlink: /home/prathamkelkar/ros2_ws/install/px4_msgs/include/px4_msgs/px4_msgs/msg/detail/ping__type_support.hpp\n'}
[2.182360] (px4_msgs) StdoutLine: {'line': b'-- Up-to-date symlink: /home/prathamkelkar/ros2_ws/install/px4_msgs/include/px4_msgs/px4_msgs/msg/detail/position_controller_landing_status__builder.hpp\n'}
[2.182462] (px4_msgs) StdoutLine: {'line': b'-- Up-to-date symlink: /home/prathamkelkar/ros2_ws/install/px4_msgs/include/px4_msgs/px4_msgs/msg/detail/position_controller_landing_status__struct.hpp\n'}
[2.182558] (px4_msgs) StdoutLine: {'line': b'-- Up-to-date symlink: /home/prathamkelkar/ros2_ws/install/px4_msgs/include/px4_msgs/px4_msgs/msg/detail/position_controller_landing_status__traits.hpp\n'}
[2.182662] (px4_msgs) StdoutLine: {'line': b'-- Up-to-date symlink: /home/prathamkelkar/ros2_ws/install/px4_msgs/include/px4_msgs/px4_msgs/msg/detail/position_controller_landing_status__type_support.hpp\n'}
[2.182758] (px4_msgs) StdoutLine: {'line': b'-- Up-to-date symlink: /home/prathamkelkar/ros2_ws/install/px4_msgs/include/px4_msgs/px4_msgs/msg/detail/position_controller_status__builder.hpp\n'}
[2.182846] (px4_msgs) StdoutLine: {'line': b'-- Up-to-date symlink: /home/prathamkelkar/ros2_ws/install/px4_msgs/include/px4_msgs/px4_msgs/msg/detail/position_controller_status__struct.hpp\n'}
[2.182929] (px4_msgs) StdoutLine: {'line': b'-- Up-to-date symlink: /home/prathamkelkar/ros2_ws/install/px4_msgs/include/px4_msgs/px4_msgs/msg/detail/position_controller_status__traits.hpp\n'}
[2.183023] (px4_msgs) StdoutLine: {'line': b'-- Up-to-date symlink: /home/prathamkelkar/ros2_ws/install/px4_msgs/include/px4_msgs/px4_msgs/msg/detail/position_controller_status__type_support.hpp\n'}
[2.183112] (px4_msgs) StdoutLine: {'line': b'-- Up-to-date symlink: /home/prathamkelkar/ros2_ws/install/px4_msgs/include/px4_msgs/px4_msgs/msg/detail/position_setpoint__builder.hpp\n'}
[2.183200] (px4_msgs) StdoutLine: {'line': b'-- Up-to-date symlink: /home/prathamkelkar/ros2_ws/install/px4_msgs/include/px4_msgs/px4_msgs/msg/detail/position_setpoint__struct.hpp\n'}
[2.183356] (px4_msgs) StdoutLine: {'line': b'-- Up-to-date symlink: /home/prathamkelkar/ros2_ws/install/px4_msgs/include/px4_msgs/px4_msgs/msg/detail/position_setpoint__traits.hpp\n'}
[2.183453] (px4_msgs) StdoutLine: {'line': b'-- Up-to-date symlink: /home/prathamkelkar/ros2_ws/install/px4_msgs/include/px4_msgs/px4_msgs/msg/detail/position_setpoint__type_support.hpp\n'}
[2.183535] (px4_msgs) StdoutLine: {'line': b'-- Up-to-date symlink: /home/prathamkelkar/ros2_ws/install/px4_msgs/include/px4_msgs/px4_msgs/msg/detail/position_setpoint_triplet__builder.hpp\n'}
[2.183621] (px4_msgs) StdoutLine: {'line': b'-- Up-to-date symlink: /home/prathamkelkar/ros2_ws/install/px4_msgs/include/px4_msgs/px4_msgs/msg/detail/position_setpoint_triplet__struct.hpp\n'}
[2.183703] (px4_msgs) StdoutLine: {'line': b'-- Up-to-date symlink: /home/prathamkelkar/ros2_ws/install/px4_msgs/include/px4_msgs/px4_msgs/msg/detail/position_setpoint_triplet__traits.hpp\n'}
[2.183790] (px4_msgs) StdoutLine: {'line': b'-- Up-to-date symlink: /home/prathamkelkar/ros2_ws/install/px4_msgs/include/px4_msgs/px4_msgs/msg/detail/position_setpoint_triplet__type_support.hpp\n'}
[2.183873] (px4_msgs) StdoutLine: {'line': b'-- Up-to-date symlink: /home/prathamkelkar/ros2_ws/install/px4_msgs/include/px4_msgs/px4_msgs/msg/detail/power_button_state__builder.hpp\n'}
[2.183955] (px4_msgs) StdoutLine: {'line': b'-- Up-to-date symlink: /home/prathamkelkar/ros2_ws/install/px4_msgs/include/px4_msgs/px4_msgs/msg/detail/power_button_state__struct.hpp\n'}
[2.184048] (px4_msgs) StdoutLine: {'line': b'-- Up-to-date symlink: /home/prathamkelkar/ros2_ws/install/px4_msgs/include/px4_msgs/px4_msgs/msg/detail/power_button_state__traits.hpp\n'}
[2.184131] (px4_msgs) StdoutLine: {'line': b'-- Up-to-date symlink: /home/prathamkelkar/ros2_ws/install/px4_msgs/include/px4_msgs/px4_msgs/msg/detail/power_button_state__type_support.hpp\n'}
[2.184211] (px4_msgs) StdoutLine: {'line': b'-- Up-to-date symlink: /home/prathamkelkar/ros2_ws/install/px4_msgs/include/px4_msgs/px4_msgs/msg/detail/power_monitor__builder.hpp\n'}
[2.184290] (px4_msgs) StdoutLine: {'line': b'-- Up-to-date symlink: /home/prathamkelkar/ros2_ws/install/px4_msgs/include/px4_msgs/px4_msgs/msg/detail/power_monitor__struct.hpp\n'}
[2.184369] (px4_msgs) StdoutLine: {'line': b'-- Up-to-date symlink: /home/prathamkelkar/ros2_ws/install/px4_msgs/include/px4_msgs/px4_msgs/msg/detail/power_monitor__traits.hpp\n'}
[2.184448] (px4_msgs) StdoutLine: {'line': b'-- Up-to-date symlink: /home/prathamkelkar/ros2_ws/install/px4_msgs/include/px4_msgs/px4_msgs/msg/detail/power_monitor__type_support.hpp\n'}
[2.184528] (px4_msgs) StdoutLine: {'line': b'-- Up-to-date symlink: /home/prathamkelkar/ros2_ws/install/px4_msgs/include/px4_msgs/px4_msgs/msg/detail/pps_capture__builder.hpp\n'}
[2.184616] (px4_msgs) StdoutLine: {'line': b'-- Up-to-date symlink: /home/prathamkelkar/ros2_ws/install/px4_msgs/include/px4_msgs/px4_msgs/msg/detail/pps_capture__struct.hpp\n'}
[2.184700] (px4_msgs) StdoutLine: {'line': b'-- Up-to-date symlink: /home/prathamkelkar/ros2_ws/install/px4_msgs/include/px4_msgs/px4_msgs/msg/detail/pps_capture__traits.hpp\n'}
[2.184783] (px4_msgs) StdoutLine: {'line': b'-- Up-to-date symlink: /home/prathamkelkar/ros2_ws/install/px4_msgs/include/px4_msgs/px4_msgs/msg/detail/pps_capture__type_support.hpp\n'}
[2.184864] (px4_msgs) StdoutLine: {'line': b'-- Up-to-date symlink: /home/prathamkelkar/ros2_ws/install/px4_msgs/include/px4_msgs/px4_msgs/msg/detail/pwm_input__builder.hpp\n'}
[2.184944] (px4_msgs) StdoutLine: {'line': b'-- Up-to-date symlink: /home/prathamkelkar/ros2_ws/install/px4_msgs/include/px4_msgs/px4_msgs/msg/detail/pwm_input__struct.hpp\n'}
[2.185023] (px4_msgs) StdoutLine: {'line': b'-- Up-to-date symlink: /home/prathamkelkar/ros2_ws/install/px4_msgs/include/px4_msgs/px4_msgs/msg/detail/pwm_input__traits.hpp\n'}
[2.185108] (px4_msgs) StdoutLine: {'line': b'-- Up-to-date symlink: /home/prathamkelkar/ros2_ws/install/px4_msgs/include/px4_msgs/px4_msgs/msg/detail/pwm_input__type_support.hpp\n'}
[2.185196] (px4_msgs) StdoutLine: {'line': b'-- Up-to-date symlink: /home/prathamkelkar/ros2_ws/install/px4_msgs/include/px4_msgs/px4_msgs/msg/detail/px4io_status__builder.hpp\n'}
[2.185277] (px4_msgs) StdoutLine: {'line': b'-- Up-to-date symlink: /home/prathamkelkar/ros2_ws/install/px4_msgs/include/px4_msgs/px4_msgs/msg/detail/px4io_status__struct.hpp\n'}
[2.185359] (px4_msgs) StdoutLine: {'line': b'-- Up-to-date symlink: /home/prathamkelkar/ros2_ws/install/px4_msgs/include/px4_msgs/px4_msgs/msg/detail/px4io_status__traits.hpp\n'}
[2.185441] (px4_msgs) StdoutLine: {'line': b'-- Up-to-date symlink: /home/prathamkelkar/ros2_ws/install/px4_msgs/include/px4_msgs/px4_msgs/msg/detail/px4io_status__type_support.hpp\n'}
[2.185522] (px4_msgs) StdoutLine: {'line': b'-- Up-to-date symlink: /home/prathamkelkar/ros2_ws/install/px4_msgs/include/px4_msgs/px4_msgs/msg/detail/qshell_req__builder.hpp\n'}
[2.185609] (px4_msgs) StdoutLine: {'line': b'-- Up-to-date symlink: /home/prathamkelkar/ros2_ws/install/px4_msgs/include/px4_msgs/px4_msgs/msg/detail/qshell_req__struct.hpp\n'}
[2.185691] (px4_msgs) StdoutLine: {'line': b'-- Up-to-date symlink: /home/prathamkelkar/ros2_ws/install/px4_msgs/include/px4_msgs/px4_msgs/msg/detail/qshell_req__traits.hpp\n'}
[2.185915] (px4_msgs) StdoutLine: {'line': b'-- Up-to-date symlink: /home/prathamkelkar/ros2_ws/install/px4_msgs/include/px4_msgs/px4_msgs/msg/detail/qshell_req__type_support.hpp\n'}
[2.186013] (px4_msgs) StdoutLine: {'line': b'-- Up-to-date symlink: /home/prathamkelkar/ros2_ws/install/px4_msgs/include/px4_msgs/px4_msgs/msg/detail/qshell_retval__builder.hpp\n'}
[2.186110] (px4_msgs) StdoutLine: {'line': b'-- Up-to-date symlink: /home/prathamkelkar/ros2_ws/install/px4_msgs/include/px4_msgs/px4_msgs/msg/detail/qshell_retval__struct.hpp\n'}
[2.186197] (px4_msgs) StdoutLine: {'line': b'-- Up-to-date symlink: /home/prathamkelkar/ros2_ws/install/px4_msgs/include/px4_msgs/px4_msgs/msg/detail/qshell_retval__traits.hpp\n'}
[2.186283] (px4_msgs) StdoutLine: {'line': b'-- Up-to-date symlink: /home/prathamkelkar/ros2_ws/install/px4_msgs/include/px4_msgs/px4_msgs/msg/detail/qshell_retval__type_support.hpp\n'}
[2.186371] (px4_msgs) StdoutLine: {'line': b'-- Up-to-date symlink: /home/prathamkelkar/ros2_ws/install/px4_msgs/include/px4_msgs/px4_msgs/msg/detail/radio_status__builder.hpp\n'}
[2.186454] (px4_msgs) StdoutLine: {'line': b'-- Up-to-date symlink: /home/prathamkelkar/ros2_ws/install/px4_msgs/include/px4_msgs/px4_msgs/msg/detail/radio_status__struct.hpp\n'}
[2.186536] (px4_msgs) StdoutLine: {'line': b'-- Up-to-date symlink: /home/prathamkelkar/ros2_ws/install/px4_msgs/include/px4_msgs/px4_msgs/msg/detail/radio_status__traits.hpp\n'}
[2.186630] (px4_msgs) StdoutLine: {'line': b'-- Up-to-date symlink: /home/prathamkelkar/ros2_ws/install/px4_msgs/include/px4_msgs/px4_msgs/msg/detail/radio_status__type_support.hpp\n'}
[2.186716] (px4_msgs) StdoutLine: {'line': b'-- Up-to-date symlink: /home/prathamkelkar/ros2_ws/install/px4_msgs/include/px4_msgs/px4_msgs/msg/detail/rate_ctrl_status__builder.hpp\n'}
[2.186807] (px4_msgs) StdoutLine: {'line': b'-- Up-to-date symlink: /home/prathamkelkar/ros2_ws/install/px4_msgs/include/px4_msgs/px4_msgs/msg/detail/rate_ctrl_status__struct.hpp\n'}
[2.186885] (px4_msgs) StdoutLine: {'line': b'-- Up-to-date symlink: /home/prathamkelkar/ros2_ws/install/px4_msgs/include/px4_msgs/px4_msgs/msg/detail/rate_ctrl_status__traits.hpp\n'}
[2.186963] (px4_msgs) StdoutLine: {'line': b'-- Up-to-date symlink: /home/prathamkelkar/ros2_ws/install/px4_msgs/include/px4_msgs/px4_msgs/msg/detail/rate_ctrl_status__type_support.hpp\n'}
[2.187040] (px4_msgs) StdoutLine: {'line': b'-- Up-to-date symlink: /home/prathamkelkar/ros2_ws/install/px4_msgs/include/px4_msgs/px4_msgs/msg/detail/rc_channels__builder.hpp\n'}
[2.187120] (px4_msgs) StdoutLine: {'line': b'-- Up-to-date symlink: /home/prathamkelkar/ros2_ws/install/px4_msgs/include/px4_msgs/px4_msgs/msg/detail/rc_channels__struct.hpp\n'}
[2.187197] (px4_msgs) StdoutLine: {'line': b'-- Up-to-date symlink: /home/prathamkelkar/ros2_ws/install/px4_msgs/include/px4_msgs/px4_msgs/msg/detail/rc_channels__traits.hpp\n'}
[2.187275] (px4_msgs) StdoutLine: {'line': b'-- Up-to-date symlink: /home/prathamkelkar/ros2_ws/install/px4_msgs/include/px4_msgs/px4_msgs/msg/detail/rc_channels__type_support.hpp\n'}
[2.187350] (px4_msgs) StdoutLine: {'line': b'-- Up-to-date symlink: /home/prathamkelkar/ros2_ws/install/px4_msgs/include/px4_msgs/px4_msgs/msg/detail/rc_parameter_map__builder.hpp\n'}
[2.187426] (px4_msgs) StdoutLine: {'line': b'-- Up-to-date symlink: /home/prathamkelkar/ros2_ws/install/px4_msgs/include/px4_msgs/px4_msgs/msg/detail/rc_parameter_map__struct.hpp\n'}
[2.187503] (px4_msgs) StdoutLine: {'line': b'-- Up-to-date symlink: /home/prathamkelkar/ros2_ws/install/px4_msgs/include/px4_msgs/px4_msgs/msg/detail/rc_parameter_map__traits.hpp\n'}
[2.187581] (px4_msgs) StdoutLine: {'line': b'-- Up-to-date symlink: /home/prathamkelkar/ros2_ws/install/px4_msgs/include/px4_msgs/px4_msgs/msg/detail/rc_parameter_map__type_support.hpp\n'}
[2.187667] (px4_msgs) StdoutLine: {'line': b'-- Up-to-date symlink: /home/prathamkelkar/ros2_ws/install/px4_msgs/include/px4_msgs/px4_msgs/msg/detail/register_ext_component_reply__builder.hpp\n'}
[2.187749] (px4_msgs) StdoutLine: {'line': b'-- Up-to-date symlink: /home/prathamkelkar/ros2_ws/install/px4_msgs/include/px4_msgs/px4_msgs/msg/detail/register_ext_component_reply__struct.hpp\n'}
[2.187831] (px4_msgs) StdoutLine: {'line': b'-- Up-to-date symlink: /home/prathamkelkar/ros2_ws/install/px4_msgs/include/px4_msgs/px4_msgs/msg/detail/register_ext_component_reply__traits.hpp\n'}
[2.187916] (px4_msgs) StdoutLine: {'line': b'-- Up-to-date symlink: /home/prathamkelkar/ros2_ws/install/px4_msgs/include/px4_msgs/px4_msgs/msg/detail/register_ext_component_reply__type_support.hpp\n'}
[2.187998] (px4_msgs) StdoutLine: {'line': b'-- Up-to-date symlink: /home/prathamkelkar/ros2_ws/install/px4_msgs/include/px4_msgs/px4_msgs/msg/detail/register_ext_component_request__builder.hpp\n'}
[2.188081] (px4_msgs) StdoutLine: {'line': b'-- Up-to-date symlink: /home/prathamkelkar/ros2_ws/install/px4_msgs/include/px4_msgs/px4_msgs/msg/detail/register_ext_component_request__struct.hpp\n'}
[2.188163] (px4_msgs) StdoutLine: {'line': b'-- Up-to-date symlink: /home/prathamkelkar/ros2_ws/install/px4_msgs/include/px4_msgs/px4_msgs/msg/detail/register_ext_component_request__traits.hpp\n'}
[2.188250] (px4_msgs) StdoutLine: {'line': b'-- Up-to-date symlink: /home/prathamkelkar/ros2_ws/install/px4_msgs/include/px4_msgs/px4_msgs/msg/detail/register_ext_component_request__type_support.hpp\n'}
[2.188326] (px4_msgs) StdoutLine: {'line': b'-- Up-to-date symlink: /home/prathamkelkar/ros2_ws/install/px4_msgs/include/px4_msgs/px4_msgs/msg/detail/rpm__builder.hpp\n'}
[2.188404] (px4_msgs) StdoutLine: {'line': b'-- Up-to-date symlink: /home/prathamkelkar/ros2_ws/install/px4_msgs/include/px4_msgs/px4_msgs/msg/detail/rpm__struct.hpp\n'}
[2.188486] (px4_msgs) StdoutLine: {'line': b'-- Up-to-date symlink: /home/prathamkelkar/ros2_ws/install/px4_msgs/include/px4_msgs/px4_msgs/msg/detail/rpm__traits.hpp\n'}
[2.188564] (px4_msgs) StdoutLine: {'line': b'-- Up-to-date symlink: /home/prathamkelkar/ros2_ws/install/px4_msgs/include/px4_msgs/px4_msgs/msg/detail/rpm__type_support.hpp\n'}
[2.188650] (px4_msgs) StdoutLine: {'line': b'-- Up-to-date symlink: /home/prathamkelkar/ros2_ws/install/px4_msgs/include/px4_msgs/px4_msgs/msg/detail/rtl_status__builder.hpp\n'}
[2.188731] (px4_msgs) StdoutLine: {'line': b'-- Up-to-date symlink: /home/prathamkelkar/ros2_ws/install/px4_msgs/include/px4_msgs/px4_msgs/msg/detail/rtl_status__struct.hpp\n'}
[2.188810] (px4_msgs) StdoutLine: {'line': b'-- Up-to-date symlink: /home/prathamkelkar/ros2_ws/install/px4_msgs/include/px4_msgs/px4_msgs/msg/detail/rtl_status__traits.hpp\n'}
[2.188890] (px4_msgs) StdoutLine: {'line': b'-- Up-to-date symlink: /home/prathamkelkar/ros2_ws/install/px4_msgs/include/px4_msgs/px4_msgs/msg/detail/rtl_status__type_support.hpp\n'}
[2.188971] (px4_msgs) StdoutLine: {'line': b'-- Up-to-date symlink: /home/prathamkelkar/ros2_ws/install/px4_msgs/include/px4_msgs/px4_msgs/msg/detail/rtl_time_estimate__builder.hpp\n'}
[2.189050] (px4_msgs) StdoutLine: {'line': b'-- Up-to-date symlink: /home/prathamkelkar/ros2_ws/install/px4_msgs/include/px4_msgs/px4_msgs/msg/detail/rtl_time_estimate__struct.hpp\n'}
[2.189127] (px4_msgs) StdoutLine: {'line': b'-- Up-to-date symlink: /home/prathamkelkar/ros2_ws/install/px4_msgs/include/px4_msgs/px4_msgs/msg/detail/rtl_time_estimate__traits.hpp\n'}
[2.189444] (px4_msgs) StdoutLine: {'line': b'-- Up-to-date symlink: /home/prathamkelkar/ros2_ws/install/px4_msgs/include/px4_msgs/px4_msgs/msg/detail/rtl_time_estimate__type_support.hpp\n'}
[2.189535] (px4_msgs) StdoutLine: {'line': b'-- Up-to-date symlink: /home/prathamkelkar/ros2_ws/install/px4_msgs/include/px4_msgs/px4_msgs/msg/detail/satellite_info__builder.hpp\n'}
[2.189623] (px4_msgs) StdoutLine: {'line': b'-- Up-to-date symlink: /home/prathamkelkar/ros2_ws/install/px4_msgs/include/px4_msgs/px4_msgs/msg/detail/satellite_info__struct.hpp\n'}
[2.189705] (px4_msgs) StdoutLine: {'line': b'-- Up-to-date symlink: /home/prathamkelkar/ros2_ws/install/px4_msgs/include/px4_msgs/px4_msgs/msg/detail/satellite_info__traits.hpp\n'}
[2.189786] (px4_msgs) StdoutLine: {'line': b'-- Up-to-date symlink: /home/prathamkelkar/ros2_ws/install/px4_msgs/include/px4_msgs/px4_msgs/msg/detail/satellite_info__type_support.hpp\n'}
[2.189864] (px4_msgs) StdoutLine: {'line': b'-- Up-to-date symlink: /home/prathamkelkar/ros2_ws/install/px4_msgs/include/px4_msgs/px4_msgs/msg/detail/sensor_accel__builder.hpp\n'}
[2.190106] (px4_msgs) StdoutLine: {'line': b'-- Up-to-date symlink: /home/prathamkelkar/ros2_ws/install/px4_msgs/include/px4_msgs/px4_msgs/msg/detail/sensor_accel__struct.hpp\n'}
[2.190194] (px4_msgs) StdoutLine: {'line': b'-- Up-to-date symlink: /home/prathamkelkar/ros2_ws/install/px4_msgs/include/px4_msgs/px4_msgs/msg/detail/sensor_accel__traits.hpp\n'}
[2.190279] (px4_msgs) StdoutLine: {'line': b'-- Up-to-date symlink: /home/prathamkelkar/ros2_ws/install/px4_msgs/include/px4_msgs/px4_msgs/msg/detail/sensor_accel__type_support.hpp\n'}
[2.190363] (px4_msgs) StdoutLine: {'line': b'-- Up-to-date symlink: /home/prathamkelkar/ros2_ws/install/px4_msgs/include/px4_msgs/px4_msgs/msg/detail/sensor_accel_fifo__builder.hpp\n'}
[2.190447] (px4_msgs) StdoutLine: {'line': b'-- Up-to-date symlink: /home/prathamkelkar/ros2_ws/install/px4_msgs/include/px4_msgs/px4_msgs/msg/detail/sensor_accel_fifo__struct.hpp\n'}
[2.190528] (px4_msgs) StdoutLine: {'line': b'-- Up-to-date symlink: /home/prathamkelkar/ros2_ws/install/px4_msgs/include/px4_msgs/px4_msgs/msg/detail/sensor_accel_fifo__traits.hpp\n'}
[2.190610] (px4_msgs) StdoutLine: {'line': b'-- Up-to-date symlink: /home/prathamkelkar/ros2_ws/install/px4_msgs/include/px4_msgs/px4_msgs/msg/detail/sensor_accel_fifo__type_support.hpp\n'}
[2.190694] (px4_msgs) StdoutLine: {'line': b'-- Up-to-date symlink: /home/prathamkelkar/ros2_ws/install/px4_msgs/include/px4_msgs/px4_msgs/msg/detail/sensor_airflow__builder.hpp\n'}
[2.190772] (px4_msgs) StdoutLine: {'line': b'-- Up-to-date symlink: /home/prathamkelkar/ros2_ws/install/px4_msgs/include/px4_msgs/px4_msgs/msg/detail/sensor_airflow__struct.hpp\n'}
[2.190849] (px4_msgs) StdoutLine: {'line': b'-- Up-to-date symlink: /home/prathamkelkar/ros2_ws/install/px4_msgs/include/px4_msgs/px4_msgs/msg/detail/sensor_airflow__traits.hpp\n'}
[2.191088] (px4_msgs) StdoutLine: {'line': b'-- Up-to-date symlink: /home/prathamkelkar/ros2_ws/install/px4_msgs/include/px4_msgs/px4_msgs/msg/detail/sensor_airflow__type_support.hpp\n'}
[2.191180] (px4_msgs) StdoutLine: {'line': b'-- Up-to-date symlink: /home/prathamkelkar/ros2_ws/install/px4_msgs/include/px4_msgs/px4_msgs/msg/detail/sensor_baro__builder.hpp\n'}
[2.191261] (px4_msgs) StdoutLine: {'line': b'-- Up-to-date symlink: /home/prathamkelkar/ros2_ws/install/px4_msgs/include/px4_msgs/px4_msgs/msg/detail/sensor_baro__struct.hpp\n'}
[2.191539] (px4_msgs) StdoutLine: {'line': b'-- Up-to-date symlink: /home/prathamkelkar/ros2_ws/install/px4_msgs/include/px4_msgs/px4_msgs/msg/detail/sensor_baro__traits.hpp\n'}
[2.191630] (px4_msgs) StdoutLine: {'line': b'-- Up-to-date symlink: /home/prathamkelkar/ros2_ws/install/px4_msgs/include/px4_msgs/px4_msgs/msg/detail/sensor_baro__type_support.hpp\n'}
[2.191712] (px4_msgs) StdoutLine: {'line': b'-- Up-to-date symlink: /home/prathamkelkar/ros2_ws/install/px4_msgs/include/px4_msgs/px4_msgs/msg/detail/sensor_combined__builder.hpp\n'}
[2.191793] (px4_msgs) StdoutLine: {'line': b'-- Up-to-date symlink: /home/prathamkelkar/ros2_ws/install/px4_msgs/include/px4_msgs/px4_msgs/msg/detail/sensor_combined__struct.hpp\n'}
[2.191870] (px4_msgs) StdoutLine: {'line': b'-- Up-to-date symlink: /home/prathamkelkar/ros2_ws/install/px4_msgs/include/px4_msgs/px4_msgs/msg/detail/sensor_combined__traits.hpp\n'}
[2.191952] (px4_msgs) StdoutLine: {'line': b'-- Up-to-date symlink: /home/prathamkelkar/ros2_ws/install/px4_msgs/include/px4_msgs/px4_msgs/msg/detail/sensor_combined__type_support.hpp\n'}
[2.192033] (px4_msgs) StdoutLine: {'line': b'-- Up-to-date symlink: /home/prathamkelkar/ros2_ws/install/px4_msgs/include/px4_msgs/px4_msgs/msg/detail/sensor_correction__builder.hpp\n'}
[2.192110] (px4_msgs) StdoutLine: {'line': b'-- Up-to-date symlink: /home/prathamkelkar/ros2_ws/install/px4_msgs/include/px4_msgs/px4_msgs/msg/detail/sensor_correction__struct.hpp\n'}
[2.192189] (px4_msgs) StdoutLine: {'line': b'-- Up-to-date symlink: /home/prathamkelkar/ros2_ws/install/px4_msgs/include/px4_msgs/px4_msgs/msg/detail/sensor_correction__traits.hpp\n'}
[2.192272] (px4_msgs) StdoutLine: {'line': b'-- Up-to-date symlink: /home/prathamkelkar/ros2_ws/install/px4_msgs/include/px4_msgs/px4_msgs/msg/detail/sensor_correction__type_support.hpp\n'}
[2.192358] (px4_msgs) StdoutLine: {'line': b'-- Up-to-date symlink: /home/prathamkelkar/ros2_ws/install/px4_msgs/include/px4_msgs/px4_msgs/msg/detail/sensor_gnss_relative__builder.hpp\n'}
[2.192441] (px4_msgs) StdoutLine: {'line': b'-- Up-to-date symlink: /home/prathamkelkar/ros2_ws/install/px4_msgs/include/px4_msgs/px4_msgs/msg/detail/sensor_gnss_relative__struct.hpp\n'}
[2.192530] (px4_msgs) StdoutLine: {'line': b'-- Up-to-date symlink: /home/prathamkelkar/ros2_ws/install/px4_msgs/include/px4_msgs/px4_msgs/msg/detail/sensor_gnss_relative__traits.hpp\n'}
[2.192617] (px4_msgs) StdoutLine: {'line': b'-- Up-to-date symlink: /home/prathamkelkar/ros2_ws/install/px4_msgs/include/px4_msgs/px4_msgs/msg/detail/sensor_gnss_relative__type_support.hpp\n'}
[2.192701] (px4_msgs) StdoutLine: {'line': b'-- Up-to-date symlink: /home/prathamkelkar/ros2_ws/install/px4_msgs/include/px4_msgs/px4_msgs/msg/detail/sensor_gps__builder.hpp\n'}
[2.192782] (px4_msgs) StdoutLine: {'line': b'-- Up-to-date symlink: /home/prathamkelkar/ros2_ws/install/px4_msgs/include/px4_msgs/px4_msgs/msg/detail/sensor_gps__struct.hpp\n'}
[2.192862] (px4_msgs) StdoutLine: {'line': b'-- Up-to-date symlink: /home/prathamkelkar/ros2_ws/install/px4_msgs/include/px4_msgs/px4_msgs/msg/detail/sensor_gps__traits.hpp\n'}
[2.192946] (px4_msgs) StdoutLine: {'line': b'-- Up-to-date symlink: /home/prathamkelkar/ros2_ws/install/px4_msgs/include/px4_msgs/px4_msgs/msg/detail/sensor_gps__type_support.hpp\n'}
[2.193025] (px4_msgs) StdoutLine: {'line': b'-- Up-to-date symlink: /home/prathamkelkar/ros2_ws/install/px4_msgs/include/px4_msgs/px4_msgs/msg/detail/sensor_gyro__builder.hpp\n'}
[2.193105] (px4_msgs) StdoutLine: {'line': b'-- Up-to-date symlink: /home/prathamkelkar/ros2_ws/install/px4_msgs/include/px4_msgs/px4_msgs/msg/detail/sensor_gyro__struct.hpp\n'}
[2.193183] (px4_msgs) StdoutLine: {'line': b'-- Up-to-date symlink: /home/prathamkelkar/ros2_ws/install/px4_msgs/include/px4_msgs/px4_msgs/msg/detail/sensor_gyro__traits.hpp\n'}
[2.193260] (px4_msgs) StdoutLine: {'line': b'-- Up-to-date symlink: /home/prathamkelkar/ros2_ws/install/px4_msgs/include/px4_msgs/px4_msgs/msg/detail/sensor_gyro__type_support.hpp\n'}
[2.193341] (px4_msgs) StdoutLine: {'line': b'-- Up-to-date symlink: /home/prathamkelkar/ros2_ws/install/px4_msgs/include/px4_msgs/px4_msgs/msg/detail/sensor_gyro_fft__builder.hpp\n'}
[2.193418] (px4_msgs) StdoutLine: {'line': b'-- Up-to-date symlink: /home/prathamkelkar/ros2_ws/install/px4_msgs/include/px4_msgs/px4_msgs/msg/detail/sensor_gyro_fft__struct.hpp\n'}
[2.193499] (px4_msgs) StdoutLine: {'line': b'-- Up-to-date symlink: /home/prathamkelkar/ros2_ws/install/px4_msgs/include/px4_msgs/px4_msgs/msg/detail/sensor_gyro_fft__traits.hpp\n'}
[2.193580] (px4_msgs) StdoutLine: {'line': b'-- Up-to-date symlink: /home/prathamkelkar/ros2_ws/install/px4_msgs/include/px4_msgs/px4_msgs/msg/detail/sensor_gyro_fft__type_support.hpp\n'}
[2.193673] (px4_msgs) StdoutLine: {'line': b'-- Up-to-date symlink: /home/prathamkelkar/ros2_ws/install/px4_msgs/include/px4_msgs/px4_msgs/msg/detail/sensor_gyro_fifo__builder.hpp\n'}
[2.193872] (px4_msgs) StdoutLine: {'line': b'-- Up-to-date symlink: /home/prathamkelkar/ros2_ws/install/px4_msgs/include/px4_msgs/px4_msgs/msg/detail/sensor_gyro_fifo__struct.hpp\n'}
[2.193938] (px4_msgs) StdoutLine: {'line': b'-- Up-to-date symlink: /home/prathamkelkar/ros2_ws/install/px4_msgs/include/px4_msgs/px4_msgs/msg/detail/sensor_gyro_fifo__traits.hpp\n'}
[2.193998] (px4_msgs) StdoutLine: {'line': b'-- Up-to-date symlink: /home/prathamkelkar/ros2_ws/install/px4_msgs/include/px4_msgs/px4_msgs/msg/detail/sensor_gyro_fifo__type_support.hpp\n'}
[2.194060] (px4_msgs) StdoutLine: {'line': b'-- Up-to-date symlink: /home/prathamkelkar/ros2_ws/install/px4_msgs/include/px4_msgs/px4_msgs/msg/detail/sensor_hygrometer__builder.hpp\n'}
[2.194123] (px4_msgs) StdoutLine: {'line': b'-- Up-to-date symlink: /home/prathamkelkar/ros2_ws/install/px4_msgs/include/px4_msgs/px4_msgs/msg/detail/sensor_hygrometer__struct.hpp\n'}
[2.194187] (px4_msgs) StdoutLine: {'line': b'-- Up-to-date symlink: /home/prathamkelkar/ros2_ws/install/px4_msgs/include/px4_msgs/px4_msgs/msg/detail/sensor_hygrometer__traits.hpp\n'}
[2.194247] (px4_msgs) StdoutLine: {'line': b'-- Up-to-date symlink: /home/prathamkelkar/ros2_ws/install/px4_msgs/include/px4_msgs/px4_msgs/msg/detail/sensor_hygrometer__type_support.hpp\n'}
[2.194307] (px4_msgs) StdoutLine: {'line': b'-- Up-to-date symlink: /home/prathamkelkar/ros2_ws/install/px4_msgs/include/px4_msgs/px4_msgs/msg/detail/sensor_mag__builder.hpp\n'}
[2.194370] (px4_msgs) StdoutLine: {'line': b'-- Up-to-date symlink: /home/prathamkelkar/ros2_ws/install/px4_msgs/include/px4_msgs/px4_msgs/msg/detail/sensor_mag__struct.hpp\n'}
[2.194429] (px4_msgs) StdoutLine: {'line': b'-- Up-to-date symlink: /home/prathamkelkar/ros2_ws/install/px4_msgs/include/px4_msgs/px4_msgs/msg/detail/sensor_mag__traits.hpp\n'}
[2.194556] (px4_msgs) StdoutLine: {'line': b'-- Up-to-date symlink: /home/prathamkelkar/ros2_ws/install/px4_msgs/include/px4_msgs/px4_msgs/msg/detail/sensor_mag__type_support.hpp\n'}
[2.194626] (px4_msgs) StdoutLine: {'line': b'-- Up-to-date symlink: /home/prathamkelkar/ros2_ws/install/px4_msgs/include/px4_msgs/px4_msgs/msg/detail/sensor_optical_flow__builder.hpp\n'}
[2.194763] (px4_msgs) StdoutLine: {'line': b'-- Up-to-date symlink: /home/prathamkelkar/ros2_ws/install/px4_msgs/include/px4_msgs/px4_msgs/msg/detail/sensor_optical_flow__struct.hpp\n'}
[2.194824] (px4_msgs) StdoutLine: {'line': b'-- Up-to-date symlink: /home/prathamkelkar/ros2_ws/install/px4_msgs/include/px4_msgs/px4_msgs/msg/detail/sensor_optical_flow__traits.hpp\n'}
[2.194897] (px4_msgs) StdoutLine: {'line': b'-- Up-to-date symlink: /home/prathamkelkar/ros2_ws/install/px4_msgs/include/px4_msgs/px4_msgs/msg/detail/sensor_optical_flow__type_support.hpp\n'}
[2.194985] (px4_msgs) StdoutLine: {'line': b'-- Up-to-date symlink: /home/prathamkelkar/ros2_ws/install/px4_msgs/include/px4_msgs/px4_msgs/msg/detail/sensor_preflight_mag__builder.hpp\n'}
[2.195056] (px4_msgs) StdoutLine: {'line': b'-- Up-to-date symlink: /home/prathamkelkar/ros2_ws/install/px4_msgs/include/px4_msgs/px4_msgs/msg/detail/sensor_preflight_mag__struct.hpp\n'}
[2.195130] (px4_msgs) StdoutLine: {'line': b'-- Up-to-date symlink: /home/prathamkelkar/ros2_ws/install/px4_msgs/include/px4_msgs/px4_msgs/msg/detail/sensor_preflight_mag__traits.hpp\n'}
[2.195317] (px4_msgs) StdoutLine: {'line': b'-- Up-to-date symlink: /home/prathamkelkar/ros2_ws/install/px4_msgs/include/px4_msgs/px4_msgs/msg/detail/sensor_preflight_mag__type_support.hpp\n'}
[2.195380] (px4_msgs) StdoutLine: {'line': b'-- Up-to-date symlink: /home/prathamkelkar/ros2_ws/install/px4_msgs/include/px4_msgs/px4_msgs/msg/detail/sensor_selection__builder.hpp\n'}
[2.195457] (px4_msgs) StdoutLine: {'line': b'-- Up-to-date symlink: /home/prathamkelkar/ros2_ws/install/px4_msgs/include/px4_msgs/px4_msgs/msg/detail/sensor_selection__struct.hpp\n'}
[2.195536] (px4_msgs) StdoutLine: {'line': b'-- Up-to-date symlink: /home/prathamkelkar/ros2_ws/install/px4_msgs/include/px4_msgs/px4_msgs/msg/detail/sensor_selection__traits.hpp\n'}
[2.195618] (px4_msgs) StdoutLine: {'line': b'-- Up-to-date symlink: /home/prathamkelkar/ros2_ws/install/px4_msgs/include/px4_msgs/px4_msgs/msg/detail/sensor_selection__type_support.hpp\n'}
[2.195697] (px4_msgs) StdoutLine: {'line': b'-- Up-to-date symlink: /home/prathamkelkar/ros2_ws/install/px4_msgs/include/px4_msgs/px4_msgs/msg/detail/sensor_uwb__builder.hpp\n'}
[2.195777] (px4_msgs) StdoutLine: {'line': b'-- Up-to-date symlink: /home/prathamkelkar/ros2_ws/install/px4_msgs/include/px4_msgs/px4_msgs/msg/detail/sensor_uwb__struct.hpp\n'}
[2.195853] (px4_msgs) StdoutLine: {'line': b'-- Up-to-date symlink: /home/prathamkelkar/ros2_ws/install/px4_msgs/include/px4_msgs/px4_msgs/msg/detail/sensor_uwb__traits.hpp\n'}
[2.195927] (px4_msgs) StdoutLine: {'line': b'-- Up-to-date symlink: /home/prathamkelkar/ros2_ws/install/px4_msgs/include/px4_msgs/px4_msgs/msg/detail/sensor_uwb__type_support.hpp\n'}
[2.196004] (px4_msgs) StdoutLine: {'line': b'-- Up-to-date symlink: /home/prathamkelkar/ros2_ws/install/px4_msgs/include/px4_msgs/px4_msgs/msg/detail/sensors_status__builder.hpp\n'}
[2.196080] (px4_msgs) StdoutLine: {'line': b'-- Up-to-date symlink: /home/prathamkelkar/ros2_ws/install/px4_msgs/include/px4_msgs/px4_msgs/msg/detail/sensors_status__struct.hpp\n'}
[2.196152] (px4_msgs) StdoutLine: {'line': b'-- Up-to-date symlink: /home/prathamkelkar/ros2_ws/install/px4_msgs/include/px4_msgs/px4_msgs/msg/detail/sensors_status__traits.hpp\n'}
[2.196225] (px4_msgs) StdoutLine: {'line': b'-- Up-to-date symlink: /home/prathamkelkar/ros2_ws/install/px4_msgs/include/px4_msgs/px4_msgs/msg/detail/sensors_status__type_support.hpp\n'}
[2.196298] (px4_msgs) StdoutLine: {'line': b'-- Up-to-date symlink: /home/prathamkelkar/ros2_ws/install/px4_msgs/include/px4_msgs/px4_msgs/msg/detail/sensors_status_imu__builder.hpp\n'}
[2.196373] (px4_msgs) StdoutLine: {'line': b'-- Up-to-date symlink: /home/prathamkelkar/ros2_ws/install/px4_msgs/include/px4_msgs/px4_msgs/msg/detail/sensors_status_imu__struct.hpp\n'}
[2.196451] (px4_msgs) StdoutLine: {'line': b'-- Up-to-date symlink: /home/prathamkelkar/ros2_ws/install/px4_msgs/include/px4_msgs/px4_msgs/msg/detail/sensors_status_imu__traits.hpp\n'}
[2.196524] (px4_msgs) StdoutLine: {'line': b'-- Up-to-date symlink: /home/prathamkelkar/ros2_ws/install/px4_msgs/include/px4_msgs/px4_msgs/msg/detail/sensors_status_imu__type_support.hpp\n'}
[2.196606] (px4_msgs) StdoutLine: {'line': b'-- Up-to-date symlink: /home/prathamkelkar/ros2_ws/install/px4_msgs/include/px4_msgs/px4_msgs/msg/detail/system_power__builder.hpp\n'}
[2.196682] (px4_msgs) StdoutLine: {'line': b'-- Up-to-date symlink: /home/prathamkelkar/ros2_ws/install/px4_msgs/include/px4_msgs/px4_msgs/msg/detail/system_power__struct.hpp\n'}
[2.196755] (px4_msgs) StdoutLine: {'line': b'-- Up-to-date symlink: /home/prathamkelkar/ros2_ws/install/px4_msgs/include/px4_msgs/px4_msgs/msg/detail/system_power__traits.hpp\n'}
[2.196831] (px4_msgs) StdoutLine: {'line': b'-- Up-to-date symlink: /home/prathamkelkar/ros2_ws/install/px4_msgs/include/px4_msgs/px4_msgs/msg/detail/system_power__type_support.hpp\n'}
[2.196905] (px4_msgs) StdoutLine: {'line': b'-- Up-to-date symlink: /home/prathamkelkar/ros2_ws/install/px4_msgs/include/px4_msgs/px4_msgs/msg/detail/takeoff_status__builder.hpp\n'}
[2.196975] (px4_msgs) StdoutLine: {'line': b'-- Up-to-date symlink: /home/prathamkelkar/ros2_ws/install/px4_msgs/include/px4_msgs/px4_msgs/msg/detail/takeoff_status__struct.hpp\n'}
[2.197048] (px4_msgs) StdoutLine: {'line': b'-- Up-to-date symlink: /home/prathamkelkar/ros2_ws/install/px4_msgs/include/px4_msgs/px4_msgs/msg/detail/takeoff_status__traits.hpp\n'}
[2.197118] (px4_msgs) StdoutLine: {'line': b'-- Up-to-date symlink: /home/prathamkelkar/ros2_ws/install/px4_msgs/include/px4_msgs/px4_msgs/msg/detail/takeoff_status__type_support.hpp\n'}
[2.197199] (px4_msgs) StdoutLine: {'line': b'-- Up-to-date symlink: /home/prathamkelkar/ros2_ws/install/px4_msgs/include/px4_msgs/px4_msgs/msg/detail/task_stack_info__builder.hpp\n'}
[2.197272] (px4_msgs) StdoutLine: {'line': b'-- Up-to-date symlink: /home/prathamkelkar/ros2_ws/install/px4_msgs/include/px4_msgs/px4_msgs/msg/detail/task_stack_info__struct.hpp\n'}
[2.197349] (px4_msgs) StdoutLine: {'line': b'-- Up-to-date symlink: /home/prathamkelkar/ros2_ws/install/px4_msgs/include/px4_msgs/px4_msgs/msg/detail/task_stack_info__traits.hpp\n'}
[2.197421] (px4_msgs) StdoutLine: {'line': b'-- Up-to-date symlink: /home/prathamkelkar/ros2_ws/install/px4_msgs/include/px4_msgs/px4_msgs/msg/detail/task_stack_info__type_support.hpp\n'}
[2.197492] (px4_msgs) StdoutLine: {'line': b'-- Up-to-date symlink: /home/prathamkelkar/ros2_ws/install/px4_msgs/include/px4_msgs/px4_msgs/msg/detail/tecs_status__builder.hpp\n'}
[2.197562] (px4_msgs) StdoutLine: {'line': b'-- Up-to-date symlink: /home/prathamkelkar/ros2_ws/install/px4_msgs/include/px4_msgs/px4_msgs/msg/detail/tecs_status__struct.hpp\n'}
[2.197708] (px4_msgs) StdoutLine: {'line': b'-- Up-to-date symlink: /home/prathamkelkar/ros2_ws/install/px4_msgs/include/px4_msgs/px4_msgs/msg/detail/tecs_status__traits.hpp\n'}
[2.197787] (px4_msgs) StdoutLine: {'line': b'-- Up-to-date symlink: /home/prathamkelkar/ros2_ws/install/px4_msgs/include/px4_msgs/px4_msgs/msg/detail/tecs_status__type_support.hpp\n'}
[2.197862] (px4_msgs) StdoutLine: {'line': b'-- Up-to-date symlink: /home/prathamkelkar/ros2_ws/install/px4_msgs/include/px4_msgs/px4_msgs/msg/detail/telemetry_status__builder.hpp\n'}
[2.197939] (px4_msgs) StdoutLine: {'line': b'-- Up-to-date symlink: /home/prathamkelkar/ros2_ws/install/px4_msgs/include/px4_msgs/px4_msgs/msg/detail/telemetry_status__struct.hpp\n'}
[2.198013] (px4_msgs) StdoutLine: {'line': b'-- Up-to-date symlink: /home/prathamkelkar/ros2_ws/install/px4_msgs/include/px4_msgs/px4_msgs/msg/detail/telemetry_status__traits.hpp\n'}
[2.198085] (px4_msgs) StdoutLine: {'line': b'-- Up-to-date symlink: /home/prathamkelkar/ros2_ws/install/px4_msgs/include/px4_msgs/px4_msgs/msg/detail/telemetry_status__type_support.hpp\n'}
[2.198158] (px4_msgs) StdoutLine: {'line': b'-- Up-to-date symlink: /home/prathamkelkar/ros2_ws/install/px4_msgs/include/px4_msgs/px4_msgs/msg/detail/tiltrotor_extra_controls__builder.hpp\n'}
[2.198229] (px4_msgs) StdoutLine: {'line': b'-- Up-to-date symlink: /home/prathamkelkar/ros2_ws/install/px4_msgs/include/px4_msgs/px4_msgs/msg/detail/tiltrotor_extra_controls__struct.hpp\n'}
[2.198302] (px4_msgs) StdoutLine: {'line': b'-- Up-to-date symlink: /home/prathamkelkar/ros2_ws/install/px4_msgs/include/px4_msgs/px4_msgs/msg/detail/tiltrotor_extra_controls__traits.hpp\n'}
[2.198372] (px4_msgs) StdoutLine: {'line': b'-- Up-to-date symlink: /home/prathamkelkar/ros2_ws/install/px4_msgs/include/px4_msgs/px4_msgs/msg/detail/tiltrotor_extra_controls__type_support.hpp\n'}
[2.198445] (px4_msgs) StdoutLine: {'line': b'-- Up-to-date symlink: /home/prathamkelkar/ros2_ws/install/px4_msgs/include/px4_msgs/px4_msgs/msg/detail/timesync_status__builder.hpp\n'}
[2.198518] (px4_msgs) StdoutLine: {'line': b'-- Up-to-date symlink: /home/prathamkelkar/ros2_ws/install/px4_msgs/include/px4_msgs/px4_msgs/msg/detail/timesync_status__struct.hpp\n'}
[2.198586] (px4_msgs) StdoutLine: {'line': b'-- Up-to-date symlink: /home/prathamkelkar/ros2_ws/install/px4_msgs/include/px4_msgs/px4_msgs/msg/detail/timesync_status__traits.hpp\n'}
[2.198658] (px4_msgs) StdoutLine: {'line': b'-- Up-to-date symlink: /home/prathamkelkar/ros2_ws/install/px4_msgs/include/px4_msgs/px4_msgs/msg/detail/timesync_status__type_support.hpp\n'}
[2.198726] (px4_msgs) StdoutLine: {'line': b'-- Up-to-date symlink: /home/prathamkelkar/ros2_ws/install/px4_msgs/include/px4_msgs/px4_msgs/msg/detail/trajectory_bezier__builder.hpp\n'}
[2.198794] (px4_msgs) StdoutLine: {'line': b'-- Up-to-date symlink: /home/prathamkelkar/ros2_ws/install/px4_msgs/include/px4_msgs/px4_msgs/msg/detail/trajectory_bezier__struct.hpp\n'}
[2.198864] (px4_msgs) StdoutLine: {'line': b'-- Up-to-date symlink: /home/prathamkelkar/ros2_ws/install/px4_msgs/include/px4_msgs/px4_msgs/msg/detail/trajectory_bezier__traits.hpp\n'}
[2.198936] (px4_msgs) StdoutLine: {'line': b'-- Up-to-date symlink: /home/prathamkelkar/ros2_ws/install/px4_msgs/include/px4_msgs/px4_msgs/msg/detail/trajectory_bezier__type_support.hpp\n'}
[2.199009] (px4_msgs) StdoutLine: {'line': b'-- Up-to-date symlink: /home/prathamkelkar/ros2_ws/install/px4_msgs/include/px4_msgs/px4_msgs/msg/detail/trajectory_setpoint__builder.hpp\n'}
[2.199081] (px4_msgs) StdoutLine: {'line': b'-- Up-to-date symlink: /home/prathamkelkar/ros2_ws/install/px4_msgs/include/px4_msgs/px4_msgs/msg/detail/trajectory_setpoint__struct.hpp\n'}
[2.199151] (px4_msgs) StdoutLine: {'line': b'-- Up-to-date symlink: /home/prathamkelkar/ros2_ws/install/px4_msgs/include/px4_msgs/px4_msgs/msg/detail/trajectory_setpoint__traits.hpp\n'}
[2.199221] (px4_msgs) StdoutLine: {'line': b'-- Up-to-date symlink: /home/prathamkelkar/ros2_ws/install/px4_msgs/include/px4_msgs/px4_msgs/msg/detail/trajectory_setpoint__type_support.hpp\n'}
[2.199294] (px4_msgs) StdoutLine: {'line': b'-- Up-to-date symlink: /home/prathamkelkar/ros2_ws/install/px4_msgs/include/px4_msgs/px4_msgs/msg/detail/trajectory_waypoint__builder.hpp\n'}
[2.199363] (px4_msgs) StdoutLine: {'line': b'-- Up-to-date symlink: /home/prathamkelkar/ros2_ws/install/px4_msgs/include/px4_msgs/px4_msgs/msg/detail/trajectory_waypoint__struct.hpp\n'}
[2.199434] (px4_msgs) StdoutLine: {'line': b'-- Up-to-date symlink: /home/prathamkelkar/ros2_ws/install/px4_msgs/include/px4_msgs/px4_msgs/msg/detail/trajectory_waypoint__traits.hpp\n'}
[2.199505] (px4_msgs) StdoutLine: {'line': b'-- Up-to-date symlink: /home/prathamkelkar/ros2_ws/install/px4_msgs/include/px4_msgs/px4_msgs/msg/detail/trajectory_waypoint__type_support.hpp\n'}
[2.199747] (px4_msgs) StdoutLine: {'line': b'-- Up-to-date symlink: /home/prathamkelkar/ros2_ws/install/px4_msgs/include/px4_msgs/px4_msgs/msg/detail/transponder_report__builder.hpp\n'}
[2.199827] (px4_msgs) StdoutLine: {'line': b'-- Up-to-date symlink: /home/prathamkelkar/ros2_ws/install/px4_msgs/include/px4_msgs/px4_msgs/msg/detail/transponder_report__struct.hpp\n'}
[2.199898] (px4_msgs) StdoutLine: {'line': b'-- Up-to-date symlink: /home/prathamkelkar/ros2_ws/install/px4_msgs/include/px4_msgs/px4_msgs/msg/detail/transponder_report__traits.hpp\n'}
[2.199974] (px4_msgs) StdoutLine: {'line': b'-- Up-to-date symlink: /home/prathamkelkar/ros2_ws/install/px4_msgs/include/px4_msgs/px4_msgs/msg/detail/transponder_report__type_support.hpp\n'}
[2.200047] (px4_msgs) StdoutLine: {'line': b'-- Up-to-date symlink: /home/prathamkelkar/ros2_ws/install/px4_msgs/include/px4_msgs/px4_msgs/msg/detail/tune_control__builder.hpp\n'}
[2.200121] (px4_msgs) StdoutLine: {'line': b'-- Up-to-date symlink: /home/prathamkelkar/ros2_ws/install/px4_msgs/include/px4_msgs/px4_msgs/msg/detail/tune_control__struct.hpp\n'}
[2.200190] (px4_msgs) StdoutLine: {'line': b'-- Up-to-date symlink: /home/prathamkelkar/ros2_ws/install/px4_msgs/include/px4_msgs/px4_msgs/msg/detail/tune_control__traits.hpp\n'}
[2.200262] (px4_msgs) StdoutLine: {'line': b'-- Up-to-date symlink: /home/prathamkelkar/ros2_ws/install/px4_msgs/include/px4_msgs/px4_msgs/msg/detail/tune_control__type_support.hpp\n'}
[2.200513] (px4_msgs) StdoutLine: {'line': b'-- Up-to-date symlink: /home/prathamkelkar/ros2_ws/install/px4_msgs/include/px4_msgs/px4_msgs/msg/detail/uavcan_parameter_request__builder.hpp\n'}
[2.201249] (px4_msgs) StdoutLine: {'line': b'-- Up-to-date symlink: /home/prathamkelkar/ros2_ws/install/px4_msgs/include/px4_msgs/px4_msgs/msg/detail/uavcan_parameter_request__struct.hpp\n'}
[2.201520] (px4_msgs) StdoutLine: {'line': b'-- Up-to-date symlink: /home/prathamkelkar/ros2_ws/install/px4_msgs/include/px4_msgs/px4_msgs/msg/detail/uavcan_parameter_request__traits.hpp\n'}
[2.201689] (px4_msgs) StdoutLine: {'line': b'-- Up-to-date symlink: /home/prathamkelkar/ros2_ws/install/px4_msgs/include/px4_msgs/px4_msgs/msg/detail/uavcan_parameter_request__type_support.hpp\n'}
[2.201829] (px4_msgs) StdoutLine: {'line': b'-- Up-to-date symlink: /home/prathamkelkar/ros2_ws/install/px4_msgs/include/px4_msgs/px4_msgs/msg/detail/uavcan_parameter_value__builder.hpp\n'}
[2.201959] (px4_msgs) StdoutLine: {'line': b'-- Up-to-date symlink: /home/prathamkelkar/ros2_ws/install/px4_msgs/include/px4_msgs/px4_msgs/msg/detail/uavcan_parameter_value__struct.hpp\n'}
[2.202087] (px4_msgs) StdoutLine: {'line': b'-- Up-to-date symlink: /home/prathamkelkar/ros2_ws/install/px4_msgs/include/px4_msgs/px4_msgs/msg/detail/uavcan_parameter_value__traits.hpp\n'}
[2.202213] (px4_msgs) StdoutLine: {'line': b'-- Up-to-date symlink: /home/prathamkelkar/ros2_ws/install/px4_msgs/include/px4_msgs/px4_msgs/msg/detail/uavcan_parameter_value__type_support.hpp\n'}
[2.202339] (px4_msgs) StdoutLine: {'line': b'-- Up-to-date symlink: /home/prathamkelkar/ros2_ws/install/px4_msgs/include/px4_msgs/px4_msgs/msg/detail/ulog_stream__builder.hpp\n'}
[2.202466] (px4_msgs) StdoutLine: {'line': b'-- Up-to-date symlink: /home/prathamkelkar/ros2_ws/install/px4_msgs/include/px4_msgs/px4_msgs/msg/detail/ulog_stream__struct.hpp\n'}
[2.202774] (px4_msgs) StdoutLine: {'line': b'-- Up-to-date symlink: /home/prathamkelkar/ros2_ws/install/px4_msgs/include/px4_msgs/px4_msgs/msg/detail/ulog_stream__traits.hpp\n'}
[2.203174] (px4_msgs) StdoutLine: {'line': b'-- Up-to-date symlink: /home/prathamkelkar/ros2_ws/install/px4_msgs/include/px4_msgs/px4_msgs/msg/detail/ulog_stream__type_support.hpp\n'}
[2.203490] (px4_msgs) StdoutLine: {'line': b'-- Up-to-date symlink: /home/prathamkelkar/ros2_ws/install/px4_msgs/include/px4_msgs/px4_msgs/msg/detail/ulog_stream_ack__builder.hpp\n'}
[2.203659] (px4_msgs) StdoutLine: {'line': b'-- Up-to-date symlink: /home/prathamkelkar/ros2_ws/install/px4_msgs/include/px4_msgs/px4_msgs/msg/detail/ulog_stream_ack__struct.hpp\n'}
[2.203793] (px4_msgs) StdoutLine: {'line': b'-- Up-to-date symlink: /home/prathamkelkar/ros2_ws/install/px4_msgs/include/px4_msgs/px4_msgs/msg/detail/ulog_stream_ack__traits.hpp\n'}
[2.203921] (px4_msgs) StdoutLine: {'line': b'-- Up-to-date symlink: /home/prathamkelkar/ros2_ws/install/px4_msgs/include/px4_msgs/px4_msgs/msg/detail/ulog_stream_ack__type_support.hpp\n'}
[2.204049] (px4_msgs) StdoutLine: {'line': b'-- Up-to-date symlink: /home/prathamkelkar/ros2_ws/install/px4_msgs/include/px4_msgs/px4_msgs/msg/detail/unregister_ext_component__builder.hpp\n'}
[2.204176] (px4_msgs) StdoutLine: {'line': b'-- Up-to-date symlink: /home/prathamkelkar/ros2_ws/install/px4_msgs/include/px4_msgs/px4_msgs/msg/detail/unregister_ext_component__struct.hpp\n'}
[2.204303] (px4_msgs) StdoutLine: {'line': b'-- Up-to-date symlink: /home/prathamkelkar/ros2_ws/install/px4_msgs/include/px4_msgs/px4_msgs/msg/detail/unregister_ext_component__traits.hpp\n'}
[2.204426] (px4_msgs) StdoutLine: {'line': b'-- Up-to-date symlink: /home/prathamkelkar/ros2_ws/install/px4_msgs/include/px4_msgs/px4_msgs/msg/detail/unregister_ext_component__type_support.hpp\n'}
[2.204554] (px4_msgs) StdoutLine: {'line': b'-- Up-to-date symlink: /home/prathamkelkar/ros2_ws/install/px4_msgs/include/px4_msgs/px4_msgs/msg/detail/vehicle_acceleration__builder.hpp\n'}
[2.204787] (px4_msgs) StdoutLine: {'line': b'-- Up-to-date symlink: /home/prathamkelkar/ros2_ws/install/px4_msgs/include/px4_msgs/px4_msgs/msg/detail/vehicle_acceleration__struct.hpp\n'}
[2.205298] (px4_msgs) StdoutLine: {'line': b'-- Up-to-date symlink: /home/prathamkelkar/ros2_ws/install/px4_msgs/include/px4_msgs/px4_msgs/msg/detail/vehicle_acceleration__traits.hpp\n'}
[2.205482] (px4_msgs) StdoutLine: {'line': b'-- Up-to-date symlink: /home/prathamkelkar/ros2_ws/install/px4_msgs/include/px4_msgs/px4_msgs/msg/detail/vehicle_acceleration__type_support.hpp\n'}
[2.205655] (px4_msgs) StdoutLine: {'line': b'-- Up-to-date symlink: /home/prathamkelkar/ros2_ws/install/px4_msgs/include/px4_msgs/px4_msgs/msg/detail/vehicle_air_data__builder.hpp\n'}
[2.205809] (px4_msgs) StdoutLine: {'line': b'-- Up-to-date symlink: /home/prathamkelkar/ros2_ws/install/px4_msgs/include/px4_msgs/px4_msgs/msg/detail/vehicle_air_data__struct.hpp\n'}
[2.205959] (px4_msgs) StdoutLine: {'line': b'-- Up-to-date symlink: /home/prathamkelkar/ros2_ws/install/px4_msgs/include/px4_msgs/px4_msgs/msg/detail/vehicle_air_data__traits.hpp\n'}
[2.206102] (px4_msgs) StdoutLine: {'line': b'-- Up-to-date symlink: /home/prathamkelkar/ros2_ws/install/px4_msgs/include/px4_msgs/px4_msgs/msg/detail/vehicle_air_data__type_support.hpp\n'}
[2.206247] (px4_msgs) StdoutLine: {'line': b'-- Up-to-date symlink: /home/prathamkelkar/ros2_ws/install/px4_msgs/include/px4_msgs/px4_msgs/msg/detail/vehicle_angular_acceleration_setpoint__builder.hpp\n'}
[2.206728] (px4_msgs) StdoutLine: {'line': b'-- Up-to-date symlink: /home/prathamkelkar/ros2_ws/install/px4_msgs/include/px4_msgs/px4_msgs/msg/detail/vehicle_angular_acceleration_setpoint__struct.hpp\n'}
[2.206889] (px4_msgs) StdoutLine: {'line': b'-- Up-to-date symlink: /home/prathamkelkar/ros2_ws/install/px4_msgs/include/px4_msgs/px4_msgs/msg/detail/vehicle_angular_acceleration_setpoint__traits.hpp\n'}
[2.207026] (px4_msgs) StdoutLine: {'line': b'-- Up-to-date symlink: /home/prathamkelkar/ros2_ws/install/px4_msgs/include/px4_msgs/px4_msgs/msg/detail/vehicle_angular_acceleration_setpoint__type_support.hpp\n'}
[2.207166] (px4_msgs) StdoutLine: {'line': b'-- Up-to-date symlink: /home/prathamkelkar/ros2_ws/install/px4_msgs/include/px4_msgs/px4_msgs/msg/detail/vehicle_angular_velocity__builder.hpp\n'}
[2.207298] (px4_msgs) StdoutLine: {'line': b'-- Up-to-date symlink: /home/prathamkelkar/ros2_ws/install/px4_msgs/include/px4_msgs/px4_msgs/msg/detail/vehicle_angular_velocity__struct.hpp\n'}
[2.207590] (px4_msgs) StdoutLine: {'line': b'-- Up-to-date symlink: /home/prathamkelkar/ros2_ws/install/px4_msgs/include/px4_msgs/px4_msgs/msg/detail/vehicle_angular_velocity__traits.hpp\n'}
[2.207727] (px4_msgs) StdoutLine: {'line': b'-- Up-to-date symlink: /home/prathamkelkar/ros2_ws/install/px4_msgs/include/px4_msgs/px4_msgs/msg/detail/vehicle_angular_velocity__type_support.hpp\n'}
[2.207929] (px4_msgs) StdoutLine: {'line': b'-- Up-to-date symlink: /home/prathamkelkar/ros2_ws/install/px4_msgs/include/px4_msgs/px4_msgs/msg/detail/vehicle_attitude__builder.hpp\n'}
[2.208057] (px4_msgs) StdoutLine: {'line': b'-- Up-to-date symlink: /home/prathamkelkar/ros2_ws/install/px4_msgs/include/px4_msgs/px4_msgs/msg/detail/vehicle_attitude__struct.hpp\n'}
[2.208190] (px4_msgs) StdoutLine: {'line': b'-- Up-to-date symlink: /home/prathamkelkar/ros2_ws/install/px4_msgs/include/px4_msgs/px4_msgs/msg/detail/vehicle_attitude__traits.hpp\n'}
[2.208316] (px4_msgs) StdoutLine: {'line': b'-- Up-to-date symlink: /home/prathamkelkar/ros2_ws/install/px4_msgs/include/px4_msgs/px4_msgs/msg/detail/vehicle_attitude__type_support.hpp\n'}
[2.208542] (px4_msgs) StdoutLine: {'line': b'-- Up-to-date symlink: /home/prathamkelkar/ros2_ws/install/px4_msgs/include/px4_msgs/px4_msgs/msg/detail/vehicle_attitude_setpoint__builder.hpp\n'}
[2.208694] (px4_msgs) StdoutLine: {'line': b'-- Up-to-date symlink: /home/prathamkelkar/ros2_ws/install/px4_msgs/include/px4_msgs/px4_msgs/msg/detail/vehicle_attitude_setpoint__struct.hpp\n'}
[2.208816] (px4_msgs) StdoutLine: {'line': b'-- Up-to-date symlink: /home/prathamkelkar/ros2_ws/install/px4_msgs/include/px4_msgs/px4_msgs/msg/detail/vehicle_attitude_setpoint__traits.hpp\n'}
[2.209038] (px4_msgs) StdoutLine: {'line': b'-- Up-to-date symlink: /home/prathamkelkar/ros2_ws/install/px4_msgs/include/px4_msgs/px4_msgs/msg/detail/vehicle_attitude_setpoint__type_support.hpp\n'}
[2.209181] (px4_msgs) StdoutLine: {'line': b'-- Up-to-date symlink: /home/prathamkelkar/ros2_ws/install/px4_msgs/include/px4_msgs/px4_msgs/msg/detail/vehicle_command__builder.hpp\n'}
[2.209303] (px4_msgs) StdoutLine: {'line': b'-- Up-to-date symlink: /home/prathamkelkar/ros2_ws/install/px4_msgs/include/px4_msgs/px4_msgs/msg/detail/vehicle_command__struct.hpp\n'}
[2.209507] (px4_msgs) StdoutLine: {'line': b'-- Up-to-date symlink: /home/prathamkelkar/ros2_ws/install/px4_msgs/include/px4_msgs/px4_msgs/msg/detail/vehicle_command__traits.hpp\n'}
[2.209682] (px4_msgs) StdoutLine: {'line': b'-- Up-to-date symlink: /home/prathamkelkar/ros2_ws/install/px4_msgs/include/px4_msgs/px4_msgs/msg/detail/vehicle_command__type_support.hpp\n'}
[2.209853] (px4_msgs) StdoutLine: {'line': b'-- Up-to-date symlink: /home/prathamkelkar/ros2_ws/install/px4_msgs/include/px4_msgs/px4_msgs/msg/detail/vehicle_command_ack__builder.hpp\n'}
[2.210017] (px4_msgs) StdoutLine: {'line': b'-- Up-to-date symlink: /home/prathamkelkar/ros2_ws/install/px4_msgs/include/px4_msgs/px4_msgs/msg/detail/vehicle_command_ack__struct.hpp\n'}
[2.210153] (px4_msgs) StdoutLine: {'line': b'-- Up-to-date symlink: /home/prathamkelkar/ros2_ws/install/px4_msgs/include/px4_msgs/px4_msgs/msg/detail/vehicle_command_ack__traits.hpp\n'}
[2.210301] (px4_msgs) StdoutLine: {'line': b'-- Up-to-date symlink: /home/prathamkelkar/ros2_ws/install/px4_msgs/include/px4_msgs/px4_msgs/msg/detail/vehicle_command_ack__type_support.hpp\n'}
[2.210432] (px4_msgs) StdoutLine: {'line': b'-- Up-to-date symlink: /home/prathamkelkar/ros2_ws/install/px4_msgs/include/px4_msgs/px4_msgs/msg/detail/vehicle_constraints__builder.hpp\n'}
[2.210569] (px4_msgs) StdoutLine: {'line': b'-- Up-to-date symlink: /home/prathamkelkar/ros2_ws/install/px4_msgs/include/px4_msgs/px4_msgs/msg/detail/vehicle_constraints__struct.hpp\n'}
[2.210707] (px4_msgs) StdoutLine: {'line': b'-- Up-to-date symlink: /home/prathamkelkar/ros2_ws/install/px4_msgs/include/px4_msgs/px4_msgs/msg/detail/vehicle_constraints__traits.hpp\n'}
[2.210835] (px4_msgs) StdoutLine: {'line': b'-- Up-to-date symlink: /home/prathamkelkar/ros2_ws/install/px4_msgs/include/px4_msgs/px4_msgs/msg/detail/vehicle_constraints__type_support.hpp\n'}
[2.210969] (px4_msgs) StdoutLine: {'line': b'-- Up-to-date symlink: /home/prathamkelkar/ros2_ws/install/px4_msgs/include/px4_msgs/px4_msgs/msg/detail/vehicle_control_mode__builder.hpp\n'}
[2.211089] (px4_msgs) StdoutLine: {'line': b'-- Up-to-date symlink: /home/prathamkelkar/ros2_ws/install/px4_msgs/include/px4_msgs/px4_msgs/msg/detail/vehicle_control_mode__struct.hpp\n'}
[2.211207] (px4_msgs) StdoutLine: {'line': b'-- Up-to-date symlink: /home/prathamkelkar/ros2_ws/install/px4_msgs/include/px4_msgs/px4_msgs/msg/detail/vehicle_control_mode__traits.hpp\n'}
[2.211325] (px4_msgs) StdoutLine: {'line': b'-- Up-to-date symlink: /home/prathamkelkar/ros2_ws/install/px4_msgs/include/px4_msgs/px4_msgs/msg/detail/vehicle_control_mode__type_support.hpp\n'}
[2.211444] (px4_msgs) StdoutLine: {'line': b'-- Up-to-date symlink: /home/prathamkelkar/ros2_ws/install/px4_msgs/include/px4_msgs/px4_msgs/msg/detail/vehicle_global_position__builder.hpp\n'}
[2.211565] (px4_msgs) StdoutLine: {'line': b'-- Up-to-date symlink: /home/prathamkelkar/ros2_ws/install/px4_msgs/include/px4_msgs/px4_msgs/msg/detail/vehicle_global_position__struct.hpp\n'}
[2.211694] (px4_msgs) StdoutLine: {'line': b'-- Up-to-date symlink: /home/prathamkelkar/ros2_ws/install/px4_msgs/include/px4_msgs/px4_msgs/msg/detail/vehicle_global_position__traits.hpp\n'}
[2.211813] (px4_msgs) StdoutLine: {'line': b'-- Up-to-date symlink: /home/prathamkelkar/ros2_ws/install/px4_msgs/include/px4_msgs/px4_msgs/msg/detail/vehicle_global_position__type_support.hpp\n'}
[2.211933] (px4_msgs) StdoutLine: {'line': b'-- Up-to-date symlink: /home/prathamkelkar/ros2_ws/install/px4_msgs/include/px4_msgs/px4_msgs/msg/detail/vehicle_imu__builder.hpp\n'}
[2.212055] (px4_msgs) StdoutLine: {'line': b'-- Up-to-date symlink: /home/prathamkelkar/ros2_ws/install/px4_msgs/include/px4_msgs/px4_msgs/msg/detail/vehicle_imu__struct.hpp\n'}
[2.212173] (px4_msgs) StdoutLine: {'line': b'-- Up-to-date symlink: /home/prathamkelkar/ros2_ws/install/px4_msgs/include/px4_msgs/px4_msgs/msg/detail/vehicle_imu__traits.hpp\n'}
[2.212290] (px4_msgs) StdoutLine: {'line': b'-- Up-to-date symlink: /home/prathamkelkar/ros2_ws/install/px4_msgs/include/px4_msgs/px4_msgs/msg/detail/vehicle_imu__type_support.hpp\n'}
[2.212412] (px4_msgs) StdoutLine: {'line': b'-- Up-to-date symlink: /home/prathamkelkar/ros2_ws/install/px4_msgs/include/px4_msgs/px4_msgs/msg/detail/vehicle_imu_status__builder.hpp\n'}
[2.212541] (px4_msgs) StdoutLine: {'line': b'-- Up-to-date symlink: /home/prathamkelkar/ros2_ws/install/px4_msgs/include/px4_msgs/px4_msgs/msg/detail/vehicle_imu_status__struct.hpp\n'}
[2.212696] (px4_msgs) StdoutLine: {'line': b'-- Up-to-date symlink: /home/prathamkelkar/ros2_ws/install/px4_msgs/include/px4_msgs/px4_msgs/msg/detail/vehicle_imu_status__traits.hpp\n'}
[2.212845] (px4_msgs) StdoutLine: {'line': b'-- Up-to-date symlink: /home/prathamkelkar/ros2_ws/install/px4_msgs/include/px4_msgs/px4_msgs/msg/detail/vehicle_imu_status__type_support.hpp\n'}
[2.212985] (px4_msgs) StdoutLine: {'line': b'-- Up-to-date symlink: /home/prathamkelkar/ros2_ws/install/px4_msgs/include/px4_msgs/px4_msgs/msg/detail/vehicle_land_detected__builder.hpp\n'}
[2.213104] (px4_msgs) StdoutLine: {'line': b'-- Up-to-date symlink: /home/prathamkelkar/ros2_ws/install/px4_msgs/include/px4_msgs/px4_msgs/msg/detail/vehicle_land_detected__struct.hpp\n'}
[2.213289] (px4_msgs) StdoutLine: {'line': b'-- Up-to-date symlink: /home/prathamkelkar/ros2_ws/install/px4_msgs/include/px4_msgs/px4_msgs/msg/detail/vehicle_land_detected__traits.hpp\n'}
[2.213440] (px4_msgs) StdoutLine: {'line': b'-- Up-to-date symlink: /home/prathamkelkar/ros2_ws/install/px4_msgs/include/px4_msgs/px4_msgs/msg/detail/vehicle_land_detected__type_support.hpp\n'}
[2.213591] (px4_msgs) StdoutLine: {'line': b'-- Up-to-date symlink: /home/prathamkelkar/ros2_ws/install/px4_msgs/include/px4_msgs/px4_msgs/msg/detail/vehicle_local_position__builder.hpp\n'}
[2.213719] (px4_msgs) StdoutLine: {'line': b'-- Up-to-date symlink: /home/prathamkelkar/ros2_ws/install/px4_msgs/include/px4_msgs/px4_msgs/msg/detail/vehicle_local_position__struct.hpp\n'}
[2.213911] (px4_msgs) StdoutLine: {'line': b'-- Up-to-date symlink: /home/prathamkelkar/ros2_ws/install/px4_msgs/include/px4_msgs/px4_msgs/msg/detail/vehicle_local_position__traits.hpp\n'}
[2.214097] (px4_msgs) StdoutLine: {'line': b'-- Up-to-date symlink: /home/prathamkelkar/ros2_ws/install/px4_msgs/include/px4_msgs/px4_msgs/msg/detail/vehicle_local_position__type_support.hpp\n'}
[2.214220] (px4_msgs) StdoutLine: {'line': b'-- Up-to-date symlink: /home/prathamkelkar/ros2_ws/install/px4_msgs/include/px4_msgs/px4_msgs/msg/detail/vehicle_local_position_setpoint__builder.hpp\n'}
[2.214428] (px4_msgs) StdoutLine: {'line': b'-- Up-to-date symlink: /home/prathamkelkar/ros2_ws/install/px4_msgs/include/px4_msgs/px4_msgs/msg/detail/vehicle_local_position_setpoint__struct.hpp\n'}
[2.214580] (px4_msgs) StdoutLine: {'line': b'-- Up-to-date symlink: /home/prathamkelkar/ros2_ws/install/px4_msgs/include/px4_msgs/px4_msgs/msg/detail/vehicle_local_position_setpoint__traits.hpp\n'}
[2.214735] (px4_msgs) StdoutLine: {'line': b'-- Up-to-date symlink: /home/prathamkelkar/ros2_ws/install/px4_msgs/include/px4_msgs/px4_msgs/msg/detail/vehicle_local_position_setpoint__type_support.hpp\n'}
[2.214876] (px4_msgs) StdoutLine: {'line': b'-- Up-to-date symlink: /home/prathamkelkar/ros2_ws/install/px4_msgs/include/px4_msgs/px4_msgs/msg/detail/vehicle_magnetometer__builder.hpp\n'}
[2.215020] (px4_msgs) StdoutLine: {'line': b'-- Up-to-date symlink: /home/prathamkelkar/ros2_ws/install/px4_msgs/include/px4_msgs/px4_msgs/msg/detail/vehicle_magnetometer__struct.hpp\n'}
[2.215164] (px4_msgs) StdoutLine: {'line': b'-- Up-to-date symlink: /home/prathamkelkar/ros2_ws/install/px4_msgs/include/px4_msgs/px4_msgs/msg/detail/vehicle_magnetometer__traits.hpp\n'}
[2.215308] (px4_msgs) StdoutLine: {'line': b'-- Up-to-date symlink: /home/prathamkelkar/ros2_ws/install/px4_msgs/include/px4_msgs/px4_msgs/msg/detail/vehicle_magnetometer__type_support.hpp\n'}
[2.215449] (px4_msgs) StdoutLine: {'line': b'-- Up-to-date symlink: /home/prathamkelkar/ros2_ws/install/px4_msgs/include/px4_msgs/px4_msgs/msg/detail/vehicle_odometry__builder.hpp\n'}
[2.215595] (px4_msgs) StdoutLine: {'line': b'-- Up-to-date symlink: /home/prathamkelkar/ros2_ws/install/px4_msgs/include/px4_msgs/px4_msgs/msg/detail/vehicle_odometry__struct.hpp\n'}
[2.215747] (px4_msgs) StdoutLine: {'line': b'-- Up-to-date symlink: /home/prathamkelkar/ros2_ws/install/px4_msgs/include/px4_msgs/px4_msgs/msg/detail/vehicle_odometry__traits.hpp\n'}
[2.215892] (px4_msgs) StdoutLine: {'line': b'-- Up-to-date symlink: /home/prathamkelkar/ros2_ws/install/px4_msgs/include/px4_msgs/px4_msgs/msg/detail/vehicle_odometry__type_support.hpp\n'}
[2.216034] (px4_msgs) StdoutLine: {'line': b'-- Up-to-date symlink: /home/prathamkelkar/ros2_ws/install/px4_msgs/include/px4_msgs/px4_msgs/msg/detail/vehicle_optical_flow__builder.hpp\n'}
[2.216178] (px4_msgs) StdoutLine: {'line': b'-- Up-to-date symlink: /home/prathamkelkar/ros2_ws/install/px4_msgs/include/px4_msgs/px4_msgs/msg/detail/vehicle_optical_flow__struct.hpp\n'}
[2.216323] (px4_msgs) StdoutLine: {'line': b'-- Up-to-date symlink: /home/prathamkelkar/ros2_ws/install/px4_msgs/include/px4_msgs/px4_msgs/msg/detail/vehicle_optical_flow__traits.hpp\n'}
[2.216470] (px4_msgs) StdoutLine: {'line': b'-- Up-to-date symlink: /home/prathamkelkar/ros2_ws/install/px4_msgs/include/px4_msgs/px4_msgs/msg/detail/vehicle_optical_flow__type_support.hpp\n'}
[2.216621] (px4_msgs) StdoutLine: {'line': b'-- Up-to-date symlink: /home/prathamkelkar/ros2_ws/install/px4_msgs/include/px4_msgs/px4_msgs/msg/detail/vehicle_optical_flow_vel__builder.hpp\n'}
[2.216763] (px4_msgs) StdoutLine: {'line': b'-- Up-to-date symlink: /home/prathamkelkar/ros2_ws/install/px4_msgs/include/px4_msgs/px4_msgs/msg/detail/vehicle_optical_flow_vel__struct.hpp\n'}
[2.216907] (px4_msgs) StdoutLine: {'line': b'-- Up-to-date symlink: /home/prathamkelkar/ros2_ws/install/px4_msgs/include/px4_msgs/px4_msgs/msg/detail/vehicle_optical_flow_vel__traits.hpp\n'}
[2.217048] (px4_msgs) StdoutLine: {'line': b'-- Up-to-date symlink: /home/prathamkelkar/ros2_ws/install/px4_msgs/include/px4_msgs/px4_msgs/msg/detail/vehicle_optical_flow_vel__type_support.hpp\n'}
[2.217194] (px4_msgs) StdoutLine: {'line': b'-- Up-to-date symlink: /home/prathamkelkar/ros2_ws/install/px4_msgs/include/px4_msgs/px4_msgs/msg/detail/vehicle_rates_setpoint__builder.hpp\n'}
[2.217330] (px4_msgs) StdoutLine: {'line': b'-- Up-to-date symlink: /home/prathamkelkar/ros2_ws/install/px4_msgs/include/px4_msgs/px4_msgs/msg/detail/vehicle_rates_setpoint__struct.hpp\n'}
[2.217463] (px4_msgs) StdoutLine: {'line': b'-- Up-to-date symlink: /home/prathamkelkar/ros2_ws/install/px4_msgs/include/px4_msgs/px4_msgs/msg/detail/vehicle_rates_setpoint__traits.hpp\n'}
[2.217621] (px4_msgs) StdoutLine: {'line': b'-- Up-to-date symlink: /home/prathamkelkar/ros2_ws/install/px4_msgs/include/px4_msgs/px4_msgs/msg/detail/vehicle_rates_setpoint__type_support.hpp\n'}
[2.217764] (px4_msgs) StdoutLine: {'line': b'-- Up-to-date symlink: /home/prathamkelkar/ros2_ws/install/px4_msgs/include/px4_msgs/px4_msgs/msg/detail/vehicle_roi__builder.hpp\n'}
[2.217881] (px4_msgs) StdoutLine: {'line': b'-- Up-to-date symlink: /home/prathamkelkar/ros2_ws/install/px4_msgs/include/px4_msgs/px4_msgs/msg/detail/vehicle_roi__struct.hpp\n'}
[2.218000] (px4_msgs) StdoutLine: {'line': b'-- Up-to-date symlink: /home/prathamkelkar/ros2_ws/install/px4_msgs/include/px4_msgs/px4_msgs/msg/detail/vehicle_roi__traits.hpp\n'}
[2.218118] (px4_msgs) StdoutLine: {'line': b'-- Up-to-date symlink: /home/prathamkelkar/ros2_ws/install/px4_msgs/include/px4_msgs/px4_msgs/msg/detail/vehicle_roi__type_support.hpp\n'}
[2.218371] (px4_msgs) StdoutLine: {'line': b'-- Up-to-date symlink: /home/prathamkelkar/ros2_ws/install/px4_msgs/include/px4_msgs/px4_msgs/msg/detail/vehicle_status__builder.hpp\n'}
[2.218501] (px4_msgs) StdoutLine: {'line': b'-- Up-to-date symlink: /home/prathamkelkar/ros2_ws/install/px4_msgs/include/px4_msgs/px4_msgs/msg/detail/vehicle_status__struct.hpp\n'}
[2.218641] (px4_msgs) StdoutLine: {'line': b'-- Up-to-date symlink: /home/prathamkelkar/ros2_ws/install/px4_msgs/include/px4_msgs/px4_msgs/msg/detail/vehicle_status__traits.hpp\n'}
[2.218756] (px4_msgs) StdoutLine: {'line': b'-- Up-to-date symlink: /home/prathamkelkar/ros2_ws/install/px4_msgs/include/px4_msgs/px4_msgs/msg/detail/vehicle_status__type_support.hpp\n'}
[2.218879] (px4_msgs) StdoutLine: {'line': b'-- Up-to-date symlink: /home/prathamkelkar/ros2_ws/install/px4_msgs/include/px4_msgs/px4_msgs/msg/detail/vehicle_thrust_setpoint__builder.hpp\n'}
[2.218997] (px4_msgs) StdoutLine: {'line': b'-- Up-to-date symlink: /home/prathamkelkar/ros2_ws/install/px4_msgs/include/px4_msgs/px4_msgs/msg/detail/vehicle_thrust_setpoint__struct.hpp\n'}
[2.219109] (px4_msgs) StdoutLine: {'line': b'-- Up-to-date symlink: /home/prathamkelkar/ros2_ws/install/px4_msgs/include/px4_msgs/px4_msgs/msg/detail/vehicle_thrust_setpoint__traits.hpp\n'}
[2.219227] (px4_msgs) StdoutLine: {'line': b'-- Up-to-date symlink: /home/prathamkelkar/ros2_ws/install/px4_msgs/include/px4_msgs/px4_msgs/msg/detail/vehicle_thrust_setpoint__type_support.hpp\n'}
[2.219424] (px4_msgs) StdoutLine: {'line': b'-- Up-to-date symlink: /home/prathamkelkar/ros2_ws/install/px4_msgs/include/px4_msgs/px4_msgs/msg/detail/vehicle_torque_setpoint__builder.hpp\n'}
[2.219584] (px4_msgs) StdoutLine: {'line': b'-- Up-to-date symlink: /home/prathamkelkar/ros2_ws/install/px4_msgs/include/px4_msgs/px4_msgs/msg/detail/vehicle_torque_setpoint__struct.hpp\n'}
[2.219762] (px4_msgs) StdoutLine: {'line': b'-- Up-to-date symlink: /home/prathamkelkar/ros2_ws/install/px4_msgs/include/px4_msgs/px4_msgs/msg/detail/vehicle_torque_setpoint__traits.hpp\n'}
[2.219913] (px4_msgs) StdoutLine: {'line': b'-- Up-to-date symlink: /home/prathamkelkar/ros2_ws/install/px4_msgs/include/px4_msgs/px4_msgs/msg/detail/vehicle_torque_setpoint__type_support.hpp\n'}
[2.220059] (px4_msgs) StdoutLine: {'line': b'-- Up-to-date symlink: /home/prathamkelkar/ros2_ws/install/px4_msgs/include/px4_msgs/px4_msgs/msg/detail/vehicle_trajectory_bezier__builder.hpp\n'}
[2.220207] (px4_msgs) StdoutLine: {'line': b'-- Up-to-date symlink: /home/prathamkelkar/ros2_ws/install/px4_msgs/include/px4_msgs/px4_msgs/msg/detail/vehicle_trajectory_bezier__struct.hpp\n'}
[2.220360] (px4_msgs) StdoutLine: {'line': b'-- Up-to-date symlink: /home/prathamkelkar/ros2_ws/install/px4_msgs/include/px4_msgs/px4_msgs/msg/detail/vehicle_trajectory_bezier__traits.hpp\n'}
[2.220527] (px4_msgs) StdoutLine: {'line': b'-- Up-to-date symlink: /home/prathamkelkar/ros2_ws/install/px4_msgs/include/px4_msgs/px4_msgs/msg/detail/vehicle_trajectory_bezier__type_support.hpp\n'}
[2.220701] (px4_msgs) StdoutLine: {'line': b'-- Up-to-date symlink: /home/prathamkelkar/ros2_ws/install/px4_msgs/include/px4_msgs/px4_msgs/msg/detail/vehicle_trajectory_waypoint__builder.hpp\n'}
[2.220855] (px4_msgs) StdoutLine: {'line': b'-- Up-to-date symlink: /home/prathamkelkar/ros2_ws/install/px4_msgs/include/px4_msgs/px4_msgs/msg/detail/vehicle_trajectory_waypoint__struct.hpp\n'}
[2.221007] (px4_msgs) StdoutLine: {'line': b'-- Up-to-date symlink: /home/prathamkelkar/ros2_ws/install/px4_msgs/include/px4_msgs/px4_msgs/msg/detail/vehicle_trajectory_waypoint__traits.hpp\n'}
[2.221158] (px4_msgs) StdoutLine: {'line': b'-- Up-to-date symlink: /home/prathamkelkar/ros2_ws/install/px4_msgs/include/px4_msgs/px4_msgs/msg/detail/vehicle_trajectory_waypoint__type_support.hpp\n'}
[2.221310] (px4_msgs) StdoutLine: {'line': b'-- Up-to-date symlink: /home/prathamkelkar/ros2_ws/install/px4_msgs/include/px4_msgs/px4_msgs/msg/detail/velocity_limits__builder.hpp\n'}
[2.221465] (px4_msgs) StdoutLine: {'line': b'-- Up-to-date symlink: /home/prathamkelkar/ros2_ws/install/px4_msgs/include/px4_msgs/px4_msgs/msg/detail/velocity_limits__struct.hpp\n'}
[2.221641] (px4_msgs) StdoutLine: {'line': b'-- Up-to-date symlink: /home/prathamkelkar/ros2_ws/install/px4_msgs/include/px4_msgs/px4_msgs/msg/detail/velocity_limits__traits.hpp\n'}
[2.221808] (px4_msgs) StdoutLine: {'line': b'-- Up-to-date symlink: /home/prathamkelkar/ros2_ws/install/px4_msgs/include/px4_msgs/px4_msgs/msg/detail/velocity_limits__type_support.hpp\n'}
[2.221964] (px4_msgs) StdoutLine: {'line': b'-- Up-to-date symlink: /home/prathamkelkar/ros2_ws/install/px4_msgs/include/px4_msgs/px4_msgs/msg/detail/vtol_vehicle_status__builder.hpp\n'}
[2.222116] (px4_msgs) StdoutLine: {'line': b'-- Up-to-date symlink: /home/prathamkelkar/ros2_ws/install/px4_msgs/include/px4_msgs/px4_msgs/msg/detail/vtol_vehicle_status__struct.hpp\n'}
[2.222268] (px4_msgs) StdoutLine: {'line': b'-- Up-to-date symlink: /home/prathamkelkar/ros2_ws/install/px4_msgs/include/px4_msgs/px4_msgs/msg/detail/vtol_vehicle_status__traits.hpp\n'}
[2.222449] (px4_msgs) StdoutLine: {'line': b'-- Up-to-date symlink: /home/prathamkelkar/ros2_ws/install/px4_msgs/include/px4_msgs/px4_msgs/msg/detail/vtol_vehicle_status__type_support.hpp\n'}
[2.222626] (px4_msgs) StdoutLine: {'line': b'-- Up-to-date symlink: /home/prathamkelkar/ros2_ws/install/px4_msgs/include/px4_msgs/px4_msgs/msg/detail/wheel_encoders__builder.hpp\n'}
[2.222781] (px4_msgs) StdoutLine: {'line': b'-- Up-to-date symlink: /home/prathamkelkar/ros2_ws/install/px4_msgs/include/px4_msgs/px4_msgs/msg/detail/wheel_encoders__struct.hpp\n'}
[2.222945] (px4_msgs) StdoutLine: {'line': b'-- Up-to-date symlink: /home/prathamkelkar/ros2_ws/install/px4_msgs/include/px4_msgs/px4_msgs/msg/detail/wheel_encoders__traits.hpp\n'}
[2.223106] (px4_msgs) StdoutLine: {'line': b'-- Up-to-date symlink: /home/prathamkelkar/ros2_ws/install/px4_msgs/include/px4_msgs/px4_msgs/msg/detail/wheel_encoders__type_support.hpp\n'}
[2.223270] (px4_msgs) StdoutLine: {'line': b'-- Up-to-date symlink: /home/prathamkelkar/ros2_ws/install/px4_msgs/include/px4_msgs/px4_msgs/msg/detail/wind__builder.hpp\n'}
[2.223459] (px4_msgs) StdoutLine: {'line': b'-- Up-to-date symlink: /home/prathamkelkar/ros2_ws/install/px4_msgs/include/px4_msgs/px4_msgs/msg/detail/wind__struct.hpp\n'}
[2.223649] (px4_msgs) StdoutLine: {'line': b'-- Up-to-date symlink: /home/prathamkelkar/ros2_ws/install/px4_msgs/include/px4_msgs/px4_msgs/msg/detail/wind__traits.hpp\n'}
[2.223816] (px4_msgs) StdoutLine: {'line': b'-- Up-to-date symlink: /home/prathamkelkar/ros2_ws/install/px4_msgs/include/px4_msgs/px4_msgs/msg/detail/wind__type_support.hpp\n'}
[2.223965] (px4_msgs) StdoutLine: {'line': b'-- Up-to-date symlink: /home/prathamkelkar/ros2_ws/install/px4_msgs/include/px4_msgs/px4_msgs/msg/detail/yaw_estimator_status__builder.hpp\n'}
[2.224111] (px4_msgs) StdoutLine: {'line': b'-- Up-to-date symlink: /home/prathamkelkar/ros2_ws/install/px4_msgs/include/px4_msgs/px4_msgs/msg/detail/yaw_estimator_status__struct.hpp\n'}
[2.224367] (px4_msgs) StdoutLine: {'line': b'-- Up-to-date symlink: /home/prathamkelkar/ros2_ws/install/px4_msgs/include/px4_msgs/px4_msgs/msg/detail/yaw_estimator_status__traits.hpp\n'}
[2.224547] (px4_msgs) StdoutLine: {'line': b'-- Up-to-date symlink: /home/prathamkelkar/ros2_ws/install/px4_msgs/include/px4_msgs/px4_msgs/msg/detail/yaw_estimator_status__type_support.hpp\n'}
[2.224747] (px4_msgs) StdoutLine: {'line': b'-- Up-to-date symlink: /home/prathamkelkar/ros2_ws/install/px4_msgs/include/px4_msgs/px4_msgs/msg/differential_drive_setpoint.hpp\n'}
[2.224925] (px4_msgs) StdoutLine: {'line': b'-- Up-to-date symlink: /home/prathamkelkar/ros2_ws/install/px4_msgs/include/px4_msgs/px4_msgs/msg/differential_pressure.hpp\n'}
[2.225062] (px4_msgs) StdoutLine: {'line': b'-- Up-to-date symlink: /home/prathamkelkar/ros2_ws/install/px4_msgs/include/px4_msgs/px4_msgs/msg/distance_sensor.hpp\n'}
[2.225227] (-) TimerEvent: {}
[2.225422] (px4_msgs) StdoutLine: {'line': b'-- Up-to-date symlink: /home/prathamkelkar/ros2_ws/install/px4_msgs/include/px4_msgs/px4_msgs/msg/ekf2_timestamps.hpp\n'}
[2.225706] (px4_msgs) StdoutLine: {'line': b'-- Up-to-date symlink: /home/prathamkelkar/ros2_ws/install/px4_msgs/include/px4_msgs/px4_msgs/msg/esc_report.hpp\n'}
[2.225846] (px4_msgs) StdoutLine: {'line': b'-- Up-to-date symlink: /home/prathamkelkar/ros2_ws/install/px4_msgs/include/px4_msgs/px4_msgs/msg/esc_status.hpp\n'}
[2.225977] (px4_msgs) StdoutLine: {'line': b'-- Up-to-date symlink: /home/prathamkelkar/ros2_ws/install/px4_msgs/include/px4_msgs/px4_msgs/msg/estimator_aid_source1d.hpp\n'}
[2.226112] (px4_msgs) StdoutLine: {'line': b'-- Up-to-date symlink: /home/prathamkelkar/ros2_ws/install/px4_msgs/include/px4_msgs/px4_msgs/msg/estimator_aid_source2d.hpp\n'}
[2.226331] (px4_msgs) StdoutLine: {'line': b'-- Up-to-date symlink: /home/prathamkelkar/ros2_ws/install/px4_msgs/include/px4_msgs/px4_msgs/msg/estimator_aid_source3d.hpp\n'}
[2.226498] (px4_msgs) StdoutLine: {'line': b'-- Up-to-date symlink: /home/prathamkelkar/ros2_ws/install/px4_msgs/include/px4_msgs/px4_msgs/msg/estimator_bias.hpp\n'}
[2.226645] (px4_msgs) StdoutLine: {'line': b'-- Up-to-date symlink: /home/prathamkelkar/ros2_ws/install/px4_msgs/include/px4_msgs/px4_msgs/msg/estimator_bias3d.hpp\n'}
[2.226779] (px4_msgs) StdoutLine: {'line': b'-- Up-to-date symlink: /home/prathamkelkar/ros2_ws/install/px4_msgs/include/px4_msgs/px4_msgs/msg/estimator_event_flags.hpp\n'}
[2.226989] (px4_msgs) StdoutLine: {'line': b'-- Up-to-date symlink: /home/prathamkelkar/ros2_ws/install/px4_msgs/include/px4_msgs/px4_msgs/msg/estimator_gps_status.hpp\n'}
[2.227149] (px4_msgs) StdoutLine: {'line': b'-- Up-to-date symlink: /home/prathamkelkar/ros2_ws/install/px4_msgs/include/px4_msgs/px4_msgs/msg/estimator_innovations.hpp\n'}
[2.227318] (px4_msgs) StdoutLine: {'line': b'-- Up-to-date symlink: /home/prathamkelkar/ros2_ws/install/px4_msgs/include/px4_msgs/px4_msgs/msg/estimator_selector_status.hpp\n'}
[2.227499] (px4_msgs) StdoutLine: {'line': b'-- Up-to-date symlink: /home/prathamkelkar/ros2_ws/install/px4_msgs/include/px4_msgs/px4_msgs/msg/estimator_sensor_bias.hpp\n'}
[2.227678] (px4_msgs) StdoutLine: {'line': b'-- Up-to-date symlink: /home/prathamkelkar/ros2_ws/install/px4_msgs/include/px4_msgs/px4_msgs/msg/estimator_states.hpp\n'}
[2.227841] (px4_msgs) StdoutLine: {'line': b'-- Up-to-date symlink: /home/prathamkelkar/ros2_ws/install/px4_msgs/include/px4_msgs/px4_msgs/msg/estimator_status.hpp\n'}
[2.227980] (px4_msgs) StdoutLine: {'line': b'-- Up-to-date symlink: /home/prathamkelkar/ros2_ws/install/px4_msgs/include/px4_msgs/px4_msgs/msg/estimator_status_flags.hpp\n'}
[2.228149] (px4_msgs) StdoutLine: {'line': b'-- Up-to-date symlink: /home/prathamkelkar/ros2_ws/install/px4_msgs/include/px4_msgs/px4_msgs/msg/event.hpp\n'}
[2.228281] (px4_msgs) StdoutLine: {'line': b'-- Up-to-date symlink: /home/prathamkelkar/ros2_ws/install/px4_msgs/include/px4_msgs/px4_msgs/msg/failsafe_flags.hpp\n'}
[2.228429] (px4_msgs) StdoutLine: {'line': b'-- Up-to-date symlink: /home/prathamkelkar/ros2_ws/install/px4_msgs/include/px4_msgs/px4_msgs/msg/failure_detector_status.hpp\n'}
[2.228615] (px4_msgs) StdoutLine: {'line': b'-- Up-to-date symlink: /home/prathamkelkar/ros2_ws/install/px4_msgs/include/px4_msgs/px4_msgs/msg/figure_eight_status.hpp\n'}
[2.228752] (px4_msgs) StdoutLine: {'line': b'-- Up-to-date symlink: /home/prathamkelkar/ros2_ws/install/px4_msgs/include/px4_msgs/px4_msgs/msg/flight_phase_estimation.hpp\n'}
[2.228900] (px4_msgs) StdoutLine: {'line': b'-- Up-to-date symlink: /home/prathamkelkar/ros2_ws/install/px4_msgs/include/px4_msgs/px4_msgs/msg/follow_target.hpp\n'}
[2.229030] (px4_msgs) StdoutLine: {'line': b'-- Up-to-date symlink: /home/prathamkelkar/ros2_ws/install/px4_msgs/include/px4_msgs/px4_msgs/msg/follow_target_estimator.hpp\n'}
[2.229166] (px4_msgs) StdoutLine: {'line': b'-- Up-to-date symlink: /home/prathamkelkar/ros2_ws/install/px4_msgs/include/px4_msgs/px4_msgs/msg/follow_target_status.hpp\n'}
[2.229300] (px4_msgs) StdoutLine: {'line': b'-- Up-to-date symlink: /home/prathamkelkar/ros2_ws/install/px4_msgs/include/px4_msgs/px4_msgs/msg/generator_status.hpp\n'}
[2.229434] (px4_msgs) StdoutLine: {'line': b'-- Up-to-date symlink: /home/prathamkelkar/ros2_ws/install/px4_msgs/include/px4_msgs/px4_msgs/msg/geofence_result.hpp\n'}
[2.229568] (px4_msgs) StdoutLine: {'line': b'-- Up-to-date symlink: /home/prathamkelkar/ros2_ws/install/px4_msgs/include/px4_msgs/px4_msgs/msg/geofence_status.hpp\n'}
[2.229711] (px4_msgs) StdoutLine: {'line': b'-- Up-to-date symlink: /home/prathamkelkar/ros2_ws/install/px4_msgs/include/px4_msgs/px4_msgs/msg/gimbal_controls.hpp\n'}
[2.229844] (px4_msgs) StdoutLine: {'line': b'-- Up-to-date symlink: /home/prathamkelkar/ros2_ws/install/px4_msgs/include/px4_msgs/px4_msgs/msg/gimbal_device_attitude_status.hpp\n'}
[2.229977] (px4_msgs) StdoutLine: {'line': b'-- Up-to-date symlink: /home/prathamkelkar/ros2_ws/install/px4_msgs/include/px4_msgs/px4_msgs/msg/gimbal_device_information.hpp\n'}
[2.230109] (px4_msgs) StdoutLine: {'line': b'-- Up-to-date symlink: /home/prathamkelkar/ros2_ws/install/px4_msgs/include/px4_msgs/px4_msgs/msg/gimbal_device_set_attitude.hpp\n'}
[2.230238] (px4_msgs) StdoutLine: {'line': b'-- Up-to-date symlink: /home/prathamkelkar/ros2_ws/install/px4_msgs/include/px4_msgs/px4_msgs/msg/gimbal_manager_information.hpp\n'}
[2.230367] (px4_msgs) StdoutLine: {'line': b'-- Up-to-date symlink: /home/prathamkelkar/ros2_ws/install/px4_msgs/include/px4_msgs/px4_msgs/msg/gimbal_manager_set_attitude.hpp\n'}
[2.230496] (px4_msgs) StdoutLine: {'line': b'-- Up-to-date symlink: /home/prathamkelkar/ros2_ws/install/px4_msgs/include/px4_msgs/px4_msgs/msg/gimbal_manager_set_manual_control.hpp\n'}
[2.230636] (px4_msgs) StdoutLine: {'line': b'-- Up-to-date symlink: /home/prathamkelkar/ros2_ws/install/px4_msgs/include/px4_msgs/px4_msgs/msg/gimbal_manager_status.hpp\n'}
[2.230769] (px4_msgs) StdoutLine: {'line': b'-- Up-to-date symlink: /home/prathamkelkar/ros2_ws/install/px4_msgs/include/px4_msgs/px4_msgs/msg/goto_setpoint.hpp\n'}
[2.230907] (px4_msgs) StdoutLine: {'line': b'-- Up-to-date symlink: /home/prathamkelkar/ros2_ws/install/px4_msgs/include/px4_msgs/px4_msgs/msg/gpio_config.hpp\n'}
[2.231038] (px4_msgs) StdoutLine: {'line': b'-- Up-to-date symlink: /home/prathamkelkar/ros2_ws/install/px4_msgs/include/px4_msgs/px4_msgs/msg/gpio_in.hpp\n'}
[2.231165] (px4_msgs) StdoutLine: {'line': b'-- Up-to-date symlink: /home/prathamkelkar/ros2_ws/install/px4_msgs/include/px4_msgs/px4_msgs/msg/gpio_out.hpp\n'}
[2.231295] (px4_msgs) StdoutLine: {'line': b'-- Up-to-date symlink: /home/prathamkelkar/ros2_ws/install/px4_msgs/include/px4_msgs/px4_msgs/msg/gpio_request.hpp\n'}
[2.231424] (px4_msgs) StdoutLine: {'line': b'-- Up-to-date symlink: /home/prathamkelkar/ros2_ws/install/px4_msgs/include/px4_msgs/px4_msgs/msg/gps_dump.hpp\n'}
[2.231557] (px4_msgs) StdoutLine: {'line': b'-- Up-to-date symlink: /home/prathamkelkar/ros2_ws/install/px4_msgs/include/px4_msgs/px4_msgs/msg/gps_inject_data.hpp\n'}
[2.231698] (px4_msgs) StdoutLine: {'line': b'-- Up-to-date symlink: /home/prathamkelkar/ros2_ws/install/px4_msgs/include/px4_msgs/px4_msgs/msg/gripper.hpp\n'}
[2.231826] (px4_msgs) StdoutLine: {'line': b'-- Up-to-date symlink: /home/prathamkelkar/ros2_ws/install/px4_msgs/include/px4_msgs/px4_msgs/msg/health_report.hpp\n'}
[2.231957] (px4_msgs) StdoutLine: {'line': b'-- Up-to-date symlink: /home/prathamkelkar/ros2_ws/install/px4_msgs/include/px4_msgs/px4_msgs/msg/heater_status.hpp\n'}
[2.232089] (px4_msgs) StdoutLine: {'line': b'-- Up-to-date symlink: /home/prathamkelkar/ros2_ws/install/px4_msgs/include/px4_msgs/px4_msgs/msg/home_position.hpp\n'}
[2.232219] (px4_msgs) StdoutLine: {'line': b'-- Up-to-date symlink: /home/prathamkelkar/ros2_ws/install/px4_msgs/include/px4_msgs/px4_msgs/msg/hover_thrust_estimate.hpp\n'}
[2.232350] (px4_msgs) StdoutLine: {'line': b'-- Up-to-date symlink: /home/prathamkelkar/ros2_ws/install/px4_msgs/include/px4_msgs/px4_msgs/msg/input_rc.hpp\n'}
[2.232481] (px4_msgs) StdoutLine: {'line': b'-- Up-to-date symlink: /home/prathamkelkar/ros2_ws/install/px4_msgs/include/px4_msgs/px4_msgs/msg/internal_combustion_engine_status.hpp\n'}
[2.232638] (px4_msgs) StdoutLine: {'line': b'-- Up-to-date symlink: /home/prathamkelkar/ros2_ws/install/px4_msgs/include/px4_msgs/px4_msgs/msg/iridiumsbd_status.hpp\n'}
[2.232792] (px4_msgs) StdoutLine: {'line': b'-- Up-to-date symlink: /home/prathamkelkar/ros2_ws/install/px4_msgs/include/px4_msgs/px4_msgs/msg/irlock_report.hpp\n'}
[2.232930] (px4_msgs) StdoutLine: {'line': b'-- Up-to-date symlink: /home/prathamkelkar/ros2_ws/install/px4_msgs/include/px4_msgs/px4_msgs/msg/landing_gear.hpp\n'}
[2.233070] (px4_msgs) StdoutLine: {'line': b'-- Up-to-date symlink: /home/prathamkelkar/ros2_ws/install/px4_msgs/include/px4_msgs/px4_msgs/msg/landing_gear_wheel.hpp\n'}
[2.233203] (px4_msgs) StdoutLine: {'line': b'-- Up-to-date symlink: /home/prathamkelkar/ros2_ws/install/px4_msgs/include/px4_msgs/px4_msgs/msg/landing_target_innovations.hpp\n'}
[2.233346] (px4_msgs) StdoutLine: {'line': b'-- Up-to-date symlink: /home/prathamkelkar/ros2_ws/install/px4_msgs/include/px4_msgs/px4_msgs/msg/landing_target_pose.hpp\n'}
[2.233512] (px4_msgs) StdoutLine: {'line': b'-- Up-to-date symlink: /home/prathamkelkar/ros2_ws/install/px4_msgs/include/px4_msgs/px4_msgs/msg/launch_detection_status.hpp\n'}
[2.233667] (px4_msgs) StdoutLine: {'line': b'-- Up-to-date symlink: /home/prathamkelkar/ros2_ws/install/px4_msgs/include/px4_msgs/px4_msgs/msg/led_control.hpp\n'}
[2.233896] (px4_msgs) StdoutLine: {'line': b'-- Up-to-date symlink: /home/prathamkelkar/ros2_ws/install/px4_msgs/include/px4_msgs/px4_msgs/msg/log_message.hpp\n'}
[2.234036] (px4_msgs) StdoutLine: {'line': b'-- Up-to-date symlink: /home/prathamkelkar/ros2_ws/install/px4_msgs/include/px4_msgs/px4_msgs/msg/logger_status.hpp\n'}
[2.234349] (px4_msgs) StdoutLine: {'line': b'-- Up-to-date symlink: /home/prathamkelkar/ros2_ws/install/px4_msgs/include/px4_msgs/px4_msgs/msg/mag_worker_data.hpp\n'}
[2.234567] (px4_msgs) StdoutLine: {'line': b'-- Up-to-date symlink: /home/prathamkelkar/ros2_ws/install/px4_msgs/include/px4_msgs/px4_msgs/msg/magnetometer_bias_estimate.hpp\n'}
[2.234777] (px4_msgs) StdoutLine: {'line': b'-- Up-to-date symlink: /home/prathamkelkar/ros2_ws/install/px4_msgs/include/px4_msgs/px4_msgs/msg/manual_control_setpoint.hpp\n'}
[2.234971] (px4_msgs) StdoutLine: {'line': b'-- Up-to-date symlink: /home/prathamkelkar/ros2_ws/install/px4_msgs/include/px4_msgs/px4_msgs/msg/manual_control_switches.hpp\n'}
[2.235167] (px4_msgs) StdoutLine: {'line': b'-- Up-to-date symlink: /home/prathamkelkar/ros2_ws/install/px4_msgs/include/px4_msgs/px4_msgs/msg/mavlink_log.hpp\n'}
[2.235348] (px4_msgs) StdoutLine: {'line': b'-- Up-to-date symlink: /home/prathamkelkar/ros2_ws/install/px4_msgs/include/px4_msgs/px4_msgs/msg/mavlink_tunnel.hpp\n'}
[2.235534] (px4_msgs) StdoutLine: {'line': b'-- Up-to-date symlink: /home/prathamkelkar/ros2_ws/install/px4_msgs/include/px4_msgs/px4_msgs/msg/message_format_request.hpp\n'}
[2.235690] (px4_msgs) StdoutLine: {'line': b'-- Up-to-date symlink: /home/prathamkelkar/ros2_ws/install/px4_msgs/include/px4_msgs/px4_msgs/msg/message_format_response.hpp\n'}
[2.235911] (px4_msgs) StdoutLine: {'line': b'-- Up-to-date symlink: /home/prathamkelkar/ros2_ws/install/px4_msgs/include/px4_msgs/px4_msgs/msg/mission.hpp\n'}
[2.236054] (px4_msgs) StdoutLine: {'line': b'-- Up-to-date symlink: /home/prathamkelkar/ros2_ws/install/px4_msgs/include/px4_msgs/px4_msgs/msg/mission_result.hpp\n'}
[2.236301] (px4_msgs) StdoutLine: {'line': b'-- Up-to-date symlink: /home/prathamkelkar/ros2_ws/install/px4_msgs/include/px4_msgs/px4_msgs/msg/mode_completed.hpp\n'}
[2.236482] (px4_msgs) StdoutLine: {'line': b'-- Up-to-date symlink: /home/prathamkelkar/ros2_ws/install/px4_msgs/include/px4_msgs/px4_msgs/msg/mount_orientation.hpp\n'}
[2.236686] (px4_msgs) StdoutLine: {'line': b'-- Up-to-date symlink: /home/prathamkelkar/ros2_ws/install/px4_msgs/include/px4_msgs/px4_msgs/msg/navigator_mission_item.hpp\n'}
[2.236876] (px4_msgs) StdoutLine: {'line': b'-- Up-to-date symlink: /home/prathamkelkar/ros2_ws/install/px4_msgs/include/px4_msgs/px4_msgs/msg/normalized_unsigned_setpoint.hpp\n'}
[2.237046] (px4_msgs) StdoutLine: {'line': b'-- Up-to-date symlink: /home/prathamkelkar/ros2_ws/install/px4_msgs/include/px4_msgs/px4_msgs/msg/npfg_status.hpp\n'}
[2.237211] (px4_msgs) StdoutLine: {'line': b'-- Up-to-date symlink: /home/prathamkelkar/ros2_ws/install/px4_msgs/include/px4_msgs/px4_msgs/msg/obstacle_distance.hpp\n'}
[2.237391] (px4_msgs) StdoutLine: {'line': b'-- Up-to-date symlink: /home/prathamkelkar/ros2_ws/install/px4_msgs/include/px4_msgs/px4_msgs/msg/offboard_control_mode.hpp\n'}
[2.237560] (px4_msgs) StdoutLine: {'line': b'-- Up-to-date symlink: /home/prathamkelkar/ros2_ws/install/px4_msgs/include/px4_msgs/px4_msgs/msg/onboard_computer_status.hpp\n'}
[2.237754] (px4_msgs) StdoutLine: {'line': b'-- Up-to-date symlink: /home/prathamkelkar/ros2_ws/install/px4_msgs/include/px4_msgs/px4_msgs/msg/orb_test.hpp\n'}
[2.237915] (px4_msgs) StdoutLine: {'line': b'-- Up-to-date symlink: /home/prathamkelkar/ros2_ws/install/px4_msgs/include/px4_msgs/px4_msgs/msg/orb_test_large.hpp\n'}
[2.238103] (px4_msgs) StdoutLine: {'line': b'-- Up-to-date symlink: /home/prathamkelkar/ros2_ws/install/px4_msgs/include/px4_msgs/px4_msgs/msg/orb_test_medium.hpp\n'}
[2.238292] (px4_msgs) StdoutLine: {'line': b'-- Up-to-date symlink: /home/prathamkelkar/ros2_ws/install/px4_msgs/include/px4_msgs/px4_msgs/msg/orbit_status.hpp\n'}
[2.238469] (px4_msgs) StdoutLine: {'line': b'-- Up-to-date symlink: /home/prathamkelkar/ros2_ws/install/px4_msgs/include/px4_msgs/px4_msgs/msg/parameter_reset_request.hpp\n'}
[2.238666] (px4_msgs) StdoutLine: {'line': b'-- Up-to-date symlink: /home/prathamkelkar/ros2_ws/install/px4_msgs/include/px4_msgs/px4_msgs/msg/parameter_set_used_request.hpp\n'}
[2.238861] (px4_msgs) StdoutLine: {'line': b'-- Up-to-date symlink: /home/prathamkelkar/ros2_ws/install/px4_msgs/include/px4_msgs/px4_msgs/msg/parameter_set_value_request.hpp\n'}
[2.239047] (px4_msgs) StdoutLine: {'line': b'-- Up-to-date symlink: /home/prathamkelkar/ros2_ws/install/px4_msgs/include/px4_msgs/px4_msgs/msg/parameter_set_value_response.hpp\n'}
[2.239228] (px4_msgs) StdoutLine: {'line': b'-- Up-to-date symlink: /home/prathamkelkar/ros2_ws/install/px4_msgs/include/px4_msgs/px4_msgs/msg/parameter_update.hpp\n'}
[2.239403] (px4_msgs) StdoutLine: {'line': b'-- Up-to-date symlink: /home/prathamkelkar/ros2_ws/install/px4_msgs/include/px4_msgs/px4_msgs/msg/ping.hpp\n'}
[2.239566] (px4_msgs) StdoutLine: {'line': b'-- Up-to-date symlink: /home/prathamkelkar/ros2_ws/install/px4_msgs/include/px4_msgs/px4_msgs/msg/position_controller_landing_status.hpp\n'}
[2.239755] (px4_msgs) StdoutLine: {'line': b'-- Up-to-date symlink: /home/prathamkelkar/ros2_ws/install/px4_msgs/include/px4_msgs/px4_msgs/msg/position_controller_status.hpp\n'}
[2.239929] (px4_msgs) StdoutLine: {'line': b'-- Up-to-date symlink: /home/prathamkelkar/ros2_ws/install/px4_msgs/include/px4_msgs/px4_msgs/msg/position_setpoint.hpp\n'}
[2.240090] (px4_msgs) StdoutLine: {'line': b'-- Up-to-date symlink: /home/prathamkelkar/ros2_ws/install/px4_msgs/include/px4_msgs/px4_msgs/msg/position_setpoint_triplet.hpp\n'}
[2.240243] (px4_msgs) StdoutLine: {'line': b'-- Up-to-date symlink: /home/prathamkelkar/ros2_ws/install/px4_msgs/include/px4_msgs/px4_msgs/msg/power_button_state.hpp\n'}
[2.240417] (px4_msgs) StdoutLine: {'line': b'-- Up-to-date symlink: /home/prathamkelkar/ros2_ws/install/px4_msgs/include/px4_msgs/px4_msgs/msg/power_monitor.hpp\n'}
[2.240582] (px4_msgs) StdoutLine: {'line': b'-- Up-to-date symlink: /home/prathamkelkar/ros2_ws/install/px4_msgs/include/px4_msgs/px4_msgs/msg/pps_capture.hpp\n'}
[2.240757] (px4_msgs) StdoutLine: {'line': b'-- Up-to-date symlink: /home/prathamkelkar/ros2_ws/install/px4_msgs/include/px4_msgs/px4_msgs/msg/pwm_input.hpp\n'}
[2.240919] (px4_msgs) StdoutLine: {'line': b'-- Up-to-date symlink: /home/prathamkelkar/ros2_ws/install/px4_msgs/include/px4_msgs/px4_msgs/msg/px4io_status.hpp\n'}
[2.241096] (px4_msgs) StdoutLine: {'line': b'-- Up-to-date symlink: /home/prathamkelkar/ros2_ws/install/px4_msgs/include/px4_msgs/px4_msgs/msg/qshell_req.hpp\n'}
[2.241262] (px4_msgs) StdoutLine: {'line': b'-- Up-to-date symlink: /home/prathamkelkar/ros2_ws/install/px4_msgs/include/px4_msgs/px4_msgs/msg/qshell_retval.hpp\n'}
[2.241442] (px4_msgs) StdoutLine: {'line': b'-- Up-to-date symlink: /home/prathamkelkar/ros2_ws/install/px4_msgs/include/px4_msgs/px4_msgs/msg/radio_status.hpp\n'}
[2.241614] (px4_msgs) StdoutLine: {'line': b'-- Up-to-date symlink: /home/prathamkelkar/ros2_ws/install/px4_msgs/include/px4_msgs/px4_msgs/msg/rate_ctrl_status.hpp\n'}
[2.241794] (px4_msgs) StdoutLine: {'line': b'-- Up-to-date symlink: /home/prathamkelkar/ros2_ws/install/px4_msgs/include/px4_msgs/px4_msgs/msg/rc_channels.hpp\n'}
[2.241972] (px4_msgs) StdoutLine: {'line': b'-- Up-to-date symlink: /home/prathamkelkar/ros2_ws/install/px4_msgs/include/px4_msgs/px4_msgs/msg/rc_parameter_map.hpp\n'}
[2.242134] (px4_msgs) StdoutLine: {'line': b'-- Up-to-date symlink: /home/prathamkelkar/ros2_ws/install/px4_msgs/include/px4_msgs/px4_msgs/msg/register_ext_component_reply.hpp\n'}
[2.242296] (px4_msgs) StdoutLine: {'line': b'-- Up-to-date symlink: /home/prathamkelkar/ros2_ws/install/px4_msgs/include/px4_msgs/px4_msgs/msg/register_ext_component_request.hpp\n'}
[2.242462] (px4_msgs) StdoutLine: {'line': b'-- Up-to-date symlink: /home/prathamkelkar/ros2_ws/install/px4_msgs/include/px4_msgs/px4_msgs/msg/rosidl_generator_cpp__visibility_control.hpp\n'}
[2.242624] (px4_msgs) StdoutLine: {'line': b'-- Up-to-date symlink: /home/prathamkelkar/ros2_ws/install/px4_msgs/include/px4_msgs/px4_msgs/msg/rpm.hpp\n'}
[2.242745] (px4_msgs) StdoutLine: {'line': b'-- Up-to-date symlink: /home/prathamkelkar/ros2_ws/install/px4_msgs/include/px4_msgs/px4_msgs/msg/rtl_status.hpp\n'}
[2.242894] (px4_msgs) StdoutLine: {'line': b'-- Up-to-date symlink: /home/prathamkelkar/ros2_ws/install/px4_msgs/include/px4_msgs/px4_msgs/msg/rtl_time_estimate.hpp\n'}
[2.243028] (px4_msgs) StdoutLine: {'line': b'-- Up-to-date symlink: /home/prathamkelkar/ros2_ws/install/px4_msgs/include/px4_msgs/px4_msgs/msg/satellite_info.hpp\n'}
[2.243177] (px4_msgs) StdoutLine: {'line': b'-- Up-to-date symlink: /home/prathamkelkar/ros2_ws/install/px4_msgs/include/px4_msgs/px4_msgs/msg/sensor_accel.hpp\n'}
[2.243299] (px4_msgs) StdoutLine: {'line': b'-- Up-to-date symlink: /home/prathamkelkar/ros2_ws/install/px4_msgs/include/px4_msgs/px4_msgs/msg/sensor_accel_fifo.hpp\n'}
[2.243475] (px4_msgs) StdoutLine: {'line': b'-- Up-to-date symlink: /home/prathamkelkar/ros2_ws/install/px4_msgs/include/px4_msgs/px4_msgs/msg/sensor_airflow.hpp\n'}
[2.243676] (px4_msgs) StdoutLine: {'line': b'-- Up-to-date symlink: /home/prathamkelkar/ros2_ws/install/px4_msgs/include/px4_msgs/px4_msgs/msg/sensor_baro.hpp\n'}
[2.243793] (px4_msgs) StdoutLine: {'line': b'-- Up-to-date symlink: /home/prathamkelkar/ros2_ws/install/px4_msgs/include/px4_msgs/px4_msgs/msg/sensor_combined.hpp\n'}
[2.243991] (px4_msgs) StdoutLine: {'line': b'-- Up-to-date symlink: /home/prathamkelkar/ros2_ws/install/px4_msgs/include/px4_msgs/px4_msgs/msg/sensor_correction.hpp\n'}
[2.244109] (px4_msgs) StdoutLine: {'line': b'-- Up-to-date symlink: /home/prathamkelkar/ros2_ws/install/px4_msgs/include/px4_msgs/px4_msgs/msg/sensor_gnss_relative.hpp\n'}
[2.244321] (px4_msgs) StdoutLine: {'line': b'-- Up-to-date symlink: /home/prathamkelkar/ros2_ws/install/px4_msgs/include/px4_msgs/px4_msgs/msg/sensor_gps.hpp\n'}
[2.244486] (px4_msgs) StdoutLine: {'line': b'-- Up-to-date symlink: /home/prathamkelkar/ros2_ws/install/px4_msgs/include/px4_msgs/px4_msgs/msg/sensor_gyro.hpp\n'}
[2.244646] (px4_msgs) StdoutLine: {'line': b'-- Up-to-date symlink: /home/prathamkelkar/ros2_ws/install/px4_msgs/include/px4_msgs/px4_msgs/msg/sensor_gyro_fft.hpp\n'}
[2.244802] (px4_msgs) StdoutLine: {'line': b'-- Up-to-date symlink: /home/prathamkelkar/ros2_ws/install/px4_msgs/include/px4_msgs/px4_msgs/msg/sensor_gyro_fifo.hpp\n'}
[2.244964] (px4_msgs) StdoutLine: {'line': b'-- Up-to-date symlink: /home/prathamkelkar/ros2_ws/install/px4_msgs/include/px4_msgs/px4_msgs/msg/sensor_hygrometer.hpp\n'}
[2.245112] (px4_msgs) StdoutLine: {'line': b'-- Up-to-date symlink: /home/prathamkelkar/ros2_ws/install/px4_msgs/include/px4_msgs/px4_msgs/msg/sensor_mag.hpp\n'}
[2.245259] (px4_msgs) StdoutLine: {'line': b'-- Up-to-date symlink: /home/prathamkelkar/ros2_ws/install/px4_msgs/include/px4_msgs/px4_msgs/msg/sensor_optical_flow.hpp\n'}
[2.245426] (px4_msgs) StdoutLine: {'line': b'-- Up-to-date symlink: /home/prathamkelkar/ros2_ws/install/px4_msgs/include/px4_msgs/px4_msgs/msg/sensor_preflight_mag.hpp\n'}
[2.245575] (px4_msgs) StdoutLine: {'line': b'-- Up-to-date symlink: /home/prathamkelkar/ros2_ws/install/px4_msgs/include/px4_msgs/px4_msgs/msg/sensor_selection.hpp\n'}
[2.245735] (px4_msgs) StdoutLine: {'line': b'-- Up-to-date symlink: /home/prathamkelkar/ros2_ws/install/px4_msgs/include/px4_msgs/px4_msgs/msg/sensor_uwb.hpp\n'}
[2.245875] (px4_msgs) StdoutLine: {'line': b'-- Up-to-date symlink: /home/prathamkelkar/ros2_ws/install/px4_msgs/include/px4_msgs/px4_msgs/msg/sensors_status.hpp\n'}
[2.246026] (px4_msgs) StdoutLine: {'line': b'-- Up-to-date symlink: /home/prathamkelkar/ros2_ws/install/px4_msgs/include/px4_msgs/px4_msgs/msg/sensors_status_imu.hpp\n'}
[2.246146] (px4_msgs) StdoutLine: {'line': b'-- Up-to-date symlink: /home/prathamkelkar/ros2_ws/install/px4_msgs/include/px4_msgs/px4_msgs/msg/system_power.hpp\n'}
[2.246269] (px4_msgs) StdoutLine: {'line': b'-- Up-to-date symlink: /home/prathamkelkar/ros2_ws/install/px4_msgs/include/px4_msgs/px4_msgs/msg/takeoff_status.hpp\n'}
[2.246504] (px4_msgs) StdoutLine: {'line': b'-- Up-to-date symlink: /home/prathamkelkar/ros2_ws/install/px4_msgs/include/px4_msgs/px4_msgs/msg/task_stack_info.hpp\n'}
[2.246930] (px4_msgs) StdoutLine: {'line': b'-- Up-to-date symlink: /home/prathamkelkar/ros2_ws/install/px4_msgs/include/px4_msgs/px4_msgs/msg/tecs_status.hpp\n'}
[2.247065] (px4_msgs) StdoutLine: {'line': b'-- Up-to-date symlink: /home/prathamkelkar/ros2_ws/install/px4_msgs/include/px4_msgs/px4_msgs/msg/telemetry_status.hpp\n'}
[2.247248] (px4_msgs) StdoutLine: {'line': b'-- Up-to-date symlink: /home/prathamkelkar/ros2_ws/install/px4_msgs/include/px4_msgs/px4_msgs/msg/tiltrotor_extra_controls.hpp\n'}
[2.247454] (px4_msgs) StdoutLine: {'line': b'-- Up-to-date symlink: /home/prathamkelkar/ros2_ws/install/px4_msgs/include/px4_msgs/px4_msgs/msg/timesync_status.hpp\n'}
[2.247673] (px4_msgs) StdoutLine: {'line': b'-- Up-to-date symlink: /home/prathamkelkar/ros2_ws/install/px4_msgs/include/px4_msgs/px4_msgs/msg/trajectory_bezier.hpp\n'}
[2.247836] (px4_msgs) StdoutLine: {'line': b'-- Up-to-date symlink: /home/prathamkelkar/ros2_ws/install/px4_msgs/include/px4_msgs/px4_msgs/msg/trajectory_setpoint.hpp\n'}
[2.248013] (px4_msgs) StdoutLine: {'line': b'-- Up-to-date symlink: /home/prathamkelkar/ros2_ws/install/px4_msgs/include/px4_msgs/px4_msgs/msg/trajectory_waypoint.hpp\n'}
[2.248174] (px4_msgs) StdoutLine: {'line': b'-- Up-to-date symlink: /home/prathamkelkar/ros2_ws/install/px4_msgs/include/px4_msgs/px4_msgs/msg/transponder_report.hpp\n'}
[2.248343] (px4_msgs) StdoutLine: {'line': b'-- Up-to-date symlink: /home/prathamkelkar/ros2_ws/install/px4_msgs/include/px4_msgs/px4_msgs/msg/tune_control.hpp\n'}
[2.248506] (px4_msgs) StdoutLine: {'line': b'-- Up-to-date symlink: /home/prathamkelkar/ros2_ws/install/px4_msgs/include/px4_msgs/px4_msgs/msg/uavcan_parameter_request.hpp\n'}
[2.248684] (px4_msgs) StdoutLine: {'line': b'-- Up-to-date symlink: /home/prathamkelkar/ros2_ws/install/px4_msgs/include/px4_msgs/px4_msgs/msg/uavcan_parameter_value.hpp\n'}
[2.248848] (px4_msgs) StdoutLine: {'line': b'-- Up-to-date symlink: /home/prathamkelkar/ros2_ws/install/px4_msgs/include/px4_msgs/px4_msgs/msg/ulog_stream.hpp\n'}
[2.249010] (px4_msgs) StdoutLine: {'line': b'-- Up-to-date symlink: /home/prathamkelkar/ros2_ws/install/px4_msgs/include/px4_msgs/px4_msgs/msg/ulog_stream_ack.hpp\n'}
[2.249185] (px4_msgs) StdoutLine: {'line': b'-- Up-to-date symlink: /home/prathamkelkar/ros2_ws/install/px4_msgs/include/px4_msgs/px4_msgs/msg/unregister_ext_component.hpp\n'}
[2.249332] (px4_msgs) StdoutLine: {'line': b'-- Up-to-date symlink: /home/prathamkelkar/ros2_ws/install/px4_msgs/include/px4_msgs/px4_msgs/msg/vehicle_acceleration.hpp\n'}
[2.249502] (px4_msgs) StdoutLine: {'line': b'-- Up-to-date symlink: /home/prathamkelkar/ros2_ws/install/px4_msgs/include/px4_msgs/px4_msgs/msg/vehicle_air_data.hpp\n'}
[2.249665] (px4_msgs) StdoutLine: {'line': b'-- Up-to-date symlink: /home/prathamkelkar/ros2_ws/install/px4_msgs/include/px4_msgs/px4_msgs/msg/vehicle_angular_acceleration_setpoint.hpp\n'}
[2.249815] (px4_msgs) StdoutLine: {'line': b'-- Up-to-date symlink: /home/prathamkelkar/ros2_ws/install/px4_msgs/include/px4_msgs/px4_msgs/msg/vehicle_angular_velocity.hpp\n'}
[2.249939] (px4_msgs) StdoutLine: {'line': b'-- Up-to-date symlink: /home/prathamkelkar/ros2_ws/install/px4_msgs/include/px4_msgs/px4_msgs/msg/vehicle_attitude.hpp\n'}
[2.250064] (px4_msgs) StdoutLine: {'line': b'-- Up-to-date symlink: /home/prathamkelkar/ros2_ws/install/px4_msgs/include/px4_msgs/px4_msgs/msg/vehicle_attitude_setpoint.hpp\n'}
[2.250186] (px4_msgs) StdoutLine: {'line': b'-- Up-to-date symlink: /home/prathamkelkar/ros2_ws/install/px4_msgs/include/px4_msgs/px4_msgs/msg/vehicle_command.hpp\n'}
[2.250305] (px4_msgs) StdoutLine: {'line': b'-- Up-to-date symlink: /home/prathamkelkar/ros2_ws/install/px4_msgs/include/px4_msgs/px4_msgs/msg/vehicle_command_ack.hpp\n'}
[2.250591] (px4_msgs) StdoutLine: {'line': b'-- Up-to-date symlink: /home/prathamkelkar/ros2_ws/install/px4_msgs/include/px4_msgs/px4_msgs/msg/vehicle_constraints.hpp\n'}
[2.250732] (px4_msgs) StdoutLine: {'line': b'-- Up-to-date symlink: /home/prathamkelkar/ros2_ws/install/px4_msgs/include/px4_msgs/px4_msgs/msg/vehicle_control_mode.hpp\n'}
[2.250911] (px4_msgs) StdoutLine: {'line': b'-- Up-to-date symlink: /home/prathamkelkar/ros2_ws/install/px4_msgs/include/px4_msgs/px4_msgs/msg/vehicle_global_position.hpp\n'}
[2.251033] (px4_msgs) StdoutLine: {'line': b'-- Up-to-date symlink: /home/prathamkelkar/ros2_ws/install/px4_msgs/include/px4_msgs/px4_msgs/msg/vehicle_imu.hpp\n'}
[2.251240] (px4_msgs) StdoutLine: {'line': b'-- Up-to-date symlink: /home/prathamkelkar/ros2_ws/install/px4_msgs/include/px4_msgs/px4_msgs/msg/vehicle_imu_status.hpp\n'}
[2.251397] (px4_msgs) StdoutLine: {'line': b'-- Up-to-date symlink: /home/prathamkelkar/ros2_ws/install/px4_msgs/include/px4_msgs/px4_msgs/msg/vehicle_land_detected.hpp\n'}
[2.251576] (px4_msgs) StdoutLine: {'line': b'-- Up-to-date symlink: /home/prathamkelkar/ros2_ws/install/px4_msgs/include/px4_msgs/px4_msgs/msg/vehicle_local_position.hpp\n'}
[2.251760] (px4_msgs) StdoutLine: {'line': b'-- Up-to-date symlink: /home/prathamkelkar/ros2_ws/install/px4_msgs/include/px4_msgs/px4_msgs/msg/vehicle_local_position_setpoint.hpp\n'}
[2.251921] (px4_msgs) StdoutLine: {'line': b'-- Up-to-date symlink: /home/prathamkelkar/ros2_ws/install/px4_msgs/include/px4_msgs/px4_msgs/msg/vehicle_magnetometer.hpp\n'}
[2.252077] (px4_msgs) StdoutLine: {'line': b'-- Up-to-date symlink: /home/prathamkelkar/ros2_ws/install/px4_msgs/include/px4_msgs/px4_msgs/msg/vehicle_odometry.hpp\n'}
[2.252245] (px4_msgs) StdoutLine: {'line': b'-- Up-to-date symlink: /home/prathamkelkar/ros2_ws/install/px4_msgs/include/px4_msgs/px4_msgs/msg/vehicle_optical_flow.hpp\n'}
[2.252389] (px4_msgs) StdoutLine: {'line': b'-- Up-to-date symlink: /home/prathamkelkar/ros2_ws/install/px4_msgs/include/px4_msgs/px4_msgs/msg/vehicle_optical_flow_vel.hpp\n'}
[2.252552] (px4_msgs) StdoutLine: {'line': b'-- Up-to-date symlink: /home/prathamkelkar/ros2_ws/install/px4_msgs/include/px4_msgs/px4_msgs/msg/vehicle_rates_setpoint.hpp\n'}
[2.252709] (px4_msgs) StdoutLine: {'line': b'-- Up-to-date symlink: /home/prathamkelkar/ros2_ws/install/px4_msgs/include/px4_msgs/px4_msgs/msg/vehicle_roi.hpp\n'}
[2.252883] (px4_msgs) StdoutLine: {'line': b'-- Up-to-date symlink: /home/prathamkelkar/ros2_ws/install/px4_msgs/include/px4_msgs/px4_msgs/msg/vehicle_status.hpp\n'}
[2.253039] (px4_msgs) StdoutLine: {'line': b'-- Up-to-date symlink: /home/prathamkelkar/ros2_ws/install/px4_msgs/include/px4_msgs/px4_msgs/msg/vehicle_thrust_setpoint.hpp\n'}
[2.253204] (px4_msgs) StdoutLine: {'line': b'-- Up-to-date symlink: /home/prathamkelkar/ros2_ws/install/px4_msgs/include/px4_msgs/px4_msgs/msg/vehicle_torque_setpoint.hpp\n'}
[2.253359] (px4_msgs) StdoutLine: {'line': b'-- Up-to-date symlink: /home/prathamkelkar/ros2_ws/install/px4_msgs/include/px4_msgs/px4_msgs/msg/vehicle_trajectory_bezier.hpp\n'}
[2.253516] (px4_msgs) StdoutLine: {'line': b'-- Up-to-date symlink: /home/prathamkelkar/ros2_ws/install/px4_msgs/include/px4_msgs/px4_msgs/msg/vehicle_trajectory_waypoint.hpp\n'}
[2.253697] (px4_msgs) StdoutLine: {'line': b'-- Up-to-date symlink: /home/prathamkelkar/ros2_ws/install/px4_msgs/include/px4_msgs/px4_msgs/msg/velocity_limits.hpp\n'}
[2.253856] (px4_msgs) StdoutLine: {'line': b'-- Up-to-date symlink: /home/prathamkelkar/ros2_ws/install/px4_msgs/include/px4_msgs/px4_msgs/msg/vtol_vehicle_status.hpp\n'}
[2.254001] (px4_msgs) StdoutLine: {'line': b'-- Up-to-date symlink: /home/prathamkelkar/ros2_ws/install/px4_msgs/include/px4_msgs/px4_msgs/msg/wheel_encoders.hpp\n'}
[2.254150] (px4_msgs) StdoutLine: {'line': b'-- Up-to-date symlink: /home/prathamkelkar/ros2_ws/install/px4_msgs/include/px4_msgs/px4_msgs/msg/wind.hpp\n'}
[2.254300] (px4_msgs) StdoutLine: {'line': b'-- Up-to-date symlink: /home/prathamkelkar/ros2_ws/install/px4_msgs/include/px4_msgs/px4_msgs/msg/yaw_estimator_status.hpp\n'}
[2.254457] (px4_msgs) StdoutLine: {'line': b'-- Up-to-date symlink: /home/prathamkelkar/ros2_ws/install/px4_msgs/include/px4_msgs/px4_msgs/srv/detail/vehicle_command__builder.hpp\n'}
[2.254624] (px4_msgs) StdoutLine: {'line': b'-- Up-to-date symlink: /home/prathamkelkar/ros2_ws/install/px4_msgs/include/px4_msgs/px4_msgs/srv/detail/vehicle_command__struct.hpp\n'}
[2.254767] (px4_msgs) StdoutLine: {'line': b'-- Up-to-date symlink: /home/prathamkelkar/ros2_ws/install/px4_msgs/include/px4_msgs/px4_msgs/srv/detail/vehicle_command__traits.hpp\n'}
[2.254893] (px4_msgs) StdoutLine: {'line': b'-- Up-to-date symlink: /home/prathamkelkar/ros2_ws/install/px4_msgs/include/px4_msgs/px4_msgs/srv/detail/vehicle_command__type_support.hpp\n'}
[2.255067] (px4_msgs) StdoutLine: {'line': b'-- Up-to-date symlink: /home/prathamkelkar/ros2_ws/install/px4_msgs/include/px4_msgs/px4_msgs/srv/vehicle_command.hpp\n'}
[2.255257] (px4_msgs) StdoutLine: {'line': b'-- Up-to-date symlink: /home/prathamkelkar/ros2_ws/install/px4_msgs/include/px4_msgs/px4_msgs/msg/detail/action_request__rosidl_typesupport_fastrtps_cpp.hpp\n'}
[2.255415] (px4_msgs) StdoutLine: {'line': b'-- Up-to-date symlink: /home/prathamkelkar/ros2_ws/install/px4_msgs/include/px4_msgs/px4_msgs/msg/detail/actuator_armed__rosidl_typesupport_fastrtps_cpp.hpp\n'}
[2.255555] (px4_msgs) StdoutLine: {'line': b'-- Up-to-date symlink: /home/prathamkelkar/ros2_ws/install/px4_msgs/include/px4_msgs/px4_msgs/msg/detail/actuator_controls_status__rosidl_typesupport_fastrtps_cpp.hpp\n'}
[2.255716] (px4_msgs) StdoutLine: {'line': b'-- Up-to-date symlink: /home/prathamkelkar/ros2_ws/install/px4_msgs/include/px4_msgs/px4_msgs/msg/detail/actuator_motors__rosidl_typesupport_fastrtps_cpp.hpp\n'}
[2.255865] (px4_msgs) StdoutLine: {'line': b'-- Up-to-date symlink: /home/prathamkelkar/ros2_ws/install/px4_msgs/include/px4_msgs/px4_msgs/msg/detail/actuator_outputs__rosidl_typesupport_fastrtps_cpp.hpp\n'}
[2.255991] (px4_msgs) StdoutLine: {'line': b'-- Up-to-date symlink: /home/prathamkelkar/ros2_ws/install/px4_msgs/include/px4_msgs/px4_msgs/msg/detail/actuator_servos__rosidl_typesupport_fastrtps_cpp.hpp\n'}
[2.256166] (px4_msgs) StdoutLine: {'line': b'-- Up-to-date symlink: /home/prathamkelkar/ros2_ws/install/px4_msgs/include/px4_msgs/px4_msgs/msg/detail/actuator_servos_trim__rosidl_typesupport_fastrtps_cpp.hpp\n'}
[2.256308] (px4_msgs) StdoutLine: {'line': b'-- Up-to-date symlink: /home/prathamkelkar/ros2_ws/install/px4_msgs/include/px4_msgs/px4_msgs/msg/detail/actuator_test__rosidl_typesupport_fastrtps_cpp.hpp\n'}
[2.256478] (px4_msgs) StdoutLine: {'line': b'-- Up-to-date symlink: /home/prathamkelkar/ros2_ws/install/px4_msgs/include/px4_msgs/px4_msgs/msg/detail/adc_report__rosidl_typesupport_fastrtps_cpp.hpp\n'}
[2.256649] (px4_msgs) StdoutLine: {'line': b'-- Up-to-date symlink: /home/prathamkelkar/ros2_ws/install/px4_msgs/include/px4_msgs/px4_msgs/msg/detail/airspeed__rosidl_typesupport_fastrtps_cpp.hpp\n'}
[2.256789] (px4_msgs) StdoutLine: {'line': b'-- Up-to-date symlink: /home/prathamkelkar/ros2_ws/install/px4_msgs/include/px4_msgs/px4_msgs/msg/detail/airspeed_validated__rosidl_typesupport_fastrtps_cpp.hpp\n'}
[2.256932] (px4_msgs) StdoutLine: {'line': b'-- Up-to-date symlink: /home/prathamkelkar/ros2_ws/install/px4_msgs/include/px4_msgs/px4_msgs/msg/detail/airspeed_wind__rosidl_typesupport_fastrtps_cpp.hpp\n'}
[2.257071] (px4_msgs) StdoutLine: {'line': b'-- Up-to-date symlink: /home/prathamkelkar/ros2_ws/install/px4_msgs/include/px4_msgs/px4_msgs/msg/detail/arming_check_reply__rosidl_typesupport_fastrtps_cpp.hpp\n'}
[2.257241] (px4_msgs) StdoutLine: {'line': b'-- Up-to-date symlink: /home/prathamkelkar/ros2_ws/install/px4_msgs/include/px4_msgs/px4_msgs/msg/detail/arming_check_request__rosidl_typesupport_fastrtps_cpp.hpp\n'}
[2.257412] (px4_msgs) StdoutLine: {'line': b'-- Up-to-date symlink: /home/prathamkelkar/ros2_ws/install/px4_msgs/include/px4_msgs/px4_msgs/msg/detail/autotune_attitude_control_status__rosidl_typesupport_fastrtps_cpp.hpp\n'}
[2.257582] (px4_msgs) StdoutLine: {'line': b'-- Up-to-date symlink: /home/prathamkelkar/ros2_ws/install/px4_msgs/include/px4_msgs/px4_msgs/msg/detail/battery_status__rosidl_typesupport_fastrtps_cpp.hpp\n'}
[2.257748] (px4_msgs) StdoutLine: {'line': b'-- Up-to-date symlink: /home/prathamkelkar/ros2_ws/install/px4_msgs/include/px4_msgs/px4_msgs/msg/detail/buffer128__rosidl_typesupport_fastrtps_cpp.hpp\n'}
[2.257903] (px4_msgs) StdoutLine: {'line': b'-- Up-to-date symlink: /home/prathamkelkar/ros2_ws/install/px4_msgs/include/px4_msgs/px4_msgs/msg/detail/button_event__rosidl_typesupport_fastrtps_cpp.hpp\n'}
[2.258045] (px4_msgs) StdoutLine: {'line': b'-- Up-to-date symlink: /home/prathamkelkar/ros2_ws/install/px4_msgs/include/px4_msgs/px4_msgs/msg/detail/camera_capture__rosidl_typesupport_fastrtps_cpp.hpp\n'}
[2.258205] (px4_msgs) StdoutLine: {'line': b'-- Up-to-date symlink: /home/prathamkelkar/ros2_ws/install/px4_msgs/include/px4_msgs/px4_msgs/msg/detail/camera_status__rosidl_typesupport_fastrtps_cpp.hpp\n'}
[2.258353] (px4_msgs) StdoutLine: {'line': b'-- Up-to-date symlink: /home/prathamkelkar/ros2_ws/install/px4_msgs/include/px4_msgs/px4_msgs/msg/detail/camera_trigger__rosidl_typesupport_fastrtps_cpp.hpp\n'}
[2.258523] (px4_msgs) StdoutLine: {'line': b'-- Up-to-date symlink: /home/prathamkelkar/ros2_ws/install/px4_msgs/include/px4_msgs/px4_msgs/msg/detail/can_interface_status__rosidl_typesupport_fastrtps_cpp.hpp\n'}
[2.258686] (px4_msgs) StdoutLine: {'line': b'-- Up-to-date symlink: /home/prathamkelkar/ros2_ws/install/px4_msgs/include/px4_msgs/px4_msgs/msg/detail/cellular_status__rosidl_typesupport_fastrtps_cpp.hpp\n'}
[2.258841] (px4_msgs) StdoutLine: {'line': b'-- Up-to-date symlink: /home/prathamkelkar/ros2_ws/install/px4_msgs/include/px4_msgs/px4_msgs/msg/detail/collision_constraints__rosidl_typesupport_fastrtps_cpp.hpp\n'}
[2.259010] (px4_msgs) StdoutLine: {'line': b'-- Up-to-date symlink: /home/prathamkelkar/ros2_ws/install/px4_msgs/include/px4_msgs/px4_msgs/msg/detail/collision_report__rosidl_typesupport_fastrtps_cpp.hpp\n'}
[2.259165] (px4_msgs) StdoutLine: {'line': b'-- Up-to-date symlink: /home/prathamkelkar/ros2_ws/install/px4_msgs/include/px4_msgs/px4_msgs/msg/detail/config_overrides__rosidl_typesupport_fastrtps_cpp.hpp\n'}
[2.259319] (px4_msgs) StdoutLine: {'line': b'-- Up-to-date symlink: /home/prathamkelkar/ros2_ws/install/px4_msgs/include/px4_msgs/px4_msgs/msg/detail/control_allocator_status__rosidl_typesupport_fastrtps_cpp.hpp\n'}
[2.259485] (px4_msgs) StdoutLine: {'line': b'-- Up-to-date symlink: /home/prathamkelkar/ros2_ws/install/px4_msgs/include/px4_msgs/px4_msgs/msg/detail/cpuload__rosidl_typesupport_fastrtps_cpp.hpp\n'}
[2.259646] (px4_msgs) StdoutLine: {'line': b'-- Up-to-date symlink: /home/prathamkelkar/ros2_ws/install/px4_msgs/include/px4_msgs/px4_msgs/msg/detail/dataman_request__rosidl_typesupport_fastrtps_cpp.hpp\n'}
[2.259783] (px4_msgs) StdoutLine: {'line': b'-- Up-to-date symlink: /home/prathamkelkar/ros2_ws/install/px4_msgs/include/px4_msgs/px4_msgs/msg/detail/dataman_response__rosidl_typesupport_fastrtps_cpp.hpp\n'}
[2.259925] (px4_msgs) StdoutLine: {'line': b'-- Up-to-date symlink: /home/prathamkelkar/ros2_ws/install/px4_msgs/include/px4_msgs/px4_msgs/msg/detail/debug_array__rosidl_typesupport_fastrtps_cpp.hpp\n'}
[2.260064] (px4_msgs) StdoutLine: {'line': b'-- Up-to-date symlink: /home/prathamkelkar/ros2_ws/install/px4_msgs/include/px4_msgs/px4_msgs/msg/detail/debug_key_value__rosidl_typesupport_fastrtps_cpp.hpp\n'}
[2.260245] (px4_msgs) StdoutLine: {'line': b'-- Up-to-date symlink: /home/prathamkelkar/ros2_ws/install/px4_msgs/include/px4_msgs/px4_msgs/msg/detail/debug_value__rosidl_typesupport_fastrtps_cpp.hpp\n'}
[2.260404] (px4_msgs) StdoutLine: {'line': b'-- Up-to-date symlink: /home/prathamkelkar/ros2_ws/install/px4_msgs/include/px4_msgs/px4_msgs/msg/detail/debug_vect__rosidl_typesupport_fastrtps_cpp.hpp\n'}
[2.260522] (px4_msgs) StdoutLine: {'line': b'-- Up-to-date symlink: /home/prathamkelkar/ros2_ws/install/px4_msgs/include/px4_msgs/px4_msgs/msg/detail/differential_drive_setpoint__rosidl_typesupport_fastrtps_cpp.hpp\n'}
[2.260705] (px4_msgs) StdoutLine: {'line': b'-- Up-to-date symlink: /home/prathamkelkar/ros2_ws/install/px4_msgs/include/px4_msgs/px4_msgs/msg/detail/differential_pressure__rosidl_typesupport_fastrtps_cpp.hpp\n'}
[2.260828] (px4_msgs) StdoutLine: {'line': b'-- Up-to-date symlink: /home/prathamkelkar/ros2_ws/install/px4_msgs/include/px4_msgs/px4_msgs/msg/detail/distance_sensor__rosidl_typesupport_fastrtps_cpp.hpp\n'}
[2.260949] (px4_msgs) StdoutLine: {'line': b'-- Up-to-date symlink: /home/prathamkelkar/ros2_ws/install/px4_msgs/include/px4_msgs/px4_msgs/msg/detail/ekf2_timestamps__rosidl_typesupport_fastrtps_cpp.hpp\n'}
[2.261069] (px4_msgs) StdoutLine: {'line': b'-- Up-to-date symlink: /home/prathamkelkar/ros2_ws/install/px4_msgs/include/px4_msgs/px4_msgs/msg/detail/esc_report__rosidl_typesupport_fastrtps_cpp.hpp\n'}
[2.261197] (px4_msgs) StdoutLine: {'line': b'-- Up-to-date symlink: /home/prathamkelkar/ros2_ws/install/px4_msgs/include/px4_msgs/px4_msgs/msg/detail/esc_status__rosidl_typesupport_fastrtps_cpp.hpp\n'}
[2.261315] (px4_msgs) StdoutLine: {'line': b'-- Up-to-date symlink: /home/prathamkelkar/ros2_ws/install/px4_msgs/include/px4_msgs/px4_msgs/msg/detail/estimator_aid_source1d__rosidl_typesupport_fastrtps_cpp.hpp\n'}
[2.261544] (px4_msgs) StdoutLine: {'line': b'-- Up-to-date symlink: /home/prathamkelkar/ros2_ws/install/px4_msgs/include/px4_msgs/px4_msgs/msg/detail/estimator_aid_source2d__rosidl_typesupport_fastrtps_cpp.hpp\n'}
[2.261722] (px4_msgs) StdoutLine: {'line': b'-- Up-to-date symlink: /home/prathamkelkar/ros2_ws/install/px4_msgs/include/px4_msgs/px4_msgs/msg/detail/estimator_aid_source3d__rosidl_typesupport_fastrtps_cpp.hpp\n'}
[2.261879] (px4_msgs) StdoutLine: {'line': b'-- Up-to-date symlink: /home/prathamkelkar/ros2_ws/install/px4_msgs/include/px4_msgs/px4_msgs/msg/detail/estimator_bias3d__rosidl_typesupport_fastrtps_cpp.hpp\n'}
[2.262041] (px4_msgs) StdoutLine: {'line': b'-- Up-to-date symlink: /home/prathamkelkar/ros2_ws/install/px4_msgs/include/px4_msgs/px4_msgs/msg/detail/estimator_bias__rosidl_typesupport_fastrtps_cpp.hpp\n'}
[2.262194] (px4_msgs) StdoutLine: {'line': b'-- Up-to-date symlink: /home/prathamkelkar/ros2_ws/install/px4_msgs/include/px4_msgs/px4_msgs/msg/detail/estimator_event_flags__rosidl_typesupport_fastrtps_cpp.hpp\n'}
[2.262345] (px4_msgs) StdoutLine: {'line': b'-- Up-to-date symlink: /home/prathamkelkar/ros2_ws/install/px4_msgs/include/px4_msgs/px4_msgs/msg/detail/estimator_gps_status__rosidl_typesupport_fastrtps_cpp.hpp\n'}
[2.262501] (px4_msgs) StdoutLine: {'line': b'-- Up-to-date symlink: /home/prathamkelkar/ros2_ws/install/px4_msgs/include/px4_msgs/px4_msgs/msg/detail/estimator_innovations__rosidl_typesupport_fastrtps_cpp.hpp\n'}
[2.262676] (px4_msgs) StdoutLine: {'line': b'-- Up-to-date symlink: /home/prathamkelkar/ros2_ws/install/px4_msgs/include/px4_msgs/px4_msgs/msg/detail/estimator_selector_status__rosidl_typesupport_fastrtps_cpp.hpp\n'}
[2.262799] (px4_msgs) StdoutLine: {'line': b'-- Up-to-date symlink: /home/prathamkelkar/ros2_ws/install/px4_msgs/include/px4_msgs/px4_msgs/msg/detail/estimator_sensor_bias__rosidl_typesupport_fastrtps_cpp.hpp\n'}
[2.262941] (px4_msgs) StdoutLine: {'line': b'-- Up-to-date symlink: /home/prathamkelkar/ros2_ws/install/px4_msgs/include/px4_msgs/px4_msgs/msg/detail/estimator_states__rosidl_typesupport_fastrtps_cpp.hpp\n'}
[2.263082] (px4_msgs) StdoutLine: {'line': b'-- Up-to-date symlink: /home/prathamkelkar/ros2_ws/install/px4_msgs/include/px4_msgs/px4_msgs/msg/detail/estimator_status__rosidl_typesupport_fastrtps_cpp.hpp\n'}
[2.263242] (px4_msgs) StdoutLine: {'line': b'-- Up-to-date symlink: /home/prathamkelkar/ros2_ws/install/px4_msgs/include/px4_msgs/px4_msgs/msg/detail/estimator_status_flags__rosidl_typesupport_fastrtps_cpp.hpp\n'}
[2.263363] (px4_msgs) StdoutLine: {'line': b'-- Up-to-date symlink: /home/prathamkelkar/ros2_ws/install/px4_msgs/include/px4_msgs/px4_msgs/msg/detail/event__rosidl_typesupport_fastrtps_cpp.hpp\n'}
[2.263591] (px4_msgs) StdoutLine: {'line': b'-- Up-to-date symlink: /home/prathamkelkar/ros2_ws/install/px4_msgs/include/px4_msgs/px4_msgs/msg/detail/failsafe_flags__rosidl_typesupport_fastrtps_cpp.hpp\n'}
[2.263753] (px4_msgs) StdoutLine: {'line': b'-- Up-to-date symlink: /home/prathamkelkar/ros2_ws/install/px4_msgs/include/px4_msgs/px4_msgs/msg/detail/failure_detector_status__rosidl_typesupport_fastrtps_cpp.hpp\n'}
[2.263871] (px4_msgs) StdoutLine: {'line': b'-- Up-to-date symlink: /home/prathamkelkar/ros2_ws/install/px4_msgs/include/px4_msgs/px4_msgs/msg/detail/figure_eight_status__rosidl_typesupport_fastrtps_cpp.hpp\n'}
[2.264006] (px4_msgs) StdoutLine: {'line': b'-- Up-to-date symlink: /home/prathamkelkar/ros2_ws/install/px4_msgs/include/px4_msgs/px4_msgs/msg/detail/flight_phase_estimation__rosidl_typesupport_fastrtps_cpp.hpp\n'}
[2.264130] (px4_msgs) StdoutLine: {'line': b'-- Up-to-date symlink: /home/prathamkelkar/ros2_ws/install/px4_msgs/include/px4_msgs/px4_msgs/msg/detail/follow_target__rosidl_typesupport_fastrtps_cpp.hpp\n'}
[2.264263] (px4_msgs) StdoutLine: {'line': b'-- Up-to-date symlink: /home/prathamkelkar/ros2_ws/install/px4_msgs/include/px4_msgs/px4_msgs/msg/detail/follow_target_estimator__rosidl_typesupport_fastrtps_cpp.hpp\n'}
[2.264377] (px4_msgs) StdoutLine: {'line': b'-- Up-to-date symlink: /home/prathamkelkar/ros2_ws/install/px4_msgs/include/px4_msgs/px4_msgs/msg/detail/follow_target_status__rosidl_typesupport_fastrtps_cpp.hpp\n'}
[2.264506] (px4_msgs) StdoutLine: {'line': b'-- Up-to-date symlink: /home/prathamkelkar/ros2_ws/install/px4_msgs/include/px4_msgs/px4_msgs/msg/detail/generator_status__rosidl_typesupport_fastrtps_cpp.hpp\n'}
[2.264639] (px4_msgs) StdoutLine: {'line': b'-- Up-to-date symlink: /home/prathamkelkar/ros2_ws/install/px4_msgs/include/px4_msgs/px4_msgs/msg/detail/geofence_result__rosidl_typesupport_fastrtps_cpp.hpp\n'}
[2.264751] (px4_msgs) StdoutLine: {'line': b'-- Up-to-date symlink: /home/prathamkelkar/ros2_ws/install/px4_msgs/include/px4_msgs/px4_msgs/msg/detail/geofence_status__rosidl_typesupport_fastrtps_cpp.hpp\n'}
[2.264860] (px4_msgs) StdoutLine: {'line': b'-- Up-to-date symlink: /home/prathamkelkar/ros2_ws/install/px4_msgs/include/px4_msgs/px4_msgs/msg/detail/gimbal_controls__rosidl_typesupport_fastrtps_cpp.hpp\n'}
[2.265016] (px4_msgs) StdoutLine: {'line': b'-- Up-to-date symlink: /home/prathamkelkar/ros2_ws/install/px4_msgs/include/px4_msgs/px4_msgs/msg/detail/gimbal_device_attitude_status__rosidl_typesupport_fastrtps_cpp.hpp\n'}
[2.265175] (px4_msgs) StdoutLine: {'line': b'-- Up-to-date symlink: /home/prathamkelkar/ros2_ws/install/px4_msgs/include/px4_msgs/px4_msgs/msg/detail/gimbal_device_information__rosidl_typesupport_fastrtps_cpp.hpp\n'}
[2.265334] (px4_msgs) StdoutLine: {'line': b'-- Up-to-date symlink: /home/prathamkelkar/ros2_ws/install/px4_msgs/include/px4_msgs/px4_msgs/msg/detail/gimbal_device_set_attitude__rosidl_typesupport_fastrtps_cpp.hpp\n'}
[2.265498] (px4_msgs) StdoutLine: {'line': b'-- Up-to-date symlink: /home/prathamkelkar/ros2_ws/install/px4_msgs/include/px4_msgs/px4_msgs/msg/detail/gimbal_manager_information__rosidl_typesupport_fastrtps_cpp.hpp\n'}
[2.265634] (px4_msgs) StdoutLine: {'line': b'-- Up-to-date symlink: /home/prathamkelkar/ros2_ws/install/px4_msgs/include/px4_msgs/px4_msgs/msg/detail/gimbal_manager_set_attitude__rosidl_typesupport_fastrtps_cpp.hpp\n'}
[2.265769] (px4_msgs) StdoutLine: {'line': b'-- Up-to-date symlink: /home/prathamkelkar/ros2_ws/install/px4_msgs/include/px4_msgs/px4_msgs/msg/detail/gimbal_manager_set_manual_control__rosidl_typesupport_fastrtps_cpp.hpp\n'}
[2.265906] (px4_msgs) StdoutLine: {'line': b'-- Up-to-date symlink: /home/prathamkelkar/ros2_ws/install/px4_msgs/include/px4_msgs/px4_msgs/msg/detail/gimbal_manager_status__rosidl_typesupport_fastrtps_cpp.hpp\n'}
[2.266017] (px4_msgs) StdoutLine: {'line': b'-- Up-to-date symlink: /home/prathamkelkar/ros2_ws/install/px4_msgs/include/px4_msgs/px4_msgs/msg/detail/goto_setpoint__rosidl_typesupport_fastrtps_cpp.hpp\n'}
[2.266131] (px4_msgs) StdoutLine: {'line': b'-- Up-to-date symlink: /home/prathamkelkar/ros2_ws/install/px4_msgs/include/px4_msgs/px4_msgs/msg/detail/gpio_config__rosidl_typesupport_fastrtps_cpp.hpp\n'}
[2.266295] (px4_msgs) StdoutLine: {'line': b'-- Up-to-date symlink: /home/prathamkelkar/ros2_ws/install/px4_msgs/include/px4_msgs/px4_msgs/msg/detail/gpio_in__rosidl_typesupport_fastrtps_cpp.hpp\n'}
[2.266417] (px4_msgs) StdoutLine: {'line': b'-- Up-to-date symlink: /home/prathamkelkar/ros2_ws/install/px4_msgs/include/px4_msgs/px4_msgs/msg/detail/gpio_out__rosidl_typesupport_fastrtps_cpp.hpp\n'}
[2.266596] (px4_msgs) StdoutLine: {'line': b'-- Up-to-date symlink: /home/prathamkelkar/ros2_ws/install/px4_msgs/include/px4_msgs/px4_msgs/msg/detail/gpio_request__rosidl_typesupport_fastrtps_cpp.hpp\n'}
[2.266725] (px4_msgs) StdoutLine: {'line': b'-- Up-to-date symlink: /home/prathamkelkar/ros2_ws/install/px4_msgs/include/px4_msgs/px4_msgs/msg/detail/gps_dump__rosidl_typesupport_fastrtps_cpp.hpp\n'}
[2.266897] (px4_msgs) StdoutLine: {'line': b'-- Up-to-date symlink: /home/prathamkelkar/ros2_ws/install/px4_msgs/include/px4_msgs/px4_msgs/msg/detail/gps_inject_data__rosidl_typesupport_fastrtps_cpp.hpp\n'}
[2.267019] (px4_msgs) StdoutLine: {'line': b'-- Up-to-date symlink: /home/prathamkelkar/ros2_ws/install/px4_msgs/include/px4_msgs/px4_msgs/msg/detail/gripper__rosidl_typesupport_fastrtps_cpp.hpp\n'}
[2.267201] (px4_msgs) StdoutLine: {'line': b'-- Up-to-date symlink: /home/prathamkelkar/ros2_ws/install/px4_msgs/include/px4_msgs/px4_msgs/msg/detail/health_report__rosidl_typesupport_fastrtps_cpp.hpp\n'}
[2.267385] (px4_msgs) StdoutLine: {'line': b'-- Up-to-date symlink: /home/prathamkelkar/ros2_ws/install/px4_msgs/include/px4_msgs/px4_msgs/msg/detail/heater_status__rosidl_typesupport_fastrtps_cpp.hpp\n'}
[2.267597] (px4_msgs) StdoutLine: {'line': b'-- Up-to-date symlink: /home/prathamkelkar/ros2_ws/install/px4_msgs/include/px4_msgs/px4_msgs/msg/detail/home_position__rosidl_typesupport_fastrtps_cpp.hpp\n'}
[2.267771] (px4_msgs) StdoutLine: {'line': b'-- Up-to-date symlink: /home/prathamkelkar/ros2_ws/install/px4_msgs/include/px4_msgs/px4_msgs/msg/detail/hover_thrust_estimate__rosidl_typesupport_fastrtps_cpp.hpp\n'}
[2.267945] (px4_msgs) StdoutLine: {'line': b'-- Up-to-date symlink: /home/prathamkelkar/ros2_ws/install/px4_msgs/include/px4_msgs/px4_msgs/msg/detail/input_rc__rosidl_typesupport_fastrtps_cpp.hpp\n'}
[2.268342] (px4_msgs) StdoutLine: {'line': b'-- Up-to-date symlink: /home/prathamkelkar/ros2_ws/install/px4_msgs/include/px4_msgs/px4_msgs/msg/detail/internal_combustion_engine_status__rosidl_typesupport_fastrtps_cpp.hpp\n'}
[2.268488] (px4_msgs) StdoutLine: {'line': b'-- Up-to-date symlink: /home/prathamkelkar/ros2_ws/install/px4_msgs/include/px4_msgs/px4_msgs/msg/detail/iridiumsbd_status__rosidl_typesupport_fastrtps_cpp.hpp\n'}
[2.268631] (px4_msgs) StdoutLine: {'line': b'-- Up-to-date symlink: /home/prathamkelkar/ros2_ws/install/px4_msgs/include/px4_msgs/px4_msgs/msg/detail/irlock_report__rosidl_typesupport_fastrtps_cpp.hpp\n'}
[2.268775] (px4_msgs) StdoutLine: {'line': b'-- Up-to-date symlink: /home/prathamkelkar/ros2_ws/install/px4_msgs/include/px4_msgs/px4_msgs/msg/detail/landing_gear__rosidl_typesupport_fastrtps_cpp.hpp\n'}
[2.268905] (px4_msgs) StdoutLine: {'line': b'-- Up-to-date symlink: /home/prathamkelkar/ros2_ws/install/px4_msgs/include/px4_msgs/px4_msgs/msg/detail/landing_gear_wheel__rosidl_typesupport_fastrtps_cpp.hpp\n'}
[2.269040] (px4_msgs) StdoutLine: {'line': b'-- Up-to-date symlink: /home/prathamkelkar/ros2_ws/install/px4_msgs/include/px4_msgs/px4_msgs/msg/detail/landing_target_innovations__rosidl_typesupport_fastrtps_cpp.hpp\n'}
[2.269174] (px4_msgs) StdoutLine: {'line': b'-- Up-to-date symlink: /home/prathamkelkar/ros2_ws/install/px4_msgs/include/px4_msgs/px4_msgs/msg/detail/landing_target_pose__rosidl_typesupport_fastrtps_cpp.hpp\n'}
[2.269661] (px4_msgs) StdoutLine: {'line': b'-- Up-to-date symlink: /home/prathamkelkar/ros2_ws/install/px4_msgs/include/px4_msgs/px4_msgs/msg/detail/launch_detection_status__rosidl_typesupport_fastrtps_cpp.hpp\n'}
[2.270057] (px4_msgs) StdoutLine: {'line': b'-- Up-to-date symlink: /home/prathamkelkar/ros2_ws/install/px4_msgs/include/px4_msgs/px4_msgs/msg/detail/led_control__rosidl_typesupport_fastrtps_cpp.hpp\n'}
[2.270363] (px4_msgs) StdoutLine: {'line': b'-- Up-to-date symlink: /home/prathamkelkar/ros2_ws/install/px4_msgs/include/px4_msgs/px4_msgs/msg/detail/log_message__rosidl_typesupport_fastrtps_cpp.hpp\n'}
[2.270491] (px4_msgs) StdoutLine: {'line': b'-- Up-to-date symlink: /home/prathamkelkar/ros2_ws/install/px4_msgs/include/px4_msgs/px4_msgs/msg/detail/logger_status__rosidl_typesupport_fastrtps_cpp.hpp\n'}
[2.271148] (px4_msgs) StdoutLine: {'line': b'-- Up-to-date symlink: /home/prathamkelkar/ros2_ws/install/px4_msgs/include/px4_msgs/px4_msgs/msg/detail/mag_worker_data__rosidl_typesupport_fastrtps_cpp.hpp\n'}
[2.271346] (px4_msgs) StdoutLine: {'line': b'-- Up-to-date symlink: /home/prathamkelkar/ros2_ws/install/px4_msgs/include/px4_msgs/px4_msgs/msg/detail/magnetometer_bias_estimate__rosidl_typesupport_fastrtps_cpp.hpp\n'}
[2.271713] (px4_msgs) StdoutLine: {'line': b'-- Up-to-date symlink: /home/prathamkelkar/ros2_ws/install/px4_msgs/include/px4_msgs/px4_msgs/msg/detail/manual_control_setpoint__rosidl_typesupport_fastrtps_cpp.hpp\n'}
[2.271857] (px4_msgs) StdoutLine: {'line': b'-- Up-to-date symlink: /home/prathamkelkar/ros2_ws/install/px4_msgs/include/px4_msgs/px4_msgs/msg/detail/manual_control_switches__rosidl_typesupport_fastrtps_cpp.hpp\n'}
[2.272103] (px4_msgs) StdoutLine: {'line': b'-- Up-to-date symlink: /home/prathamkelkar/ros2_ws/install/px4_msgs/include/px4_msgs/px4_msgs/msg/detail/mavlink_log__rosidl_typesupport_fastrtps_cpp.hpp\n'}
[2.272243] (px4_msgs) StdoutLine: {'line': b'-- Up-to-date symlink: /home/prathamkelkar/ros2_ws/install/px4_msgs/include/px4_msgs/px4_msgs/msg/detail/mavlink_tunnel__rosidl_typesupport_fastrtps_cpp.hpp\n'}
[2.272552] (px4_msgs) StdoutLine: {'line': b'-- Up-to-date symlink: /home/prathamkelkar/ros2_ws/install/px4_msgs/include/px4_msgs/px4_msgs/msg/detail/message_format_request__rosidl_typesupport_fastrtps_cpp.hpp\n'}
[2.272921] (px4_msgs) StdoutLine: {'line': b'-- Up-to-date symlink: /home/prathamkelkar/ros2_ws/install/px4_msgs/include/px4_msgs/px4_msgs/msg/detail/message_format_response__rosidl_typesupport_fastrtps_cpp.hpp\n'}
[2.273154] (px4_msgs) StdoutLine: {'line': b'-- Up-to-date symlink: /home/prathamkelkar/ros2_ws/install/px4_msgs/include/px4_msgs/px4_msgs/msg/detail/mission__rosidl_typesupport_fastrtps_cpp.hpp\n'}
[2.273400] (px4_msgs) StdoutLine: {'line': b'-- Up-to-date symlink: /home/prathamkelkar/ros2_ws/install/px4_msgs/include/px4_msgs/px4_msgs/msg/detail/mission_result__rosidl_typesupport_fastrtps_cpp.hpp\n'}
[2.273538] (px4_msgs) StdoutLine: {'line': b'-- Up-to-date symlink: /home/prathamkelkar/ros2_ws/install/px4_msgs/include/px4_msgs/px4_msgs/msg/detail/mode_completed__rosidl_typesupport_fastrtps_cpp.hpp\n'}
[2.273683] (px4_msgs) StdoutLine: {'line': b'-- Up-to-date symlink: /home/prathamkelkar/ros2_ws/install/px4_msgs/include/px4_msgs/px4_msgs/msg/detail/mount_orientation__rosidl_typesupport_fastrtps_cpp.hpp\n'}
[2.273940] (px4_msgs) StdoutLine: {'line': b'-- Up-to-date symlink: /home/prathamkelkar/ros2_ws/install/px4_msgs/include/px4_msgs/px4_msgs/msg/detail/navigator_mission_item__rosidl_typesupport_fastrtps_cpp.hpp\n'}
[2.274199] (px4_msgs) StdoutLine: {'line': b'-- Up-to-date symlink: /home/prathamkelkar/ros2_ws/install/px4_msgs/include/px4_msgs/px4_msgs/msg/detail/normalized_unsigned_setpoint__rosidl_typesupport_fastrtps_cpp.hpp\n'}
[2.274397] (px4_msgs) StdoutLine: {'line': b'-- Up-to-date symlink: /home/prathamkelkar/ros2_ws/install/px4_msgs/include/px4_msgs/px4_msgs/msg/detail/npfg_status__rosidl_typesupport_fastrtps_cpp.hpp\n'}
[2.274583] (px4_msgs) StdoutLine: {'line': b'-- Up-to-date symlink: /home/prathamkelkar/ros2_ws/install/px4_msgs/include/px4_msgs/px4_msgs/msg/detail/obstacle_distance__rosidl_typesupport_fastrtps_cpp.hpp\n'}
[2.274786] (px4_msgs) StdoutLine: {'line': b'-- Up-to-date symlink: /home/prathamkelkar/ros2_ws/install/px4_msgs/include/px4_msgs/px4_msgs/msg/detail/offboard_control_mode__rosidl_typesupport_fastrtps_cpp.hpp\n'}
[2.274993] (px4_msgs) StdoutLine: {'line': b'-- Up-to-date symlink: /home/prathamkelkar/ros2_ws/install/px4_msgs/include/px4_msgs/px4_msgs/msg/detail/onboard_computer_status__rosidl_typesupport_fastrtps_cpp.hpp\n'}
[2.275168] (px4_msgs) StdoutLine: {'line': b'-- Up-to-date symlink: /home/prathamkelkar/ros2_ws/install/px4_msgs/include/px4_msgs/px4_msgs/msg/detail/orb_test__rosidl_typesupport_fastrtps_cpp.hpp\n'}
[2.275370] (px4_msgs) StdoutLine: {'line': b'-- Up-to-date symlink: /home/prathamkelkar/ros2_ws/install/px4_msgs/include/px4_msgs/px4_msgs/msg/detail/orb_test_large__rosidl_typesupport_fastrtps_cpp.hpp\n'}
[2.275533] (px4_msgs) StdoutLine: {'line': b'-- Up-to-date symlink: /home/prathamkelkar/ros2_ws/install/px4_msgs/include/px4_msgs/px4_msgs/msg/detail/orb_test_medium__rosidl_typesupport_fastrtps_cpp.hpp\n'}
[2.275805] (px4_msgs) StdoutLine: {'line': b'-- Up-to-date symlink: /home/prathamkelkar/ros2_ws/install/px4_msgs/include/px4_msgs/px4_msgs/msg/detail/orbit_status__rosidl_typesupport_fastrtps_cpp.hpp\n'}
[2.276024] (px4_msgs) StdoutLine: {'line': b'-- Up-to-date symlink: /home/prathamkelkar/ros2_ws/install/px4_msgs/include/px4_msgs/px4_msgs/msg/detail/parameter_reset_request__rosidl_typesupport_fastrtps_cpp.hpp\n'}
[2.276226] (px4_msgs) StdoutLine: {'line': b'-- Up-to-date symlink: /home/prathamkelkar/ros2_ws/install/px4_msgs/include/px4_msgs/px4_msgs/msg/detail/parameter_set_used_request__rosidl_typesupport_fastrtps_cpp.hpp\n'}
[2.276427] (px4_msgs) StdoutLine: {'line': b'-- Up-to-date symlink: /home/prathamkelkar/ros2_ws/install/px4_msgs/include/px4_msgs/px4_msgs/msg/detail/parameter_set_value_request__rosidl_typesupport_fastrtps_cpp.hpp\n'}
[2.276556] (px4_msgs) StdoutLine: {'line': b'-- Up-to-date symlink: /home/prathamkelkar/ros2_ws/install/px4_msgs/include/px4_msgs/px4_msgs/msg/detail/parameter_set_value_response__rosidl_typesupport_fastrtps_cpp.hpp\n'}
[2.276696] (px4_msgs) StdoutLine: {'line': b'-- Up-to-date symlink: /home/prathamkelkar/ros2_ws/install/px4_msgs/include/px4_msgs/px4_msgs/msg/detail/parameter_update__rosidl_typesupport_fastrtps_cpp.hpp\n'}
[2.276955] (px4_msgs) StdoutLine: {'line': b'-- Up-to-date symlink: /home/prathamkelkar/ros2_ws/install/px4_msgs/include/px4_msgs/px4_msgs/msg/detail/ping__rosidl_typesupport_fastrtps_cpp.hpp\n'}
[2.277087] (px4_msgs) StdoutLine: {'line': b'-- Up-to-date symlink: /home/prathamkelkar/ros2_ws/install/px4_msgs/include/px4_msgs/px4_msgs/msg/detail/position_controller_landing_status__rosidl_typesupport_fastrtps_cpp.hpp\n'}
[2.277335] (px4_msgs) StdoutLine: {'line': b'-- Up-to-date symlink: /home/prathamkelkar/ros2_ws/install/px4_msgs/include/px4_msgs/px4_msgs/msg/detail/position_controller_status__rosidl_typesupport_fastrtps_cpp.hpp\n'}
[2.277463] (px4_msgs) StdoutLine: {'line': b'-- Up-to-date symlink: /home/prathamkelkar/ros2_ws/install/px4_msgs/include/px4_msgs/px4_msgs/msg/detail/position_setpoint__rosidl_typesupport_fastrtps_cpp.hpp\n'}
[2.277595] (px4_msgs) StdoutLine: {'line': b'-- Up-to-date symlink: /home/prathamkelkar/ros2_ws/install/px4_msgs/include/px4_msgs/px4_msgs/msg/detail/position_setpoint_triplet__rosidl_typesupport_fastrtps_cpp.hpp\n'}
[2.277844] (px4_msgs) StdoutLine: {'line': b'-- Up-to-date symlink: /home/prathamkelkar/ros2_ws/install/px4_msgs/include/px4_msgs/px4_msgs/msg/detail/power_button_state__rosidl_typesupport_fastrtps_cpp.hpp\n'}
[2.278142] (px4_msgs) StdoutLine: {'line': b'-- Up-to-date symlink: /home/prathamkelkar/ros2_ws/install/px4_msgs/include/px4_msgs/px4_msgs/msg/detail/power_monitor__rosidl_typesupport_fastrtps_cpp.hpp\n'}
[2.278319] (px4_msgs) StdoutLine: {'line': b'-- Up-to-date symlink: /home/prathamkelkar/ros2_ws/install/px4_msgs/include/px4_msgs/px4_msgs/msg/detail/pps_capture__rosidl_typesupport_fastrtps_cpp.hpp\n'}
[2.278542] (px4_msgs) StdoutLine: {'line': b'-- Up-to-date symlink: /home/prathamkelkar/ros2_ws/install/px4_msgs/include/px4_msgs/px4_msgs/msg/detail/pwm_input__rosidl_typesupport_fastrtps_cpp.hpp\n'}
[2.278806] (px4_msgs) StdoutLine: {'line': b'-- Up-to-date symlink: /home/prathamkelkar/ros2_ws/install/px4_msgs/include/px4_msgs/px4_msgs/msg/detail/px4io_status__rosidl_typesupport_fastrtps_cpp.hpp\n'}
[2.279019] (px4_msgs) StdoutLine: {'line': b'-- Up-to-date symlink: /home/prathamkelkar/ros2_ws/install/px4_msgs/include/px4_msgs/px4_msgs/msg/detail/qshell_req__rosidl_typesupport_fastrtps_cpp.hpp\n'}
[2.279279] (px4_msgs) StdoutLine: {'line': b'-- Up-to-date symlink: /home/prathamkelkar/ros2_ws/install/px4_msgs/include/px4_msgs/px4_msgs/msg/detail/qshell_retval__rosidl_typesupport_fastrtps_cpp.hpp\n'}
[2.279516] (px4_msgs) StdoutLine: {'line': b'-- Up-to-date symlink: /home/prathamkelkar/ros2_ws/install/px4_msgs/include/px4_msgs/px4_msgs/msg/detail/radio_status__rosidl_typesupport_fastrtps_cpp.hpp\n'}
[2.279849] (px4_msgs) StdoutLine: {'line': b'-- Up-to-date symlink: /home/prathamkelkar/ros2_ws/install/px4_msgs/include/px4_msgs/px4_msgs/msg/detail/rate_ctrl_status__rosidl_typesupport_fastrtps_cpp.hpp\n'}
[2.280079] (px4_msgs) StdoutLine: {'line': b'-- Up-to-date symlink: /home/prathamkelkar/ros2_ws/install/px4_msgs/include/px4_msgs/px4_msgs/msg/detail/rc_channels__rosidl_typesupport_fastrtps_cpp.hpp\n'}
[2.280223] (px4_msgs) StdoutLine: {'line': b'-- Up-to-date symlink: /home/prathamkelkar/ros2_ws/install/px4_msgs/include/px4_msgs/px4_msgs/msg/detail/rc_parameter_map__rosidl_typesupport_fastrtps_cpp.hpp\n'}
[2.280502] (px4_msgs) StdoutLine: {'line': b'-- Up-to-date symlink: /home/prathamkelkar/ros2_ws/install/px4_msgs/include/px4_msgs/px4_msgs/msg/detail/register_ext_component_reply__rosidl_typesupport_fastrtps_cpp.hpp\n'}
[2.280829] (px4_msgs) StdoutLine: {'line': b'-- Up-to-date symlink: /home/prathamkelkar/ros2_ws/install/px4_msgs/include/px4_msgs/px4_msgs/msg/detail/register_ext_component_request__rosidl_typesupport_fastrtps_cpp.hpp\n'}
[2.281049] (px4_msgs) StdoutLine: {'line': b'-- Up-to-date symlink: /home/prathamkelkar/ros2_ws/install/px4_msgs/include/px4_msgs/px4_msgs/msg/detail/rpm__rosidl_typesupport_fastrtps_cpp.hpp\n'}
[2.281309] (px4_msgs) StdoutLine: {'line': b'-- Up-to-date symlink: /home/prathamkelkar/ros2_ws/install/px4_msgs/include/px4_msgs/px4_msgs/msg/detail/rtl_status__rosidl_typesupport_fastrtps_cpp.hpp\n'}
[2.281442] (px4_msgs) StdoutLine: {'line': b'-- Up-to-date symlink: /home/prathamkelkar/ros2_ws/install/px4_msgs/include/px4_msgs/px4_msgs/msg/detail/rtl_time_estimate__rosidl_typesupport_fastrtps_cpp.hpp\n'}
[2.281742] (px4_msgs) StdoutLine: {'line': b'-- Up-to-date symlink: /home/prathamkelkar/ros2_ws/install/px4_msgs/include/px4_msgs/px4_msgs/msg/detail/satellite_info__rosidl_typesupport_fastrtps_cpp.hpp\n'}
[2.282052] (px4_msgs) StdoutLine: {'line': b'-- Up-to-date symlink: /home/prathamkelkar/ros2_ws/install/px4_msgs/include/px4_msgs/px4_msgs/msg/detail/sensor_accel__rosidl_typesupport_fastrtps_cpp.hpp\n'}
[2.282313] (px4_msgs) StdoutLine: {'line': b'-- Up-to-date symlink: /home/prathamkelkar/ros2_ws/install/px4_msgs/include/px4_msgs/px4_msgs/msg/detail/sensor_accel_fifo__rosidl_typesupport_fastrtps_cpp.hpp\n'}
[2.282620] (px4_msgs) StdoutLine: {'line': b'-- Up-to-date symlink: /home/prathamkelkar/ros2_ws/install/px4_msgs/include/px4_msgs/px4_msgs/msg/detail/sensor_airflow__rosidl_typesupport_fastrtps_cpp.hpp\n'}
[2.282879] (px4_msgs) StdoutLine: {'line': b'-- Up-to-date symlink: /home/prathamkelkar/ros2_ws/install/px4_msgs/include/px4_msgs/px4_msgs/msg/detail/sensor_baro__rosidl_typesupport_fastrtps_cpp.hpp\n'}
[2.283089] (px4_msgs) StdoutLine: {'line': b'-- Up-to-date symlink: /home/prathamkelkar/ros2_ws/install/px4_msgs/include/px4_msgs/px4_msgs/msg/detail/sensor_combined__rosidl_typesupport_fastrtps_cpp.hpp\n'}
[2.283293] (px4_msgs) StdoutLine: {'line': b'-- Up-to-date symlink: /home/prathamkelkar/ros2_ws/install/px4_msgs/include/px4_msgs/px4_msgs/msg/detail/sensor_correction__rosidl_typesupport_fastrtps_cpp.hpp\n'}
[2.283533] (px4_msgs) StdoutLine: {'line': b'-- Up-to-date symlink: /home/prathamkelkar/ros2_ws/install/px4_msgs/include/px4_msgs/px4_msgs/msg/detail/sensor_gnss_relative__rosidl_typesupport_fastrtps_cpp.hpp\n'}
[2.283788] (px4_msgs) StdoutLine: {'line': b'-- Up-to-date symlink: /home/prathamkelkar/ros2_ws/install/px4_msgs/include/px4_msgs/px4_msgs/msg/detail/sensor_gps__rosidl_typesupport_fastrtps_cpp.hpp\n'}
[2.283987] (px4_msgs) StdoutLine: {'line': b'-- Up-to-date symlink: /home/prathamkelkar/ros2_ws/install/px4_msgs/include/px4_msgs/px4_msgs/msg/detail/sensor_gyro__rosidl_typesupport_fastrtps_cpp.hpp\n'}
[2.284116] (px4_msgs) StdoutLine: {'line': b'-- Up-to-date symlink: /home/prathamkelkar/ros2_ws/install/px4_msgs/include/px4_msgs/px4_msgs/msg/detail/sensor_gyro_fft__rosidl_typesupport_fastrtps_cpp.hpp\n'}
[2.284440] (px4_msgs) StdoutLine: {'line': b'-- Up-to-date symlink: /home/prathamkelkar/ros2_ws/install/px4_msgs/include/px4_msgs/px4_msgs/msg/detail/sensor_gyro_fifo__rosidl_typesupport_fastrtps_cpp.hpp\n'}
[2.284766] (px4_msgs) StdoutLine: {'line': b'-- Up-to-date symlink: /home/prathamkelkar/ros2_ws/install/px4_msgs/include/px4_msgs/px4_msgs/msg/detail/sensor_hygrometer__rosidl_typesupport_fastrtps_cpp.hpp\n'}
[2.285049] (px4_msgs) StdoutLine: {'line': b'-- Up-to-date symlink: /home/prathamkelkar/ros2_ws/install/px4_msgs/include/px4_msgs/px4_msgs/msg/detail/sensor_mag__rosidl_typesupport_fastrtps_cpp.hpp\n'}
[2.285212] (px4_msgs) StdoutLine: {'line': b'-- Up-to-date symlink: /home/prathamkelkar/ros2_ws/install/px4_msgs/include/px4_msgs/px4_msgs/msg/detail/sensor_optical_flow__rosidl_typesupport_fastrtps_cpp.hpp\n'}
[2.285348] (px4_msgs) StdoutLine: {'line': b'-- Up-to-date symlink: /home/prathamkelkar/ros2_ws/install/px4_msgs/include/px4_msgs/px4_msgs/msg/detail/sensor_preflight_mag__rosidl_typesupport_fastrtps_cpp.hpp\n'}
[2.285658] (px4_msgs) StdoutLine: {'line': b'-- Up-to-date symlink: /home/prathamkelkar/ros2_ws/install/px4_msgs/include/px4_msgs/px4_msgs/msg/detail/sensor_selection__rosidl_typesupport_fastrtps_cpp.hpp\n'}
[2.285786] (px4_msgs) StdoutLine: {'line': b'-- Up-to-date symlink: /home/prathamkelkar/ros2_ws/install/px4_msgs/include/px4_msgs/px4_msgs/msg/detail/sensor_uwb__rosidl_typesupport_fastrtps_cpp.hpp\n'}
[2.285906] (px4_msgs) StdoutLine: {'line': b'-- Up-to-date symlink: /home/prathamkelkar/ros2_ws/install/px4_msgs/include/px4_msgs/px4_msgs/msg/detail/sensors_status__rosidl_typesupport_fastrtps_cpp.hpp\n'}
[2.286028] (px4_msgs) StdoutLine: {'line': b'-- Up-to-date symlink: /home/prathamkelkar/ros2_ws/install/px4_msgs/include/px4_msgs/px4_msgs/msg/detail/sensors_status_imu__rosidl_typesupport_fastrtps_cpp.hpp\n'}
[2.286148] (px4_msgs) StdoutLine: {'line': b'-- Up-to-date symlink: /home/prathamkelkar/ros2_ws/install/px4_msgs/include/px4_msgs/px4_msgs/msg/detail/system_power__rosidl_typesupport_fastrtps_cpp.hpp\n'}
[2.286269] (px4_msgs) StdoutLine: {'line': b'-- Up-to-date symlink: /home/prathamkelkar/ros2_ws/install/px4_msgs/include/px4_msgs/px4_msgs/msg/detail/takeoff_status__rosidl_typesupport_fastrtps_cpp.hpp\n'}
[2.286580] (px4_msgs) StdoutLine: {'line': b'-- Up-to-date symlink: /home/prathamkelkar/ros2_ws/install/px4_msgs/include/px4_msgs/px4_msgs/msg/detail/task_stack_info__rosidl_typesupport_fastrtps_cpp.hpp\n'}
[2.286719] (px4_msgs) StdoutLine: {'line': b'-- Up-to-date symlink: /home/prathamkelkar/ros2_ws/install/px4_msgs/include/px4_msgs/px4_msgs/msg/detail/tecs_status__rosidl_typesupport_fastrtps_cpp.hpp\n'}
[2.286841] (px4_msgs) StdoutLine: {'line': b'-- Up-to-date symlink: /home/prathamkelkar/ros2_ws/install/px4_msgs/include/px4_msgs/px4_msgs/msg/detail/telemetry_status__rosidl_typesupport_fastrtps_cpp.hpp\n'}
[2.286964] (px4_msgs) StdoutLine: {'line': b'-- Up-to-date symlink: /home/prathamkelkar/ros2_ws/install/px4_msgs/include/px4_msgs/px4_msgs/msg/detail/tiltrotor_extra_controls__rosidl_typesupport_fastrtps_cpp.hpp\n'}
[2.287086] (px4_msgs) StdoutLine: {'line': b'-- Up-to-date symlink: /home/prathamkelkar/ros2_ws/install/px4_msgs/include/px4_msgs/px4_msgs/msg/detail/timesync_status__rosidl_typesupport_fastrtps_cpp.hpp\n'}
[2.287208] (px4_msgs) StdoutLine: {'line': b'-- Up-to-date symlink: /home/prathamkelkar/ros2_ws/install/px4_msgs/include/px4_msgs/px4_msgs/msg/detail/trajectory_bezier__rosidl_typesupport_fastrtps_cpp.hpp\n'}
[2.287334] (px4_msgs) StdoutLine: {'line': b'-- Up-to-date symlink: /home/prathamkelkar/ros2_ws/install/px4_msgs/include/px4_msgs/px4_msgs/msg/detail/trajectory_setpoint__rosidl_typesupport_fastrtps_cpp.hpp\n'}
[2.287454] (px4_msgs) StdoutLine: {'line': b'-- Up-to-date symlink: /home/prathamkelkar/ros2_ws/install/px4_msgs/include/px4_msgs/px4_msgs/msg/detail/trajectory_waypoint__rosidl_typesupport_fastrtps_cpp.hpp\n'}
[2.287578] (px4_msgs) StdoutLine: {'line': b'-- Up-to-date symlink: /home/prathamkelkar/ros2_ws/install/px4_msgs/include/px4_msgs/px4_msgs/msg/detail/transponder_report__rosidl_typesupport_fastrtps_cpp.hpp\n'}
[2.287707] (px4_msgs) StdoutLine: {'line': b'-- Up-to-date symlink: /home/prathamkelkar/ros2_ws/install/px4_msgs/include/px4_msgs/px4_msgs/msg/detail/tune_control__rosidl_typesupport_fastrtps_cpp.hpp\n'}
[2.287990] (px4_msgs) StdoutLine: {'line': b'-- Up-to-date symlink: /home/prathamkelkar/ros2_ws/install/px4_msgs/include/px4_msgs/px4_msgs/msg/detail/uavcan_parameter_request__rosidl_typesupport_fastrtps_cpp.hpp\n'}
[2.288106] (px4_msgs) StdoutLine: {'line': b'-- Up-to-date symlink: /home/prathamkelkar/ros2_ws/install/px4_msgs/include/px4_msgs/px4_msgs/msg/detail/uavcan_parameter_value__rosidl_typesupport_fastrtps_cpp.hpp\n'}
[2.288222] (px4_msgs) StdoutLine: {'line': b'-- Up-to-date symlink: /home/prathamkelkar/ros2_ws/install/px4_msgs/include/px4_msgs/px4_msgs/msg/detail/ulog_stream__rosidl_typesupport_fastrtps_cpp.hpp\n'}
[2.288439] (px4_msgs) StdoutLine: {'line': b'-- Up-to-date symlink: /home/prathamkelkar/ros2_ws/install/px4_msgs/include/px4_msgs/px4_msgs/msg/detail/ulog_stream_ack__rosidl_typesupport_fastrtps_cpp.hpp\n'}
[2.288558] (px4_msgs) StdoutLine: {'line': b'-- Up-to-date symlink: /home/prathamkelkar/ros2_ws/install/px4_msgs/include/px4_msgs/px4_msgs/msg/detail/unregister_ext_component__rosidl_typesupport_fastrtps_cpp.hpp\n'}
[2.288765] (px4_msgs) StdoutLine: {'line': b'-- Up-to-date symlink: /home/prathamkelkar/ros2_ws/install/px4_msgs/include/px4_msgs/px4_msgs/msg/detail/vehicle_acceleration__rosidl_typesupport_fastrtps_cpp.hpp\n'}
[2.288880] (px4_msgs) StdoutLine: {'line': b'-- Up-to-date symlink: /home/prathamkelkar/ros2_ws/install/px4_msgs/include/px4_msgs/px4_msgs/msg/detail/vehicle_air_data__rosidl_typesupport_fastrtps_cpp.hpp\n'}
[2.288993] (px4_msgs) StdoutLine: {'line': b'-- Up-to-date symlink: /home/prathamkelkar/ros2_ws/install/px4_msgs/include/px4_msgs/px4_msgs/msg/detail/vehicle_angular_acceleration_setpoint__rosidl_typesupport_fastrtps_cpp.hpp\n'}
[2.289105] (px4_msgs) StdoutLine: {'line': b'-- Up-to-date symlink: /home/prathamkelkar/ros2_ws/install/px4_msgs/include/px4_msgs/px4_msgs/msg/detail/vehicle_angular_velocity__rosidl_typesupport_fastrtps_cpp.hpp\n'}
[2.289217] (px4_msgs) StdoutLine: {'line': b'-- Up-to-date symlink: /home/prathamkelkar/ros2_ws/install/px4_msgs/include/px4_msgs/px4_msgs/msg/detail/vehicle_attitude__rosidl_typesupport_fastrtps_cpp.hpp\n'}
[2.289481] (px4_msgs) StdoutLine: {'line': b'-- Up-to-date symlink: /home/prathamkelkar/ros2_ws/install/px4_msgs/include/px4_msgs/px4_msgs/msg/detail/vehicle_attitude_setpoint__rosidl_typesupport_fastrtps_cpp.hpp\n'}
[2.289597] (px4_msgs) StdoutLine: {'line': b'-- Up-to-date symlink: /home/prathamkelkar/ros2_ws/install/px4_msgs/include/px4_msgs/px4_msgs/msg/detail/vehicle_command__rosidl_typesupport_fastrtps_cpp.hpp\n'}
[2.289718] (px4_msgs) StdoutLine: {'line': b'-- Up-to-date symlink: /home/prathamkelkar/ros2_ws/install/px4_msgs/include/px4_msgs/px4_msgs/msg/detail/vehicle_command_ack__rosidl_typesupport_fastrtps_cpp.hpp\n'}
[2.289827] (px4_msgs) StdoutLine: {'line': b'-- Up-to-date symlink: /home/prathamkelkar/ros2_ws/install/px4_msgs/include/px4_msgs/px4_msgs/msg/detail/vehicle_constraints__rosidl_typesupport_fastrtps_cpp.hpp\n'}
[2.290033] (px4_msgs) StdoutLine: {'line': b'-- Up-to-date symlink: /home/prathamkelkar/ros2_ws/install/px4_msgs/include/px4_msgs/px4_msgs/msg/detail/vehicle_control_mode__rosidl_typesupport_fastrtps_cpp.hpp\n'}
[2.290217] (px4_msgs) StdoutLine: {'line': b'-- Up-to-date symlink: /home/prathamkelkar/ros2_ws/install/px4_msgs/include/px4_msgs/px4_msgs/msg/detail/vehicle_global_position__rosidl_typesupport_fastrtps_cpp.hpp\n'}
[2.290330] (px4_msgs) StdoutLine: {'line': b'-- Up-to-date symlink: /home/prathamkelkar/ros2_ws/install/px4_msgs/include/px4_msgs/px4_msgs/msg/detail/vehicle_imu__rosidl_typesupport_fastrtps_cpp.hpp\n'}
[2.290442] (px4_msgs) StdoutLine: {'line': b'-- Up-to-date symlink: /home/prathamkelkar/ros2_ws/install/px4_msgs/include/px4_msgs/px4_msgs/msg/detail/vehicle_imu_status__rosidl_typesupport_fastrtps_cpp.hpp\n'}
[2.290552] (px4_msgs) StdoutLine: {'line': b'-- Up-to-date symlink: /home/prathamkelkar/ros2_ws/install/px4_msgs/include/px4_msgs/px4_msgs/msg/detail/vehicle_land_detected__rosidl_typesupport_fastrtps_cpp.hpp\n'}
[2.290684] (px4_msgs) StdoutLine: {'line': b'-- Up-to-date symlink: /home/prathamkelkar/ros2_ws/install/px4_msgs/include/px4_msgs/px4_msgs/msg/detail/vehicle_local_position__rosidl_typesupport_fastrtps_cpp.hpp\n'}
[2.290908] (px4_msgs) StdoutLine: {'line': b'-- Up-to-date symlink: /home/prathamkelkar/ros2_ws/install/px4_msgs/include/px4_msgs/px4_msgs/msg/detail/vehicle_local_position_setpoint__rosidl_typesupport_fastrtps_cpp.hpp\n'}
[2.291026] (px4_msgs) StdoutLine: {'line': b'-- Up-to-date symlink: /home/prathamkelkar/ros2_ws/install/px4_msgs/include/px4_msgs/px4_msgs/msg/detail/vehicle_magnetometer__rosidl_typesupport_fastrtps_cpp.hpp\n'}
[2.291141] (px4_msgs) StdoutLine: {'line': b'-- Up-to-date symlink: /home/prathamkelkar/ros2_ws/install/px4_msgs/include/px4_msgs/px4_msgs/msg/detail/vehicle_odometry__rosidl_typesupport_fastrtps_cpp.hpp\n'}
[2.291257] (px4_msgs) StdoutLine: {'line': b'-- Up-to-date symlink: /home/prathamkelkar/ros2_ws/install/px4_msgs/include/px4_msgs/px4_msgs/msg/detail/vehicle_optical_flow__rosidl_typesupport_fastrtps_cpp.hpp\n'}
[2.291371] (px4_msgs) StdoutLine: {'line': b'-- Up-to-date symlink: /home/prathamkelkar/ros2_ws/install/px4_msgs/include/px4_msgs/px4_msgs/msg/detail/vehicle_optical_flow_vel__rosidl_typesupport_fastrtps_cpp.hpp\n'}
[2.291485] (px4_msgs) StdoutLine: {'line': b'-- Up-to-date symlink: /home/prathamkelkar/ros2_ws/install/px4_msgs/include/px4_msgs/px4_msgs/msg/detail/vehicle_rates_setpoint__rosidl_typesupport_fastrtps_cpp.hpp\n'}
[2.291607] (px4_msgs) StdoutLine: {'line': b'-- Up-to-date symlink: /home/prathamkelkar/ros2_ws/install/px4_msgs/include/px4_msgs/px4_msgs/msg/detail/vehicle_roi__rosidl_typesupport_fastrtps_cpp.hpp\n'}
[2.291726] (px4_msgs) StdoutLine: {'line': b'-- Up-to-date symlink: /home/prathamkelkar/ros2_ws/install/px4_msgs/include/px4_msgs/px4_msgs/msg/detail/vehicle_status__rosidl_typesupport_fastrtps_cpp.hpp\n'}
[2.291842] (px4_msgs) StdoutLine: {'line': b'-- Up-to-date symlink: /home/prathamkelkar/ros2_ws/install/px4_msgs/include/px4_msgs/px4_msgs/msg/detail/vehicle_thrust_setpoint__rosidl_typesupport_fastrtps_cpp.hpp\n'}
[2.291957] (px4_msgs) StdoutLine: {'line': b'-- Up-to-date symlink: /home/prathamkelkar/ros2_ws/install/px4_msgs/include/px4_msgs/px4_msgs/msg/detail/vehicle_torque_setpoint__rosidl_typesupport_fastrtps_cpp.hpp\n'}
[2.292069] (px4_msgs) StdoutLine: {'line': b'-- Up-to-date symlink: /home/prathamkelkar/ros2_ws/install/px4_msgs/include/px4_msgs/px4_msgs/msg/detail/vehicle_trajectory_bezier__rosidl_typesupport_fastrtps_cpp.hpp\n'}
[2.292183] (px4_msgs) StdoutLine: {'line': b'-- Up-to-date symlink: /home/prathamkelkar/ros2_ws/install/px4_msgs/include/px4_msgs/px4_msgs/msg/detail/vehicle_trajectory_waypoint__rosidl_typesupport_fastrtps_cpp.hpp\n'}
[2.292296] (px4_msgs) StdoutLine: {'line': b'-- Up-to-date symlink: /home/prathamkelkar/ros2_ws/install/px4_msgs/include/px4_msgs/px4_msgs/msg/detail/velocity_limits__rosidl_typesupport_fastrtps_cpp.hpp\n'}
[2.292403] (px4_msgs) StdoutLine: {'line': b'-- Up-to-date symlink: /home/prathamkelkar/ros2_ws/install/px4_msgs/include/px4_msgs/px4_msgs/msg/detail/vtol_vehicle_status__rosidl_typesupport_fastrtps_cpp.hpp\n'}
[2.292510] (px4_msgs) StdoutLine: {'line': b'-- Up-to-date symlink: /home/prathamkelkar/ros2_ws/install/px4_msgs/include/px4_msgs/px4_msgs/msg/detail/wheel_encoders__rosidl_typesupport_fastrtps_cpp.hpp\n'}
[2.292902] (px4_msgs) StdoutLine: {'line': b'-- Up-to-date symlink: /home/prathamkelkar/ros2_ws/install/px4_msgs/include/px4_msgs/px4_msgs/msg/detail/wind__rosidl_typesupport_fastrtps_cpp.hpp\n'}
[2.293083] (px4_msgs) StdoutLine: {'line': b'-- Up-to-date symlink: /home/prathamkelkar/ros2_ws/install/px4_msgs/include/px4_msgs/px4_msgs/msg/detail/yaw_estimator_status__rosidl_typesupport_fastrtps_cpp.hpp\n'}
[2.293195] (px4_msgs) StdoutLine: {'line': b'-- Up-to-date symlink: /home/prathamkelkar/ros2_ws/install/px4_msgs/include/px4_msgs/px4_msgs/msg/rosidl_typesupport_fastrtps_cpp__visibility_control.h\n'}
[2.293399] (px4_msgs) StdoutLine: {'line': b'-- Up-to-date symlink: /home/prathamkelkar/ros2_ws/install/px4_msgs/include/px4_msgs/px4_msgs/srv/detail/vehicle_command__rosidl_typesupport_fastrtps_cpp.hpp\n'}
[2.293587] (px4_msgs) StdoutLine: {'line': b'-- Up-to-date symlink: /home/prathamkelkar/ros2_ws/install/px4_msgs/include/px4_msgs/px4_msgs/msg/detail/action_request__rosidl_typesupport_introspection_c.h\n'}
[2.293803] (px4_msgs) StdoutLine: {'line': b'-- Up-to-date symlink: /home/prathamkelkar/ros2_ws/install/px4_msgs/include/px4_msgs/px4_msgs/msg/detail/actuator_armed__rosidl_typesupport_introspection_c.h\n'}
[2.293918] (px4_msgs) StdoutLine: {'line': b'-- Up-to-date symlink: /home/prathamkelkar/ros2_ws/install/px4_msgs/include/px4_msgs/px4_msgs/msg/detail/actuator_controls_status__rosidl_typesupport_introspection_c.h\n'}
[2.294027] (px4_msgs) StdoutLine: {'line': b'-- Up-to-date symlink: /home/prathamkelkar/ros2_ws/install/px4_msgs/include/px4_msgs/px4_msgs/msg/detail/actuator_motors__rosidl_typesupport_introspection_c.h\n'}
[2.294136] (px4_msgs) StdoutLine: {'line': b'-- Up-to-date symlink: /home/prathamkelkar/ros2_ws/install/px4_msgs/include/px4_msgs/px4_msgs/msg/detail/actuator_outputs__rosidl_typesupport_introspection_c.h\n'}
[2.294243] (px4_msgs) StdoutLine: {'line': b'-- Up-to-date symlink: /home/prathamkelkar/ros2_ws/install/px4_msgs/include/px4_msgs/px4_msgs/msg/detail/actuator_servos__rosidl_typesupport_introspection_c.h\n'}
[2.294350] (px4_msgs) StdoutLine: {'line': b'-- Up-to-date symlink: /home/prathamkelkar/ros2_ws/install/px4_msgs/include/px4_msgs/px4_msgs/msg/detail/actuator_servos_trim__rosidl_typesupport_introspection_c.h\n'}
[2.294456] (px4_msgs) StdoutLine: {'line': b'-- Up-to-date symlink: /home/prathamkelkar/ros2_ws/install/px4_msgs/include/px4_msgs/px4_msgs/msg/detail/actuator_test__rosidl_typesupport_introspection_c.h\n'}
[2.294564] (px4_msgs) StdoutLine: {'line': b'-- Up-to-date symlink: /home/prathamkelkar/ros2_ws/install/px4_msgs/include/px4_msgs/px4_msgs/msg/detail/adc_report__rosidl_typesupport_introspection_c.h\n'}
[2.294680] (px4_msgs) StdoutLine: {'line': b'-- Up-to-date symlink: /home/prathamkelkar/ros2_ws/install/px4_msgs/include/px4_msgs/px4_msgs/msg/detail/airspeed__rosidl_typesupport_introspection_c.h\n'}
[2.294786] (px4_msgs) StdoutLine: {'line': b'-- Up-to-date symlink: /home/prathamkelkar/ros2_ws/install/px4_msgs/include/px4_msgs/px4_msgs/msg/detail/airspeed_validated__rosidl_typesupport_introspection_c.h\n'}
[2.294892] (px4_msgs) StdoutLine: {'line': b'-- Up-to-date symlink: /home/prathamkelkar/ros2_ws/install/px4_msgs/include/px4_msgs/px4_msgs/msg/detail/airspeed_wind__rosidl_typesupport_introspection_c.h\n'}
[2.294998] (px4_msgs) StdoutLine: {'line': b'-- Up-to-date symlink: /home/prathamkelkar/ros2_ws/install/px4_msgs/include/px4_msgs/px4_msgs/msg/detail/arming_check_reply__rosidl_typesupport_introspection_c.h\n'}
[2.295102] (px4_msgs) StdoutLine: {'line': b'-- Up-to-date symlink: /home/prathamkelkar/ros2_ws/install/px4_msgs/include/px4_msgs/px4_msgs/msg/detail/arming_check_request__rosidl_typesupport_introspection_c.h\n'}
[2.295208] (px4_msgs) StdoutLine: {'line': b'-- Up-to-date symlink: /home/prathamkelkar/ros2_ws/install/px4_msgs/include/px4_msgs/px4_msgs/msg/detail/autotune_attitude_control_status__rosidl_typesupport_introspection_c.h\n'}
[2.295314] (px4_msgs) StdoutLine: {'line': b'-- Up-to-date symlink: /home/prathamkelkar/ros2_ws/install/px4_msgs/include/px4_msgs/px4_msgs/msg/detail/battery_status__rosidl_typesupport_introspection_c.h\n'}
[2.295419] (px4_msgs) StdoutLine: {'line': b'-- Up-to-date symlink: /home/prathamkelkar/ros2_ws/install/px4_msgs/include/px4_msgs/px4_msgs/msg/detail/buffer128__rosidl_typesupport_introspection_c.h\n'}
[2.295525] (px4_msgs) StdoutLine: {'line': b'-- Up-to-date symlink: /home/prathamkelkar/ros2_ws/install/px4_msgs/include/px4_msgs/px4_msgs/msg/detail/button_event__rosidl_typesupport_introspection_c.h\n'}
[2.295636] (px4_msgs) StdoutLine: {'line': b'-- Up-to-date symlink: /home/prathamkelkar/ros2_ws/install/px4_msgs/include/px4_msgs/px4_msgs/msg/detail/camera_capture__rosidl_typesupport_introspection_c.h\n'}
[2.295739] (px4_msgs) StdoutLine: {'line': b'-- Up-to-date symlink: /home/prathamkelkar/ros2_ws/install/px4_msgs/include/px4_msgs/px4_msgs/msg/detail/camera_status__rosidl_typesupport_introspection_c.h\n'}
[2.295938] (px4_msgs) StdoutLine: {'line': b'-- Up-to-date symlink: /home/prathamkelkar/ros2_ws/install/px4_msgs/include/px4_msgs/px4_msgs/msg/detail/camera_trigger__rosidl_typesupport_introspection_c.h\n'}
[2.296046] (px4_msgs) StdoutLine: {'line': b'-- Up-to-date symlink: /home/prathamkelkar/ros2_ws/install/px4_msgs/include/px4_msgs/px4_msgs/msg/detail/can_interface_status__rosidl_typesupport_introspection_c.h\n'}
[2.296390] (px4_msgs) StdoutLine: {'line': b'-- Up-to-date symlink: /home/prathamkelkar/ros2_ws/install/px4_msgs/include/px4_msgs/px4_msgs/msg/detail/cellular_status__rosidl_typesupport_introspection_c.h\n'}
[2.296583] (px4_msgs) StdoutLine: {'line': b'-- Up-to-date symlink: /home/prathamkelkar/ros2_ws/install/px4_msgs/include/px4_msgs/px4_msgs/msg/detail/collision_constraints__rosidl_typesupport_introspection_c.h\n'}
[2.296716] (px4_msgs) StdoutLine: {'line': b'-- Up-to-date symlink: /home/prathamkelkar/ros2_ws/install/px4_msgs/include/px4_msgs/px4_msgs/msg/detail/collision_report__rosidl_typesupport_introspection_c.h\n'}
[2.296827] (px4_msgs) StdoutLine: {'line': b'-- Up-to-date symlink: /home/prathamkelkar/ros2_ws/install/px4_msgs/include/px4_msgs/px4_msgs/msg/detail/config_overrides__rosidl_typesupport_introspection_c.h\n'}
[2.296934] (px4_msgs) StdoutLine: {'line': b'-- Up-to-date symlink: /home/prathamkelkar/ros2_ws/install/px4_msgs/include/px4_msgs/px4_msgs/msg/detail/control_allocator_status__rosidl_typesupport_introspection_c.h\n'}
[2.297041] (px4_msgs) StdoutLine: {'line': b'-- Up-to-date symlink: /home/prathamkelkar/ros2_ws/install/px4_msgs/include/px4_msgs/px4_msgs/msg/detail/cpuload__rosidl_typesupport_introspection_c.h\n'}
[2.297146] (px4_msgs) StdoutLine: {'line': b'-- Up-to-date symlink: /home/prathamkelkar/ros2_ws/install/px4_msgs/include/px4_msgs/px4_msgs/msg/detail/dataman_request__rosidl_typesupport_introspection_c.h\n'}
[2.297253] (px4_msgs) StdoutLine: {'line': b'-- Up-to-date symlink: /home/prathamkelkar/ros2_ws/install/px4_msgs/include/px4_msgs/px4_msgs/msg/detail/dataman_response__rosidl_typesupport_introspection_c.h\n'}
[2.297359] (px4_msgs) StdoutLine: {'line': b'-- Up-to-date symlink: /home/prathamkelkar/ros2_ws/install/px4_msgs/include/px4_msgs/px4_msgs/msg/detail/debug_array__rosidl_typesupport_introspection_c.h\n'}
[2.297464] (px4_msgs) StdoutLine: {'line': b'-- Up-to-date symlink: /home/prathamkelkar/ros2_ws/install/px4_msgs/include/px4_msgs/px4_msgs/msg/detail/debug_key_value__rosidl_typesupport_introspection_c.h\n'}
[2.297569] (px4_msgs) StdoutLine: {'line': b'-- Up-to-date symlink: /home/prathamkelkar/ros2_ws/install/px4_msgs/include/px4_msgs/px4_msgs/msg/detail/debug_value__rosidl_typesupport_introspection_c.h\n'}
[2.297678] (px4_msgs) StdoutLine: {'line': b'-- Up-to-date symlink: /home/prathamkelkar/ros2_ws/install/px4_msgs/include/px4_msgs/px4_msgs/msg/detail/debug_vect__rosidl_typesupport_introspection_c.h\n'}
[2.297784] (px4_msgs) StdoutLine: {'line': b'-- Up-to-date symlink: /home/prathamkelkar/ros2_ws/install/px4_msgs/include/px4_msgs/px4_msgs/msg/detail/differential_drive_setpoint__rosidl_typesupport_introspection_c.h\n'}
[2.297889] (px4_msgs) StdoutLine: {'line': b'-- Up-to-date symlink: /home/prathamkelkar/ros2_ws/install/px4_msgs/include/px4_msgs/px4_msgs/msg/detail/differential_pressure__rosidl_typesupport_introspection_c.h\n'}
[2.297994] (px4_msgs) StdoutLine: {'line': b'-- Up-to-date symlink: /home/prathamkelkar/ros2_ws/install/px4_msgs/include/px4_msgs/px4_msgs/msg/detail/distance_sensor__rosidl_typesupport_introspection_c.h\n'}
[2.298098] (px4_msgs) StdoutLine: {'line': b'-- Up-to-date symlink: /home/prathamkelkar/ros2_ws/install/px4_msgs/include/px4_msgs/px4_msgs/msg/detail/ekf2_timestamps__rosidl_typesupport_introspection_c.h\n'}
[2.298204] (px4_msgs) StdoutLine: {'line': b'-- Up-to-date symlink: /home/prathamkelkar/ros2_ws/install/px4_msgs/include/px4_msgs/px4_msgs/msg/detail/esc_report__rosidl_typesupport_introspection_c.h\n'}
[2.298472] (px4_msgs) StdoutLine: {'line': b'-- Up-to-date symlink: /home/prathamkelkar/ros2_ws/install/px4_msgs/include/px4_msgs/px4_msgs/msg/detail/esc_status__rosidl_typesupport_introspection_c.h\n'}
[2.298579] (px4_msgs) StdoutLine: {'line': b'-- Up-to-date symlink: /home/prathamkelkar/ros2_ws/install/px4_msgs/include/px4_msgs/px4_msgs/msg/detail/estimator_aid_source1d__rosidl_typesupport_introspection_c.h\n'}
[2.298694] (px4_msgs) StdoutLine: {'line': b'-- Up-to-date symlink: /home/prathamkelkar/ros2_ws/install/px4_msgs/include/px4_msgs/px4_msgs/msg/detail/estimator_aid_source2d__rosidl_typesupport_introspection_c.h\n'}
[2.298801] (px4_msgs) StdoutLine: {'line': b'-- Up-to-date symlink: /home/prathamkelkar/ros2_ws/install/px4_msgs/include/px4_msgs/px4_msgs/msg/detail/estimator_aid_source3d__rosidl_typesupport_introspection_c.h\n'}
[2.298909] (px4_msgs) StdoutLine: {'line': b'-- Up-to-date symlink: /home/prathamkelkar/ros2_ws/install/px4_msgs/include/px4_msgs/px4_msgs/msg/detail/estimator_bias3d__rosidl_typesupport_introspection_c.h\n'}
[2.299016] (px4_msgs) StdoutLine: {'line': b'-- Up-to-date symlink: /home/prathamkelkar/ros2_ws/install/px4_msgs/include/px4_msgs/px4_msgs/msg/detail/estimator_bias__rosidl_typesupport_introspection_c.h\n'}
[2.299122] (px4_msgs) StdoutLine: {'line': b'-- Up-to-date symlink: /home/prathamkelkar/ros2_ws/install/px4_msgs/include/px4_msgs/px4_msgs/msg/detail/estimator_event_flags__rosidl_typesupport_introspection_c.h\n'}
[2.299230] (px4_msgs) StdoutLine: {'line': b'-- Up-to-date symlink: /home/prathamkelkar/ros2_ws/install/px4_msgs/include/px4_msgs/px4_msgs/msg/detail/estimator_gps_status__rosidl_typesupport_introspection_c.h\n'}
[2.299480] (px4_msgs) StdoutLine: {'line': b'-- Up-to-date symlink: /home/prathamkelkar/ros2_ws/install/px4_msgs/include/px4_msgs/px4_msgs/msg/detail/estimator_innovations__rosidl_typesupport_introspection_c.h\n'}
[2.299580] (px4_msgs) StdoutLine: {'line': b'-- Up-to-date symlink: /home/prathamkelkar/ros2_ws/install/px4_msgs/include/px4_msgs/px4_msgs/msg/detail/estimator_selector_status__rosidl_typesupport_introspection_c.h\n'}
[2.299696] (px4_msgs) StdoutLine: {'line': b'-- Up-to-date symlink: /home/prathamkelkar/ros2_ws/install/px4_msgs/include/px4_msgs/px4_msgs/msg/detail/estimator_sensor_bias__rosidl_typesupport_introspection_c.h\n'}
[2.299804] (px4_msgs) StdoutLine: {'line': b'-- Up-to-date symlink: /home/prathamkelkar/ros2_ws/install/px4_msgs/include/px4_msgs/px4_msgs/msg/detail/estimator_states__rosidl_typesupport_introspection_c.h\n'}
[2.299910] (px4_msgs) StdoutLine: {'line': b'-- Up-to-date symlink: /home/prathamkelkar/ros2_ws/install/px4_msgs/include/px4_msgs/px4_msgs/msg/detail/estimator_status__rosidl_typesupport_introspection_c.h\n'}
[2.300015] (px4_msgs) StdoutLine: {'line': b'-- Up-to-date symlink: /home/prathamkelkar/ros2_ws/install/px4_msgs/include/px4_msgs/px4_msgs/msg/detail/estimator_status_flags__rosidl_typesupport_introspection_c.h\n'}
[2.300119] (px4_msgs) StdoutLine: {'line': b'-- Up-to-date symlink: /home/prathamkelkar/ros2_ws/install/px4_msgs/include/px4_msgs/px4_msgs/msg/detail/event__rosidl_typesupport_introspection_c.h\n'}
[2.300224] (px4_msgs) StdoutLine: {'line': b'-- Up-to-date symlink: /home/prathamkelkar/ros2_ws/install/px4_msgs/include/px4_msgs/px4_msgs/msg/detail/failsafe_flags__rosidl_typesupport_introspection_c.h\n'}
[2.300328] (px4_msgs) StdoutLine: {'line': b'-- Up-to-date symlink: /home/prathamkelkar/ros2_ws/install/px4_msgs/include/px4_msgs/px4_msgs/msg/detail/failure_detector_status__rosidl_typesupport_introspection_c.h\n'}
[2.300435] (px4_msgs) StdoutLine: {'line': b'-- Up-to-date symlink: /home/prathamkelkar/ros2_ws/install/px4_msgs/include/px4_msgs/px4_msgs/msg/detail/figure_eight_status__rosidl_typesupport_introspection_c.h\n'}
[2.300538] (px4_msgs) StdoutLine: {'line': b'-- Up-to-date symlink: /home/prathamkelkar/ros2_ws/install/px4_msgs/include/px4_msgs/px4_msgs/msg/detail/flight_phase_estimation__rosidl_typesupport_introspection_c.h\n'}
[2.300653] (px4_msgs) StdoutLine: {'line': b'-- Up-to-date symlink: /home/prathamkelkar/ros2_ws/install/px4_msgs/include/px4_msgs/px4_msgs/msg/detail/follow_target__rosidl_typesupport_introspection_c.h\n'}
[2.300903] (px4_msgs) StdoutLine: {'line': b'-- Up-to-date symlink: /home/prathamkelkar/ros2_ws/install/px4_msgs/include/px4_msgs/px4_msgs/msg/detail/follow_target_estimator__rosidl_typesupport_introspection_c.h\n'}
[2.301010] (px4_msgs) StdoutLine: {'line': b'-- Up-to-date symlink: /home/prathamkelkar/ros2_ws/install/px4_msgs/include/px4_msgs/px4_msgs/msg/detail/follow_target_status__rosidl_typesupport_introspection_c.h\n'}
[2.301117] (px4_msgs) StdoutLine: {'line': b'-- Up-to-date symlink: /home/prathamkelkar/ros2_ws/install/px4_msgs/include/px4_msgs/px4_msgs/msg/detail/generator_status__rosidl_typesupport_introspection_c.h\n'}
[2.301225] (px4_msgs) StdoutLine: {'line': b'-- Up-to-date symlink: /home/prathamkelkar/ros2_ws/install/px4_msgs/include/px4_msgs/px4_msgs/msg/detail/geofence_result__rosidl_typesupport_introspection_c.h\n'}
[2.301331] (px4_msgs) StdoutLine: {'line': b'-- Up-to-date symlink: /home/prathamkelkar/ros2_ws/install/px4_msgs/include/px4_msgs/px4_msgs/msg/detail/geofence_status__rosidl_typesupport_introspection_c.h\n'}
[2.301435] (px4_msgs) StdoutLine: {'line': b'-- Up-to-date symlink: /home/prathamkelkar/ros2_ws/install/px4_msgs/include/px4_msgs/px4_msgs/msg/detail/gimbal_controls__rosidl_typesupport_introspection_c.h\n'}
[2.301539] (px4_msgs) StdoutLine: {'line': b'-- Up-to-date symlink: /home/prathamkelkar/ros2_ws/install/px4_msgs/include/px4_msgs/px4_msgs/msg/detail/gimbal_device_attitude_status__rosidl_typesupport_introspection_c.h\n'}
[2.301654] (px4_msgs) StdoutLine: {'line': b'-- Up-to-date symlink: /home/prathamkelkar/ros2_ws/install/px4_msgs/include/px4_msgs/px4_msgs/msg/detail/gimbal_device_information__rosidl_typesupport_introspection_c.h\n'}
[2.301760] (px4_msgs) StdoutLine: {'line': b'-- Up-to-date symlink: /home/prathamkelkar/ros2_ws/install/px4_msgs/include/px4_msgs/px4_msgs/msg/detail/gimbal_device_set_attitude__rosidl_typesupport_introspection_c.h\n'}
[2.301867] (px4_msgs) StdoutLine: {'line': b'-- Up-to-date symlink: /home/prathamkelkar/ros2_ws/install/px4_msgs/include/px4_msgs/px4_msgs/msg/detail/gimbal_manager_information__rosidl_typesupport_introspection_c.h\n'}
[2.301973] (px4_msgs) StdoutLine: {'line': b'-- Up-to-date symlink: /home/prathamkelkar/ros2_ws/install/px4_msgs/include/px4_msgs/px4_msgs/msg/detail/gimbal_manager_set_attitude__rosidl_typesupport_introspection_c.h\n'}
[2.302078] (px4_msgs) StdoutLine: {'line': b'-- Up-to-date symlink: /home/prathamkelkar/ros2_ws/install/px4_msgs/include/px4_msgs/px4_msgs/msg/detail/gimbal_manager_set_manual_control__rosidl_typesupport_introspection_c.h\n'}
[2.302335] (px4_msgs) StdoutLine: {'line': b'-- Up-to-date symlink: /home/prathamkelkar/ros2_ws/install/px4_msgs/include/px4_msgs/px4_msgs/msg/detail/gimbal_manager_status__rosidl_typesupport_introspection_c.h\n'}
[2.302577] (px4_msgs) StdoutLine: {'line': b'-- Up-to-date symlink: /home/prathamkelkar/ros2_ws/install/px4_msgs/include/px4_msgs/px4_msgs/msg/detail/goto_setpoint__rosidl_typesupport_introspection_c.h\n'}
[2.302694] (px4_msgs) StdoutLine: {'line': b'-- Up-to-date symlink: /home/prathamkelkar/ros2_ws/install/px4_msgs/include/px4_msgs/px4_msgs/msg/detail/gpio_config__rosidl_typesupport_introspection_c.h\n'}
[2.302802] (px4_msgs) StdoutLine: {'line': b'-- Up-to-date symlink: /home/prathamkelkar/ros2_ws/install/px4_msgs/include/px4_msgs/px4_msgs/msg/detail/gpio_in__rosidl_typesupport_introspection_c.h\n'}
[2.302906] (px4_msgs) StdoutLine: {'line': b'-- Up-to-date symlink: /home/prathamkelkar/ros2_ws/install/px4_msgs/include/px4_msgs/px4_msgs/msg/detail/gpio_out__rosidl_typesupport_introspection_c.h\n'}
[2.303012] (px4_msgs) StdoutLine: {'line': b'-- Up-to-date symlink: /home/prathamkelkar/ros2_ws/install/px4_msgs/include/px4_msgs/px4_msgs/msg/detail/gpio_request__rosidl_typesupport_introspection_c.h\n'}
[2.303118] (px4_msgs) StdoutLine: {'line': b'-- Up-to-date symlink: /home/prathamkelkar/ros2_ws/install/px4_msgs/include/px4_msgs/px4_msgs/msg/detail/gps_dump__rosidl_typesupport_introspection_c.h\n'}
[2.303359] (px4_msgs) StdoutLine: {'line': b'-- Up-to-date symlink: /home/prathamkelkar/ros2_ws/install/px4_msgs/include/px4_msgs/px4_msgs/msg/detail/gps_inject_data__rosidl_typesupport_introspection_c.h\n'}
[2.303470] (px4_msgs) StdoutLine: {'line': b'-- Up-to-date symlink: /home/prathamkelkar/ros2_ws/install/px4_msgs/include/px4_msgs/px4_msgs/msg/detail/gripper__rosidl_typesupport_introspection_c.h\n'}
[2.303580] (px4_msgs) StdoutLine: {'line': b'-- Up-to-date symlink: /home/prathamkelkar/ros2_ws/install/px4_msgs/include/px4_msgs/px4_msgs/msg/detail/health_report__rosidl_typesupport_introspection_c.h\n'}
[2.303698] (px4_msgs) StdoutLine: {'line': b'-- Up-to-date symlink: /home/prathamkelkar/ros2_ws/install/px4_msgs/include/px4_msgs/px4_msgs/msg/detail/heater_status__rosidl_typesupport_introspection_c.h\n'}
[2.303808] (px4_msgs) StdoutLine: {'line': b'-- Up-to-date symlink: /home/prathamkelkar/ros2_ws/install/px4_msgs/include/px4_msgs/px4_msgs/msg/detail/home_position__rosidl_typesupport_introspection_c.h\n'}
[2.303916] (px4_msgs) StdoutLine: {'line': b'-- Up-to-date symlink: /home/prathamkelkar/ros2_ws/install/px4_msgs/include/px4_msgs/px4_msgs/msg/detail/hover_thrust_estimate__rosidl_typesupport_introspection_c.h\n'}
[2.304025] (px4_msgs) StdoutLine: {'line': b'-- Up-to-date symlink: /home/prathamkelkar/ros2_ws/install/px4_msgs/include/px4_msgs/px4_msgs/msg/detail/input_rc__rosidl_typesupport_introspection_c.h\n'}
[2.304136] (px4_msgs) StdoutLine: {'line': b'-- Up-to-date symlink: /home/prathamkelkar/ros2_ws/install/px4_msgs/include/px4_msgs/px4_msgs/msg/detail/internal_combustion_engine_status__rosidl_typesupport_introspection_c.h\n'}
[2.304243] (px4_msgs) StdoutLine: {'line': b'-- Up-to-date symlink: /home/prathamkelkar/ros2_ws/install/px4_msgs/include/px4_msgs/px4_msgs/msg/detail/iridiumsbd_status__rosidl_typesupport_introspection_c.h\n'}
[2.304350] (px4_msgs) StdoutLine: {'line': b'-- Up-to-date symlink: /home/prathamkelkar/ros2_ws/install/px4_msgs/include/px4_msgs/px4_msgs/msg/detail/irlock_report__rosidl_typesupport_introspection_c.h\n'}
[2.304459] (px4_msgs) StdoutLine: {'line': b'-- Up-to-date symlink: /home/prathamkelkar/ros2_ws/install/px4_msgs/include/px4_msgs/px4_msgs/msg/detail/landing_gear__rosidl_typesupport_introspection_c.h\n'}
[2.304566] (px4_msgs) StdoutLine: {'line': b'-- Up-to-date symlink: /home/prathamkelkar/ros2_ws/install/px4_msgs/include/px4_msgs/px4_msgs/msg/detail/landing_gear_wheel__rosidl_typesupport_introspection_c.h\n'}
[2.304680] (px4_msgs) StdoutLine: {'line': b'-- Up-to-date symlink: /home/prathamkelkar/ros2_ws/install/px4_msgs/include/px4_msgs/px4_msgs/msg/detail/landing_target_innovations__rosidl_typesupport_introspection_c.h\n'}
[2.304788] (px4_msgs) StdoutLine: {'line': b'-- Up-to-date symlink: /home/prathamkelkar/ros2_ws/install/px4_msgs/include/px4_msgs/px4_msgs/msg/detail/landing_target_pose__rosidl_typesupport_introspection_c.h\n'}
[2.304897] (px4_msgs) StdoutLine: {'line': b'-- Up-to-date symlink: /home/prathamkelkar/ros2_ws/install/px4_msgs/include/px4_msgs/px4_msgs/msg/detail/launch_detection_status__rosidl_typesupport_introspection_c.h\n'}
[2.305007] (px4_msgs) StdoutLine: {'line': b'-- Up-to-date symlink: /home/prathamkelkar/ros2_ws/install/px4_msgs/include/px4_msgs/px4_msgs/msg/detail/led_control__rosidl_typesupport_introspection_c.h\n'}
[2.305118] (px4_msgs) StdoutLine: {'line': b'-- Up-to-date symlink: /home/prathamkelkar/ros2_ws/install/px4_msgs/include/px4_msgs/px4_msgs/msg/detail/log_message__rosidl_typesupport_introspection_c.h\n'}
[2.305295] (px4_msgs) StdoutLine: {'line': b'-- Up-to-date symlink: /home/prathamkelkar/ros2_ws/install/px4_msgs/include/px4_msgs/px4_msgs/msg/detail/logger_status__rosidl_typesupport_introspection_c.h\n'}
[2.305423] (px4_msgs) StdoutLine: {'line': b'-- Up-to-date symlink: /home/prathamkelkar/ros2_ws/install/px4_msgs/include/px4_msgs/px4_msgs/msg/detail/mag_worker_data__rosidl_typesupport_introspection_c.h\n'}
[2.305533] (px4_msgs) StdoutLine: {'line': b'-- Up-to-date symlink: /home/prathamkelkar/ros2_ws/install/px4_msgs/include/px4_msgs/px4_msgs/msg/detail/magnetometer_bias_estimate__rosidl_typesupport_introspection_c.h\n'}
[2.305899] (px4_msgs) StdoutLine: {'line': b'-- Up-to-date symlink: /home/prathamkelkar/ros2_ws/install/px4_msgs/include/px4_msgs/px4_msgs/msg/detail/manual_control_setpoint__rosidl_typesupport_introspection_c.h\n'}
[2.306011] (px4_msgs) StdoutLine: {'line': b'-- Up-to-date symlink: /home/prathamkelkar/ros2_ws/install/px4_msgs/include/px4_msgs/px4_msgs/msg/detail/manual_control_switches__rosidl_typesupport_introspection_c.h\n'}
[2.306115] (px4_msgs) StdoutLine: {'line': b'-- Up-to-date symlink: /home/prathamkelkar/ros2_ws/install/px4_msgs/include/px4_msgs/px4_msgs/msg/detail/mavlink_log__rosidl_typesupport_introspection_c.h\n'}
[2.306229] (px4_msgs) StdoutLine: {'line': b'-- Up-to-date symlink: /home/prathamkelkar/ros2_ws/install/px4_msgs/include/px4_msgs/px4_msgs/msg/detail/mavlink_tunnel__rosidl_typesupport_introspection_c.h\n'}
[2.306336] (px4_msgs) StdoutLine: {'line': b'-- Up-to-date symlink: /home/prathamkelkar/ros2_ws/install/px4_msgs/include/px4_msgs/px4_msgs/msg/detail/message_format_request__rosidl_typesupport_introspection_c.h\n'}
[2.306446] (px4_msgs) StdoutLine: {'line': b'-- Up-to-date symlink: /home/prathamkelkar/ros2_ws/install/px4_msgs/include/px4_msgs/px4_msgs/msg/detail/message_format_response__rosidl_typesupport_introspection_c.h\n'}
[2.306556] (px4_msgs) StdoutLine: {'line': b'-- Up-to-date symlink: /home/prathamkelkar/ros2_ws/install/px4_msgs/include/px4_msgs/px4_msgs/msg/detail/mission__rosidl_typesupport_introspection_c.h\n'}
[2.306670] (px4_msgs) StdoutLine: {'line': b'-- Up-to-date symlink: /home/prathamkelkar/ros2_ws/install/px4_msgs/include/px4_msgs/px4_msgs/msg/detail/mission_result__rosidl_typesupport_introspection_c.h\n'}
[2.306780] (px4_msgs) StdoutLine: {'line': b'-- Up-to-date symlink: /home/prathamkelkar/ros2_ws/install/px4_msgs/include/px4_msgs/px4_msgs/msg/detail/mode_completed__rosidl_typesupport_introspection_c.h\n'}
[2.306889] (px4_msgs) StdoutLine: {'line': b'-- Up-to-date symlink: /home/prathamkelkar/ros2_ws/install/px4_msgs/include/px4_msgs/px4_msgs/msg/detail/mount_orientation__rosidl_typesupport_introspection_c.h\n'}
[2.307000] (px4_msgs) StdoutLine: {'line': b'-- Up-to-date symlink: /home/prathamkelkar/ros2_ws/install/px4_msgs/include/px4_msgs/px4_msgs/msg/detail/navigator_mission_item__rosidl_typesupport_introspection_c.h\n'}
[2.307108] (px4_msgs) StdoutLine: {'line': b'-- Up-to-date symlink: /home/prathamkelkar/ros2_ws/install/px4_msgs/include/px4_msgs/px4_msgs/msg/detail/normalized_unsigned_setpoint__rosidl_typesupport_introspection_c.h\n'}
[2.307217] (px4_msgs) StdoutLine: {'line': b'-- Up-to-date symlink: /home/prathamkelkar/ros2_ws/install/px4_msgs/include/px4_msgs/px4_msgs/msg/detail/npfg_status__rosidl_typesupport_introspection_c.h\n'}
[2.307325] (px4_msgs) StdoutLine: {'line': b'-- Up-to-date symlink: /home/prathamkelkar/ros2_ws/install/px4_msgs/include/px4_msgs/px4_msgs/msg/detail/obstacle_distance__rosidl_typesupport_introspection_c.h\n'}
[2.307431] (px4_msgs) StdoutLine: {'line': b'-- Up-to-date symlink: /home/prathamkelkar/ros2_ws/install/px4_msgs/include/px4_msgs/px4_msgs/msg/detail/offboard_control_mode__rosidl_typesupport_introspection_c.h\n'}
[2.307538] (px4_msgs) StdoutLine: {'line': b'-- Up-to-date symlink: /home/prathamkelkar/ros2_ws/install/px4_msgs/include/px4_msgs/px4_msgs/msg/detail/onboard_computer_status__rosidl_typesupport_introspection_c.h\n'}
[2.307651] (px4_msgs) StdoutLine: {'line': b'-- Up-to-date symlink: /home/prathamkelkar/ros2_ws/install/px4_msgs/include/px4_msgs/px4_msgs/msg/detail/orb_test__rosidl_typesupport_introspection_c.h\n'}
[2.307759] (px4_msgs) StdoutLine: {'line': b'-- Up-to-date symlink: /home/prathamkelkar/ros2_ws/install/px4_msgs/include/px4_msgs/px4_msgs/msg/detail/orb_test_large__rosidl_typesupport_introspection_c.h\n'}
[2.307867] (px4_msgs) StdoutLine: {'line': b'-- Up-to-date symlink: /home/prathamkelkar/ros2_ws/install/px4_msgs/include/px4_msgs/px4_msgs/msg/detail/orb_test_medium__rosidl_typesupport_introspection_c.h\n'}
[2.308082] (px4_msgs) StdoutLine: {'line': b'-- Up-to-date symlink: /home/prathamkelkar/ros2_ws/install/px4_msgs/include/px4_msgs/px4_msgs/msg/detail/orbit_status__rosidl_typesupport_introspection_c.h\n'}
[2.308193] (px4_msgs) StdoutLine: {'line': b'-- Up-to-date symlink: /home/prathamkelkar/ros2_ws/install/px4_msgs/include/px4_msgs/px4_msgs/msg/detail/parameter_reset_request__rosidl_typesupport_introspection_c.h\n'}
[2.308486] (px4_msgs) StdoutLine: {'line': b'-- Up-to-date symlink: /home/prathamkelkar/ros2_ws/install/px4_msgs/include/px4_msgs/px4_msgs/msg/detail/parameter_set_used_request__rosidl_typesupport_introspection_c.h\n'}
[2.308613] (px4_msgs) StdoutLine: {'line': b'-- Up-to-date symlink: /home/prathamkelkar/ros2_ws/install/px4_msgs/include/px4_msgs/px4_msgs/msg/detail/parameter_set_value_request__rosidl_typesupport_introspection_c.h\n'}
[2.308723] (px4_msgs) StdoutLine: {'line': b'-- Up-to-date symlink: /home/prathamkelkar/ros2_ws/install/px4_msgs/include/px4_msgs/px4_msgs/msg/detail/parameter_set_value_response__rosidl_typesupport_introspection_c.h\n'}
[2.308830] (px4_msgs) StdoutLine: {'line': b'-- Up-to-date symlink: /home/prathamkelkar/ros2_ws/install/px4_msgs/include/px4_msgs/px4_msgs/msg/detail/parameter_update__rosidl_typesupport_introspection_c.h\n'}
[2.309106] (px4_msgs) StdoutLine: {'line': b'-- Up-to-date symlink: /home/prathamkelkar/ros2_ws/install/px4_msgs/include/px4_msgs/px4_msgs/msg/detail/ping__rosidl_typesupport_introspection_c.h\n'}
[2.309221] (px4_msgs) StdoutLine: {'line': b'-- Up-to-date symlink: /home/prathamkelkar/ros2_ws/install/px4_msgs/include/px4_msgs/px4_msgs/msg/detail/position_controller_landing_status__rosidl_typesupport_introspection_c.h\n'}
[2.309329] (px4_msgs) StdoutLine: {'line': b'-- Up-to-date symlink: /home/prathamkelkar/ros2_ws/install/px4_msgs/include/px4_msgs/px4_msgs/msg/detail/position_controller_status__rosidl_typesupport_introspection_c.h\n'}
[2.309436] (px4_msgs) StdoutLine: {'line': b'-- Up-to-date symlink: /home/prathamkelkar/ros2_ws/install/px4_msgs/include/px4_msgs/px4_msgs/msg/detail/position_setpoint__rosidl_typesupport_introspection_c.h\n'}
[2.309544] (px4_msgs) StdoutLine: {'line': b'-- Up-to-date symlink: /home/prathamkelkar/ros2_ws/install/px4_msgs/include/px4_msgs/px4_msgs/msg/detail/position_setpoint_triplet__rosidl_typesupport_introspection_c.h\n'}
[2.309657] (px4_msgs) StdoutLine: {'line': b'-- Up-to-date symlink: /home/prathamkelkar/ros2_ws/install/px4_msgs/include/px4_msgs/px4_msgs/msg/detail/power_button_state__rosidl_typesupport_introspection_c.h\n'}
[2.309765] (px4_msgs) StdoutLine: {'line': b'-- Up-to-date symlink: /home/prathamkelkar/ros2_ws/install/px4_msgs/include/px4_msgs/px4_msgs/msg/detail/power_monitor__rosidl_typesupport_introspection_c.h\n'}
[2.309874] (px4_msgs) StdoutLine: {'line': b'-- Up-to-date symlink: /home/prathamkelkar/ros2_ws/install/px4_msgs/include/px4_msgs/px4_msgs/msg/detail/pps_capture__rosidl_typesupport_introspection_c.h\n'}
[2.309982] (px4_msgs) StdoutLine: {'line': b'-- Up-to-date symlink: /home/prathamkelkar/ros2_ws/install/px4_msgs/include/px4_msgs/px4_msgs/msg/detail/pwm_input__rosidl_typesupport_introspection_c.h\n'}
[2.310089] (px4_msgs) StdoutLine: {'line': b'-- Up-to-date symlink: /home/prathamkelkar/ros2_ws/install/px4_msgs/include/px4_msgs/px4_msgs/msg/detail/px4io_status__rosidl_typesupport_introspection_c.h\n'}
[2.310197] (px4_msgs) StdoutLine: {'line': b'-- Up-to-date symlink: /home/prathamkelkar/ros2_ws/install/px4_msgs/include/px4_msgs/px4_msgs/msg/detail/qshell_req__rosidl_typesupport_introspection_c.h\n'}
[2.310304] (px4_msgs) StdoutLine: {'line': b'-- Up-to-date symlink: /home/prathamkelkar/ros2_ws/install/px4_msgs/include/px4_msgs/px4_msgs/msg/detail/qshell_retval__rosidl_typesupport_introspection_c.h\n'}
[2.310412] (px4_msgs) StdoutLine: {'line': b'-- Up-to-date symlink: /home/prathamkelkar/ros2_ws/install/px4_msgs/include/px4_msgs/px4_msgs/msg/detail/radio_status__rosidl_typesupport_introspection_c.h\n'}
[2.310519] (px4_msgs) StdoutLine: {'line': b'-- Up-to-date symlink: /home/prathamkelkar/ros2_ws/install/px4_msgs/include/px4_msgs/px4_msgs/msg/detail/rate_ctrl_status__rosidl_typesupport_introspection_c.h\n'}
[2.310815] (px4_msgs) StdoutLine: {'line': b'-- Up-to-date symlink: /home/prathamkelkar/ros2_ws/install/px4_msgs/include/px4_msgs/px4_msgs/msg/detail/rc_channels__rosidl_typesupport_introspection_c.h\n'}
[2.310909] (px4_msgs) StdoutLine: {'line': b'-- Up-to-date symlink: /home/prathamkelkar/ros2_ws/install/px4_msgs/include/px4_msgs/px4_msgs/msg/detail/rc_parameter_map__rosidl_typesupport_introspection_c.h\n'}
[2.311002] (px4_msgs) StdoutLine: {'line': b'-- Up-to-date symlink: /home/prathamkelkar/ros2_ws/install/px4_msgs/include/px4_msgs/px4_msgs/msg/detail/register_ext_component_reply__rosidl_typesupport_introspection_c.h\n'}
[2.311094] (px4_msgs) StdoutLine: {'line': b'-- Up-to-date symlink: /home/prathamkelkar/ros2_ws/install/px4_msgs/include/px4_msgs/px4_msgs/msg/detail/register_ext_component_request__rosidl_typesupport_introspection_c.h\n'}
[2.311186] (px4_msgs) StdoutLine: {'line': b'-- Up-to-date symlink: /home/prathamkelkar/ros2_ws/install/px4_msgs/include/px4_msgs/px4_msgs/msg/detail/rpm__rosidl_typesupport_introspection_c.h\n'}
[2.311277] (px4_msgs) StdoutLine: {'line': b'-- Up-to-date symlink: /home/prathamkelkar/ros2_ws/install/px4_msgs/include/px4_msgs/px4_msgs/msg/detail/rtl_status__rosidl_typesupport_introspection_c.h\n'}
[2.311375] (px4_msgs) StdoutLine: {'line': b'-- Up-to-date symlink: /home/prathamkelkar/ros2_ws/install/px4_msgs/include/px4_msgs/px4_msgs/msg/detail/rtl_time_estimate__rosidl_typesupport_introspection_c.h\n'}
[2.311468] (px4_msgs) StdoutLine: {'line': b'-- Up-to-date symlink: /home/prathamkelkar/ros2_ws/install/px4_msgs/include/px4_msgs/px4_msgs/msg/detail/satellite_info__rosidl_typesupport_introspection_c.h\n'}
[2.311558] (px4_msgs) StdoutLine: {'line': b'-- Up-to-date symlink: /home/prathamkelkar/ros2_ws/install/px4_msgs/include/px4_msgs/px4_msgs/msg/detail/sensor_accel__rosidl_typesupport_introspection_c.h\n'}
[2.311661] (px4_msgs) StdoutLine: {'line': b'-- Up-to-date symlink: /home/prathamkelkar/ros2_ws/install/px4_msgs/include/px4_msgs/px4_msgs/msg/detail/sensor_accel_fifo__rosidl_typesupport_introspection_c.h\n'}
[2.311754] (px4_msgs) StdoutLine: {'line': b'-- Up-to-date symlink: /home/prathamkelkar/ros2_ws/install/px4_msgs/include/px4_msgs/px4_msgs/msg/detail/sensor_airflow__rosidl_typesupport_introspection_c.h\n'}
[2.311844] (px4_msgs) StdoutLine: {'line': b'-- Up-to-date symlink: /home/prathamkelkar/ros2_ws/install/px4_msgs/include/px4_msgs/px4_msgs/msg/detail/sensor_baro__rosidl_typesupport_introspection_c.h\n'}
[2.311948] (px4_msgs) StdoutLine: {'line': b'-- Up-to-date symlink: /home/prathamkelkar/ros2_ws/install/px4_msgs/include/px4_msgs/px4_msgs/msg/detail/sensor_combined__rosidl_typesupport_introspection_c.h\n'}
[2.312040] (px4_msgs) StdoutLine: {'line': b'-- Up-to-date symlink: /home/prathamkelkar/ros2_ws/install/px4_msgs/include/px4_msgs/px4_msgs/msg/detail/sensor_correction__rosidl_typesupport_introspection_c.h\n'}
[2.312131] (px4_msgs) StdoutLine: {'line': b'-- Up-to-date symlink: /home/prathamkelkar/ros2_ws/install/px4_msgs/include/px4_msgs/px4_msgs/msg/detail/sensor_gnss_relative__rosidl_typesupport_introspection_c.h\n'}
[2.312224] (px4_msgs) StdoutLine: {'line': b'-- Up-to-date symlink: /home/prathamkelkar/ros2_ws/install/px4_msgs/include/px4_msgs/px4_msgs/msg/detail/sensor_gps__rosidl_typesupport_introspection_c.h\n'}
[2.312315] (px4_msgs) StdoutLine: {'line': b'-- Up-to-date symlink: /home/prathamkelkar/ros2_ws/install/px4_msgs/include/px4_msgs/px4_msgs/msg/detail/sensor_gyro__rosidl_typesupport_introspection_c.h\n'}
[2.312405] (px4_msgs) StdoutLine: {'line': b'-- Up-to-date symlink: /home/prathamkelkar/ros2_ws/install/px4_msgs/include/px4_msgs/px4_msgs/msg/detail/sensor_gyro_fft__rosidl_typesupport_introspection_c.h\n'}
[2.312495] (px4_msgs) StdoutLine: {'line': b'-- Up-to-date symlink: /home/prathamkelkar/ros2_ws/install/px4_msgs/include/px4_msgs/px4_msgs/msg/detail/sensor_gyro_fifo__rosidl_typesupport_introspection_c.h\n'}
[2.312591] (px4_msgs) StdoutLine: {'line': b'-- Up-to-date symlink: /home/prathamkelkar/ros2_ws/install/px4_msgs/include/px4_msgs/px4_msgs/msg/detail/sensor_hygrometer__rosidl_typesupport_introspection_c.h\n'}
[2.312689] (px4_msgs) StdoutLine: {'line': b'-- Up-to-date symlink: /home/prathamkelkar/ros2_ws/install/px4_msgs/include/px4_msgs/px4_msgs/msg/detail/sensor_mag__rosidl_typesupport_introspection_c.h\n'}
[2.312780] (px4_msgs) StdoutLine: {'line': b'-- Up-to-date symlink: /home/prathamkelkar/ros2_ws/install/px4_msgs/include/px4_msgs/px4_msgs/msg/detail/sensor_optical_flow__rosidl_typesupport_introspection_c.h\n'}
[2.312870] (px4_msgs) StdoutLine: {'line': b'-- Up-to-date symlink: /home/prathamkelkar/ros2_ws/install/px4_msgs/include/px4_msgs/px4_msgs/msg/detail/sensor_preflight_mag__rosidl_typesupport_introspection_c.h\n'}
[2.312961] (px4_msgs) StdoutLine: {'line': b'-- Up-to-date symlink: /home/prathamkelkar/ros2_ws/install/px4_msgs/include/px4_msgs/px4_msgs/msg/detail/sensor_selection__rosidl_typesupport_introspection_c.h\n'}
[2.313050] (px4_msgs) StdoutLine: {'line': b'-- Up-to-date symlink: /home/prathamkelkar/ros2_ws/install/px4_msgs/include/px4_msgs/px4_msgs/msg/detail/sensor_uwb__rosidl_typesupport_introspection_c.h\n'}
[2.313141] (px4_msgs) StdoutLine: {'line': b'-- Up-to-date symlink: /home/prathamkelkar/ros2_ws/install/px4_msgs/include/px4_msgs/px4_msgs/msg/detail/sensors_status__rosidl_typesupport_introspection_c.h\n'}
[2.313231] (px4_msgs) StdoutLine: {'line': b'-- Up-to-date symlink: /home/prathamkelkar/ros2_ws/install/px4_msgs/include/px4_msgs/px4_msgs/msg/detail/sensors_status_imu__rosidl_typesupport_introspection_c.h\n'}
[2.313322] (px4_msgs) StdoutLine: {'line': b'-- Up-to-date symlink: /home/prathamkelkar/ros2_ws/install/px4_msgs/include/px4_msgs/px4_msgs/msg/detail/system_power__rosidl_typesupport_introspection_c.h\n'}
[2.313413] (px4_msgs) StdoutLine: {'line': b'-- Up-to-date symlink: /home/prathamkelkar/ros2_ws/install/px4_msgs/include/px4_msgs/px4_msgs/msg/detail/takeoff_status__rosidl_typesupport_introspection_c.h\n'}
[2.313503] (px4_msgs) StdoutLine: {'line': b'-- Up-to-date symlink: /home/prathamkelkar/ros2_ws/install/px4_msgs/include/px4_msgs/px4_msgs/msg/detail/task_stack_info__rosidl_typesupport_introspection_c.h\n'}
[2.313593] (px4_msgs) StdoutLine: {'line': b'-- Up-to-date symlink: /home/prathamkelkar/ros2_ws/install/px4_msgs/include/px4_msgs/px4_msgs/msg/detail/tecs_status__rosidl_typesupport_introspection_c.h\n'}
[2.313696] (px4_msgs) StdoutLine: {'line': b'-- Up-to-date symlink: /home/prathamkelkar/ros2_ws/install/px4_msgs/include/px4_msgs/px4_msgs/msg/detail/telemetry_status__rosidl_typesupport_introspection_c.h\n'}
[2.313787] (px4_msgs) StdoutLine: {'line': b'-- Up-to-date symlink: /home/prathamkelkar/ros2_ws/install/px4_msgs/include/px4_msgs/px4_msgs/msg/detail/tiltrotor_extra_controls__rosidl_typesupport_introspection_c.h\n'}
[2.313879] (px4_msgs) StdoutLine: {'line': b'-- Up-to-date symlink: /home/prathamkelkar/ros2_ws/install/px4_msgs/include/px4_msgs/px4_msgs/msg/detail/timesync_status__rosidl_typesupport_introspection_c.h\n'}
[2.313969] (px4_msgs) StdoutLine: {'line': b'-- Up-to-date symlink: /home/prathamkelkar/ros2_ws/install/px4_msgs/include/px4_msgs/px4_msgs/msg/detail/trajectory_bezier__rosidl_typesupport_introspection_c.h\n'}
[2.314060] (px4_msgs) StdoutLine: {'line': b'-- Up-to-date symlink: /home/prathamkelkar/ros2_ws/install/px4_msgs/include/px4_msgs/px4_msgs/msg/detail/trajectory_setpoint__rosidl_typesupport_introspection_c.h\n'}
[2.314152] (px4_msgs) StdoutLine: {'line': b'-- Up-to-date symlink: /home/prathamkelkar/ros2_ws/install/px4_msgs/include/px4_msgs/px4_msgs/msg/detail/trajectory_waypoint__rosidl_typesupport_introspection_c.h\n'}
[2.314252] (px4_msgs) StdoutLine: {'line': b'-- Up-to-date symlink: /home/prathamkelkar/ros2_ws/install/px4_msgs/include/px4_msgs/px4_msgs/msg/detail/transponder_report__rosidl_typesupport_introspection_c.h\n'}
[2.314342] (px4_msgs) StdoutLine: {'line': b'-- Up-to-date symlink: /home/prathamkelkar/ros2_ws/install/px4_msgs/include/px4_msgs/px4_msgs/msg/detail/tune_control__rosidl_typesupport_introspection_c.h\n'}
[2.314437] (px4_msgs) StdoutLine: {'line': b'-- Up-to-date symlink: /home/prathamkelkar/ros2_ws/install/px4_msgs/include/px4_msgs/px4_msgs/msg/detail/uavcan_parameter_request__rosidl_typesupport_introspection_c.h\n'}
[2.314526] (px4_msgs) StdoutLine: {'line': b'-- Up-to-date symlink: /home/prathamkelkar/ros2_ws/install/px4_msgs/include/px4_msgs/px4_msgs/msg/detail/uavcan_parameter_value__rosidl_typesupport_introspection_c.h\n'}
[2.314622] (px4_msgs) StdoutLine: {'line': b'-- Up-to-date symlink: /home/prathamkelkar/ros2_ws/install/px4_msgs/include/px4_msgs/px4_msgs/msg/detail/ulog_stream__rosidl_typesupport_introspection_c.h\n'}
[2.314713] (px4_msgs) StdoutLine: {'line': b'-- Up-to-date symlink: /home/prathamkelkar/ros2_ws/install/px4_msgs/include/px4_msgs/px4_msgs/msg/detail/ulog_stream_ack__rosidl_typesupport_introspection_c.h\n'}
[2.314805] (px4_msgs) StdoutLine: {'line': b'-- Up-to-date symlink: /home/prathamkelkar/ros2_ws/install/px4_msgs/include/px4_msgs/px4_msgs/msg/detail/unregister_ext_component__rosidl_typesupport_introspection_c.h\n'}
[2.314894] (px4_msgs) StdoutLine: {'line': b'-- Up-to-date symlink: /home/prathamkelkar/ros2_ws/install/px4_msgs/include/px4_msgs/px4_msgs/msg/detail/vehicle_acceleration__rosidl_typesupport_introspection_c.h\n'}
[2.314983] (px4_msgs) StdoutLine: {'line': b'-- Up-to-date symlink: /home/prathamkelkar/ros2_ws/install/px4_msgs/include/px4_msgs/px4_msgs/msg/detail/vehicle_air_data__rosidl_typesupport_introspection_c.h\n'}
[2.315075] (px4_msgs) StdoutLine: {'line': b'-- Up-to-date symlink: /home/prathamkelkar/ros2_ws/install/px4_msgs/include/px4_msgs/px4_msgs/msg/detail/vehicle_angular_acceleration_setpoint__rosidl_typesupport_introspection_c.h\n'}
[2.315169] (px4_msgs) StdoutLine: {'line': b'-- Up-to-date symlink: /home/prathamkelkar/ros2_ws/install/px4_msgs/include/px4_msgs/px4_msgs/msg/detail/vehicle_angular_velocity__rosidl_typesupport_introspection_c.h\n'}
[2.315259] (px4_msgs) StdoutLine: {'line': b'-- Up-to-date symlink: /home/prathamkelkar/ros2_ws/install/px4_msgs/include/px4_msgs/px4_msgs/msg/detail/vehicle_attitude__rosidl_typesupport_introspection_c.h\n'}
[2.315351] (px4_msgs) StdoutLine: {'line': b'-- Up-to-date symlink: /home/prathamkelkar/ros2_ws/install/px4_msgs/include/px4_msgs/px4_msgs/msg/detail/vehicle_attitude_setpoint__rosidl_typesupport_introspection_c.h\n'}
[2.315442] (px4_msgs) StdoutLine: {'line': b'-- Up-to-date symlink: /home/prathamkelkar/ros2_ws/install/px4_msgs/include/px4_msgs/px4_msgs/msg/detail/vehicle_command__rosidl_typesupport_introspection_c.h\n'}
[2.315533] (px4_msgs) StdoutLine: {'line': b'-- Up-to-date symlink: /home/prathamkelkar/ros2_ws/install/px4_msgs/include/px4_msgs/px4_msgs/msg/detail/vehicle_command_ack__rosidl_typesupport_introspection_c.h\n'}
[2.315629] (px4_msgs) StdoutLine: {'line': b'-- Up-to-date symlink: /home/prathamkelkar/ros2_ws/install/px4_msgs/include/px4_msgs/px4_msgs/msg/detail/vehicle_constraints__rosidl_typesupport_introspection_c.h\n'}
[2.315722] (px4_msgs) StdoutLine: {'line': b'-- Up-to-date symlink: /home/prathamkelkar/ros2_ws/install/px4_msgs/include/px4_msgs/px4_msgs/msg/detail/vehicle_control_mode__rosidl_typesupport_introspection_c.h\n'}
[2.315819] (px4_msgs) StdoutLine: {'line': b'-- Up-to-date symlink: /home/prathamkelkar/ros2_ws/install/px4_msgs/include/px4_msgs/px4_msgs/msg/detail/vehicle_global_position__rosidl_typesupport_introspection_c.h\n'}
[2.315910] (px4_msgs) StdoutLine: {'line': b'-- Up-to-date symlink: /home/prathamkelkar/ros2_ws/install/px4_msgs/include/px4_msgs/px4_msgs/msg/detail/vehicle_imu__rosidl_typesupport_introspection_c.h\n'}
[2.316000] (px4_msgs) StdoutLine: {'line': b'-- Up-to-date symlink: /home/prathamkelkar/ros2_ws/install/px4_msgs/include/px4_msgs/px4_msgs/msg/detail/vehicle_imu_status__rosidl_typesupport_introspection_c.h\n'}
[2.316091] (px4_msgs) StdoutLine: {'line': b'-- Up-to-date symlink: /home/prathamkelkar/ros2_ws/install/px4_msgs/include/px4_msgs/px4_msgs/msg/detail/vehicle_land_detected__rosidl_typesupport_introspection_c.h\n'}
[2.316186] (px4_msgs) StdoutLine: {'line': b'-- Up-to-date symlink: /home/prathamkelkar/ros2_ws/install/px4_msgs/include/px4_msgs/px4_msgs/msg/detail/vehicle_local_position__rosidl_typesupport_introspection_c.h\n'}
[2.316277] (px4_msgs) StdoutLine: {'line': b'-- Up-to-date symlink: /home/prathamkelkar/ros2_ws/install/px4_msgs/include/px4_msgs/px4_msgs/msg/detail/vehicle_local_position_setpoint__rosidl_typesupport_introspection_c.h\n'}
[2.316367] (px4_msgs) StdoutLine: {'line': b'-- Up-to-date symlink: /home/prathamkelkar/ros2_ws/install/px4_msgs/include/px4_msgs/px4_msgs/msg/detail/vehicle_magnetometer__rosidl_typesupport_introspection_c.h\n'}
[2.316457] (px4_msgs) StdoutLine: {'line': b'-- Up-to-date symlink: /home/prathamkelkar/ros2_ws/install/px4_msgs/include/px4_msgs/px4_msgs/msg/detail/vehicle_odometry__rosidl_typesupport_introspection_c.h\n'}
[2.316556] (px4_msgs) StdoutLine: {'line': b'-- Up-to-date symlink: /home/prathamkelkar/ros2_ws/install/px4_msgs/include/px4_msgs/px4_msgs/msg/detail/vehicle_optical_flow__rosidl_typesupport_introspection_c.h\n'}
[2.316653] (px4_msgs) StdoutLine: {'line': b'-- Up-to-date symlink: /home/prathamkelkar/ros2_ws/install/px4_msgs/include/px4_msgs/px4_msgs/msg/detail/vehicle_optical_flow_vel__rosidl_typesupport_introspection_c.h\n'}
[2.316744] (px4_msgs) StdoutLine: {'line': b'-- Up-to-date symlink: /home/prathamkelkar/ros2_ws/install/px4_msgs/include/px4_msgs/px4_msgs/msg/detail/vehicle_rates_setpoint__rosidl_typesupport_introspection_c.h\n'}
[2.316834] (px4_msgs) StdoutLine: {'line': b'-- Up-to-date symlink: /home/prathamkelkar/ros2_ws/install/px4_msgs/include/px4_msgs/px4_msgs/msg/detail/vehicle_roi__rosidl_typesupport_introspection_c.h\n'}
[2.316926] (px4_msgs) StdoutLine: {'line': b'-- Up-to-date symlink: /home/prathamkelkar/ros2_ws/install/px4_msgs/include/px4_msgs/px4_msgs/msg/detail/vehicle_status__rosidl_typesupport_introspection_c.h\n'}
[2.317018] (px4_msgs) StdoutLine: {'line': b'-- Up-to-date symlink: /home/prathamkelkar/ros2_ws/install/px4_msgs/include/px4_msgs/px4_msgs/msg/detail/vehicle_thrust_setpoint__rosidl_typesupport_introspection_c.h\n'}
[2.317109] (px4_msgs) StdoutLine: {'line': b'-- Up-to-date symlink: /home/prathamkelkar/ros2_ws/install/px4_msgs/include/px4_msgs/px4_msgs/msg/detail/vehicle_torque_setpoint__rosidl_typesupport_introspection_c.h\n'}
[2.317200] (px4_msgs) StdoutLine: {'line': b'-- Up-to-date symlink: /home/prathamkelkar/ros2_ws/install/px4_msgs/include/px4_msgs/px4_msgs/msg/detail/vehicle_trajectory_bezier__rosidl_typesupport_introspection_c.h\n'}
[2.317291] (px4_msgs) StdoutLine: {'line': b'-- Up-to-date symlink: /home/prathamkelkar/ros2_ws/install/px4_msgs/include/px4_msgs/px4_msgs/msg/detail/vehicle_trajectory_waypoint__rosidl_typesupport_introspection_c.h\n'}
[2.317382] (px4_msgs) StdoutLine: {'line': b'-- Up-to-date symlink: /home/prathamkelkar/ros2_ws/install/px4_msgs/include/px4_msgs/px4_msgs/msg/detail/velocity_limits__rosidl_typesupport_introspection_c.h\n'}
[2.317473] (px4_msgs) StdoutLine: {'line': b'-- Up-to-date symlink: /home/prathamkelkar/ros2_ws/install/px4_msgs/include/px4_msgs/px4_msgs/msg/detail/vtol_vehicle_status__rosidl_typesupport_introspection_c.h\n'}
[2.317563] (px4_msgs) StdoutLine: {'line': b'-- Up-to-date symlink: /home/prathamkelkar/ros2_ws/install/px4_msgs/include/px4_msgs/px4_msgs/msg/detail/wheel_encoders__rosidl_typesupport_introspection_c.h\n'}
[2.317657] (px4_msgs) StdoutLine: {'line': b'-- Up-to-date symlink: /home/prathamkelkar/ros2_ws/install/px4_msgs/include/px4_msgs/px4_msgs/msg/detail/wind__rosidl_typesupport_introspection_c.h\n'}
[2.317748] (px4_msgs) StdoutLine: {'line': b'-- Up-to-date symlink: /home/prathamkelkar/ros2_ws/install/px4_msgs/include/px4_msgs/px4_msgs/msg/detail/yaw_estimator_status__rosidl_typesupport_introspection_c.h\n'}
[2.317839] (px4_msgs) StdoutLine: {'line': b'-- Up-to-date symlink: /home/prathamkelkar/ros2_ws/install/px4_msgs/include/px4_msgs/px4_msgs/msg/rosidl_typesupport_introspection_c__visibility_control.h\n'}
[2.317936] (px4_msgs) StdoutLine: {'line': b'-- Up-to-date symlink: /home/prathamkelkar/ros2_ws/install/px4_msgs/include/px4_msgs/px4_msgs/srv/detail/vehicle_command__rosidl_typesupport_introspection_c.h\n'}
[2.318031] (px4_msgs) StdoutLine: {'line': b'-- Up-to-date symlink: /home/prathamkelkar/ros2_ws/install/px4_msgs/include/px4_msgs/px4_msgs/msg/detail/action_request__rosidl_typesupport_introspection_cpp.hpp\n'}
[2.318124] (px4_msgs) StdoutLine: {'line': b'-- Up-to-date symlink: /home/prathamkelkar/ros2_ws/install/px4_msgs/include/px4_msgs/px4_msgs/msg/detail/actuator_armed__rosidl_typesupport_introspection_cpp.hpp\n'}
[2.318214] (px4_msgs) StdoutLine: {'line': b'-- Up-to-date symlink: /home/prathamkelkar/ros2_ws/install/px4_msgs/include/px4_msgs/px4_msgs/msg/detail/actuator_controls_status__rosidl_typesupport_introspection_cpp.hpp\n'}
[2.318307] (px4_msgs) StdoutLine: {'line': b'-- Up-to-date symlink: /home/prathamkelkar/ros2_ws/install/px4_msgs/include/px4_msgs/px4_msgs/msg/detail/actuator_motors__rosidl_typesupport_introspection_cpp.hpp\n'}
[2.318399] (px4_msgs) StdoutLine: {'line': b'-- Up-to-date symlink: /home/prathamkelkar/ros2_ws/install/px4_msgs/include/px4_msgs/px4_msgs/msg/detail/actuator_outputs__rosidl_typesupport_introspection_cpp.hpp\n'}
[2.318491] (px4_msgs) StdoutLine: {'line': b'-- Up-to-date symlink: /home/prathamkelkar/ros2_ws/install/px4_msgs/include/px4_msgs/px4_msgs/msg/detail/actuator_servos__rosidl_typesupport_introspection_cpp.hpp\n'}
[2.318583] (px4_msgs) StdoutLine: {'line': b'-- Up-to-date symlink: /home/prathamkelkar/ros2_ws/install/px4_msgs/include/px4_msgs/px4_msgs/msg/detail/actuator_servos_trim__rosidl_typesupport_introspection_cpp.hpp\n'}
[2.318681] (px4_msgs) StdoutLine: {'line': b'-- Up-to-date symlink: /home/prathamkelkar/ros2_ws/install/px4_msgs/include/px4_msgs/px4_msgs/msg/detail/actuator_test__rosidl_typesupport_introspection_cpp.hpp\n'}
[2.318773] (px4_msgs) StdoutLine: {'line': b'-- Up-to-date symlink: /home/prathamkelkar/ros2_ws/install/px4_msgs/include/px4_msgs/px4_msgs/msg/detail/adc_report__rosidl_typesupport_introspection_cpp.hpp\n'}
[2.318864] (px4_msgs) StdoutLine: {'line': b'-- Up-to-date symlink: /home/prathamkelkar/ros2_ws/install/px4_msgs/include/px4_msgs/px4_msgs/msg/detail/airspeed__rosidl_typesupport_introspection_cpp.hpp\n'}
[2.318974] (px4_msgs) StdoutLine: {'line': b'-- Up-to-date symlink: /home/prathamkelkar/ros2_ws/install/px4_msgs/include/px4_msgs/px4_msgs/msg/detail/airspeed_validated__rosidl_typesupport_introspection_cpp.hpp\n'}
[2.319065] (px4_msgs) StdoutLine: {'line': b'-- Up-to-date symlink: /home/prathamkelkar/ros2_ws/install/px4_msgs/include/px4_msgs/px4_msgs/msg/detail/airspeed_wind__rosidl_typesupport_introspection_cpp.hpp\n'}
[2.319156] (px4_msgs) StdoutLine: {'line': b'-- Up-to-date symlink: /home/prathamkelkar/ros2_ws/install/px4_msgs/include/px4_msgs/px4_msgs/msg/detail/arming_check_reply__rosidl_typesupport_introspection_cpp.hpp\n'}
[2.319247] (px4_msgs) StdoutLine: {'line': b'-- Up-to-date symlink: /home/prathamkelkar/ros2_ws/install/px4_msgs/include/px4_msgs/px4_msgs/msg/detail/arming_check_request__rosidl_typesupport_introspection_cpp.hpp\n'}
[2.319336] (px4_msgs) StdoutLine: {'line': b'-- Up-to-date symlink: /home/prathamkelkar/ros2_ws/install/px4_msgs/include/px4_msgs/px4_msgs/msg/detail/autotune_attitude_control_status__rosidl_typesupport_introspection_cpp.hpp\n'}
[2.319429] (px4_msgs) StdoutLine: {'line': b'-- Up-to-date symlink: /home/prathamkelkar/ros2_ws/install/px4_msgs/include/px4_msgs/px4_msgs/msg/detail/battery_status__rosidl_typesupport_introspection_cpp.hpp\n'}
[2.319519] (px4_msgs) StdoutLine: {'line': b'-- Up-to-date symlink: /home/prathamkelkar/ros2_ws/install/px4_msgs/include/px4_msgs/px4_msgs/msg/detail/buffer128__rosidl_typesupport_introspection_cpp.hpp\n'}
[2.319615] (px4_msgs) StdoutLine: {'line': b'-- Up-to-date symlink: /home/prathamkelkar/ros2_ws/install/px4_msgs/include/px4_msgs/px4_msgs/msg/detail/button_event__rosidl_typesupport_introspection_cpp.hpp\n'}
[2.319707] (px4_msgs) StdoutLine: {'line': b'-- Up-to-date symlink: /home/prathamkelkar/ros2_ws/install/px4_msgs/include/px4_msgs/px4_msgs/msg/detail/camera_capture__rosidl_typesupport_introspection_cpp.hpp\n'}
[2.319804] (px4_msgs) StdoutLine: {'line': b'-- Up-to-date symlink: /home/prathamkelkar/ros2_ws/install/px4_msgs/include/px4_msgs/px4_msgs/msg/detail/camera_status__rosidl_typesupport_introspection_cpp.hpp\n'}
[2.319896] (px4_msgs) StdoutLine: {'line': b'-- Up-to-date symlink: /home/prathamkelkar/ros2_ws/install/px4_msgs/include/px4_msgs/px4_msgs/msg/detail/camera_trigger__rosidl_typesupport_introspection_cpp.hpp\n'}
[2.319985] (px4_msgs) StdoutLine: {'line': b'-- Up-to-date symlink: /home/prathamkelkar/ros2_ws/install/px4_msgs/include/px4_msgs/px4_msgs/msg/detail/can_interface_status__rosidl_typesupport_introspection_cpp.hpp\n'}
[2.320074] (px4_msgs) StdoutLine: {'line': b'-- Up-to-date symlink: /home/prathamkelkar/ros2_ws/install/px4_msgs/include/px4_msgs/px4_msgs/msg/detail/cellular_status__rosidl_typesupport_introspection_cpp.hpp\n'}
[2.320165] (px4_msgs) StdoutLine: {'line': b'-- Up-to-date symlink: /home/prathamkelkar/ros2_ws/install/px4_msgs/include/px4_msgs/px4_msgs/msg/detail/collision_constraints__rosidl_typesupport_introspection_cpp.hpp\n'}
[2.320261] (px4_msgs) StdoutLine: {'line': b'-- Up-to-date symlink: /home/prathamkelkar/ros2_ws/install/px4_msgs/include/px4_msgs/px4_msgs/msg/detail/collision_report__rosidl_typesupport_introspection_cpp.hpp\n'}
[2.320353] (px4_msgs) StdoutLine: {'line': b'-- Up-to-date symlink: /home/prathamkelkar/ros2_ws/install/px4_msgs/include/px4_msgs/px4_msgs/msg/detail/config_overrides__rosidl_typesupport_introspection_cpp.hpp\n'}
[2.320444] (px4_msgs) StdoutLine: {'line': b'-- Up-to-date symlink: /home/prathamkelkar/ros2_ws/install/px4_msgs/include/px4_msgs/px4_msgs/msg/detail/control_allocator_status__rosidl_typesupport_introspection_cpp.hpp\n'}
[2.320534] (px4_msgs) StdoutLine: {'line': b'-- Up-to-date symlink: /home/prathamkelkar/ros2_ws/install/px4_msgs/include/px4_msgs/px4_msgs/msg/detail/cpuload__rosidl_typesupport_introspection_cpp.hpp\n'}
[2.320629] (px4_msgs) StdoutLine: {'line': b'-- Up-to-date symlink: /home/prathamkelkar/ros2_ws/install/px4_msgs/include/px4_msgs/px4_msgs/msg/detail/dataman_request__rosidl_typesupport_introspection_cpp.hpp\n'}
[2.320721] (px4_msgs) StdoutLine: {'line': b'-- Up-to-date symlink: /home/prathamkelkar/ros2_ws/install/px4_msgs/include/px4_msgs/px4_msgs/msg/detail/dataman_response__rosidl_typesupport_introspection_cpp.hpp\n'}
[2.320811] (px4_msgs) StdoutLine: {'line': b'-- Up-to-date symlink: /home/prathamkelkar/ros2_ws/install/px4_msgs/include/px4_msgs/px4_msgs/msg/detail/debug_array__rosidl_typesupport_introspection_cpp.hpp\n'}
[2.320902] (px4_msgs) StdoutLine: {'line': b'-- Up-to-date symlink: /home/prathamkelkar/ros2_ws/install/px4_msgs/include/px4_msgs/px4_msgs/msg/detail/debug_key_value__rosidl_typesupport_introspection_cpp.hpp\n'}
[2.320995] (px4_msgs) StdoutLine: {'line': b'-- Up-to-date symlink: /home/prathamkelkar/ros2_ws/install/px4_msgs/include/px4_msgs/px4_msgs/msg/detail/debug_value__rosidl_typesupport_introspection_cpp.hpp\n'}
[2.321087] (px4_msgs) StdoutLine: {'line': b'-- Up-to-date symlink: /home/prathamkelkar/ros2_ws/install/px4_msgs/include/px4_msgs/px4_msgs/msg/detail/debug_vect__rosidl_typesupport_introspection_cpp.hpp\n'}
[2.321178] (px4_msgs) StdoutLine: {'line': b'-- Up-to-date symlink: /home/prathamkelkar/ros2_ws/install/px4_msgs/include/px4_msgs/px4_msgs/msg/detail/differential_drive_setpoint__rosidl_typesupport_introspection_cpp.hpp\n'}
[2.321280] (px4_msgs) StdoutLine: {'line': b'-- Up-to-date symlink: /home/prathamkelkar/ros2_ws/install/px4_msgs/include/px4_msgs/px4_msgs/msg/detail/differential_pressure__rosidl_typesupport_introspection_cpp.hpp\n'}
[2.321372] (px4_msgs) StdoutLine: {'line': b'-- Up-to-date symlink: /home/prathamkelkar/ros2_ws/install/px4_msgs/include/px4_msgs/px4_msgs/msg/detail/distance_sensor__rosidl_typesupport_introspection_cpp.hpp\n'}
[2.321463] (px4_msgs) StdoutLine: {'line': b'-- Up-to-date symlink: /home/prathamkelkar/ros2_ws/install/px4_msgs/include/px4_msgs/px4_msgs/msg/detail/ekf2_timestamps__rosidl_typesupport_introspection_cpp.hpp\n'}
[2.321560] (px4_msgs) StdoutLine: {'line': b'-- Up-to-date symlink: /home/prathamkelkar/ros2_ws/install/px4_msgs/include/px4_msgs/px4_msgs/msg/detail/esc_report__rosidl_typesupport_introspection_cpp.hpp\n'}
[2.321654] (px4_msgs) StdoutLine: {'line': b'-- Up-to-date symlink: /home/prathamkelkar/ros2_ws/install/px4_msgs/include/px4_msgs/px4_msgs/msg/detail/esc_status__rosidl_typesupport_introspection_cpp.hpp\n'}
[2.321747] (px4_msgs) StdoutLine: {'line': b'-- Up-to-date symlink: /home/prathamkelkar/ros2_ws/install/px4_msgs/include/px4_msgs/px4_msgs/msg/detail/estimator_aid_source1d__rosidl_typesupport_introspection_cpp.hpp\n'}
[2.321838] (px4_msgs) StdoutLine: {'line': b'-- Up-to-date symlink: /home/prathamkelkar/ros2_ws/install/px4_msgs/include/px4_msgs/px4_msgs/msg/detail/estimator_aid_source2d__rosidl_typesupport_introspection_cpp.hpp\n'}
[2.321928] (px4_msgs) StdoutLine: {'line': b'-- Up-to-date symlink: /home/prathamkelkar/ros2_ws/install/px4_msgs/include/px4_msgs/px4_msgs/msg/detail/estimator_aid_source3d__rosidl_typesupport_introspection_cpp.hpp\n'}
[2.322019] (px4_msgs) StdoutLine: {'line': b'-- Up-to-date symlink: /home/prathamkelkar/ros2_ws/install/px4_msgs/include/px4_msgs/px4_msgs/msg/detail/estimator_bias3d__rosidl_typesupport_introspection_cpp.hpp\n'}
[2.322110] (px4_msgs) StdoutLine: {'line': b'-- Up-to-date symlink: /home/prathamkelkar/ros2_ws/install/px4_msgs/include/px4_msgs/px4_msgs/msg/detail/estimator_bias__rosidl_typesupport_introspection_cpp.hpp\n'}
[2.322200] (px4_msgs) StdoutLine: {'line': b'-- Up-to-date symlink: /home/prathamkelkar/ros2_ws/install/px4_msgs/include/px4_msgs/px4_msgs/msg/detail/estimator_event_flags__rosidl_typesupport_introspection_cpp.hpp\n'}
[2.322290] (px4_msgs) StdoutLine: {'line': b'-- Up-to-date symlink: /home/prathamkelkar/ros2_ws/install/px4_msgs/include/px4_msgs/px4_msgs/msg/detail/estimator_gps_status__rosidl_typesupport_introspection_cpp.hpp\n'}
[2.322381] (px4_msgs) StdoutLine: {'line': b'-- Up-to-date symlink: /home/prathamkelkar/ros2_ws/install/px4_msgs/include/px4_msgs/px4_msgs/msg/detail/estimator_innovations__rosidl_typesupport_introspection_cpp.hpp\n'}
[2.322479] (px4_msgs) StdoutLine: {'line': b'-- Up-to-date symlink: /home/prathamkelkar/ros2_ws/install/px4_msgs/include/px4_msgs/px4_msgs/msg/detail/estimator_selector_status__rosidl_typesupport_introspection_cpp.hpp\n'}
[2.322570] (px4_msgs) StdoutLine: {'line': b'-- Up-to-date symlink: /home/prathamkelkar/ros2_ws/install/px4_msgs/include/px4_msgs/px4_msgs/msg/detail/estimator_sensor_bias__rosidl_typesupport_introspection_cpp.hpp\n'}
[2.322667] (px4_msgs) StdoutLine: {'line': b'-- Up-to-date symlink: /home/prathamkelkar/ros2_ws/install/px4_msgs/include/px4_msgs/px4_msgs/msg/detail/estimator_states__rosidl_typesupport_introspection_cpp.hpp\n'}
[2.322758] (px4_msgs) StdoutLine: {'line': b'-- Up-to-date symlink: /home/prathamkelkar/ros2_ws/install/px4_msgs/include/px4_msgs/px4_msgs/msg/detail/estimator_status__rosidl_typesupport_introspection_cpp.hpp\n'}
[2.322848] (px4_msgs) StdoutLine: {'line': b'-- Up-to-date symlink: /home/prathamkelkar/ros2_ws/install/px4_msgs/include/px4_msgs/px4_msgs/msg/detail/estimator_status_flags__rosidl_typesupport_introspection_cpp.hpp\n'}
[2.322938] (px4_msgs) StdoutLine: {'line': b'-- Up-to-date symlink: /home/prathamkelkar/ros2_ws/install/px4_msgs/include/px4_msgs/px4_msgs/msg/detail/event__rosidl_typesupport_introspection_cpp.hpp\n'}
[2.323029] (px4_msgs) StdoutLine: {'line': b'-- Up-to-date symlink: /home/prathamkelkar/ros2_ws/install/px4_msgs/include/px4_msgs/px4_msgs/msg/detail/failsafe_flags__rosidl_typesupport_introspection_cpp.hpp\n'}
[2.323119] (px4_msgs) StdoutLine: {'line': b'-- Up-to-date symlink: /home/prathamkelkar/ros2_ws/install/px4_msgs/include/px4_msgs/px4_msgs/msg/detail/failure_detector_status__rosidl_typesupport_introspection_cpp.hpp\n'}
[2.323211] (px4_msgs) StdoutLine: {'line': b'-- Up-to-date symlink: /home/prathamkelkar/ros2_ws/install/px4_msgs/include/px4_msgs/px4_msgs/msg/detail/figure_eight_status__rosidl_typesupport_introspection_cpp.hpp\n'}
[2.323307] (px4_msgs) StdoutLine: {'line': b'-- Up-to-date symlink: /home/prathamkelkar/ros2_ws/install/px4_msgs/include/px4_msgs/px4_msgs/msg/detail/flight_phase_estimation__rosidl_typesupport_introspection_cpp.hpp\n'}
[2.323397] (px4_msgs) StdoutLine: {'line': b'-- Up-to-date symlink: /home/prathamkelkar/ros2_ws/install/px4_msgs/include/px4_msgs/px4_msgs/msg/detail/follow_target__rosidl_typesupport_introspection_cpp.hpp\n'}
[2.323497] (px4_msgs) StdoutLine: {'line': b'-- Up-to-date symlink: /home/prathamkelkar/ros2_ws/install/px4_msgs/include/px4_msgs/px4_msgs/msg/detail/follow_target_estimator__rosidl_typesupport_introspection_cpp.hpp\n'}
[2.323588] (px4_msgs) StdoutLine: {'line': b'-- Up-to-date symlink: /home/prathamkelkar/ros2_ws/install/px4_msgs/include/px4_msgs/px4_msgs/msg/detail/follow_target_status__rosidl_typesupport_introspection_cpp.hpp\n'}
[2.323684] (px4_msgs) StdoutLine: {'line': b'-- Up-to-date symlink: /home/prathamkelkar/ros2_ws/install/px4_msgs/include/px4_msgs/px4_msgs/msg/detail/generator_status__rosidl_typesupport_introspection_cpp.hpp\n'}
[2.323775] (px4_msgs) StdoutLine: {'line': b'-- Up-to-date symlink: /home/prathamkelkar/ros2_ws/install/px4_msgs/include/px4_msgs/px4_msgs/msg/detail/geofence_result__rosidl_typesupport_introspection_cpp.hpp\n'}
[2.323865] (px4_msgs) StdoutLine: {'line': b'-- Up-to-date symlink: /home/prathamkelkar/ros2_ws/install/px4_msgs/include/px4_msgs/px4_msgs/msg/detail/geofence_status__rosidl_typesupport_introspection_cpp.hpp\n'}
[2.323955] (px4_msgs) StdoutLine: {'line': b'-- Up-to-date symlink: /home/prathamkelkar/ros2_ws/install/px4_msgs/include/px4_msgs/px4_msgs/msg/detail/gimbal_controls__rosidl_typesupport_introspection_cpp.hpp\n'}
[2.324046] (px4_msgs) StdoutLine: {'line': b'-- Up-to-date symlink: /home/prathamkelkar/ros2_ws/install/px4_msgs/include/px4_msgs/px4_msgs/msg/detail/gimbal_device_attitude_status__rosidl_typesupport_introspection_cpp.hpp\n'}
[2.324137] (px4_msgs) StdoutLine: {'line': b'-- Up-to-date symlink: /home/prathamkelkar/ros2_ws/install/px4_msgs/include/px4_msgs/px4_msgs/msg/detail/gimbal_device_information__rosidl_typesupport_introspection_cpp.hpp\n'}
[2.324229] (px4_msgs) StdoutLine: {'line': b'-- Up-to-date symlink: /home/prathamkelkar/ros2_ws/install/px4_msgs/include/px4_msgs/px4_msgs/msg/detail/gimbal_device_set_attitude__rosidl_typesupport_introspection_cpp.hpp\n'}
[2.324319] (px4_msgs) StdoutLine: {'line': b'-- Up-to-date symlink: /home/prathamkelkar/ros2_ws/install/px4_msgs/include/px4_msgs/px4_msgs/msg/detail/gimbal_manager_information__rosidl_typesupport_introspection_cpp.hpp\n'}
[2.324408] (px4_msgs) StdoutLine: {'line': b'-- Up-to-date symlink: /home/prathamkelkar/ros2_ws/install/px4_msgs/include/px4_msgs/px4_msgs/msg/detail/gimbal_manager_set_attitude__rosidl_typesupport_introspection_cpp.hpp\n'}
[2.324499] (px4_msgs) StdoutLine: {'line': b'-- Up-to-date symlink: /home/prathamkelkar/ros2_ws/install/px4_msgs/include/px4_msgs/px4_msgs/msg/detail/gimbal_manager_set_manual_control__rosidl_typesupport_introspection_cpp.hpp\n'}
[2.324595] (px4_msgs) StdoutLine: {'line': b'-- Up-to-date symlink: /home/prathamkelkar/ros2_ws/install/px4_msgs/include/px4_msgs/px4_msgs/msg/detail/gimbal_manager_status__rosidl_typesupport_introspection_cpp.hpp\n'}
[2.324691] (px4_msgs) StdoutLine: {'line': b'-- Up-to-date symlink: /home/prathamkelkar/ros2_ws/install/px4_msgs/include/px4_msgs/px4_msgs/msg/detail/goto_setpoint__rosidl_typesupport_introspection_cpp.hpp\n'}
[2.324782] (px4_msgs) StdoutLine: {'line': b'-- Up-to-date symlink: /home/prathamkelkar/ros2_ws/install/px4_msgs/include/px4_msgs/px4_msgs/msg/detail/gpio_config__rosidl_typesupport_introspection_cpp.hpp\n'}
[2.324874] (px4_msgs) StdoutLine: {'line': b'-- Up-to-date symlink: /home/prathamkelkar/ros2_ws/install/px4_msgs/include/px4_msgs/px4_msgs/msg/detail/gpio_in__rosidl_typesupport_introspection_cpp.hpp\n'}
[2.324965] (px4_msgs) StdoutLine: {'line': b'-- Up-to-date symlink: /home/prathamkelkar/ros2_ws/install/px4_msgs/include/px4_msgs/px4_msgs/msg/detail/gpio_out__rosidl_typesupport_introspection_cpp.hpp\n'}
[2.325062] (px4_msgs) StdoutLine: {'line': b'-- Up-to-date symlink: /home/prathamkelkar/ros2_ws/install/px4_msgs/include/px4_msgs/px4_msgs/msg/detail/gpio_request__rosidl_typesupport_introspection_cpp.hpp\n'}
[2.325152] (px4_msgs) StdoutLine: {'line': b'-- Up-to-date symlink: /home/prathamkelkar/ros2_ws/install/px4_msgs/include/px4_msgs/px4_msgs/msg/detail/gps_dump__rosidl_typesupport_introspection_cpp.hpp\n'}
[2.325243] (-) TimerEvent: {}
[2.325438] (px4_msgs) StdoutLine: {'line': b'-- Up-to-date symlink: /home/prathamkelkar/ros2_ws/install/px4_msgs/include/px4_msgs/px4_msgs/msg/detail/gps_inject_data__rosidl_typesupport_introspection_cpp.hpp\n'}
[2.325543] (px4_msgs) StdoutLine: {'line': b'-- Up-to-date symlink: /home/prathamkelkar/ros2_ws/install/px4_msgs/include/px4_msgs/px4_msgs/msg/detail/gripper__rosidl_typesupport_introspection_cpp.hpp\n'}
[2.325645] (px4_msgs) StdoutLine: {'line': b'-- Up-to-date symlink: /home/prathamkelkar/ros2_ws/install/px4_msgs/include/px4_msgs/px4_msgs/msg/detail/health_report__rosidl_typesupport_introspection_cpp.hpp\n'}
[2.325740] (px4_msgs) StdoutLine: {'line': b'-- Up-to-date symlink: /home/prathamkelkar/ros2_ws/install/px4_msgs/include/px4_msgs/px4_msgs/msg/detail/heater_status__rosidl_typesupport_introspection_cpp.hpp\n'}
[2.325934] (px4_msgs) StdoutLine: {'line': b'-- Up-to-date symlink: /home/prathamkelkar/ros2_ws/install/px4_msgs/include/px4_msgs/px4_msgs/msg/detail/home_position__rosidl_typesupport_introspection_cpp.hpp\n'}
[2.326065] (px4_msgs) StdoutLine: {'line': b'-- Up-to-date symlink: /home/prathamkelkar/ros2_ws/install/px4_msgs/include/px4_msgs/px4_msgs/msg/detail/hover_thrust_estimate__rosidl_typesupport_introspection_cpp.hpp\n'}
[2.326352] (px4_msgs) StdoutLine: {'line': b'-- Up-to-date symlink: /home/prathamkelkar/ros2_ws/install/px4_msgs/include/px4_msgs/px4_msgs/msg/detail/input_rc__rosidl_typesupport_introspection_cpp.hpp\n'}
[2.326464] (px4_msgs) StdoutLine: {'line': b'-- Up-to-date symlink: /home/prathamkelkar/ros2_ws/install/px4_msgs/include/px4_msgs/px4_msgs/msg/detail/internal_combustion_engine_status__rosidl_typesupport_introspection_cpp.hpp\n'}
[2.326582] (px4_msgs) StdoutLine: {'line': b'-- Up-to-date symlink: /home/prathamkelkar/ros2_ws/install/px4_msgs/include/px4_msgs/px4_msgs/msg/detail/iridiumsbd_status__rosidl_typesupport_introspection_cpp.hpp\n'}
[2.326711] (px4_msgs) StdoutLine: {'line': b'-- Up-to-date symlink: /home/prathamkelkar/ros2_ws/install/px4_msgs/include/px4_msgs/px4_msgs/msg/detail/irlock_report__rosidl_typesupport_introspection_cpp.hpp\n'}
[2.326827] (px4_msgs) StdoutLine: {'line': b'-- Up-to-date symlink: /home/prathamkelkar/ros2_ws/install/px4_msgs/include/px4_msgs/px4_msgs/msg/detail/landing_gear__rosidl_typesupport_introspection_cpp.hpp\n'}
[2.326937] (px4_msgs) StdoutLine: {'line': b'-- Up-to-date symlink: /home/prathamkelkar/ros2_ws/install/px4_msgs/include/px4_msgs/px4_msgs/msg/detail/landing_gear_wheel__rosidl_typesupport_introspection_cpp.hpp\n'}
[2.327047] (px4_msgs) StdoutLine: {'line': b'-- Up-to-date symlink: /home/prathamkelkar/ros2_ws/install/px4_msgs/include/px4_msgs/px4_msgs/msg/detail/landing_target_innovations__rosidl_typesupport_introspection_cpp.hpp\n'}
[2.327159] (px4_msgs) StdoutLine: {'line': b'-- Up-to-date symlink: /home/prathamkelkar/ros2_ws/install/px4_msgs/include/px4_msgs/px4_msgs/msg/detail/landing_target_pose__rosidl_typesupport_introspection_cpp.hpp\n'}
[2.327269] (px4_msgs) StdoutLine: {'line': b'-- Up-to-date symlink: /home/prathamkelkar/ros2_ws/install/px4_msgs/include/px4_msgs/px4_msgs/msg/detail/launch_detection_status__rosidl_typesupport_introspection_cpp.hpp\n'}
[2.327378] (px4_msgs) StdoutLine: {'line': b'-- Up-to-date symlink: /home/prathamkelkar/ros2_ws/install/px4_msgs/include/px4_msgs/px4_msgs/msg/detail/led_control__rosidl_typesupport_introspection_cpp.hpp\n'}
[2.327640] (px4_msgs) StdoutLine: {'line': b'-- Up-to-date symlink: /home/prathamkelkar/ros2_ws/install/px4_msgs/include/px4_msgs/px4_msgs/msg/detail/log_message__rosidl_typesupport_introspection_cpp.hpp\n'}
[2.327758] (px4_msgs) StdoutLine: {'line': b'-- Up-to-date symlink: /home/prathamkelkar/ros2_ws/install/px4_msgs/include/px4_msgs/px4_msgs/msg/detail/logger_status__rosidl_typesupport_introspection_cpp.hpp\n'}
[2.327871] (px4_msgs) StdoutLine: {'line': b'-- Up-to-date symlink: /home/prathamkelkar/ros2_ws/install/px4_msgs/include/px4_msgs/px4_msgs/msg/detail/mag_worker_data__rosidl_typesupport_introspection_cpp.hpp\n'}
[2.327980] (px4_msgs) StdoutLine: {'line': b'-- Up-to-date symlink: /home/prathamkelkar/ros2_ws/install/px4_msgs/include/px4_msgs/px4_msgs/msg/detail/magnetometer_bias_estimate__rosidl_typesupport_introspection_cpp.hpp\n'}
[2.328091] (px4_msgs) StdoutLine: {'line': b'-- Up-to-date symlink: /home/prathamkelkar/ros2_ws/install/px4_msgs/include/px4_msgs/px4_msgs/msg/detail/manual_control_setpoint__rosidl_typesupport_introspection_cpp.hpp\n'}
[2.328201] (px4_msgs) StdoutLine: {'line': b'-- Up-to-date symlink: /home/prathamkelkar/ros2_ws/install/px4_msgs/include/px4_msgs/px4_msgs/msg/detail/manual_control_switches__rosidl_typesupport_introspection_cpp.hpp\n'}
[2.328313] (px4_msgs) StdoutLine: {'line': b'-- Up-to-date symlink: /home/prathamkelkar/ros2_ws/install/px4_msgs/include/px4_msgs/px4_msgs/msg/detail/mavlink_log__rosidl_typesupport_introspection_cpp.hpp\n'}
[2.328424] (px4_msgs) StdoutLine: {'line': b'-- Up-to-date symlink: /home/prathamkelkar/ros2_ws/install/px4_msgs/include/px4_msgs/px4_msgs/msg/detail/mavlink_tunnel__rosidl_typesupport_introspection_cpp.hpp\n'}
[2.328532] (px4_msgs) StdoutLine: {'line': b'-- Up-to-date symlink: /home/prathamkelkar/ros2_ws/install/px4_msgs/include/px4_msgs/px4_msgs/msg/detail/message_format_request__rosidl_typesupport_introspection_cpp.hpp\n'}
[2.328652] (px4_msgs) StdoutLine: {'line': b'-- Up-to-date symlink: /home/prathamkelkar/ros2_ws/install/px4_msgs/include/px4_msgs/px4_msgs/msg/detail/message_format_response__rosidl_typesupport_introspection_cpp.hpp\n'}
[2.328762] (px4_msgs) StdoutLine: {'line': b'-- Up-to-date symlink: /home/prathamkelkar/ros2_ws/install/px4_msgs/include/px4_msgs/px4_msgs/msg/detail/mission__rosidl_typesupport_introspection_cpp.hpp\n'}
[2.328871] (px4_msgs) StdoutLine: {'line': b'-- Up-to-date symlink: /home/prathamkelkar/ros2_ws/install/px4_msgs/include/px4_msgs/px4_msgs/msg/detail/mission_result__rosidl_typesupport_introspection_cpp.hpp\n'}
[2.328980] (px4_msgs) StdoutLine: {'line': b'-- Up-to-date symlink: /home/prathamkelkar/ros2_ws/install/px4_msgs/include/px4_msgs/px4_msgs/msg/detail/mode_completed__rosidl_typesupport_introspection_cpp.hpp\n'}
[2.329091] (px4_msgs) StdoutLine: {'line': b'-- Up-to-date symlink: /home/prathamkelkar/ros2_ws/install/px4_msgs/include/px4_msgs/px4_msgs/msg/detail/mount_orientation__rosidl_typesupport_introspection_cpp.hpp\n'}
[2.329202] (px4_msgs) StdoutLine: {'line': b'-- Up-to-date symlink: /home/prathamkelkar/ros2_ws/install/px4_msgs/include/px4_msgs/px4_msgs/msg/detail/navigator_mission_item__rosidl_typesupport_introspection_cpp.hpp\n'}
[2.329459] (px4_msgs) StdoutLine: {'line': b'-- Up-to-date symlink: /home/prathamkelkar/ros2_ws/install/px4_msgs/include/px4_msgs/px4_msgs/msg/detail/normalized_unsigned_setpoint__rosidl_typesupport_introspection_cpp.hpp\n'}
[2.329554] (px4_msgs) StdoutLine: {'line': b'-- Up-to-date symlink: /home/prathamkelkar/ros2_ws/install/px4_msgs/include/px4_msgs/px4_msgs/msg/detail/npfg_status__rosidl_typesupport_introspection_cpp.hpp\n'}
[2.329654] (px4_msgs) StdoutLine: {'line': b'-- Up-to-date symlink: /home/prathamkelkar/ros2_ws/install/px4_msgs/include/px4_msgs/px4_msgs/msg/detail/obstacle_distance__rosidl_typesupport_introspection_cpp.hpp\n'}
[2.329746] (px4_msgs) StdoutLine: {'line': b'-- Up-to-date symlink: /home/prathamkelkar/ros2_ws/install/px4_msgs/include/px4_msgs/px4_msgs/msg/detail/offboard_control_mode__rosidl_typesupport_introspection_cpp.hpp\n'}
[2.329838] (px4_msgs) StdoutLine: {'line': b'-- Up-to-date symlink: /home/prathamkelkar/ros2_ws/install/px4_msgs/include/px4_msgs/px4_msgs/msg/detail/onboard_computer_status__rosidl_typesupport_introspection_cpp.hpp\n'}
[2.329936] (px4_msgs) StdoutLine: {'line': b'-- Up-to-date symlink: /home/prathamkelkar/ros2_ws/install/px4_msgs/include/px4_msgs/px4_msgs/msg/detail/orb_test__rosidl_typesupport_introspection_cpp.hpp\n'}
[2.330031] (px4_msgs) StdoutLine: {'line': b'-- Up-to-date symlink: /home/prathamkelkar/ros2_ws/install/px4_msgs/include/px4_msgs/px4_msgs/msg/detail/orb_test_large__rosidl_typesupport_introspection_cpp.hpp\n'}
[2.330127] (px4_msgs) StdoutLine: {'line': b'-- Up-to-date symlink: /home/prathamkelkar/ros2_ws/install/px4_msgs/include/px4_msgs/px4_msgs/msg/detail/orb_test_medium__rosidl_typesupport_introspection_cpp.hpp\n'}
[2.330219] (px4_msgs) StdoutLine: {'line': b'-- Up-to-date symlink: /home/prathamkelkar/ros2_ws/install/px4_msgs/include/px4_msgs/px4_msgs/msg/detail/orbit_status__rosidl_typesupport_introspection_cpp.hpp\n'}
[2.330318] (px4_msgs) StdoutLine: {'line': b'-- Up-to-date symlink: /home/prathamkelkar/ros2_ws/install/px4_msgs/include/px4_msgs/px4_msgs/msg/detail/parameter_reset_request__rosidl_typesupport_introspection_cpp.hpp\n'}
[2.330410] (px4_msgs) StdoutLine: {'line': b'-- Up-to-date symlink: /home/prathamkelkar/ros2_ws/install/px4_msgs/include/px4_msgs/px4_msgs/msg/detail/parameter_set_used_request__rosidl_typesupport_introspection_cpp.hpp\n'}
[2.330501] (px4_msgs) StdoutLine: {'line': b'-- Up-to-date symlink: /home/prathamkelkar/ros2_ws/install/px4_msgs/include/px4_msgs/px4_msgs/msg/detail/parameter_set_value_request__rosidl_typesupport_introspection_cpp.hpp\n'}
[2.330591] (px4_msgs) StdoutLine: {'line': b'-- Up-to-date symlink: /home/prathamkelkar/ros2_ws/install/px4_msgs/include/px4_msgs/px4_msgs/msg/detail/parameter_set_value_response__rosidl_typesupport_introspection_cpp.hpp\n'}
[2.330689] (px4_msgs) StdoutLine: {'line': b'-- Up-to-date symlink: /home/prathamkelkar/ros2_ws/install/px4_msgs/include/px4_msgs/px4_msgs/msg/detail/parameter_update__rosidl_typesupport_introspection_cpp.hpp\n'}
[2.330780] (px4_msgs) StdoutLine: {'line': b'-- Up-to-date symlink: /home/prathamkelkar/ros2_ws/install/px4_msgs/include/px4_msgs/px4_msgs/msg/detail/ping__rosidl_typesupport_introspection_cpp.hpp\n'}
[2.330873] (px4_msgs) StdoutLine: {'line': b'-- Up-to-date symlink: /home/prathamkelkar/ros2_ws/install/px4_msgs/include/px4_msgs/px4_msgs/msg/detail/position_controller_landing_status__rosidl_typesupport_introspection_cpp.hpp\n'}
[2.330964] (px4_msgs) StdoutLine: {'line': b'-- Up-to-date symlink: /home/prathamkelkar/ros2_ws/install/px4_msgs/include/px4_msgs/px4_msgs/msg/detail/position_controller_status__rosidl_typesupport_introspection_cpp.hpp\n'}
[2.331054] (px4_msgs) StdoutLine: {'line': b'-- Up-to-date symlink: /home/prathamkelkar/ros2_ws/install/px4_msgs/include/px4_msgs/px4_msgs/msg/detail/position_setpoint__rosidl_typesupport_introspection_cpp.hpp\n'}
[2.331147] (px4_msgs) StdoutLine: {'line': b'-- Up-to-date symlink: /home/prathamkelkar/ros2_ws/install/px4_msgs/include/px4_msgs/px4_msgs/msg/detail/position_setpoint_triplet__rosidl_typesupport_introspection_cpp.hpp\n'}
[2.331240] (px4_msgs) StdoutLine: {'line': b'-- Up-to-date symlink: /home/prathamkelkar/ros2_ws/install/px4_msgs/include/px4_msgs/px4_msgs/msg/detail/power_button_state__rosidl_typesupport_introspection_cpp.hpp\n'}
[2.331334] (px4_msgs) StdoutLine: {'line': b'-- Up-to-date symlink: /home/prathamkelkar/ros2_ws/install/px4_msgs/include/px4_msgs/px4_msgs/msg/detail/power_monitor__rosidl_typesupport_introspection_cpp.hpp\n'}
[2.331427] (px4_msgs) StdoutLine: {'line': b'-- Up-to-date symlink: /home/prathamkelkar/ros2_ws/install/px4_msgs/include/px4_msgs/px4_msgs/msg/detail/pps_capture__rosidl_typesupport_introspection_cpp.hpp\n'}
[2.331523] (px4_msgs) StdoutLine: {'line': b'-- Up-to-date symlink: /home/prathamkelkar/ros2_ws/install/px4_msgs/include/px4_msgs/px4_msgs/msg/detail/pwm_input__rosidl_typesupport_introspection_cpp.hpp\n'}
[2.331622] (px4_msgs) StdoutLine: {'line': b'-- Up-to-date symlink: /home/prathamkelkar/ros2_ws/install/px4_msgs/include/px4_msgs/px4_msgs/msg/detail/px4io_status__rosidl_typesupport_introspection_cpp.hpp\n'}
[2.331723] (px4_msgs) StdoutLine: {'line': b'-- Up-to-date symlink: /home/prathamkelkar/ros2_ws/install/px4_msgs/include/px4_msgs/px4_msgs/msg/detail/qshell_req__rosidl_typesupport_introspection_cpp.hpp\n'}
[2.331825] (px4_msgs) StdoutLine: {'line': b'-- Up-to-date symlink: /home/prathamkelkar/ros2_ws/install/px4_msgs/include/px4_msgs/px4_msgs/msg/detail/qshell_retval__rosidl_typesupport_introspection_cpp.hpp\n'}
[2.331915] (px4_msgs) StdoutLine: {'line': b'-- Up-to-date symlink: /home/prathamkelkar/ros2_ws/install/px4_msgs/include/px4_msgs/px4_msgs/msg/detail/radio_status__rosidl_typesupport_introspection_cpp.hpp\n'}
[2.332007] (px4_msgs) StdoutLine: {'line': b'-- Up-to-date symlink: /home/prathamkelkar/ros2_ws/install/px4_msgs/include/px4_msgs/px4_msgs/msg/detail/rate_ctrl_status__rosidl_typesupport_introspection_cpp.hpp\n'}
[2.332098] (px4_msgs) StdoutLine: {'line': b'-- Up-to-date symlink: /home/prathamkelkar/ros2_ws/install/px4_msgs/include/px4_msgs/px4_msgs/msg/detail/rc_channels__rosidl_typesupport_introspection_cpp.hpp\n'}
[2.332188] (px4_msgs) StdoutLine: {'line': b'-- Up-to-date symlink: /home/prathamkelkar/ros2_ws/install/px4_msgs/include/px4_msgs/px4_msgs/msg/detail/rc_parameter_map__rosidl_typesupport_introspection_cpp.hpp\n'}
[2.332279] (px4_msgs) StdoutLine: {'line': b'-- Up-to-date symlink: /home/prathamkelkar/ros2_ws/install/px4_msgs/include/px4_msgs/px4_msgs/msg/detail/register_ext_component_reply__rosidl_typesupport_introspection_cpp.hpp\n'}
[2.332370] (px4_msgs) StdoutLine: {'line': b'-- Up-to-date symlink: /home/prathamkelkar/ros2_ws/install/px4_msgs/include/px4_msgs/px4_msgs/msg/detail/register_ext_component_request__rosidl_typesupport_introspection_cpp.hpp\n'}
[2.332465] (px4_msgs) StdoutLine: {'line': b'-- Up-to-date symlink: /home/prathamkelkar/ros2_ws/install/px4_msgs/include/px4_msgs/px4_msgs/msg/detail/rpm__rosidl_typesupport_introspection_cpp.hpp\n'}
[2.332559] (px4_msgs) StdoutLine: {'line': b'-- Up-to-date symlink: /home/prathamkelkar/ros2_ws/install/px4_msgs/include/px4_msgs/px4_msgs/msg/detail/rtl_status__rosidl_typesupport_introspection_cpp.hpp\n'}
[2.332655] (px4_msgs) StdoutLine: {'line': b'-- Up-to-date symlink: /home/prathamkelkar/ros2_ws/install/px4_msgs/include/px4_msgs/px4_msgs/msg/detail/rtl_time_estimate__rosidl_typesupport_introspection_cpp.hpp\n'}
[2.332746] (px4_msgs) StdoutLine: {'line': b'-- Up-to-date symlink: /home/prathamkelkar/ros2_ws/install/px4_msgs/include/px4_msgs/px4_msgs/msg/detail/satellite_info__rosidl_typesupport_introspection_cpp.hpp\n'}
[2.332837] (px4_msgs) StdoutLine: {'line': b'-- Up-to-date symlink: /home/prathamkelkar/ros2_ws/install/px4_msgs/include/px4_msgs/px4_msgs/msg/detail/sensor_accel__rosidl_typesupport_introspection_cpp.hpp\n'}
[2.332932] (px4_msgs) StdoutLine: {'line': b'-- Up-to-date symlink: /home/prathamkelkar/ros2_ws/install/px4_msgs/include/px4_msgs/px4_msgs/msg/detail/sensor_accel_fifo__rosidl_typesupport_introspection_cpp.hpp\n'}
[2.333023] (px4_msgs) StdoutLine: {'line': b'-- Up-to-date symlink: /home/prathamkelkar/ros2_ws/install/px4_msgs/include/px4_msgs/px4_msgs/msg/detail/sensor_airflow__rosidl_typesupport_introspection_cpp.hpp\n'}
[2.333114] (px4_msgs) StdoutLine: {'line': b'-- Up-to-date symlink: /home/prathamkelkar/ros2_ws/install/px4_msgs/include/px4_msgs/px4_msgs/msg/detail/sensor_baro__rosidl_typesupport_introspection_cpp.hpp\n'}
[2.333205] (px4_msgs) StdoutLine: {'line': b'-- Up-to-date symlink: /home/prathamkelkar/ros2_ws/install/px4_msgs/include/px4_msgs/px4_msgs/msg/detail/sensor_combined__rosidl_typesupport_introspection_cpp.hpp\n'}
[2.333296] (px4_msgs) StdoutLine: {'line': b'-- Up-to-date symlink: /home/prathamkelkar/ros2_ws/install/px4_msgs/include/px4_msgs/px4_msgs/msg/detail/sensor_correction__rosidl_typesupport_introspection_cpp.hpp\n'}
[2.333389] (px4_msgs) StdoutLine: {'line': b'-- Up-to-date symlink: /home/prathamkelkar/ros2_ws/install/px4_msgs/include/px4_msgs/px4_msgs/msg/detail/sensor_gnss_relative__rosidl_typesupport_introspection_cpp.hpp\n'}
[2.333487] (px4_msgs) StdoutLine: {'line': b'-- Up-to-date symlink: /home/prathamkelkar/ros2_ws/install/px4_msgs/include/px4_msgs/px4_msgs/msg/detail/sensor_gps__rosidl_typesupport_introspection_cpp.hpp\n'}
[2.333579] (px4_msgs) StdoutLine: {'line': b'-- Up-to-date symlink: /home/prathamkelkar/ros2_ws/install/px4_msgs/include/px4_msgs/px4_msgs/msg/detail/sensor_gyro__rosidl_typesupport_introspection_cpp.hpp\n'}
[2.333676] (px4_msgs) StdoutLine: {'line': b'-- Up-to-date symlink: /home/prathamkelkar/ros2_ws/install/px4_msgs/include/px4_msgs/px4_msgs/msg/detail/sensor_gyro_fft__rosidl_typesupport_introspection_cpp.hpp\n'}
[2.333766] (px4_msgs) StdoutLine: {'line': b'-- Up-to-date symlink: /home/prathamkelkar/ros2_ws/install/px4_msgs/include/px4_msgs/px4_msgs/msg/detail/sensor_gyro_fifo__rosidl_typesupport_introspection_cpp.hpp\n'}
[2.333859] (px4_msgs) StdoutLine: {'line': b'-- Up-to-date symlink: /home/prathamkelkar/ros2_ws/install/px4_msgs/include/px4_msgs/px4_msgs/msg/detail/sensor_hygrometer__rosidl_typesupport_introspection_cpp.hpp\n'}
[2.333949] (px4_msgs) StdoutLine: {'line': b'-- Up-to-date symlink: /home/prathamkelkar/ros2_ws/install/px4_msgs/include/px4_msgs/px4_msgs/msg/detail/sensor_mag__rosidl_typesupport_introspection_cpp.hpp\n'}
[2.334040] (px4_msgs) StdoutLine: {'line': b'-- Up-to-date symlink: /home/prathamkelkar/ros2_ws/install/px4_msgs/include/px4_msgs/px4_msgs/msg/detail/sensor_optical_flow__rosidl_typesupport_introspection_cpp.hpp\n'}
[2.334141] (px4_msgs) StdoutLine: {'line': b'-- Up-to-date symlink: /home/prathamkelkar/ros2_ws/install/px4_msgs/include/px4_msgs/px4_msgs/msg/detail/sensor_preflight_mag__rosidl_typesupport_introspection_cpp.hpp\n'}
[2.334232] (px4_msgs) StdoutLine: {'line': b'-- Up-to-date symlink: /home/prathamkelkar/ros2_ws/install/px4_msgs/include/px4_msgs/px4_msgs/msg/detail/sensor_selection__rosidl_typesupport_introspection_cpp.hpp\n'}
[2.334323] (px4_msgs) StdoutLine: {'line': b'-- Up-to-date symlink: /home/prathamkelkar/ros2_ws/install/px4_msgs/include/px4_msgs/px4_msgs/msg/detail/sensor_uwb__rosidl_typesupport_introspection_cpp.hpp\n'}
[2.334413] (px4_msgs) StdoutLine: {'line': b'-- Up-to-date symlink: /home/prathamkelkar/ros2_ws/install/px4_msgs/include/px4_msgs/px4_msgs/msg/detail/sensors_status__rosidl_typesupport_introspection_cpp.hpp\n'}
[2.334503] (px4_msgs) StdoutLine: {'line': b'-- Up-to-date symlink: /home/prathamkelkar/ros2_ws/install/px4_msgs/include/px4_msgs/px4_msgs/msg/detail/sensors_status_imu__rosidl_typesupport_introspection_cpp.hpp\n'}
[2.334594] (px4_msgs) StdoutLine: {'line': b'-- Up-to-date symlink: /home/prathamkelkar/ros2_ws/install/px4_msgs/include/px4_msgs/px4_msgs/msg/detail/system_power__rosidl_typesupport_introspection_cpp.hpp\n'}
[2.334695] (px4_msgs) StdoutLine: {'line': b'-- Up-to-date symlink: /home/prathamkelkar/ros2_ws/install/px4_msgs/include/px4_msgs/px4_msgs/msg/detail/takeoff_status__rosidl_typesupport_introspection_cpp.hpp\n'}
[2.334789] (px4_msgs) StdoutLine: {'line': b'-- Up-to-date symlink: /home/prathamkelkar/ros2_ws/install/px4_msgs/include/px4_msgs/px4_msgs/msg/detail/task_stack_info__rosidl_typesupport_introspection_cpp.hpp\n'}
[2.334880] (px4_msgs) StdoutLine: {'line': b'-- Up-to-date symlink: /home/prathamkelkar/ros2_ws/install/px4_msgs/include/px4_msgs/px4_msgs/msg/detail/tecs_status__rosidl_typesupport_introspection_cpp.hpp\n'}
[2.334971] (px4_msgs) StdoutLine: {'line': b'-- Up-to-date symlink: /home/prathamkelkar/ros2_ws/install/px4_msgs/include/px4_msgs/px4_msgs/msg/detail/telemetry_status__rosidl_typesupport_introspection_cpp.hpp\n'}
[2.335062] (px4_msgs) StdoutLine: {'line': b'-- Up-to-date symlink: /home/prathamkelkar/ros2_ws/install/px4_msgs/include/px4_msgs/px4_msgs/msg/detail/tiltrotor_extra_controls__rosidl_typesupport_introspection_cpp.hpp\n'}
[2.335153] (px4_msgs) StdoutLine: {'line': b'-- Up-to-date symlink: /home/prathamkelkar/ros2_ws/install/px4_msgs/include/px4_msgs/px4_msgs/msg/detail/timesync_status__rosidl_typesupport_introspection_cpp.hpp\n'}
[2.335244] (px4_msgs) StdoutLine: {'line': b'-- Up-to-date symlink: /home/prathamkelkar/ros2_ws/install/px4_msgs/include/px4_msgs/px4_msgs/msg/detail/trajectory_bezier__rosidl_typesupport_introspection_cpp.hpp\n'}
[2.335341] (px4_msgs) StdoutLine: {'line': b'-- Up-to-date symlink: /home/prathamkelkar/ros2_ws/install/px4_msgs/include/px4_msgs/px4_msgs/msg/detail/trajectory_setpoint__rosidl_typesupport_introspection_cpp.hpp\n'}
[2.335433] (px4_msgs) StdoutLine: {'line': b'-- Up-to-date symlink: /home/prathamkelkar/ros2_ws/install/px4_msgs/include/px4_msgs/px4_msgs/msg/detail/trajectory_waypoint__rosidl_typesupport_introspection_cpp.hpp\n'}
[2.335524] (px4_msgs) StdoutLine: {'line': b'-- Up-to-date symlink: /home/prathamkelkar/ros2_ws/install/px4_msgs/include/px4_msgs/px4_msgs/msg/detail/transponder_report__rosidl_typesupport_introspection_cpp.hpp\n'}
[2.335619] (px4_msgs) StdoutLine: {'line': b'-- Up-to-date symlink: /home/prathamkelkar/ros2_ws/install/px4_msgs/include/px4_msgs/px4_msgs/msg/detail/tune_control__rosidl_typesupport_introspection_cpp.hpp\n'}
[2.335716] (px4_msgs) StdoutLine: {'line': b'-- Up-to-date symlink: /home/prathamkelkar/ros2_ws/install/px4_msgs/include/px4_msgs/px4_msgs/msg/detail/uavcan_parameter_request__rosidl_typesupport_introspection_cpp.hpp\n'}
[2.335809] (px4_msgs) StdoutLine: {'line': b'-- Up-to-date symlink: /home/prathamkelkar/ros2_ws/install/px4_msgs/include/px4_msgs/px4_msgs/msg/detail/uavcan_parameter_value__rosidl_typesupport_introspection_cpp.hpp\n'}
[2.335902] (px4_msgs) StdoutLine: {'line': b'-- Up-to-date symlink: /home/prathamkelkar/ros2_ws/install/px4_msgs/include/px4_msgs/px4_msgs/msg/detail/ulog_stream__rosidl_typesupport_introspection_cpp.hpp\n'}
[2.335995] (px4_msgs) StdoutLine: {'line': b'-- Up-to-date symlink: /home/prathamkelkar/ros2_ws/install/px4_msgs/include/px4_msgs/px4_msgs/msg/detail/ulog_stream_ack__rosidl_typesupport_introspection_cpp.hpp\n'}
[2.336088] (px4_msgs) StdoutLine: {'line': b'-- Up-to-date symlink: /home/prathamkelkar/ros2_ws/install/px4_msgs/include/px4_msgs/px4_msgs/msg/detail/unregister_ext_component__rosidl_typesupport_introspection_cpp.hpp\n'}
[2.336179] (px4_msgs) StdoutLine: {'line': b'-- Up-to-date symlink: /home/prathamkelkar/ros2_ws/install/px4_msgs/include/px4_msgs/px4_msgs/msg/detail/vehicle_acceleration__rosidl_typesupport_introspection_cpp.hpp\n'}
[2.336270] (px4_msgs) StdoutLine: {'line': b'-- Up-to-date symlink: /home/prathamkelkar/ros2_ws/install/px4_msgs/include/px4_msgs/px4_msgs/msg/detail/vehicle_air_data__rosidl_typesupport_introspection_cpp.hpp\n'}
[2.336362] (px4_msgs) StdoutLine: {'line': b'-- Up-to-date symlink: /home/prathamkelkar/ros2_ws/install/px4_msgs/include/px4_msgs/px4_msgs/msg/detail/vehicle_angular_acceleration_setpoint__rosidl_typesupport_introspection_cpp.hpp\n'}
[2.336463] (px4_msgs) StdoutLine: {'line': b'-- Up-to-date symlink: /home/prathamkelkar/ros2_ws/install/px4_msgs/include/px4_msgs/px4_msgs/msg/detail/vehicle_angular_velocity__rosidl_typesupport_introspection_cpp.hpp\n'}
[2.336554] (px4_msgs) StdoutLine: {'line': b'-- Up-to-date symlink: /home/prathamkelkar/ros2_ws/install/px4_msgs/include/px4_msgs/px4_msgs/msg/detail/vehicle_attitude__rosidl_typesupport_introspection_cpp.hpp\n'}
[2.336650] (px4_msgs) StdoutLine: {'line': b'-- Up-to-date symlink: /home/prathamkelkar/ros2_ws/install/px4_msgs/include/px4_msgs/px4_msgs/msg/detail/vehicle_attitude_setpoint__rosidl_typesupport_introspection_cpp.hpp\n'}
[2.336743] (px4_msgs) StdoutLine: {'line': b'-- Up-to-date symlink: /home/prathamkelkar/ros2_ws/install/px4_msgs/include/px4_msgs/px4_msgs/msg/detail/vehicle_command__rosidl_typesupport_introspection_cpp.hpp\n'}
[2.336834] (px4_msgs) StdoutLine: {'line': b'-- Up-to-date symlink: /home/prathamkelkar/ros2_ws/install/px4_msgs/include/px4_msgs/px4_msgs/msg/detail/vehicle_command_ack__rosidl_typesupport_introspection_cpp.hpp\n'}
[2.336935] (px4_msgs) StdoutLine: {'line': b'-- Up-to-date symlink: /home/prathamkelkar/ros2_ws/install/px4_msgs/include/px4_msgs/px4_msgs/msg/detail/vehicle_constraints__rosidl_typesupport_introspection_cpp.hpp\n'}
[2.337027] (px4_msgs) StdoutLine: {'line': b'-- Up-to-date symlink: /home/prathamkelkar/ros2_ws/install/px4_msgs/include/px4_msgs/px4_msgs/msg/detail/vehicle_control_mode__rosidl_typesupport_introspection_cpp.hpp\n'}
[2.337125] (px4_msgs) StdoutLine: {'line': b'-- Up-to-date symlink: /home/prathamkelkar/ros2_ws/install/px4_msgs/include/px4_msgs/px4_msgs/msg/detail/vehicle_global_position__rosidl_typesupport_introspection_cpp.hpp\n'}
[2.337216] (px4_msgs) StdoutLine: {'line': b'-- Up-to-date symlink: /home/prathamkelkar/ros2_ws/install/px4_msgs/include/px4_msgs/px4_msgs/msg/detail/vehicle_imu__rosidl_typesupport_introspection_cpp.hpp\n'}
[2.337307] (px4_msgs) StdoutLine: {'line': b'-- Up-to-date symlink: /home/prathamkelkar/ros2_ws/install/px4_msgs/include/px4_msgs/px4_msgs/msg/detail/vehicle_imu_status__rosidl_typesupport_introspection_cpp.hpp\n'}
[2.337396] (px4_msgs) StdoutLine: {'line': b'-- Up-to-date symlink: /home/prathamkelkar/ros2_ws/install/px4_msgs/include/px4_msgs/px4_msgs/msg/detail/vehicle_land_detected__rosidl_typesupport_introspection_cpp.hpp\n'}
[2.337487] (px4_msgs) StdoutLine: {'line': b'-- Up-to-date symlink: /home/prathamkelkar/ros2_ws/install/px4_msgs/include/px4_msgs/px4_msgs/msg/detail/vehicle_local_position__rosidl_typesupport_introspection_cpp.hpp\n'}
[2.337578] (px4_msgs) StdoutLine: {'line': b'-- Up-to-date symlink: /home/prathamkelkar/ros2_ws/install/px4_msgs/include/px4_msgs/px4_msgs/msg/detail/vehicle_local_position_setpoint__rosidl_typesupport_introspection_cpp.hpp\n'}
[2.337674] (px4_msgs) StdoutLine: {'line': b'-- Up-to-date symlink: /home/prathamkelkar/ros2_ws/install/px4_msgs/include/px4_msgs/px4_msgs/msg/detail/vehicle_magnetometer__rosidl_typesupport_introspection_cpp.hpp\n'}
[2.337765] (px4_msgs) StdoutLine: {'line': b'-- Up-to-date symlink: /home/prathamkelkar/ros2_ws/install/px4_msgs/include/px4_msgs/px4_msgs/msg/detail/vehicle_odometry__rosidl_typesupport_introspection_cpp.hpp\n'}
[2.337855] (px4_msgs) StdoutLine: {'line': b'-- Up-to-date symlink: /home/prathamkelkar/ros2_ws/install/px4_msgs/include/px4_msgs/px4_msgs/msg/detail/vehicle_optical_flow__rosidl_typesupport_introspection_cpp.hpp\n'}
[2.337945] (px4_msgs) StdoutLine: {'line': b'-- Up-to-date symlink: /home/prathamkelkar/ros2_ws/install/px4_msgs/include/px4_msgs/px4_msgs/msg/detail/vehicle_optical_flow_vel__rosidl_typesupport_introspection_cpp.hpp\n'}
[2.338035] (px4_msgs) StdoutLine: {'line': b'-- Up-to-date symlink: /home/prathamkelkar/ros2_ws/install/px4_msgs/include/px4_msgs/px4_msgs/msg/detail/vehicle_rates_setpoint__rosidl_typesupport_introspection_cpp.hpp\n'}
[2.338125] (px4_msgs) StdoutLine: {'line': b'-- Up-to-date symlink: /home/prathamkelkar/ros2_ws/install/px4_msgs/include/px4_msgs/px4_msgs/msg/detail/vehicle_roi__rosidl_typesupport_introspection_cpp.hpp\n'}
[2.338215] (px4_msgs) StdoutLine: {'line': b'-- Up-to-date symlink: /home/prathamkelkar/ros2_ws/install/px4_msgs/include/px4_msgs/px4_msgs/msg/detail/vehicle_status__rosidl_typesupport_introspection_cpp.hpp\n'}
[2.338304] (px4_msgs) StdoutLine: {'line': b'-- Up-to-date symlink: /home/prathamkelkar/ros2_ws/install/px4_msgs/include/px4_msgs/px4_msgs/msg/detail/vehicle_thrust_setpoint__rosidl_typesupport_introspection_cpp.hpp\n'}
[2.338394] (px4_msgs) StdoutLine: {'line': b'-- Up-to-date symlink: /home/prathamkelkar/ros2_ws/install/px4_msgs/include/px4_msgs/px4_msgs/msg/detail/vehicle_torque_setpoint__rosidl_typesupport_introspection_cpp.hpp\n'}
[2.338485] (px4_msgs) StdoutLine: {'line': b'-- Up-to-date symlink: /home/prathamkelkar/ros2_ws/install/px4_msgs/include/px4_msgs/px4_msgs/msg/detail/vehicle_trajectory_bezier__rosidl_typesupport_introspection_cpp.hpp\n'}
[2.338575] (px4_msgs) StdoutLine: {'line': b'-- Up-to-date symlink: /home/prathamkelkar/ros2_ws/install/px4_msgs/include/px4_msgs/px4_msgs/msg/detail/vehicle_trajectory_waypoint__rosidl_typesupport_introspection_cpp.hpp\n'}
[2.338681] (px4_msgs) StdoutLine: {'line': b'-- Up-to-date symlink: /home/prathamkelkar/ros2_ws/install/px4_msgs/include/px4_msgs/px4_msgs/msg/detail/velocity_limits__rosidl_typesupport_introspection_cpp.hpp\n'}
[2.338773] (px4_msgs) StdoutLine: {'line': b'-- Up-to-date symlink: /home/prathamkelkar/ros2_ws/install/px4_msgs/include/px4_msgs/px4_msgs/msg/detail/vtol_vehicle_status__rosidl_typesupport_introspection_cpp.hpp\n'}
[2.338869] (px4_msgs) StdoutLine: {'line': b'-- Up-to-date symlink: /home/prathamkelkar/ros2_ws/install/px4_msgs/include/px4_msgs/px4_msgs/msg/detail/wheel_encoders__rosidl_typesupport_introspection_cpp.hpp\n'}
[2.338960] (px4_msgs) StdoutLine: {'line': b'-- Up-to-date symlink: /home/prathamkelkar/ros2_ws/install/px4_msgs/include/px4_msgs/px4_msgs/msg/detail/wind__rosidl_typesupport_introspection_cpp.hpp\n'}
[2.339056] (px4_msgs) StdoutLine: {'line': b'-- Up-to-date symlink: /home/prathamkelkar/ros2_ws/install/px4_msgs/include/px4_msgs/px4_msgs/msg/detail/yaw_estimator_status__rosidl_typesupport_introspection_cpp.hpp\n'}
[2.339147] (px4_msgs) StdoutLine: {'line': b'-- Up-to-date symlink: /home/prathamkelkar/ros2_ws/install/px4_msgs/include/px4_msgs/px4_msgs/srv/detail/vehicle_command__rosidl_typesupport_introspection_cpp.hpp\n'}
[2.339239] (px4_msgs) StdoutLine: {'line': b'-- Up-to-date symlink: /home/prathamkelkar/ros2_ws/install/px4_msgs/share/px4_msgs/environment/pythonpath.sh\n'}
[2.339330] (px4_msgs) StdoutLine: {'line': b'-- Up-to-date symlink: /home/prathamkelkar/ros2_ws/install/px4_msgs/share/px4_msgs/environment/pythonpath.dsv\n'}
[2.339421] (px4_msgs) StdoutLine: {'line': b'-- Up-to-date symlink: /home/prathamkelkar/ros2_ws/install/px4_msgs/lib/python3.12/site-packages/px4_msgs-2.0.1-py3.12.egg-info/PKG-INFO\n'}
[2.339513] (px4_msgs) StdoutLine: {'line': b'-- Up-to-date symlink: /home/prathamkelkar/ros2_ws/install/px4_msgs/lib/python3.12/site-packages/px4_msgs-2.0.1-py3.12.egg-info/SOURCES.txt\n'}
[2.339609] (px4_msgs) StdoutLine: {'line': b'-- Up-to-date symlink: /home/prathamkelkar/ros2_ws/install/px4_msgs/lib/python3.12/site-packages/px4_msgs-2.0.1-py3.12.egg-info/dependency_links.txt\n'}
[2.339703] (px4_msgs) StdoutLine: {'line': b'-- Up-to-date symlink: /home/prathamkelkar/ros2_ws/install/px4_msgs/lib/python3.12/site-packages/px4_msgs-2.0.1-py3.12.egg-info/top_level.txt\n'}
[2.339794] (px4_msgs) StdoutLine: {'line': b'-- Up-to-date symlink: /home/prathamkelkar/ros2_ws/install/px4_msgs/lib/python3.12/site-packages/px4_msgs/__init__.py\n'}
[2.339886] (px4_msgs) StdoutLine: {'line': b'-- Up-to-date symlink: /home/prathamkelkar/ros2_ws/install/px4_msgs/lib/python3.12/site-packages/px4_msgs/_px4_msgs_s.ep.rosidl_typesupport_c.c\n'}
[2.339976] (px4_msgs) StdoutLine: {'line': b'-- Up-to-date symlink: /home/prathamkelkar/ros2_ws/install/px4_msgs/lib/python3.12/site-packages/px4_msgs/_px4_msgs_s.ep.rosidl_typesupport_fastrtps_c.c\n'}
[2.340066] (px4_msgs) StdoutLine: {'line': b'-- Up-to-date symlink: /home/prathamkelkar/ros2_ws/install/px4_msgs/lib/python3.12/site-packages/px4_msgs/_px4_msgs_s.ep.rosidl_typesupport_introspection_c.c\n'}
[2.340158] (px4_msgs) StdoutLine: {'line': b'-- Up-to-date symlink: /home/prathamkelkar/ros2_ws/install/px4_msgs/lib/python3.12/site-packages/px4_msgs/msg/__init__.py\n'}
[2.340249] (px4_msgs) StdoutLine: {'line': b'-- Up-to-date symlink: /home/prathamkelkar/ros2_ws/install/px4_msgs/lib/python3.12/site-packages/px4_msgs/msg/_action_request.py\n'}
[2.340339] (px4_msgs) StdoutLine: {'line': b'-- Up-to-date symlink: /home/prathamkelkar/ros2_ws/install/px4_msgs/lib/python3.12/site-packages/px4_msgs/msg/_action_request_s.c\n'}
[2.340430] (px4_msgs) StdoutLine: {'line': b'-- Up-to-date symlink: /home/prathamkelkar/ros2_ws/install/px4_msgs/lib/python3.12/site-packages/px4_msgs/msg/_actuator_armed.py\n'}
[2.340521] (px4_msgs) StdoutLine: {'line': b'-- Up-to-date symlink: /home/prathamkelkar/ros2_ws/install/px4_msgs/lib/python3.12/site-packages/px4_msgs/msg/_actuator_armed_s.c\n'}
[2.340615] (px4_msgs) StdoutLine: {'line': b'-- Up-to-date symlink: /home/prathamkelkar/ros2_ws/install/px4_msgs/lib/python3.12/site-packages/px4_msgs/msg/_actuator_controls_status.py\n'}
[2.340707] (px4_msgs) StdoutLine: {'line': b'-- Up-to-date symlink: /home/prathamkelkar/ros2_ws/install/px4_msgs/lib/python3.12/site-packages/px4_msgs/msg/_actuator_controls_status_s.c\n'}
[2.340806] (px4_msgs) StdoutLine: {'line': b'-- Up-to-date symlink: /home/prathamkelkar/ros2_ws/install/px4_msgs/lib/python3.12/site-packages/px4_msgs/msg/_actuator_motors.py\n'}
[2.340896] (px4_msgs) StdoutLine: {'line': b'-- Up-to-date symlink: /home/prathamkelkar/ros2_ws/install/px4_msgs/lib/python3.12/site-packages/px4_msgs/msg/_actuator_motors_s.c\n'}
[2.340987] (px4_msgs) StdoutLine: {'line': b'-- Up-to-date symlink: /home/prathamkelkar/ros2_ws/install/px4_msgs/lib/python3.12/site-packages/px4_msgs/msg/_actuator_outputs.py\n'}
[2.341078] (px4_msgs) StdoutLine: {'line': b'-- Up-to-date symlink: /home/prathamkelkar/ros2_ws/install/px4_msgs/lib/python3.12/site-packages/px4_msgs/msg/_actuator_outputs_s.c\n'}
[2.341167] (px4_msgs) StdoutLine: {'line': b'-- Up-to-date symlink: /home/prathamkelkar/ros2_ws/install/px4_msgs/lib/python3.12/site-packages/px4_msgs/msg/_actuator_servos.py\n'}
[2.341257] (px4_msgs) StdoutLine: {'line': b'-- Up-to-date symlink: /home/prathamkelkar/ros2_ws/install/px4_msgs/lib/python3.12/site-packages/px4_msgs/msg/_actuator_servos_s.c\n'}
[2.341358] (px4_msgs) StdoutLine: {'line': b'-- Up-to-date symlink: /home/prathamkelkar/ros2_ws/install/px4_msgs/lib/python3.12/site-packages/px4_msgs/msg/_actuator_servos_trim.py\n'}
[2.341449] (px4_msgs) StdoutLine: {'line': b'-- Up-to-date symlink: /home/prathamkelkar/ros2_ws/install/px4_msgs/lib/python3.12/site-packages/px4_msgs/msg/_actuator_servos_trim_s.c\n'}
[2.341539] (px4_msgs) StdoutLine: {'line': b'-- Up-to-date symlink: /home/prathamkelkar/ros2_ws/install/px4_msgs/lib/python3.12/site-packages/px4_msgs/msg/_actuator_test.py\n'}
[2.341640] (px4_msgs) StdoutLine: {'line': b'-- Up-to-date symlink: /home/prathamkelkar/ros2_ws/install/px4_msgs/lib/python3.12/site-packages/px4_msgs/msg/_actuator_test_s.c\n'}
[2.341734] (px4_msgs) StdoutLine: {'line': b'-- Up-to-date symlink: /home/prathamkelkar/ros2_ws/install/px4_msgs/lib/python3.12/site-packages/px4_msgs/msg/_adc_report.py\n'}
[2.341825] (px4_msgs) StdoutLine: {'line': b'-- Up-to-date symlink: /home/prathamkelkar/ros2_ws/install/px4_msgs/lib/python3.12/site-packages/px4_msgs/msg/_adc_report_s.c\n'}
[2.341914] (px4_msgs) StdoutLine: {'line': b'-- Up-to-date symlink: /home/prathamkelkar/ros2_ws/install/px4_msgs/lib/python3.12/site-packages/px4_msgs/msg/_airspeed.py\n'}
[2.342006] (px4_msgs) StdoutLine: {'line': b'-- Up-to-date symlink: /home/prathamkelkar/ros2_ws/install/px4_msgs/lib/python3.12/site-packages/px4_msgs/msg/_airspeed_s.c\n'}
[2.342097] (px4_msgs) StdoutLine: {'line': b'-- Up-to-date symlink: /home/prathamkelkar/ros2_ws/install/px4_msgs/lib/python3.12/site-packages/px4_msgs/msg/_airspeed_validated.py\n'}
[2.342189] (px4_msgs) StdoutLine: {'line': b'-- Up-to-date symlink: /home/prathamkelkar/ros2_ws/install/px4_msgs/lib/python3.12/site-packages/px4_msgs/msg/_airspeed_validated_s.c\n'}
[2.342279] (px4_msgs) StdoutLine: {'line': b'-- Up-to-date symlink: /home/prathamkelkar/ros2_ws/install/px4_msgs/lib/python3.12/site-packages/px4_msgs/msg/_airspeed_wind.py\n'}
[2.342371] (px4_msgs) StdoutLine: {'line': b'-- Up-to-date symlink: /home/prathamkelkar/ros2_ws/install/px4_msgs/lib/python3.12/site-packages/px4_msgs/msg/_airspeed_wind_s.c\n'}
[2.342463] (px4_msgs) StdoutLine: {'line': b'-- Up-to-date symlink: /home/prathamkelkar/ros2_ws/install/px4_msgs/lib/python3.12/site-packages/px4_msgs/msg/_arming_check_reply.py\n'}
[2.342554] (px4_msgs) StdoutLine: {'line': b'-- Up-to-date symlink: /home/prathamkelkar/ros2_ws/install/px4_msgs/lib/python3.12/site-packages/px4_msgs/msg/_arming_check_reply_s.c\n'}
[2.342651] (px4_msgs) StdoutLine: {'line': b'-- Up-to-date symlink: /home/prathamkelkar/ros2_ws/install/px4_msgs/lib/python3.12/site-packages/px4_msgs/msg/_arming_check_request.py\n'}
[2.342741] (px4_msgs) StdoutLine: {'line': b'-- Up-to-date symlink: /home/prathamkelkar/ros2_ws/install/px4_msgs/lib/python3.12/site-packages/px4_msgs/msg/_arming_check_request_s.c\n'}
[2.342832] (px4_msgs) StdoutLine: {'line': b'-- Up-to-date symlink: /home/prathamkelkar/ros2_ws/install/px4_msgs/lib/python3.12/site-packages/px4_msgs/msg/_autotune_attitude_control_status.py\n'}
[2.342929] (px4_msgs) StdoutLine: {'line': b'-- Up-to-date symlink: /home/prathamkelkar/ros2_ws/install/px4_msgs/lib/python3.12/site-packages/px4_msgs/msg/_autotune_attitude_control_status_s.c\n'}
[2.343021] (px4_msgs) StdoutLine: {'line': b'-- Up-to-date symlink: /home/prathamkelkar/ros2_ws/install/px4_msgs/lib/python3.12/site-packages/px4_msgs/msg/_battery_status.py\n'}
[2.343112] (px4_msgs) StdoutLine: {'line': b'-- Up-to-date symlink: /home/prathamkelkar/ros2_ws/install/px4_msgs/lib/python3.12/site-packages/px4_msgs/msg/_battery_status_s.c\n'}
[2.343202] (px4_msgs) StdoutLine: {'line': b'-- Up-to-date symlink: /home/prathamkelkar/ros2_ws/install/px4_msgs/lib/python3.12/site-packages/px4_msgs/msg/_buffer128.py\n'}
[2.343291] (px4_msgs) StdoutLine: {'line': b'-- Up-to-date symlink: /home/prathamkelkar/ros2_ws/install/px4_msgs/lib/python3.12/site-packages/px4_msgs/msg/_buffer128_s.c\n'}
[2.343382] (px4_msgs) StdoutLine: {'line': b'-- Up-to-date symlink: /home/prathamkelkar/ros2_ws/install/px4_msgs/lib/python3.12/site-packages/px4_msgs/msg/_button_event.py\n'}
[2.343472] (px4_msgs) StdoutLine: {'line': b'-- Up-to-date symlink: /home/prathamkelkar/ros2_ws/install/px4_msgs/lib/python3.12/site-packages/px4_msgs/msg/_button_event_s.c\n'}
[2.343561] (px4_msgs) StdoutLine: {'line': b'-- Up-to-date symlink: /home/prathamkelkar/ros2_ws/install/px4_msgs/lib/python3.12/site-packages/px4_msgs/msg/_camera_capture.py\n'}
[2.343657] (px4_msgs) StdoutLine: {'line': b'-- Up-to-date symlink: /home/prathamkelkar/ros2_ws/install/px4_msgs/lib/python3.12/site-packages/px4_msgs/msg/_camera_capture_s.c\n'}
[2.343750] (px4_msgs) StdoutLine: {'line': b'-- Up-to-date symlink: /home/prathamkelkar/ros2_ws/install/px4_msgs/lib/python3.12/site-packages/px4_msgs/msg/_camera_status.py\n'}
[2.343839] (px4_msgs) StdoutLine: {'line': b'-- Up-to-date symlink: /home/prathamkelkar/ros2_ws/install/px4_msgs/lib/python3.12/site-packages/px4_msgs/msg/_camera_status_s.c\n'}
[2.343929] (px4_msgs) StdoutLine: {'line': b'-- Up-to-date symlink: /home/prathamkelkar/ros2_ws/install/px4_msgs/lib/python3.12/site-packages/px4_msgs/msg/_camera_trigger.py\n'}
[2.344018] (px4_msgs) StdoutLine: {'line': b'-- Up-to-date symlink: /home/prathamkelkar/ros2_ws/install/px4_msgs/lib/python3.12/site-packages/px4_msgs/msg/_camera_trigger_s.c\n'}
[2.344108] (px4_msgs) StdoutLine: {'line': b'-- Up-to-date symlink: /home/prathamkelkar/ros2_ws/install/px4_msgs/lib/python3.12/site-packages/px4_msgs/msg/_can_interface_status.py\n'}
[2.344208] (px4_msgs) StdoutLine: {'line': b'-- Up-to-date symlink: /home/prathamkelkar/ros2_ws/install/px4_msgs/lib/python3.12/site-packages/px4_msgs/msg/_can_interface_status_s.c\n'}
[2.344302] (px4_msgs) StdoutLine: {'line': b'-- Up-to-date symlink: /home/prathamkelkar/ros2_ws/install/px4_msgs/lib/python3.12/site-packages/px4_msgs/msg/_cellular_status.py\n'}
[2.344393] (px4_msgs) StdoutLine: {'line': b'-- Up-to-date symlink: /home/prathamkelkar/ros2_ws/install/px4_msgs/lib/python3.12/site-packages/px4_msgs/msg/_cellular_status_s.c\n'}
[2.344482] (px4_msgs) StdoutLine: {'line': b'-- Up-to-date symlink: /home/prathamkelkar/ros2_ws/install/px4_msgs/lib/python3.12/site-packages/px4_msgs/msg/_collision_constraints.py\n'}
[2.344573] (px4_msgs) StdoutLine: {'line': b'-- Up-to-date symlink: /home/prathamkelkar/ros2_ws/install/px4_msgs/lib/python3.12/site-packages/px4_msgs/msg/_collision_constraints_s.c\n'}
[2.344668] (px4_msgs) StdoutLine: {'line': b'-- Up-to-date symlink: /home/prathamkelkar/ros2_ws/install/px4_msgs/lib/python3.12/site-packages/px4_msgs/msg/_collision_report.py\n'}
[2.344760] (px4_msgs) StdoutLine: {'line': b'-- Up-to-date symlink: /home/prathamkelkar/ros2_ws/install/px4_msgs/lib/python3.12/site-packages/px4_msgs/msg/_collision_report_s.c\n'}
[2.344850] (px4_msgs) StdoutLine: {'line': b'-- Up-to-date symlink: /home/prathamkelkar/ros2_ws/install/px4_msgs/lib/python3.12/site-packages/px4_msgs/msg/_config_overrides.py\n'}
[2.344941] (px4_msgs) StdoutLine: {'line': b'-- Up-to-date symlink: /home/prathamkelkar/ros2_ws/install/px4_msgs/lib/python3.12/site-packages/px4_msgs/msg/_config_overrides_s.c\n'}
[2.345038] (px4_msgs) StdoutLine: {'line': b'-- Up-to-date symlink: /home/prathamkelkar/ros2_ws/install/px4_msgs/lib/python3.12/site-packages/px4_msgs/msg/_control_allocator_status.py\n'}
[2.345129] (px4_msgs) StdoutLine: {'line': b'-- Up-to-date symlink: /home/prathamkelkar/ros2_ws/install/px4_msgs/lib/python3.12/site-packages/px4_msgs/msg/_control_allocator_status_s.c\n'}
[2.345219] (px4_msgs) StdoutLine: {'line': b'-- Up-to-date symlink: /home/prathamkelkar/ros2_ws/install/px4_msgs/lib/python3.12/site-packages/px4_msgs/msg/_cpuload.py\n'}
[2.345309] (px4_msgs) StdoutLine: {'line': b'-- Up-to-date symlink: /home/prathamkelkar/ros2_ws/install/px4_msgs/lib/python3.12/site-packages/px4_msgs/msg/_cpuload_s.c\n'}
[2.345399] (px4_msgs) StdoutLine: {'line': b'-- Up-to-date symlink: /home/prathamkelkar/ros2_ws/install/px4_msgs/lib/python3.12/site-packages/px4_msgs/msg/_dataman_request.py\n'}
[2.345489] (px4_msgs) StdoutLine: {'line': b'-- Up-to-date symlink: /home/prathamkelkar/ros2_ws/install/px4_msgs/lib/python3.12/site-packages/px4_msgs/msg/_dataman_request_s.c\n'}
[2.345580] (px4_msgs) StdoutLine: {'line': b'-- Up-to-date symlink: /home/prathamkelkar/ros2_ws/install/px4_msgs/lib/python3.12/site-packages/px4_msgs/msg/_dataman_response.py\n'}
[2.345674] (px4_msgs) StdoutLine: {'line': b'-- Up-to-date symlink: /home/prathamkelkar/ros2_ws/install/px4_msgs/lib/python3.12/site-packages/px4_msgs/msg/_dataman_response_s.c\n'}
[2.345765] (px4_msgs) StdoutLine: {'line': b'-- Up-to-date symlink: /home/prathamkelkar/ros2_ws/install/px4_msgs/lib/python3.12/site-packages/px4_msgs/msg/_debug_array.py\n'}
[2.345854] (px4_msgs) StdoutLine: {'line': b'-- Up-to-date symlink: /home/prathamkelkar/ros2_ws/install/px4_msgs/lib/python3.12/site-packages/px4_msgs/msg/_debug_array_s.c\n'}
[2.345945] (px4_msgs) StdoutLine: {'line': b'-- Up-to-date symlink: /home/prathamkelkar/ros2_ws/install/px4_msgs/lib/python3.12/site-packages/px4_msgs/msg/_debug_key_value.py\n'}
[2.346035] (px4_msgs) StdoutLine: {'line': b'-- Up-to-date symlink: /home/prathamkelkar/ros2_ws/install/px4_msgs/lib/python3.12/site-packages/px4_msgs/msg/_debug_key_value_s.c\n'}
[2.346125] (px4_msgs) StdoutLine: {'line': b'-- Up-to-date symlink: /home/prathamkelkar/ros2_ws/install/px4_msgs/lib/python3.12/site-packages/px4_msgs/msg/_debug_value.py\n'}
[2.346216] (px4_msgs) StdoutLine: {'line': b'-- Up-to-date symlink: /home/prathamkelkar/ros2_ws/install/px4_msgs/lib/python3.12/site-packages/px4_msgs/msg/_debug_value_s.c\n'}
[2.346306] (px4_msgs) StdoutLine: {'line': b'-- Up-to-date symlink: /home/prathamkelkar/ros2_ws/install/px4_msgs/lib/python3.12/site-packages/px4_msgs/msg/_debug_vect.py\n'}
[2.346396] (px4_msgs) StdoutLine: {'line': b'-- Up-to-date symlink: /home/prathamkelkar/ros2_ws/install/px4_msgs/lib/python3.12/site-packages/px4_msgs/msg/_debug_vect_s.c\n'}
[2.346487] (px4_msgs) StdoutLine: {'line': b'-- Up-to-date symlink: /home/prathamkelkar/ros2_ws/install/px4_msgs/lib/python3.12/site-packages/px4_msgs/msg/_differential_drive_setpoint.py\n'}
[2.346578] (px4_msgs) StdoutLine: {'line': b'-- Up-to-date symlink: /home/prathamkelkar/ros2_ws/install/px4_msgs/lib/python3.12/site-packages/px4_msgs/msg/_differential_drive_setpoint_s.c\n'}
[2.346672] (px4_msgs) StdoutLine: {'line': b'-- Up-to-date symlink: /home/prathamkelkar/ros2_ws/install/px4_msgs/lib/python3.12/site-packages/px4_msgs/msg/_differential_pressure.py\n'}
[2.346765] (px4_msgs) StdoutLine: {'line': b'-- Up-to-date symlink: /home/prathamkelkar/ros2_ws/install/px4_msgs/lib/python3.12/site-packages/px4_msgs/msg/_differential_pressure_s.c\n'}
[2.346855] (px4_msgs) StdoutLine: {'line': b'-- Up-to-date symlink: /home/prathamkelkar/ros2_ws/install/px4_msgs/lib/python3.12/site-packages/px4_msgs/msg/_distance_sensor.py\n'}
[2.346945] (px4_msgs) StdoutLine: {'line': b'-- Up-to-date symlink: /home/prathamkelkar/ros2_ws/install/px4_msgs/lib/python3.12/site-packages/px4_msgs/msg/_distance_sensor_s.c\n'}
[2.347054] (px4_msgs) StdoutLine: {'line': b'-- Up-to-date symlink: /home/prathamkelkar/ros2_ws/install/px4_msgs/lib/python3.12/site-packages/px4_msgs/msg/_ekf2_timestamps.py\n'}
[2.347145] (px4_msgs) StdoutLine: {'line': b'-- Up-to-date symlink: /home/prathamkelkar/ros2_ws/install/px4_msgs/lib/python3.12/site-packages/px4_msgs/msg/_ekf2_timestamps_s.c\n'}
[2.347235] (px4_msgs) StdoutLine: {'line': b'-- Up-to-date symlink: /home/prathamkelkar/ros2_ws/install/px4_msgs/lib/python3.12/site-packages/px4_msgs/msg/_esc_report.py\n'}
[2.347325] (px4_msgs) StdoutLine: {'line': b'-- Up-to-date symlink: /home/prathamkelkar/ros2_ws/install/px4_msgs/lib/python3.12/site-packages/px4_msgs/msg/_esc_report_s.c\n'}
[2.347415] (px4_msgs) StdoutLine: {'line': b'-- Up-to-date symlink: /home/prathamkelkar/ros2_ws/install/px4_msgs/lib/python3.12/site-packages/px4_msgs/msg/_esc_status.py\n'}
[2.347504] (px4_msgs) StdoutLine: {'line': b'-- Up-to-date symlink: /home/prathamkelkar/ros2_ws/install/px4_msgs/lib/python3.12/site-packages/px4_msgs/msg/_esc_status_s.c\n'}
[2.347599] (px4_msgs) StdoutLine: {'line': b'-- Up-to-date symlink: /home/prathamkelkar/ros2_ws/install/px4_msgs/lib/python3.12/site-packages/px4_msgs/msg/_estimator_aid_source1d.py\n'}
[2.347696] (px4_msgs) StdoutLine: {'line': b'-- Up-to-date symlink: /home/prathamkelkar/ros2_ws/install/px4_msgs/lib/python3.12/site-packages/px4_msgs/msg/_estimator_aid_source1d_s.c\n'}
[2.347786] (px4_msgs) StdoutLine: {'line': b'-- Up-to-date symlink: /home/prathamkelkar/ros2_ws/install/px4_msgs/lib/python3.12/site-packages/px4_msgs/msg/_estimator_aid_source2d.py\n'}
[2.347876] (px4_msgs) StdoutLine: {'line': b'-- Up-to-date symlink: /home/prathamkelkar/ros2_ws/install/px4_msgs/lib/python3.12/site-packages/px4_msgs/msg/_estimator_aid_source2d_s.c\n'}
[2.347966] (px4_msgs) StdoutLine: {'line': b'-- Up-to-date symlink: /home/prathamkelkar/ros2_ws/install/px4_msgs/lib/python3.12/site-packages/px4_msgs/msg/_estimator_aid_source3d.py\n'}
[2.348060] (px4_msgs) StdoutLine: {'line': b'-- Up-to-date symlink: /home/prathamkelkar/ros2_ws/install/px4_msgs/lib/python3.12/site-packages/px4_msgs/msg/_estimator_aid_source3d_s.c\n'}
[2.348151] (px4_msgs) StdoutLine: {'line': b'-- Up-to-date symlink: /home/prathamkelkar/ros2_ws/install/px4_msgs/lib/python3.12/site-packages/px4_msgs/msg/_estimator_bias.py\n'}
[2.348243] (px4_msgs) StdoutLine: {'line': b'-- Up-to-date symlink: /home/prathamkelkar/ros2_ws/install/px4_msgs/lib/python3.12/site-packages/px4_msgs/msg/_estimator_bias3d.py\n'}
[2.348334] (px4_msgs) StdoutLine: {'line': b'-- Up-to-date symlink: /home/prathamkelkar/ros2_ws/install/px4_msgs/lib/python3.12/site-packages/px4_msgs/msg/_estimator_bias3d_s.c\n'}
[2.348424] (px4_msgs) StdoutLine: {'line': b'-- Up-to-date symlink: /home/prathamkelkar/ros2_ws/install/px4_msgs/lib/python3.12/site-packages/px4_msgs/msg/_estimator_bias_s.c\n'}
[2.348516] (px4_msgs) StdoutLine: {'line': b'-- Up-to-date symlink: /home/prathamkelkar/ros2_ws/install/px4_msgs/lib/python3.12/site-packages/px4_msgs/msg/_estimator_event_flags.py\n'}
[2.348612] (px4_msgs) StdoutLine: {'line': b'-- Up-to-date symlink: /home/prathamkelkar/ros2_ws/install/px4_msgs/lib/python3.12/site-packages/px4_msgs/msg/_estimator_event_flags_s.c\n'}
[2.348704] (px4_msgs) StdoutLine: {'line': b'-- Up-to-date symlink: /home/prathamkelkar/ros2_ws/install/px4_msgs/lib/python3.12/site-packages/px4_msgs/msg/_estimator_gps_status.py\n'}
[2.348794] (px4_msgs) StdoutLine: {'line': b'-- Up-to-date symlink: /home/prathamkelkar/ros2_ws/install/px4_msgs/lib/python3.12/site-packages/px4_msgs/msg/_estimator_gps_status_s.c\n'}
[2.348884] (px4_msgs) StdoutLine: {'line': b'-- Up-to-date symlink: /home/prathamkelkar/ros2_ws/install/px4_msgs/lib/python3.12/site-packages/px4_msgs/msg/_estimator_innovations.py\n'}
[2.348974] (px4_msgs) StdoutLine: {'line': b'-- Up-to-date symlink: /home/prathamkelkar/ros2_ws/install/px4_msgs/lib/python3.12/site-packages/px4_msgs/msg/_estimator_innovations_s.c\n'}
[2.349066] (px4_msgs) StdoutLine: {'line': b'-- Up-to-date symlink: /home/prathamkelkar/ros2_ws/install/px4_msgs/lib/python3.12/site-packages/px4_msgs/msg/_estimator_selector_status.py\n'}
[2.349163] (px4_msgs) StdoutLine: {'line': b'-- Up-to-date symlink: /home/prathamkelkar/ros2_ws/install/px4_msgs/lib/python3.12/site-packages/px4_msgs/msg/_estimator_selector_status_s.c\n'}
[2.349255] (px4_msgs) StdoutLine: {'line': b'-- Up-to-date symlink: /home/prathamkelkar/ros2_ws/install/px4_msgs/lib/python3.12/site-packages/px4_msgs/msg/_estimator_sensor_bias.py\n'}
[2.349347] (px4_msgs) StdoutLine: {'line': b'-- Up-to-date symlink: /home/prathamkelkar/ros2_ws/install/px4_msgs/lib/python3.12/site-packages/px4_msgs/msg/_estimator_sensor_bias_s.c\n'}
[2.349436] (px4_msgs) StdoutLine: {'line': b'-- Up-to-date symlink: /home/prathamkelkar/ros2_ws/install/px4_msgs/lib/python3.12/site-packages/px4_msgs/msg/_estimator_states.py\n'}
[2.349527] (px4_msgs) StdoutLine: {'line': b'-- Up-to-date symlink: /home/prathamkelkar/ros2_ws/install/px4_msgs/lib/python3.12/site-packages/px4_msgs/msg/_estimator_states_s.c\n'}
[2.349626] (px4_msgs) StdoutLine: {'line': b'-- Up-to-date symlink: /home/prathamkelkar/ros2_ws/install/px4_msgs/lib/python3.12/site-packages/px4_msgs/msg/_estimator_status.py\n'}
[2.349719] (px4_msgs) StdoutLine: {'line': b'-- Up-to-date symlink: /home/prathamkelkar/ros2_ws/install/px4_msgs/lib/python3.12/site-packages/px4_msgs/msg/_estimator_status_flags.py\n'}
[2.349808] (px4_msgs) StdoutLine: {'line': b'-- Up-to-date symlink: /home/prathamkelkar/ros2_ws/install/px4_msgs/lib/python3.12/site-packages/px4_msgs/msg/_estimator_status_flags_s.c\n'}
[2.349908] (px4_msgs) StdoutLine: {'line': b'-- Up-to-date symlink: /home/prathamkelkar/ros2_ws/install/px4_msgs/lib/python3.12/site-packages/px4_msgs/msg/_estimator_status_s.c\n'}
[2.349999] (px4_msgs) StdoutLine: {'line': b'-- Up-to-date symlink: /home/prathamkelkar/ros2_ws/install/px4_msgs/lib/python3.12/site-packages/px4_msgs/msg/_event.py\n'}
[2.350089] (px4_msgs) StdoutLine: {'line': b'-- Up-to-date symlink: /home/prathamkelkar/ros2_ws/install/px4_msgs/lib/python3.12/site-packages/px4_msgs/msg/_event_s.c\n'}
[2.350181] (px4_msgs) StdoutLine: {'line': b'-- Up-to-date symlink: /home/prathamkelkar/ros2_ws/install/px4_msgs/lib/python3.12/site-packages/px4_msgs/msg/_failsafe_flags.py\n'}
[2.350272] (px4_msgs) StdoutLine: {'line': b'-- Up-to-date symlink: /home/prathamkelkar/ros2_ws/install/px4_msgs/lib/python3.12/site-packages/px4_msgs/msg/_failsafe_flags_s.c\n'}
[2.350363] (px4_msgs) StdoutLine: {'line': b'-- Up-to-date symlink: /home/prathamkelkar/ros2_ws/install/px4_msgs/lib/python3.12/site-packages/px4_msgs/msg/_failure_detector_status.py\n'}
[2.350455] (px4_msgs) StdoutLine: {'line': b'-- Up-to-date symlink: /home/prathamkelkar/ros2_ws/install/px4_msgs/lib/python3.12/site-packages/px4_msgs/msg/_failure_detector_status_s.c\n'}
[2.350546] (px4_msgs) StdoutLine: {'line': b'-- Up-to-date symlink: /home/prathamkelkar/ros2_ws/install/px4_msgs/lib/python3.12/site-packages/px4_msgs/msg/_figure_eight_status.py\n'}
[2.350643] (px4_msgs) StdoutLine: {'line': b'-- Up-to-date symlink: /home/prathamkelkar/ros2_ws/install/px4_msgs/lib/python3.12/site-packages/px4_msgs/msg/_figure_eight_status_s.c\n'}
[2.350734] (px4_msgs) StdoutLine: {'line': b'-- Up-to-date symlink: /home/prathamkelkar/ros2_ws/install/px4_msgs/lib/python3.12/site-packages/px4_msgs/msg/_flight_phase_estimation.py\n'}
[2.350825] (px4_msgs) StdoutLine: {'line': b'-- Up-to-date symlink: /home/prathamkelkar/ros2_ws/install/px4_msgs/lib/python3.12/site-packages/px4_msgs/msg/_flight_phase_estimation_s.c\n'}
[2.350915] (px4_msgs) StdoutLine: {'line': b'-- Up-to-date symlink: /home/prathamkelkar/ros2_ws/install/px4_msgs/lib/python3.12/site-packages/px4_msgs/msg/_follow_target.py\n'}
[2.351005] (px4_msgs) StdoutLine: {'line': b'-- Up-to-date symlink: /home/prathamkelkar/ros2_ws/install/px4_msgs/lib/python3.12/site-packages/px4_msgs/msg/_follow_target_estimator.py\n'}
[2.351095] (px4_msgs) StdoutLine: {'line': b'-- Up-to-date symlink: /home/prathamkelkar/ros2_ws/install/px4_msgs/lib/python3.12/site-packages/px4_msgs/msg/_follow_target_estimator_s.c\n'}
[2.351192] (px4_msgs) StdoutLine: {'line': b'-- Up-to-date symlink: /home/prathamkelkar/ros2_ws/install/px4_msgs/lib/python3.12/site-packages/px4_msgs/msg/_follow_target_s.c\n'}
[2.351283] (px4_msgs) StdoutLine: {'line': b'-- Up-to-date symlink: /home/prathamkelkar/ros2_ws/install/px4_msgs/lib/python3.12/site-packages/px4_msgs/msg/_follow_target_status.py\n'}
[2.351374] (px4_msgs) StdoutLine: {'line': b'-- Up-to-date symlink: /home/prathamkelkar/ros2_ws/install/px4_msgs/lib/python3.12/site-packages/px4_msgs/msg/_follow_target_status_s.c\n'}
[2.351464] (px4_msgs) StdoutLine: {'line': b'-- Up-to-date symlink: /home/prathamkelkar/ros2_ws/install/px4_msgs/lib/python3.12/site-packages/px4_msgs/msg/_generator_status.py\n'}
[2.351554] (px4_msgs) StdoutLine: {'line': b'-- Up-to-date symlink: /home/prathamkelkar/ros2_ws/install/px4_msgs/lib/python3.12/site-packages/px4_msgs/msg/_generator_status_s.c\n'}
[2.351651] (px4_msgs) StdoutLine: {'line': b'-- Up-to-date symlink: /home/prathamkelkar/ros2_ws/install/px4_msgs/lib/python3.12/site-packages/px4_msgs/msg/_geofence_result.py\n'}
[2.351743] (px4_msgs) StdoutLine: {'line': b'-- Up-to-date symlink: /home/prathamkelkar/ros2_ws/install/px4_msgs/lib/python3.12/site-packages/px4_msgs/msg/_geofence_result_s.c\n'}
[2.351833] (px4_msgs) StdoutLine: {'line': b'-- Up-to-date symlink: /home/prathamkelkar/ros2_ws/install/px4_msgs/lib/python3.12/site-packages/px4_msgs/msg/_geofence_status.py\n'}
[2.351924] (px4_msgs) StdoutLine: {'line': b'-- Up-to-date symlink: /home/prathamkelkar/ros2_ws/install/px4_msgs/lib/python3.12/site-packages/px4_msgs/msg/_geofence_status_s.c\n'}
[2.352015] (px4_msgs) StdoutLine: {'line': b'-- Up-to-date symlink: /home/prathamkelkar/ros2_ws/install/px4_msgs/lib/python3.12/site-packages/px4_msgs/msg/_gimbal_controls.py\n'}
[2.352105] (px4_msgs) StdoutLine: {'line': b'-- Up-to-date symlink: /home/prathamkelkar/ros2_ws/install/px4_msgs/lib/python3.12/site-packages/px4_msgs/msg/_gimbal_controls_s.c\n'}
[2.352196] (px4_msgs) StdoutLine: {'line': b'-- Up-to-date symlink: /home/prathamkelkar/ros2_ws/install/px4_msgs/lib/python3.12/site-packages/px4_msgs/msg/_gimbal_device_attitude_status.py\n'}
[2.352293] (px4_msgs) StdoutLine: {'line': b'-- Up-to-date symlink: /home/prathamkelkar/ros2_ws/install/px4_msgs/lib/python3.12/site-packages/px4_msgs/msg/_gimbal_device_attitude_status_s.c\n'}
[2.352385] (px4_msgs) StdoutLine: {'line': b'-- Up-to-date symlink: /home/prathamkelkar/ros2_ws/install/px4_msgs/lib/python3.12/site-packages/px4_msgs/msg/_gimbal_device_information.py\n'}
[2.352476] (px4_msgs) StdoutLine: {'line': b'-- Up-to-date symlink: /home/prathamkelkar/ros2_ws/install/px4_msgs/lib/python3.12/site-packages/px4_msgs/msg/_gimbal_device_information_s.c\n'}
[2.352567] (px4_msgs) StdoutLine: {'line': b'-- Up-to-date symlink: /home/prathamkelkar/ros2_ws/install/px4_msgs/lib/python3.12/site-packages/px4_msgs/msg/_gimbal_device_set_attitude.py\n'}
[2.352662] (px4_msgs) StdoutLine: {'line': b'-- Up-to-date symlink: /home/prathamkelkar/ros2_ws/install/px4_msgs/lib/python3.12/site-packages/px4_msgs/msg/_gimbal_device_set_attitude_s.c\n'}
[2.352763] (px4_msgs) StdoutLine: {'line': b'-- Up-to-date symlink: /home/prathamkelkar/ros2_ws/install/px4_msgs/lib/python3.12/site-packages/px4_msgs/msg/_gimbal_manager_information.py\n'}
[2.352854] (px4_msgs) StdoutLine: {'line': b'-- Up-to-date symlink: /home/prathamkelkar/ros2_ws/install/px4_msgs/lib/python3.12/site-packages/px4_msgs/msg/_gimbal_manager_information_s.c\n'}
[2.352946] (px4_msgs) StdoutLine: {'line': b'-- Up-to-date symlink: /home/prathamkelkar/ros2_ws/install/px4_msgs/lib/python3.12/site-packages/px4_msgs/msg/_gimbal_manager_set_attitude.py\n'}
[2.353036] (px4_msgs) StdoutLine: {'line': b'-- Up-to-date symlink: /home/prathamkelkar/ros2_ws/install/px4_msgs/lib/python3.12/site-packages/px4_msgs/msg/_gimbal_manager_set_attitude_s.c\n'}
[2.353126] (px4_msgs) StdoutLine: {'line': b'-- Up-to-date symlink: /home/prathamkelkar/ros2_ws/install/px4_msgs/lib/python3.12/site-packages/px4_msgs/msg/_gimbal_manager_set_manual_control.py\n'}
[2.353222] (px4_msgs) StdoutLine: {'line': b'-- Up-to-date symlink: /home/prathamkelkar/ros2_ws/install/px4_msgs/lib/python3.12/site-packages/px4_msgs/msg/_gimbal_manager_set_manual_control_s.c\n'}
[2.353313] (px4_msgs) StdoutLine: {'line': b'-- Up-to-date symlink: /home/prathamkelkar/ros2_ws/install/px4_msgs/lib/python3.12/site-packages/px4_msgs/msg/_gimbal_manager_status.py\n'}
[2.353404] (px4_msgs) StdoutLine: {'line': b'-- Up-to-date symlink: /home/prathamkelkar/ros2_ws/install/px4_msgs/lib/python3.12/site-packages/px4_msgs/msg/_gimbal_manager_status_s.c\n'}
[2.353494] (px4_msgs) StdoutLine: {'line': b'-- Up-to-date symlink: /home/prathamkelkar/ros2_ws/install/px4_msgs/lib/python3.12/site-packages/px4_msgs/msg/_goto_setpoint.py\n'}
[2.353584] (px4_msgs) StdoutLine: {'line': b'-- Up-to-date symlink: /home/prathamkelkar/ros2_ws/install/px4_msgs/lib/python3.12/site-packages/px4_msgs/msg/_goto_setpoint_s.c\n'}
[2.353681] (px4_msgs) StdoutLine: {'line': b'-- Up-to-date symlink: /home/prathamkelkar/ros2_ws/install/px4_msgs/lib/python3.12/site-packages/px4_msgs/msg/_gpio_config.py\n'}
[2.353771] (px4_msgs) StdoutLine: {'line': b'-- Up-to-date symlink: /home/prathamkelkar/ros2_ws/install/px4_msgs/lib/python3.12/site-packages/px4_msgs/msg/_gpio_config_s.c\n'}
[2.353863] (px4_msgs) StdoutLine: {'line': b'-- Up-to-date symlink: /home/prathamkelkar/ros2_ws/install/px4_msgs/lib/python3.12/site-packages/px4_msgs/msg/_gpio_in.py\n'}
[2.353954] (px4_msgs) StdoutLine: {'line': b'-- Up-to-date symlink: /home/prathamkelkar/ros2_ws/install/px4_msgs/lib/python3.12/site-packages/px4_msgs/msg/_gpio_in_s.c\n'}
[2.354045] (px4_msgs) StdoutLine: {'line': b'-- Up-to-date symlink: /home/prathamkelkar/ros2_ws/install/px4_msgs/lib/python3.12/site-packages/px4_msgs/msg/_gpio_out.py\n'}
[2.354135] (px4_msgs) StdoutLine: {'line': b'-- Up-to-date symlink: /home/prathamkelkar/ros2_ws/install/px4_msgs/lib/python3.12/site-packages/px4_msgs/msg/_gpio_out_s.c\n'}
[2.354225] (px4_msgs) StdoutLine: {'line': b'-- Up-to-date symlink: /home/prathamkelkar/ros2_ws/install/px4_msgs/lib/python3.12/site-packages/px4_msgs/msg/_gpio_request.py\n'}
[2.354316] (px4_msgs) StdoutLine: {'line': b'-- Up-to-date symlink: /home/prathamkelkar/ros2_ws/install/px4_msgs/lib/python3.12/site-packages/px4_msgs/msg/_gpio_request_s.c\n'}
[2.354407] (px4_msgs) StdoutLine: {'line': b'-- Up-to-date symlink: /home/prathamkelkar/ros2_ws/install/px4_msgs/lib/python3.12/site-packages/px4_msgs/msg/_gps_dump.py\n'}
[2.354498] (px4_msgs) StdoutLine: {'line': b'-- Up-to-date symlink: /home/prathamkelkar/ros2_ws/install/px4_msgs/lib/python3.12/site-packages/px4_msgs/msg/_gps_dump_s.c\n'}
[2.354589] (px4_msgs) StdoutLine: {'line': b'-- Up-to-date symlink: /home/prathamkelkar/ros2_ws/install/px4_msgs/lib/python3.12/site-packages/px4_msgs/msg/_gps_inject_data.py\n'}
[2.354686] (px4_msgs) StdoutLine: {'line': b'-- Up-to-date symlink: /home/prathamkelkar/ros2_ws/install/px4_msgs/lib/python3.12/site-packages/px4_msgs/msg/_gps_inject_data_s.c\n'}
[2.354779] (px4_msgs) StdoutLine: {'line': b'-- Up-to-date symlink: /home/prathamkelkar/ros2_ws/install/px4_msgs/lib/python3.12/site-packages/px4_msgs/msg/_gripper.py\n'}
[2.354869] (px4_msgs) StdoutLine: {'line': b'-- Up-to-date symlink: /home/prathamkelkar/ros2_ws/install/px4_msgs/lib/python3.12/site-packages/px4_msgs/msg/_gripper_s.c\n'}
[2.354966] (px4_msgs) StdoutLine: {'line': b'-- Up-to-date symlink: /home/prathamkelkar/ros2_ws/install/px4_msgs/lib/python3.12/site-packages/px4_msgs/msg/_health_report.py\n'}
[2.355057] (px4_msgs) StdoutLine: {'line': b'-- Up-to-date symlink: /home/prathamkelkar/ros2_ws/install/px4_msgs/lib/python3.12/site-packages/px4_msgs/msg/_health_report_s.c\n'}
[2.355147] (px4_msgs) StdoutLine: {'line': b'-- Up-to-date symlink: /home/prathamkelkar/ros2_ws/install/px4_msgs/lib/python3.12/site-packages/px4_msgs/msg/_heater_status.py\n'}
[2.355237] (px4_msgs) StdoutLine: {'line': b'-- Up-to-date symlink: /home/prathamkelkar/ros2_ws/install/px4_msgs/lib/python3.12/site-packages/px4_msgs/msg/_heater_status_s.c\n'}
[2.355333] (px4_msgs) StdoutLine: {'line': b'-- Up-to-date symlink: /home/prathamkelkar/ros2_ws/install/px4_msgs/lib/python3.12/site-packages/px4_msgs/msg/_home_position.py\n'}
[2.355424] (px4_msgs) StdoutLine: {'line': b'-- Up-to-date symlink: /home/prathamkelkar/ros2_ws/install/px4_msgs/lib/python3.12/site-packages/px4_msgs/msg/_home_position_s.c\n'}
[2.355516] (px4_msgs) StdoutLine: {'line': b'-- Up-to-date symlink: /home/prathamkelkar/ros2_ws/install/px4_msgs/lib/python3.12/site-packages/px4_msgs/msg/_hover_thrust_estimate.py\n'}
[2.355626] (px4_msgs) StdoutLine: {'line': b'-- Up-to-date symlink: /home/prathamkelkar/ros2_ws/install/px4_msgs/lib/python3.12/site-packages/px4_msgs/msg/_hover_thrust_estimate_s.c\n'}
[2.355716] (px4_msgs) StdoutLine: {'line': b'-- Up-to-date symlink: /home/prathamkelkar/ros2_ws/install/px4_msgs/lib/python3.12/site-packages/px4_msgs/msg/_input_rc.py\n'}
[2.355807] (px4_msgs) StdoutLine: {'line': b'-- Up-to-date symlink: /home/prathamkelkar/ros2_ws/install/px4_msgs/lib/python3.12/site-packages/px4_msgs/msg/_input_rc_s.c\n'}
[2.355898] (px4_msgs) StdoutLine: {'line': b'-- Up-to-date symlink: /home/prathamkelkar/ros2_ws/install/px4_msgs/lib/python3.12/site-packages/px4_msgs/msg/_internal_combustion_engine_status.py\n'}
[2.355989] (px4_msgs) StdoutLine: {'line': b'-- Up-to-date symlink: /home/prathamkelkar/ros2_ws/install/px4_msgs/lib/python3.12/site-packages/px4_msgs/msg/_internal_combustion_engine_status_s.c\n'}
[2.356079] (px4_msgs) StdoutLine: {'line': b'-- Up-to-date symlink: /home/prathamkelkar/ros2_ws/install/px4_msgs/lib/python3.12/site-packages/px4_msgs/msg/_iridiumsbd_status.py\n'}
[2.356170] (px4_msgs) StdoutLine: {'line': b'-- Up-to-date symlink: /home/prathamkelkar/ros2_ws/install/px4_msgs/lib/python3.12/site-packages/px4_msgs/msg/_iridiumsbd_status_s.c\n'}
[2.356261] (px4_msgs) StdoutLine: {'line': b'-- Up-to-date symlink: /home/prathamkelkar/ros2_ws/install/px4_msgs/lib/python3.12/site-packages/px4_msgs/msg/_irlock_report.py\n'}
[2.356351] (px4_msgs) StdoutLine: {'line': b'-- Up-to-date symlink: /home/prathamkelkar/ros2_ws/install/px4_msgs/lib/python3.12/site-packages/px4_msgs/msg/_irlock_report_s.c\n'}
[2.356442] (px4_msgs) StdoutLine: {'line': b'-- Up-to-date symlink: /home/prathamkelkar/ros2_ws/install/px4_msgs/lib/python3.12/site-packages/px4_msgs/msg/_landing_gear.py\n'}
[2.356531] (px4_msgs) StdoutLine: {'line': b'-- Up-to-date symlink: /home/prathamkelkar/ros2_ws/install/px4_msgs/lib/python3.12/site-packages/px4_msgs/msg/_landing_gear_s.c\n'}
[2.356625] (px4_msgs) StdoutLine: {'line': b'-- Up-to-date symlink: /home/prathamkelkar/ros2_ws/install/px4_msgs/lib/python3.12/site-packages/px4_msgs/msg/_landing_gear_wheel.py\n'}
[2.356715] (px4_msgs) StdoutLine: {'line': b'-- Up-to-date symlink: /home/prathamkelkar/ros2_ws/install/px4_msgs/lib/python3.12/site-packages/px4_msgs/msg/_landing_gear_wheel_s.c\n'}
[2.356806] (px4_msgs) StdoutLine: {'line': b'-- Up-to-date symlink: /home/prathamkelkar/ros2_ws/install/px4_msgs/lib/python3.12/site-packages/px4_msgs/msg/_landing_target_innovations.py\n'}
[2.356896] (px4_msgs) StdoutLine: {'line': b'-- Up-to-date symlink: /home/prathamkelkar/ros2_ws/install/px4_msgs/lib/python3.12/site-packages/px4_msgs/msg/_landing_target_innovations_s.c\n'}
[2.356986] (px4_msgs) StdoutLine: {'line': b'-- Up-to-date symlink: /home/prathamkelkar/ros2_ws/install/px4_msgs/lib/python3.12/site-packages/px4_msgs/msg/_landing_target_pose.py\n'}
[2.357075] (px4_msgs) StdoutLine: {'line': b'-- Up-to-date symlink: /home/prathamkelkar/ros2_ws/install/px4_msgs/lib/python3.12/site-packages/px4_msgs/msg/_landing_target_pose_s.c\n'}
[2.357166] (px4_msgs) StdoutLine: {'line': b'-- Up-to-date symlink: /home/prathamkelkar/ros2_ws/install/px4_msgs/lib/python3.12/site-packages/px4_msgs/msg/_launch_detection_status.py\n'}
[2.357258] (px4_msgs) StdoutLine: {'line': b'-- Up-to-date symlink: /home/prathamkelkar/ros2_ws/install/px4_msgs/lib/python3.12/site-packages/px4_msgs/msg/_launch_detection_status_s.c\n'}
[2.357348] (px4_msgs) StdoutLine: {'line': b'-- Up-to-date symlink: /home/prathamkelkar/ros2_ws/install/px4_msgs/lib/python3.12/site-packages/px4_msgs/msg/_led_control.py\n'}
[2.357444] (px4_msgs) StdoutLine: {'line': b'-- Up-to-date symlink: /home/prathamkelkar/ros2_ws/install/px4_msgs/lib/python3.12/site-packages/px4_msgs/msg/_led_control_s.c\n'}
[2.357535] (px4_msgs) StdoutLine: {'line': b'-- Up-to-date symlink: /home/prathamkelkar/ros2_ws/install/px4_msgs/lib/python3.12/site-packages/px4_msgs/msg/_log_message.py\n'}
[2.357635] (px4_msgs) StdoutLine: {'line': b'-- Up-to-date symlink: /home/prathamkelkar/ros2_ws/install/px4_msgs/lib/python3.12/site-packages/px4_msgs/msg/_log_message_s.c\n'}
[2.357726] (px4_msgs) StdoutLine: {'line': b'-- Up-to-date symlink: /home/prathamkelkar/ros2_ws/install/px4_msgs/lib/python3.12/site-packages/px4_msgs/msg/_logger_status.py\n'}
[2.357815] (px4_msgs) StdoutLine: {'line': b'-- Up-to-date symlink: /home/prathamkelkar/ros2_ws/install/px4_msgs/lib/python3.12/site-packages/px4_msgs/msg/_logger_status_s.c\n'}
[2.357906] (px4_msgs) StdoutLine: {'line': b'-- Up-to-date symlink: /home/prathamkelkar/ros2_ws/install/px4_msgs/lib/python3.12/site-packages/px4_msgs/msg/_mag_worker_data.py\n'}
[2.357996] (px4_msgs) StdoutLine: {'line': b'-- Up-to-date symlink: /home/prathamkelkar/ros2_ws/install/px4_msgs/lib/python3.12/site-packages/px4_msgs/msg/_mag_worker_data_s.c\n'}
[2.358087] (px4_msgs) StdoutLine: {'line': b'-- Up-to-date symlink: /home/prathamkelkar/ros2_ws/install/px4_msgs/lib/python3.12/site-packages/px4_msgs/msg/_magnetometer_bias_estimate.py\n'}
[2.358178] (px4_msgs) StdoutLine: {'line': b'-- Up-to-date symlink: /home/prathamkelkar/ros2_ws/install/px4_msgs/lib/python3.12/site-packages/px4_msgs/msg/_magnetometer_bias_estimate_s.c\n'}
[2.358269] (px4_msgs) StdoutLine: {'line': b'-- Up-to-date symlink: /home/prathamkelkar/ros2_ws/install/px4_msgs/lib/python3.12/site-packages/px4_msgs/msg/_manual_control_setpoint.py\n'}
[2.358359] (px4_msgs) StdoutLine: {'line': b'-- Up-to-date symlink: /home/prathamkelkar/ros2_ws/install/px4_msgs/lib/python3.12/site-packages/px4_msgs/msg/_manual_control_setpoint_s.c\n'}
[2.358459] (px4_msgs) StdoutLine: {'line': b'-- Up-to-date symlink: /home/prathamkelkar/ros2_ws/install/px4_msgs/lib/python3.12/site-packages/px4_msgs/msg/_manual_control_switches.py\n'}
[2.358549] (px4_msgs) StdoutLine: {'line': b'-- Up-to-date symlink: /home/prathamkelkar/ros2_ws/install/px4_msgs/lib/python3.12/site-packages/px4_msgs/msg/_manual_control_switches_s.c\n'}
[2.358645] (px4_msgs) StdoutLine: {'line': b'-- Up-to-date symlink: /home/prathamkelkar/ros2_ws/install/px4_msgs/lib/python3.12/site-packages/px4_msgs/msg/_mavlink_log.py\n'}
[2.358736] (px4_msgs) StdoutLine: {'line': b'-- Up-to-date symlink: /home/prathamkelkar/ros2_ws/install/px4_msgs/lib/python3.12/site-packages/px4_msgs/msg/_mavlink_log_s.c\n'}
[2.358827] (px4_msgs) StdoutLine: {'line': b'-- Up-to-date symlink: /home/prathamkelkar/ros2_ws/install/px4_msgs/lib/python3.12/site-packages/px4_msgs/msg/_mavlink_tunnel.py\n'}
[2.358917] (px4_msgs) StdoutLine: {'line': b'-- Up-to-date symlink: /home/prathamkelkar/ros2_ws/install/px4_msgs/lib/python3.12/site-packages/px4_msgs/msg/_mavlink_tunnel_s.c\n'}
[2.359008] (px4_msgs) StdoutLine: {'line': b'-- Up-to-date symlink: /home/prathamkelkar/ros2_ws/install/px4_msgs/lib/python3.12/site-packages/px4_msgs/msg/_message_format_request.py\n'}
[2.359098] (px4_msgs) StdoutLine: {'line': b'-- Up-to-date symlink: /home/prathamkelkar/ros2_ws/install/px4_msgs/lib/python3.12/site-packages/px4_msgs/msg/_message_format_request_s.c\n'}
[2.359189] (px4_msgs) StdoutLine: {'line': b'-- Up-to-date symlink: /home/prathamkelkar/ros2_ws/install/px4_msgs/lib/python3.12/site-packages/px4_msgs/msg/_message_format_response.py\n'}
[2.359280] (px4_msgs) StdoutLine: {'line': b'-- Up-to-date symlink: /home/prathamkelkar/ros2_ws/install/px4_msgs/lib/python3.12/site-packages/px4_msgs/msg/_message_format_response_s.c\n'}
[2.359371] (px4_msgs) StdoutLine: {'line': b'-- Up-to-date symlink: /home/prathamkelkar/ros2_ws/install/px4_msgs/lib/python3.12/site-packages/px4_msgs/msg/_mission.py\n'}
[2.359468] (px4_msgs) StdoutLine: {'line': b'-- Up-to-date symlink: /home/prathamkelkar/ros2_ws/install/px4_msgs/lib/python3.12/site-packages/px4_msgs/msg/_mission_result.py\n'}
[2.359558] (px4_msgs) StdoutLine: {'line': b'-- Up-to-date symlink: /home/prathamkelkar/ros2_ws/install/px4_msgs/lib/python3.12/site-packages/px4_msgs/msg/_mission_result_s.c\n'}
[2.359653] (px4_msgs) StdoutLine: {'line': b'-- Up-to-date symlink: /home/prathamkelkar/ros2_ws/install/px4_msgs/lib/python3.12/site-packages/px4_msgs/msg/_mission_s.c\n'}
[2.359744] (px4_msgs) StdoutLine: {'line': b'-- Up-to-date symlink: /home/prathamkelkar/ros2_ws/install/px4_msgs/lib/python3.12/site-packages/px4_msgs/msg/_mode_completed.py\n'}
[2.359834] (px4_msgs) StdoutLine: {'line': b'-- Up-to-date symlink: /home/prathamkelkar/ros2_ws/install/px4_msgs/lib/python3.12/site-packages/px4_msgs/msg/_mode_completed_s.c\n'}
[2.359924] (px4_msgs) StdoutLine: {'line': b'-- Up-to-date symlink: /home/prathamkelkar/ros2_ws/install/px4_msgs/lib/python3.12/site-packages/px4_msgs/msg/_mount_orientation.py\n'}
[2.360013] (px4_msgs) StdoutLine: {'line': b'-- Up-to-date symlink: /home/prathamkelkar/ros2_ws/install/px4_msgs/lib/python3.12/site-packages/px4_msgs/msg/_mount_orientation_s.c\n'}
[2.360102] (px4_msgs) StdoutLine: {'line': b'-- Up-to-date symlink: /home/prathamkelkar/ros2_ws/install/px4_msgs/lib/python3.12/site-packages/px4_msgs/msg/_navigator_mission_item.py\n'}
[2.360194] (px4_msgs) StdoutLine: {'line': b'-- Up-to-date symlink: /home/prathamkelkar/ros2_ws/install/px4_msgs/lib/python3.12/site-packages/px4_msgs/msg/_navigator_mission_item_s.c\n'}
[2.360290] (px4_msgs) StdoutLine: {'line': b'-- Up-to-date symlink: /home/prathamkelkar/ros2_ws/install/px4_msgs/lib/python3.12/site-packages/px4_msgs/msg/_normalized_unsigned_setpoint.py\n'}
[2.360381] (px4_msgs) StdoutLine: {'line': b'-- Up-to-date symlink: /home/prathamkelkar/ros2_ws/install/px4_msgs/lib/python3.12/site-packages/px4_msgs/msg/_normalized_unsigned_setpoint_s.c\n'}
[2.360472] (px4_msgs) StdoutLine: {'line': b'-- Up-to-date symlink: /home/prathamkelkar/ros2_ws/install/px4_msgs/lib/python3.12/site-packages/px4_msgs/msg/_npfg_status.py\n'}
[2.360564] (px4_msgs) StdoutLine: {'line': b'-- Up-to-date symlink: /home/prathamkelkar/ros2_ws/install/px4_msgs/lib/python3.12/site-packages/px4_msgs/msg/_npfg_status_s.c\n'}
[2.360658] (px4_msgs) StdoutLine: {'line': b'-- Up-to-date symlink: /home/prathamkelkar/ros2_ws/install/px4_msgs/lib/python3.12/site-packages/px4_msgs/msg/_obstacle_distance.py\n'}
[2.360750] (px4_msgs) StdoutLine: {'line': b'-- Up-to-date symlink: /home/prathamkelkar/ros2_ws/install/px4_msgs/lib/python3.12/site-packages/px4_msgs/msg/_obstacle_distance_s.c\n'}
[2.360840] (px4_msgs) StdoutLine: {'line': b'-- Up-to-date symlink: /home/prathamkelkar/ros2_ws/install/px4_msgs/lib/python3.12/site-packages/px4_msgs/msg/_offboard_control_mode.py\n'}
[2.360930] (px4_msgs) StdoutLine: {'line': b'-- Up-to-date symlink: /home/prathamkelkar/ros2_ws/install/px4_msgs/lib/python3.12/site-packages/px4_msgs/msg/_offboard_control_mode_s.c\n'}
[2.361020] (px4_msgs) StdoutLine: {'line': b'-- Up-to-date symlink: /home/prathamkelkar/ros2_ws/install/px4_msgs/lib/python3.12/site-packages/px4_msgs/msg/_onboard_computer_status.py\n'}
[2.361110] (px4_msgs) StdoutLine: {'line': b'-- Up-to-date symlink: /home/prathamkelkar/ros2_ws/install/px4_msgs/lib/python3.12/site-packages/px4_msgs/msg/_onboard_computer_status_s.c\n'}
[2.361212] (px4_msgs) StdoutLine: {'line': b'-- Up-to-date symlink: /home/prathamkelkar/ros2_ws/install/px4_msgs/lib/python3.12/site-packages/px4_msgs/msg/_orb_test.py\n'}
[2.361304] (px4_msgs) StdoutLine: {'line': b'-- Up-to-date symlink: /home/prathamkelkar/ros2_ws/install/px4_msgs/lib/python3.12/site-packages/px4_msgs/msg/_orb_test_large.py\n'}
[2.361393] (px4_msgs) StdoutLine: {'line': b'-- Up-to-date symlink: /home/prathamkelkar/ros2_ws/install/px4_msgs/lib/python3.12/site-packages/px4_msgs/msg/_orb_test_large_s.c\n'}
[2.361483] (px4_msgs) StdoutLine: {'line': b'-- Up-to-date symlink: /home/prathamkelkar/ros2_ws/install/px4_msgs/lib/python3.12/site-packages/px4_msgs/msg/_orb_test_medium.py\n'}
[2.361577] (px4_msgs) StdoutLine: {'line': b'-- Up-to-date symlink: /home/prathamkelkar/ros2_ws/install/px4_msgs/lib/python3.12/site-packages/px4_msgs/msg/_orb_test_medium_s.c\n'}
[2.361672] (px4_msgs) StdoutLine: {'line': b'-- Up-to-date symlink: /home/prathamkelkar/ros2_ws/install/px4_msgs/lib/python3.12/site-packages/px4_msgs/msg/_orb_test_s.c\n'}
[2.361762] (px4_msgs) StdoutLine: {'line': b'-- Up-to-date symlink: /home/prathamkelkar/ros2_ws/install/px4_msgs/lib/python3.12/site-packages/px4_msgs/msg/_orbit_status.py\n'}
[2.361852] (px4_msgs) StdoutLine: {'line': b'-- Up-to-date symlink: /home/prathamkelkar/ros2_ws/install/px4_msgs/lib/python3.12/site-packages/px4_msgs/msg/_orbit_status_s.c\n'}
[2.361943] (px4_msgs) StdoutLine: {'line': b'-- Up-to-date symlink: /home/prathamkelkar/ros2_ws/install/px4_msgs/lib/python3.12/site-packages/px4_msgs/msg/_parameter_reset_request.py\n'}
[2.362033] (px4_msgs) StdoutLine: {'line': b'-- Up-to-date symlink: /home/prathamkelkar/ros2_ws/install/px4_msgs/lib/python3.12/site-packages/px4_msgs/msg/_parameter_reset_request_s.c\n'}
[2.362122] (px4_msgs) StdoutLine: {'line': b'-- Up-to-date symlink: /home/prathamkelkar/ros2_ws/install/px4_msgs/lib/python3.12/site-packages/px4_msgs/msg/_parameter_set_used_request.py\n'}
[2.362212] (px4_msgs) StdoutLine: {'line': b'-- Up-to-date symlink: /home/prathamkelkar/ros2_ws/install/px4_msgs/lib/python3.12/site-packages/px4_msgs/msg/_parameter_set_used_request_s.c\n'}
[2.362302] (px4_msgs) StdoutLine: {'line': b'-- Up-to-date symlink: /home/prathamkelkar/ros2_ws/install/px4_msgs/lib/python3.12/site-packages/px4_msgs/msg/_parameter_set_value_request.py\n'}
[2.362391] (px4_msgs) StdoutLine: {'line': b'-- Up-to-date symlink: /home/prathamkelkar/ros2_ws/install/px4_msgs/lib/python3.12/site-packages/px4_msgs/msg/_parameter_set_value_request_s.c\n'}
[2.362482] (px4_msgs) StdoutLine: {'line': b'-- Up-to-date symlink: /home/prathamkelkar/ros2_ws/install/px4_msgs/lib/python3.12/site-packages/px4_msgs/msg/_parameter_set_value_response.py\n'}
[2.362571] (px4_msgs) StdoutLine: {'line': b'-- Up-to-date symlink: /home/prathamkelkar/ros2_ws/install/px4_msgs/lib/python3.12/site-packages/px4_msgs/msg/_parameter_set_value_response_s.c\n'}
[2.362666] (px4_msgs) StdoutLine: {'line': b'-- Up-to-date symlink: /home/prathamkelkar/ros2_ws/install/px4_msgs/lib/python3.12/site-packages/px4_msgs/msg/_parameter_update.py\n'}
[2.362757] (px4_msgs) StdoutLine: {'line': b'-- Up-to-date symlink: /home/prathamkelkar/ros2_ws/install/px4_msgs/lib/python3.12/site-packages/px4_msgs/msg/_parameter_update_s.c\n'}
[2.362852] (px4_msgs) StdoutLine: {'line': b'-- Up-to-date symlink: /home/prathamkelkar/ros2_ws/install/px4_msgs/lib/python3.12/site-packages/px4_msgs/msg/_ping.py\n'}
[2.362943] (px4_msgs) StdoutLine: {'line': b'-- Up-to-date symlink: /home/prathamkelkar/ros2_ws/install/px4_msgs/lib/python3.12/site-packages/px4_msgs/msg/_ping_s.c\n'}
[2.363033] (px4_msgs) StdoutLine: {'line': b'-- Up-to-date symlink: /home/prathamkelkar/ros2_ws/install/px4_msgs/lib/python3.12/site-packages/px4_msgs/msg/_position_controller_landing_status.py\n'}
[2.363123] (px4_msgs) StdoutLine: {'line': b'-- Up-to-date symlink: /home/prathamkelkar/ros2_ws/install/px4_msgs/lib/python3.12/site-packages/px4_msgs/msg/_position_controller_landing_status_s.c\n'}
[2.363214] (px4_msgs) StdoutLine: {'line': b'-- Up-to-date symlink: /home/prathamkelkar/ros2_ws/install/px4_msgs/lib/python3.12/site-packages/px4_msgs/msg/_position_controller_status.py\n'}
[2.363305] (px4_msgs) StdoutLine: {'line': b'-- Up-to-date symlink: /home/prathamkelkar/ros2_ws/install/px4_msgs/lib/python3.12/site-packages/px4_msgs/msg/_position_controller_status_s.c\n'}
[2.363395] (px4_msgs) StdoutLine: {'line': b'-- Up-to-date symlink: /home/prathamkelkar/ros2_ws/install/px4_msgs/lib/python3.12/site-packages/px4_msgs/msg/_position_setpoint.py\n'}
[2.363485] (px4_msgs) StdoutLine: {'line': b'-- Up-to-date symlink: /home/prathamkelkar/ros2_ws/install/px4_msgs/lib/python3.12/site-packages/px4_msgs/msg/_position_setpoint_s.c\n'}
[2.363580] (px4_msgs) StdoutLine: {'line': b'-- Up-to-date symlink: /home/prathamkelkar/ros2_ws/install/px4_msgs/lib/python3.12/site-packages/px4_msgs/msg/_position_setpoint_triplet.py\n'}
[2.363675] (px4_msgs) StdoutLine: {'line': b'-- Up-to-date symlink: /home/prathamkelkar/ros2_ws/install/px4_msgs/lib/python3.12/site-packages/px4_msgs/msg/_position_setpoint_triplet_s.c\n'}
[2.363766] (px4_msgs) StdoutLine: {'line': b'-- Up-to-date symlink: /home/prathamkelkar/ros2_ws/install/px4_msgs/lib/python3.12/site-packages/px4_msgs/msg/_power_button_state.py\n'}
[2.363856] (px4_msgs) StdoutLine: {'line': b'-- Up-to-date symlink: /home/prathamkelkar/ros2_ws/install/px4_msgs/lib/python3.12/site-packages/px4_msgs/msg/_power_button_state_s.c\n'}
[2.363947] (px4_msgs) StdoutLine: {'line': b'-- Up-to-date symlink: /home/prathamkelkar/ros2_ws/install/px4_msgs/lib/python3.12/site-packages/px4_msgs/msg/_power_monitor.py\n'}
[2.364046] (px4_msgs) StdoutLine: {'line': b'-- Up-to-date symlink: /home/prathamkelkar/ros2_ws/install/px4_msgs/lib/python3.12/site-packages/px4_msgs/msg/_power_monitor_s.c\n'}
[2.364137] (px4_msgs) StdoutLine: {'line': b'-- Up-to-date symlink: /home/prathamkelkar/ros2_ws/install/px4_msgs/lib/python3.12/site-packages/px4_msgs/msg/_pps_capture.py\n'}
[2.364226] (px4_msgs) StdoutLine: {'line': b'-- Up-to-date symlink: /home/prathamkelkar/ros2_ws/install/px4_msgs/lib/python3.12/site-packages/px4_msgs/msg/_pps_capture_s.c\n'}
[2.364316] (px4_msgs) StdoutLine: {'line': b'-- Up-to-date symlink: /home/prathamkelkar/ros2_ws/install/px4_msgs/lib/python3.12/site-packages/px4_msgs/msg/_pwm_input.py\n'}
[2.364406] (px4_msgs) StdoutLine: {'line': b'-- Up-to-date symlink: /home/prathamkelkar/ros2_ws/install/px4_msgs/lib/python3.12/site-packages/px4_msgs/msg/_pwm_input_s.c\n'}
[2.364495] (px4_msgs) StdoutLine: {'line': b'-- Up-to-date symlink: /home/prathamkelkar/ros2_ws/install/px4_msgs/lib/python3.12/site-packages/px4_msgs/msg/_px4io_status.py\n'}
[2.364586] (px4_msgs) StdoutLine: {'line': b'-- Up-to-date symlink: /home/prathamkelkar/ros2_ws/install/px4_msgs/lib/python3.12/site-packages/px4_msgs/msg/_px4io_status_s.c\n'}
[2.364680] (px4_msgs) StdoutLine: {'line': b'-- Up-to-date symlink: /home/prathamkelkar/ros2_ws/install/px4_msgs/lib/python3.12/site-packages/px4_msgs/msg/_qshell_req.py\n'}
[2.364769] (px4_msgs) StdoutLine: {'line': b'-- Up-to-date symlink: /home/prathamkelkar/ros2_ws/install/px4_msgs/lib/python3.12/site-packages/px4_msgs/msg/_qshell_req_s.c\n'}
[2.364859] (px4_msgs) StdoutLine: {'line': b'-- Up-to-date symlink: /home/prathamkelkar/ros2_ws/install/px4_msgs/lib/python3.12/site-packages/px4_msgs/msg/_qshell_retval.py\n'}
[2.364949] (px4_msgs) StdoutLine: {'line': b'-- Up-to-date symlink: /home/prathamkelkar/ros2_ws/install/px4_msgs/lib/python3.12/site-packages/px4_msgs/msg/_qshell_retval_s.c\n'}
[2.365039] (px4_msgs) StdoutLine: {'line': b'-- Up-to-date symlink: /home/prathamkelkar/ros2_ws/install/px4_msgs/lib/python3.12/site-packages/px4_msgs/msg/_radio_status.py\n'}
[2.365128] (px4_msgs) StdoutLine: {'line': b'-- Up-to-date symlink: /home/prathamkelkar/ros2_ws/install/px4_msgs/lib/python3.12/site-packages/px4_msgs/msg/_radio_status_s.c\n'}
[2.365218] (px4_msgs) StdoutLine: {'line': b'-- Up-to-date symlink: /home/prathamkelkar/ros2_ws/install/px4_msgs/lib/python3.12/site-packages/px4_msgs/msg/_rate_ctrl_status.py\n'}
[2.365308] (px4_msgs) StdoutLine: {'line': b'-- Up-to-date symlink: /home/prathamkelkar/ros2_ws/install/px4_msgs/lib/python3.12/site-packages/px4_msgs/msg/_rate_ctrl_status_s.c\n'}
[2.365397] (px4_msgs) StdoutLine: {'line': b'-- Up-to-date symlink: /home/prathamkelkar/ros2_ws/install/px4_msgs/lib/python3.12/site-packages/px4_msgs/msg/_rc_channels.py\n'}
[2.365487] (px4_msgs) StdoutLine: {'line': b'-- Up-to-date symlink: /home/prathamkelkar/ros2_ws/install/px4_msgs/lib/python3.12/site-packages/px4_msgs/msg/_rc_channels_s.c\n'}
[2.365581] (px4_msgs) StdoutLine: {'line': b'-- Up-to-date symlink: /home/prathamkelkar/ros2_ws/install/px4_msgs/lib/python3.12/site-packages/px4_msgs/msg/_rc_parameter_map.py\n'}
[2.365683] (px4_msgs) StdoutLine: {'line': b'-- Up-to-date symlink: /home/prathamkelkar/ros2_ws/install/px4_msgs/lib/python3.12/site-packages/px4_msgs/msg/_rc_parameter_map_s.c\n'}
[2.365774] (px4_msgs) StdoutLine: {'line': b'-- Up-to-date symlink: /home/prathamkelkar/ros2_ws/install/px4_msgs/lib/python3.12/site-packages/px4_msgs/msg/_register_ext_component_reply.py\n'}
[2.365864] (px4_msgs) StdoutLine: {'line': b'-- Up-to-date symlink: /home/prathamkelkar/ros2_ws/install/px4_msgs/lib/python3.12/site-packages/px4_msgs/msg/_register_ext_component_reply_s.c\n'}
[2.365954] (px4_msgs) StdoutLine: {'line': b'-- Up-to-date symlink: /home/prathamkelkar/ros2_ws/install/px4_msgs/lib/python3.12/site-packages/px4_msgs/msg/_register_ext_component_request.py\n'}
[2.366044] (px4_msgs) StdoutLine: {'line': b'-- Up-to-date symlink: /home/prathamkelkar/ros2_ws/install/px4_msgs/lib/python3.12/site-packages/px4_msgs/msg/_register_ext_component_request_s.c\n'}
[2.366134] (px4_msgs) StdoutLine: {'line': b'-- Up-to-date symlink: /home/prathamkelkar/ros2_ws/install/px4_msgs/lib/python3.12/site-packages/px4_msgs/msg/_rpm.py\n'}
[2.366223] (px4_msgs) StdoutLine: {'line': b'-- Up-to-date symlink: /home/prathamkelkar/ros2_ws/install/px4_msgs/lib/python3.12/site-packages/px4_msgs/msg/_rpm_s.c\n'}
[2.366312] (px4_msgs) StdoutLine: {'line': b'-- Up-to-date symlink: /home/prathamkelkar/ros2_ws/install/px4_msgs/lib/python3.12/site-packages/px4_msgs/msg/_rtl_status.py\n'}
[2.366402] (px4_msgs) StdoutLine: {'line': b'-- Up-to-date symlink: /home/prathamkelkar/ros2_ws/install/px4_msgs/lib/python3.12/site-packages/px4_msgs/msg/_rtl_status_s.c\n'}
[2.366492] (px4_msgs) StdoutLine: {'line': b'-- Up-to-date symlink: /home/prathamkelkar/ros2_ws/install/px4_msgs/lib/python3.12/site-packages/px4_msgs/msg/_rtl_time_estimate.py\n'}
[2.366582] (px4_msgs) StdoutLine: {'line': b'-- Up-to-date symlink: /home/prathamkelkar/ros2_ws/install/px4_msgs/lib/python3.12/site-packages/px4_msgs/msg/_rtl_time_estimate_s.c\n'}
[2.366676] (px4_msgs) StdoutLine: {'line': b'-- Up-to-date symlink: /home/prathamkelkar/ros2_ws/install/px4_msgs/lib/python3.12/site-packages/px4_msgs/msg/_satellite_info.py\n'}
[2.366765] (px4_msgs) StdoutLine: {'line': b'-- Up-to-date symlink: /home/prathamkelkar/ros2_ws/install/px4_msgs/lib/python3.12/site-packages/px4_msgs/msg/_satellite_info_s.c\n'}
[2.366865] (px4_msgs) StdoutLine: {'line': b'-- Up-to-date symlink: /home/prathamkelkar/ros2_ws/install/px4_msgs/lib/python3.12/site-packages/px4_msgs/msg/_sensor_accel.py\n'}
[2.366957] (px4_msgs) StdoutLine: {'line': b'-- Up-to-date symlink: /home/prathamkelkar/ros2_ws/install/px4_msgs/lib/python3.12/site-packages/px4_msgs/msg/_sensor_accel_fifo.py\n'}
[2.367047] (px4_msgs) StdoutLine: {'line': b'-- Up-to-date symlink: /home/prathamkelkar/ros2_ws/install/px4_msgs/lib/python3.12/site-packages/px4_msgs/msg/_sensor_accel_fifo_s.c\n'}
[2.367137] (px4_msgs) StdoutLine: {'line': b'-- Up-to-date symlink: /home/prathamkelkar/ros2_ws/install/px4_msgs/lib/python3.12/site-packages/px4_msgs/msg/_sensor_accel_s.c\n'}
[2.367228] (px4_msgs) StdoutLine: {'line': b'-- Up-to-date symlink: /home/prathamkelkar/ros2_ws/install/px4_msgs/lib/python3.12/site-packages/px4_msgs/msg/_sensor_airflow.py\n'}
[2.367319] (px4_msgs) StdoutLine: {'line': b'-- Up-to-date symlink: /home/prathamkelkar/ros2_ws/install/px4_msgs/lib/python3.12/site-packages/px4_msgs/msg/_sensor_airflow_s.c\n'}
[2.367410] (px4_msgs) StdoutLine: {'line': b'-- Up-to-date symlink: /home/prathamkelkar/ros2_ws/install/px4_msgs/lib/python3.12/site-packages/px4_msgs/msg/_sensor_baro.py\n'}
[2.367499] (px4_msgs) StdoutLine: {'line': b'-- Up-to-date symlink: /home/prathamkelkar/ros2_ws/install/px4_msgs/lib/python3.12/site-packages/px4_msgs/msg/_sensor_baro_s.c\n'}
[2.367590] (px4_msgs) StdoutLine: {'line': b'-- Up-to-date symlink: /home/prathamkelkar/ros2_ws/install/px4_msgs/lib/python3.12/site-packages/px4_msgs/msg/_sensor_combined.py\n'}
[2.367684] (px4_msgs) StdoutLine: {'line': b'-- Up-to-date symlink: /home/prathamkelkar/ros2_ws/install/px4_msgs/lib/python3.12/site-packages/px4_msgs/msg/_sensor_combined_s.c\n'}
[2.367782] (px4_msgs) StdoutLine: {'line': b'-- Up-to-date symlink: /home/prathamkelkar/ros2_ws/install/px4_msgs/lib/python3.12/site-packages/px4_msgs/msg/_sensor_correction.py\n'}
[2.367873] (px4_msgs) StdoutLine: {'line': b'-- Up-to-date symlink: /home/prathamkelkar/ros2_ws/install/px4_msgs/lib/python3.12/site-packages/px4_msgs/msg/_sensor_correction_s.c\n'}
[2.367964] (px4_msgs) StdoutLine: {'line': b'-- Up-to-date symlink: /home/prathamkelkar/ros2_ws/install/px4_msgs/lib/python3.12/site-packages/px4_msgs/msg/_sensor_gnss_relative.py\n'}
[2.368056] (px4_msgs) StdoutLine: {'line': b'-- Up-to-date symlink: /home/prathamkelkar/ros2_ws/install/px4_msgs/lib/python3.12/site-packages/px4_msgs/msg/_sensor_gnss_relative_s.c\n'}
[2.368146] (px4_msgs) StdoutLine: {'line': b'-- Up-to-date symlink: /home/prathamkelkar/ros2_ws/install/px4_msgs/lib/python3.12/site-packages/px4_msgs/msg/_sensor_gps.py\n'}
[2.368244] (px4_msgs) StdoutLine: {'line': b'-- Up-to-date symlink: /home/prathamkelkar/ros2_ws/install/px4_msgs/lib/python3.12/site-packages/px4_msgs/msg/_sensor_gps_s.c\n'}
[2.368334] (px4_msgs) StdoutLine: {'line': b'-- Up-to-date symlink: /home/prathamkelkar/ros2_ws/install/px4_msgs/lib/python3.12/site-packages/px4_msgs/msg/_sensor_gyro.py\n'}
[2.368424] (px4_msgs) StdoutLine: {'line': b'-- Up-to-date symlink: /home/prathamkelkar/ros2_ws/install/px4_msgs/lib/python3.12/site-packages/px4_msgs/msg/_sensor_gyro_fft.py\n'}
[2.368513] (px4_msgs) StdoutLine: {'line': b'-- Up-to-date symlink: /home/prathamkelkar/ros2_ws/install/px4_msgs/lib/python3.12/site-packages/px4_msgs/msg/_sensor_gyro_fft_s.c\n'}
[2.368607] (px4_msgs) StdoutLine: {'line': b'-- Up-to-date symlink: /home/prathamkelkar/ros2_ws/install/px4_msgs/lib/python3.12/site-packages/px4_msgs/msg/_sensor_gyro_fifo.py\n'}
[2.368699] (px4_msgs) StdoutLine: {'line': b'-- Up-to-date symlink: /home/prathamkelkar/ros2_ws/install/px4_msgs/lib/python3.12/site-packages/px4_msgs/msg/_sensor_gyro_fifo_s.c\n'}
[2.368789] (px4_msgs) StdoutLine: {'line': b'-- Up-to-date symlink: /home/prathamkelkar/ros2_ws/install/px4_msgs/lib/python3.12/site-packages/px4_msgs/msg/_sensor_gyro_s.c\n'}
[2.368880] (px4_msgs) StdoutLine: {'line': b'-- Up-to-date symlink: /home/prathamkelkar/ros2_ws/install/px4_msgs/lib/python3.12/site-packages/px4_msgs/msg/_sensor_hygrometer.py\n'}
[2.368970] (px4_msgs) StdoutLine: {'line': b'-- Up-to-date symlink: /home/prathamkelkar/ros2_ws/install/px4_msgs/lib/python3.12/site-packages/px4_msgs/msg/_sensor_hygrometer_s.c\n'}
[2.369061] (px4_msgs) StdoutLine: {'line': b'-- Up-to-date symlink: /home/prathamkelkar/ros2_ws/install/px4_msgs/lib/python3.12/site-packages/px4_msgs/msg/_sensor_mag.py\n'}
[2.369151] (px4_msgs) StdoutLine: {'line': b'-- Up-to-date symlink: /home/prathamkelkar/ros2_ws/install/px4_msgs/lib/python3.12/site-packages/px4_msgs/msg/_sensor_mag_s.c\n'}
[2.369241] (px4_msgs) StdoutLine: {'line': b'-- Up-to-date symlink: /home/prathamkelkar/ros2_ws/install/px4_msgs/lib/python3.12/site-packages/px4_msgs/msg/_sensor_optical_flow.py\n'}
[2.369331] (px4_msgs) StdoutLine: {'line': b'-- Up-to-date symlink: /home/prathamkelkar/ros2_ws/install/px4_msgs/lib/python3.12/site-packages/px4_msgs/msg/_sensor_optical_flow_s.c\n'}
[2.369421] (px4_msgs) StdoutLine: {'line': b'-- Up-to-date symlink: /home/prathamkelkar/ros2_ws/install/px4_msgs/lib/python3.12/site-packages/px4_msgs/msg/_sensor_preflight_mag.py\n'}
[2.369511] (px4_msgs) StdoutLine: {'line': b'-- Up-to-date symlink: /home/prathamkelkar/ros2_ws/install/px4_msgs/lib/python3.12/site-packages/px4_msgs/msg/_sensor_preflight_mag_s.c\n'}
[2.369605] (px4_msgs) StdoutLine: {'line': b'-- Up-to-date symlink: /home/prathamkelkar/ros2_ws/install/px4_msgs/lib/python3.12/site-packages/px4_msgs/msg/_sensor_selection.py\n'}
[2.369695] (px4_msgs) StdoutLine: {'line': b'-- Up-to-date symlink: /home/prathamkelkar/ros2_ws/install/px4_msgs/lib/python3.12/site-packages/px4_msgs/msg/_sensor_selection_s.c\n'}
[2.369795] (px4_msgs) StdoutLine: {'line': b'-- Up-to-date symlink: /home/prathamkelkar/ros2_ws/install/px4_msgs/lib/python3.12/site-packages/px4_msgs/msg/_sensor_uwb.py\n'}
[2.369890] (px4_msgs) StdoutLine: {'line': b'-- Up-to-date symlink: /home/prathamkelkar/ros2_ws/install/px4_msgs/lib/python3.12/site-packages/px4_msgs/msg/_sensor_uwb_s.c\n'}
[2.369981] (px4_msgs) StdoutLine: {'line': b'-- Up-to-date symlink: /home/prathamkelkar/ros2_ws/install/px4_msgs/lib/python3.12/site-packages/px4_msgs/msg/_sensors_status.py\n'}
[2.370071] (px4_msgs) StdoutLine: {'line': b'-- Up-to-date symlink: /home/prathamkelkar/ros2_ws/install/px4_msgs/lib/python3.12/site-packages/px4_msgs/msg/_sensors_status_imu.py\n'}
[2.370161] (px4_msgs) StdoutLine: {'line': b'-- Up-to-date symlink: /home/prathamkelkar/ros2_ws/install/px4_msgs/lib/python3.12/site-packages/px4_msgs/msg/_sensors_status_imu_s.c\n'}
[2.370252] (px4_msgs) StdoutLine: {'line': b'-- Up-to-date symlink: /home/prathamkelkar/ros2_ws/install/px4_msgs/lib/python3.12/site-packages/px4_msgs/msg/_sensors_status_s.c\n'}
[2.370342] (px4_msgs) StdoutLine: {'line': b'-- Up-to-date symlink: /home/prathamkelkar/ros2_ws/install/px4_msgs/lib/python3.12/site-packages/px4_msgs/msg/_system_power.py\n'}
[2.370432] (px4_msgs) StdoutLine: {'line': b'-- Up-to-date symlink: /home/prathamkelkar/ros2_ws/install/px4_msgs/lib/python3.12/site-packages/px4_msgs/msg/_system_power_s.c\n'}
[2.370522] (px4_msgs) StdoutLine: {'line': b'-- Up-to-date symlink: /home/prathamkelkar/ros2_ws/install/px4_msgs/lib/python3.12/site-packages/px4_msgs/msg/_takeoff_status.py\n'}
[2.370615] (px4_msgs) StdoutLine: {'line': b'-- Up-to-date symlink: /home/prathamkelkar/ros2_ws/install/px4_msgs/lib/python3.12/site-packages/px4_msgs/msg/_takeoff_status_s.c\n'}
[2.370706] (px4_msgs) StdoutLine: {'line': b'-- Up-to-date symlink: /home/prathamkelkar/ros2_ws/install/px4_msgs/lib/python3.12/site-packages/px4_msgs/msg/_task_stack_info.py\n'}
[2.370795] (px4_msgs) StdoutLine: {'line': b'-- Up-to-date symlink: /home/prathamkelkar/ros2_ws/install/px4_msgs/lib/python3.12/site-packages/px4_msgs/msg/_task_stack_info_s.c\n'}
[2.370890] (px4_msgs) StdoutLine: {'line': b'-- Up-to-date symlink: /home/prathamkelkar/ros2_ws/install/px4_msgs/lib/python3.12/site-packages/px4_msgs/msg/_tecs_status.py\n'}
[2.370981] (px4_msgs) StdoutLine: {'line': b'-- Up-to-date symlink: /home/prathamkelkar/ros2_ws/install/px4_msgs/lib/python3.12/site-packages/px4_msgs/msg/_tecs_status_s.c\n'}
[2.371072] (px4_msgs) StdoutLine: {'line': b'-- Up-to-date symlink: /home/prathamkelkar/ros2_ws/install/px4_msgs/lib/python3.12/site-packages/px4_msgs/msg/_telemetry_status.py\n'}
[2.371162] (px4_msgs) StdoutLine: {'line': b'-- Up-to-date symlink: /home/prathamkelkar/ros2_ws/install/px4_msgs/lib/python3.12/site-packages/px4_msgs/msg/_telemetry_status_s.c\n'}
[2.371252] (px4_msgs) StdoutLine: {'line': b'-- Up-to-date symlink: /home/prathamkelkar/ros2_ws/install/px4_msgs/lib/python3.12/site-packages/px4_msgs/msg/_tiltrotor_extra_controls.py\n'}
[2.371343] (px4_msgs) StdoutLine: {'line': b'-- Up-to-date symlink: /home/prathamkelkar/ros2_ws/install/px4_msgs/lib/python3.12/site-packages/px4_msgs/msg/_tiltrotor_extra_controls_s.c\n'}
[2.371431] (px4_msgs) StdoutLine: {'line': b'-- Up-to-date symlink: /home/prathamkelkar/ros2_ws/install/px4_msgs/lib/python3.12/site-packages/px4_msgs/msg/_timesync_status.py\n'}
[2.371521] (px4_msgs) StdoutLine: {'line': b'-- Up-to-date symlink: /home/prathamkelkar/ros2_ws/install/px4_msgs/lib/python3.12/site-packages/px4_msgs/msg/_timesync_status_s.c\n'}
[2.371615] (px4_msgs) StdoutLine: {'line': b'-- Up-to-date symlink: /home/prathamkelkar/ros2_ws/install/px4_msgs/lib/python3.12/site-packages/px4_msgs/msg/_trajectory_bezier.py\n'}
[2.371706] (px4_msgs) StdoutLine: {'line': b'-- Up-to-date symlink: /home/prathamkelkar/ros2_ws/install/px4_msgs/lib/python3.12/site-packages/px4_msgs/msg/_trajectory_bezier_s.c\n'}
[2.371796] (px4_msgs) StdoutLine: {'line': b'-- Up-to-date symlink: /home/prathamkelkar/ros2_ws/install/px4_msgs/lib/python3.12/site-packages/px4_msgs/msg/_trajectory_setpoint.py\n'}
[2.371892] (px4_msgs) StdoutLine: {'line': b'-- Up-to-date symlink: /home/prathamkelkar/ros2_ws/install/px4_msgs/lib/python3.12/site-packages/px4_msgs/msg/_trajectory_setpoint_s.c\n'}
[2.371982] (px4_msgs) StdoutLine: {'line': b'-- Up-to-date symlink: /home/prathamkelkar/ros2_ws/install/px4_msgs/lib/python3.12/site-packages/px4_msgs/msg/_trajectory_waypoint.py\n'}
[2.372072] (px4_msgs) StdoutLine: {'line': b'-- Up-to-date symlink: /home/prathamkelkar/ros2_ws/install/px4_msgs/lib/python3.12/site-packages/px4_msgs/msg/_trajectory_waypoint_s.c\n'}
[2.372161] (px4_msgs) StdoutLine: {'line': b'-- Up-to-date symlink: /home/prathamkelkar/ros2_ws/install/px4_msgs/lib/python3.12/site-packages/px4_msgs/msg/_transponder_report.py\n'}
[2.372251] (px4_msgs) StdoutLine: {'line': b'-- Up-to-date symlink: /home/prathamkelkar/ros2_ws/install/px4_msgs/lib/python3.12/site-packages/px4_msgs/msg/_transponder_report_s.c\n'}
[2.372340] (px4_msgs) StdoutLine: {'line': b'-- Up-to-date symlink: /home/prathamkelkar/ros2_ws/install/px4_msgs/lib/python3.12/site-packages/px4_msgs/msg/_tune_control.py\n'}
[2.372430] (px4_msgs) StdoutLine: {'line': b'-- Up-to-date symlink: /home/prathamkelkar/ros2_ws/install/px4_msgs/lib/python3.12/site-packages/px4_msgs/msg/_tune_control_s.c\n'}
[2.372519] (px4_msgs) StdoutLine: {'line': b'-- Up-to-date symlink: /home/prathamkelkar/ros2_ws/install/px4_msgs/lib/python3.12/site-packages/px4_msgs/msg/_uavcan_parameter_request.py\n'}
[2.372624] (px4_msgs) StdoutLine: {'line': b'-- Up-to-date symlink: /home/prathamkelkar/ros2_ws/install/px4_msgs/lib/python3.12/site-packages/px4_msgs/msg/_uavcan_parameter_request_s.c\n'}
[2.372714] (px4_msgs) StdoutLine: {'line': b'-- Up-to-date symlink: /home/prathamkelkar/ros2_ws/install/px4_msgs/lib/python3.12/site-packages/px4_msgs/msg/_uavcan_parameter_value.py\n'}
[2.372804] (px4_msgs) StdoutLine: {'line': b'-- Up-to-date symlink: /home/prathamkelkar/ros2_ws/install/px4_msgs/lib/python3.12/site-packages/px4_msgs/msg/_uavcan_parameter_value_s.c\n'}
[2.372895] (px4_msgs) StdoutLine: {'line': b'-- Up-to-date symlink: /home/prathamkelkar/ros2_ws/install/px4_msgs/lib/python3.12/site-packages/px4_msgs/msg/_ulog_stream.py\n'}
[2.372985] (px4_msgs) StdoutLine: {'line': b'-- Up-to-date symlink: /home/prathamkelkar/ros2_ws/install/px4_msgs/lib/python3.12/site-packages/px4_msgs/msg/_ulog_stream_ack.py\n'}
[2.373074] (px4_msgs) StdoutLine: {'line': b'-- Up-to-date symlink: /home/prathamkelkar/ros2_ws/install/px4_msgs/lib/python3.12/site-packages/px4_msgs/msg/_ulog_stream_ack_s.c\n'}
[2.373164] (px4_msgs) StdoutLine: {'line': b'-- Up-to-date symlink: /home/prathamkelkar/ros2_ws/install/px4_msgs/lib/python3.12/site-packages/px4_msgs/msg/_ulog_stream_s.c\n'}
[2.373368] (px4_msgs) StdoutLine: {'line': b'-- Up-to-date symlink: /home/prathamkelkar/ros2_ws/install/px4_msgs/lib/python3.12/site-packages/px4_msgs/msg/_unregister_ext_component.py\n'}
[2.373459] (px4_msgs) StdoutLine: {'line': b'-- Up-to-date symlink: /home/prathamkelkar/ros2_ws/install/px4_msgs/lib/python3.12/site-packages/px4_msgs/msg/_unregister_ext_component_s.c\n'}
[2.373549] (px4_msgs) StdoutLine: {'line': b'-- Up-to-date symlink: /home/prathamkelkar/ros2_ws/install/px4_msgs/lib/python3.12/site-packages/px4_msgs/msg/_vehicle_acceleration.py\n'}
[2.373653] (px4_msgs) StdoutLine: {'line': b'-- Up-to-date symlink: /home/prathamkelkar/ros2_ws/install/px4_msgs/lib/python3.12/site-packages/px4_msgs/msg/_vehicle_acceleration_s.c\n'}
[2.373745] (px4_msgs) StdoutLine: {'line': b'-- Up-to-date symlink: /home/prathamkelkar/ros2_ws/install/px4_msgs/lib/python3.12/site-packages/px4_msgs/msg/_vehicle_air_data.py\n'}
[2.373835] (px4_msgs) StdoutLine: {'line': b'-- Up-to-date symlink: /home/prathamkelkar/ros2_ws/install/px4_msgs/lib/python3.12/site-packages/px4_msgs/msg/_vehicle_air_data_s.c\n'}
[2.373926] (px4_msgs) StdoutLine: {'line': b'-- Up-to-date symlink: /home/prathamkelkar/ros2_ws/install/px4_msgs/lib/python3.12/site-packages/px4_msgs/msg/_vehicle_angular_acceleration_setpoint.py\n'}
[2.374017] (px4_msgs) StdoutLine: {'line': b'-- Up-to-date symlink: /home/prathamkelkar/ros2_ws/install/px4_msgs/lib/python3.12/site-packages/px4_msgs/msg/_vehicle_angular_acceleration_setpoint_s.c\n'}
[2.374114] (px4_msgs) StdoutLine: {'line': b'-- Up-to-date symlink: /home/prathamkelkar/ros2_ws/install/px4_msgs/lib/python3.12/site-packages/px4_msgs/msg/_vehicle_angular_velocity.py\n'}
[2.374204] (px4_msgs) StdoutLine: {'line': b'-- Up-to-date symlink: /home/prathamkelkar/ros2_ws/install/px4_msgs/lib/python3.12/site-packages/px4_msgs/msg/_vehicle_angular_velocity_s.c\n'}
[2.374294] (px4_msgs) StdoutLine: {'line': b'-- Up-to-date symlink: /home/prathamkelkar/ros2_ws/install/px4_msgs/lib/python3.12/site-packages/px4_msgs/msg/_vehicle_attitude.py\n'}
[2.374384] (px4_msgs) StdoutLine: {'line': b'-- Up-to-date symlink: /home/prathamkelkar/ros2_ws/install/px4_msgs/lib/python3.12/site-packages/px4_msgs/msg/_vehicle_attitude_s.c\n'}
[2.374474] (px4_msgs) StdoutLine: {'line': b'-- Up-to-date symlink: /home/prathamkelkar/ros2_ws/install/px4_msgs/lib/python3.12/site-packages/px4_msgs/msg/_vehicle_attitude_setpoint.py\n'}
[2.374565] (px4_msgs) StdoutLine: {'line': b'-- Up-to-date symlink: /home/prathamkelkar/ros2_ws/install/px4_msgs/lib/python3.12/site-packages/px4_msgs/msg/_vehicle_attitude_setpoint_s.c\n'}
[2.374660] (px4_msgs) StdoutLine: {'line': b'-- Up-to-date symlink: /home/prathamkelkar/ros2_ws/install/px4_msgs/lib/python3.12/site-packages/px4_msgs/msg/_vehicle_command.py\n'}
[2.374751] (px4_msgs) StdoutLine: {'line': b'-- Up-to-date symlink: /home/prathamkelkar/ros2_ws/install/px4_msgs/lib/python3.12/site-packages/px4_msgs/msg/_vehicle_command_ack.py\n'}
[2.374839] (px4_msgs) StdoutLine: {'line': b'-- Up-to-date symlink: /home/prathamkelkar/ros2_ws/install/px4_msgs/lib/python3.12/site-packages/px4_msgs/msg/_vehicle_command_ack_s.c\n'}
[2.374929] (px4_msgs) StdoutLine: {'line': b'-- Up-to-date symlink: /home/prathamkelkar/ros2_ws/install/px4_msgs/lib/python3.12/site-packages/px4_msgs/msg/_vehicle_command_s.c\n'}
[2.375018] (px4_msgs) StdoutLine: {'line': b'-- Up-to-date symlink: /home/prathamkelkar/ros2_ws/install/px4_msgs/lib/python3.12/site-packages/px4_msgs/msg/_vehicle_constraints.py\n'}
[2.375106] (px4_msgs) StdoutLine: {'line': b'-- Up-to-date symlink: /home/prathamkelkar/ros2_ws/install/px4_msgs/lib/python3.12/site-packages/px4_msgs/msg/_vehicle_constraints_s.c\n'}
[2.375196] (px4_msgs) StdoutLine: {'line': b'-- Up-to-date symlink: /home/prathamkelkar/ros2_ws/install/px4_msgs/lib/python3.12/site-packages/px4_msgs/msg/_vehicle_control_mode.py\n'}
[2.375287] (px4_msgs) StdoutLine: {'line': b'-- Up-to-date symlink: /home/prathamkelkar/ros2_ws/install/px4_msgs/lib/python3.12/site-packages/px4_msgs/msg/_vehicle_control_mode_s.c\n'}
[2.375377] (px4_msgs) StdoutLine: {'line': b'-- Up-to-date symlink: /home/prathamkelkar/ros2_ws/install/px4_msgs/lib/python3.12/site-packages/px4_msgs/msg/_vehicle_global_position.py\n'}
[2.375479] (px4_msgs) StdoutLine: {'line': b'-- Up-to-date symlink: /home/prathamkelkar/ros2_ws/install/px4_msgs/lib/python3.12/site-packages/px4_msgs/msg/_vehicle_global_position_s.c\n'}
[2.375569] (px4_msgs) StdoutLine: {'line': b'-- Up-to-date symlink: /home/prathamkelkar/ros2_ws/install/px4_msgs/lib/python3.12/site-packages/px4_msgs/msg/_vehicle_imu.py\n'}
[2.375663] (px4_msgs) StdoutLine: {'line': b'-- Up-to-date symlink: /home/prathamkelkar/ros2_ws/install/px4_msgs/lib/python3.12/site-packages/px4_msgs/msg/_vehicle_imu_s.c\n'}
[2.375755] (px4_msgs) StdoutLine: {'line': b'-- Up-to-date symlink: /home/prathamkelkar/ros2_ws/install/px4_msgs/lib/python3.12/site-packages/px4_msgs/msg/_vehicle_imu_status.py\n'}
[2.375845] (px4_msgs) StdoutLine: {'line': b'-- Up-to-date symlink: /home/prathamkelkar/ros2_ws/install/px4_msgs/lib/python3.12/site-packages/px4_msgs/msg/_vehicle_imu_status_s.c\n'}
[2.375934] (px4_msgs) StdoutLine: {'line': b'-- Up-to-date symlink: /home/prathamkelkar/ros2_ws/install/px4_msgs/lib/python3.12/site-packages/px4_msgs/msg/_vehicle_land_detected.py\n'}
[2.376023] (px4_msgs) StdoutLine: {'line': b'-- Up-to-date symlink: /home/prathamkelkar/ros2_ws/install/px4_msgs/lib/python3.12/site-packages/px4_msgs/msg/_vehicle_land_detected_s.c\n'}
[2.376123] (px4_msgs) StdoutLine: {'line': b'-- Up-to-date symlink: /home/prathamkelkar/ros2_ws/install/px4_msgs/lib/python3.12/site-packages/px4_msgs/msg/_vehicle_local_position.py\n'}
[2.376217] (px4_msgs) StdoutLine: {'line': b'-- Up-to-date symlink: /home/prathamkelkar/ros2_ws/install/px4_msgs/lib/python3.12/site-packages/px4_msgs/msg/_vehicle_local_position_s.c\n'}
[2.376307] (px4_msgs) StdoutLine: {'line': b'-- Up-to-date symlink: /home/prathamkelkar/ros2_ws/install/px4_msgs/lib/python3.12/site-packages/px4_msgs/msg/_vehicle_local_position_setpoint.py\n'}
[2.376397] (px4_msgs) StdoutLine: {'line': b'-- Up-to-date symlink: /home/prathamkelkar/ros2_ws/install/px4_msgs/lib/python3.12/site-packages/px4_msgs/msg/_vehicle_local_position_setpoint_s.c\n'}
[2.376487] (px4_msgs) StdoutLine: {'line': b'-- Up-to-date symlink: /home/prathamkelkar/ros2_ws/install/px4_msgs/lib/python3.12/site-packages/px4_msgs/msg/_vehicle_magnetometer.py\n'}
[2.376577] (px4_msgs) StdoutLine: {'line': b'-- Up-to-date symlink: /home/prathamkelkar/ros2_ws/install/px4_msgs/lib/python3.12/site-packages/px4_msgs/msg/_vehicle_magnetometer_s.c\n'}
[2.376672] (px4_msgs) StdoutLine: {'line': b'-- Up-to-date symlink: /home/prathamkelkar/ros2_ws/install/px4_msgs/lib/python3.12/site-packages/px4_msgs/msg/_vehicle_odometry.py\n'}
[2.376762] (px4_msgs) StdoutLine: {'line': b'-- Up-to-date symlink: /home/prathamkelkar/ros2_ws/install/px4_msgs/lib/python3.12/site-packages/px4_msgs/msg/_vehicle_odometry_s.c\n'}
[2.376853] (px4_msgs) StdoutLine: {'line': b'-- Up-to-date symlink: /home/prathamkelkar/ros2_ws/install/px4_msgs/lib/python3.12/site-packages/px4_msgs/msg/_vehicle_optical_flow.py\n'}
[2.376943] (px4_msgs) StdoutLine: {'line': b'-- Up-to-date symlink: /home/prathamkelkar/ros2_ws/install/px4_msgs/lib/python3.12/site-packages/px4_msgs/msg/_vehicle_optical_flow_s.c\n'}
[2.377033] (px4_msgs) StdoutLine: {'line': b'-- Up-to-date symlink: /home/prathamkelkar/ros2_ws/install/px4_msgs/lib/python3.12/site-packages/px4_msgs/msg/_vehicle_optical_flow_vel.py\n'}
[2.377122] (px4_msgs) StdoutLine: {'line': b'-- Up-to-date symlink: /home/prathamkelkar/ros2_ws/install/px4_msgs/lib/python3.12/site-packages/px4_msgs/msg/_vehicle_optical_flow_vel_s.c\n'}
[2.377213] (px4_msgs) StdoutLine: {'line': b'-- Up-to-date symlink: /home/prathamkelkar/ros2_ws/install/px4_msgs/lib/python3.12/site-packages/px4_msgs/msg/_vehicle_rates_setpoint.py\n'}
[2.377304] (px4_msgs) StdoutLine: {'line': b'-- Up-to-date symlink: /home/prathamkelkar/ros2_ws/install/px4_msgs/lib/python3.12/site-packages/px4_msgs/msg/_vehicle_rates_setpoint_s.c\n'}
[2.377394] (px4_msgs) StdoutLine: {'line': b'-- Up-to-date symlink: /home/prathamkelkar/ros2_ws/install/px4_msgs/lib/python3.12/site-packages/px4_msgs/msg/_vehicle_roi.py\n'}
[2.377484] (px4_msgs) StdoutLine: {'line': b'-- Up-to-date symlink: /home/prathamkelkar/ros2_ws/install/px4_msgs/lib/python3.12/site-packages/px4_msgs/msg/_vehicle_roi_s.c\n'}
[2.377574] (px4_msgs) StdoutLine: {'line': b'-- Up-to-date symlink: /home/prathamkelkar/ros2_ws/install/px4_msgs/lib/python3.12/site-packages/px4_msgs/msg/_vehicle_status.py\n'}
[2.377670] (px4_msgs) StdoutLine: {'line': b'-- Up-to-date symlink: /home/prathamkelkar/ros2_ws/install/px4_msgs/lib/python3.12/site-packages/px4_msgs/msg/_vehicle_status_s.c\n'}
[2.377761] (px4_msgs) StdoutLine: {'line': b'-- Up-to-date symlink: /home/prathamkelkar/ros2_ws/install/px4_msgs/lib/python3.12/site-packages/px4_msgs/msg/_vehicle_thrust_setpoint.py\n'}
[2.377851] (px4_msgs) StdoutLine: {'line': b'-- Up-to-date symlink: /home/prathamkelkar/ros2_ws/install/px4_msgs/lib/python3.12/site-packages/px4_msgs/msg/_vehicle_thrust_setpoint_s.c\n'}
[2.377941] (px4_msgs) StdoutLine: {'line': b'-- Up-to-date symlink: /home/prathamkelkar/ros2_ws/install/px4_msgs/lib/python3.12/site-packages/px4_msgs/msg/_vehicle_torque_setpoint.py\n'}
[2.378029] (px4_msgs) StdoutLine: {'line': b'-- Up-to-date symlink: /home/prathamkelkar/ros2_ws/install/px4_msgs/lib/python3.12/site-packages/px4_msgs/msg/_vehicle_torque_setpoint_s.c\n'}
[2.378124] (px4_msgs) StdoutLine: {'line': b'-- Up-to-date symlink: /home/prathamkelkar/ros2_ws/install/px4_msgs/lib/python3.12/site-packages/px4_msgs/msg/_vehicle_trajectory_bezier.py\n'}
[2.378222] (px4_msgs) StdoutLine: {'line': b'-- Up-to-date symlink: /home/prathamkelkar/ros2_ws/install/px4_msgs/lib/python3.12/site-packages/px4_msgs/msg/_vehicle_trajectory_bezier_s.c\n'}
[2.378313] (px4_msgs) StdoutLine: {'line': b'-- Up-to-date symlink: /home/prathamkelkar/ros2_ws/install/px4_msgs/lib/python3.12/site-packages/px4_msgs/msg/_vehicle_trajectory_waypoint.py\n'}
[2.378404] (px4_msgs) StdoutLine: {'line': b'-- Up-to-date symlink: /home/prathamkelkar/ros2_ws/install/px4_msgs/lib/python3.12/site-packages/px4_msgs/msg/_vehicle_trajectory_waypoint_s.c\n'}
[2.378495] (px4_msgs) StdoutLine: {'line': b'-- Up-to-date symlink: /home/prathamkelkar/ros2_ws/install/px4_msgs/lib/python3.12/site-packages/px4_msgs/msg/_velocity_limits.py\n'}
[2.378584] (px4_msgs) StdoutLine: {'line': b'-- Up-to-date symlink: /home/prathamkelkar/ros2_ws/install/px4_msgs/lib/python3.12/site-packages/px4_msgs/msg/_velocity_limits_s.c\n'}
[2.378678] (px4_msgs) StdoutLine: {'line': b'-- Up-to-date symlink: /home/prathamkelkar/ros2_ws/install/px4_msgs/lib/python3.12/site-packages/px4_msgs/msg/_vtol_vehicle_status.py\n'}
[2.378768] (px4_msgs) StdoutLine: {'line': b'-- Up-to-date symlink: /home/prathamkelkar/ros2_ws/install/px4_msgs/lib/python3.12/site-packages/px4_msgs/msg/_vtol_vehicle_status_s.c\n'}
[2.378863] (px4_msgs) StdoutLine: {'line': b'-- Up-to-date symlink: /home/prathamkelkar/ros2_ws/install/px4_msgs/lib/python3.12/site-packages/px4_msgs/msg/_wheel_encoders.py\n'}
[2.378952] (px4_msgs) StdoutLine: {'line': b'-- Up-to-date symlink: /home/prathamkelkar/ros2_ws/install/px4_msgs/lib/python3.12/site-packages/px4_msgs/msg/_wheel_encoders_s.c\n'}
[2.379042] (px4_msgs) StdoutLine: {'line': b'-- Up-to-date symlink: /home/prathamkelkar/ros2_ws/install/px4_msgs/lib/python3.12/site-packages/px4_msgs/msg/_wind.py\n'}
[2.379133] (px4_msgs) StdoutLine: {'line': b'-- Up-to-date symlink: /home/prathamkelkar/ros2_ws/install/px4_msgs/lib/python3.12/site-packages/px4_msgs/msg/_wind_s.c\n'}
[2.379223] (px4_msgs) StdoutLine: {'line': b'-- Up-to-date symlink: /home/prathamkelkar/ros2_ws/install/px4_msgs/lib/python3.12/site-packages/px4_msgs/msg/_yaw_estimator_status.py\n'}
[2.379313] (px4_msgs) StdoutLine: {'line': b'-- Up-to-date symlink: /home/prathamkelkar/ros2_ws/install/px4_msgs/lib/python3.12/site-packages/px4_msgs/msg/_yaw_estimator_status_s.c\n'}
[2.379402] (px4_msgs) StdoutLine: {'line': b'-- Up-to-date symlink: /home/prathamkelkar/ros2_ws/install/px4_msgs/lib/python3.12/site-packages/px4_msgs/px4_msgs_s__rosidl_typesupport_c.so\n'}
[2.379492] (px4_msgs) StdoutLine: {'line': b'-- Up-to-date symlink: /home/prathamkelkar/ros2_ws/install/px4_msgs/lib/python3.12/site-packages/px4_msgs/px4_msgs_s__rosidl_typesupport_fastrtps_c.so\n'}
[2.379581] (px4_msgs) StdoutLine: {'line': b'-- Up-to-date symlink: /home/prathamkelkar/ros2_ws/install/px4_msgs/lib/python3.12/site-packages/px4_msgs/px4_msgs_s__rosidl_typesupport_introspection_c.so\n'}
[2.379674] (px4_msgs) StdoutLine: {'line': b'-- Up-to-date symlink: /home/prathamkelkar/ros2_ws/install/px4_msgs/lib/python3.12/site-packages/px4_msgs/srv/__init__.py\n'}
[2.379763] (px4_msgs) StdoutLine: {'line': b'-- Up-to-date symlink: /home/prathamkelkar/ros2_ws/install/px4_msgs/lib/python3.12/site-packages/px4_msgs/srv/_vehicle_command.py\n'}
[2.379853] (px4_msgs) StdoutLine: {'line': b'-- Up-to-date symlink: /home/prathamkelkar/ros2_ws/install/px4_msgs/lib/python3.12/site-packages/px4_msgs/srv/_vehicle_command_s.c\n'}
[2.379943] (px4_msgs) StdoutLine: {'line': b'-- Up-to-date symlink: /home/prathamkelkar/ros2_ws/install/px4_msgs/lib/python3.12/site-packages/px4_msgs/px4_msgs_s__rosidl_typesupport_fastrtps_c.so\n'}
[2.380033] (px4_msgs) StdoutLine: {'line': b'-- Up-to-date symlink: /home/prathamkelkar/ros2_ws/install/px4_msgs/lib/python3.12/site-packages/px4_msgs/px4_msgs_s__rosidl_typesupport_introspection_c.so\n'}
[2.380129] (px4_msgs) StdoutLine: {'line': b'-- Up-to-date symlink: /home/prathamkelkar/ros2_ws/install/px4_msgs/lib/python3.12/site-packages/px4_msgs/px4_msgs_s__rosidl_typesupport_c.so\n'}
[2.380220] (px4_msgs) StdoutLine: {'line': b'-- Up-to-date symlink: /home/prathamkelkar/ros2_ws/install/px4_msgs/share/ament_index/resource_index/rust_packages/px4_msgs\n'}
[2.380310] (px4_msgs) StdoutLine: {'line': b'-- Up-to-date symlink: /home/prathamkelkar/ros2_ws/install/px4_msgs/share/px4_msgs/rust/Cargo.toml\n'}
[2.380400] (px4_msgs) StdoutLine: {'line': b'-- Up-to-date symlink: /home/prathamkelkar/ros2_ws/install/px4_msgs/share/px4_msgs/rust/build.rs\n'}
[2.380490] (px4_msgs) StdoutLine: {'line': b'-- Up-to-date symlink: /home/prathamkelkar/ros2_ws/install/px4_msgs/share/px4_msgs/rust/src/lib.rs\n'}
[2.380579] (px4_msgs) StdoutLine: {'line': b'-- Up-to-date symlink: /home/prathamkelkar/ros2_ws/install/px4_msgs/share/px4_msgs/rust/src/msg.rs\n'}
[2.380673] (px4_msgs) StdoutLine: {'line': b'-- Up-to-date symlink: /home/prathamkelkar/ros2_ws/install/px4_msgs/share/px4_msgs/rust/src/msg/rmw.rs\n'}
[2.380762] (px4_msgs) StdoutLine: {'line': b'-- Up-to-date symlink: /home/prathamkelkar/ros2_ws/install/px4_msgs/share/px4_msgs/rust/src/srv.rs\n'}
[2.380852] (px4_msgs) StdoutLine: {'line': b'-- Up-to-date symlink: /home/prathamkelkar/ros2_ws/install/px4_msgs/share/px4_msgs/rust/src/srv/rmw.rs\n'}
[2.380942] (px4_msgs) StdoutLine: {'line': b'-- Up-to-date symlink: /home/prathamkelkar/ros2_ws/install/px4_msgs/share/px4_msgs/msg/ActionRequest.idl\n'}
[2.381032] (px4_msgs) StdoutLine: {'line': b'-- Up-to-date symlink: /home/prathamkelkar/ros2_ws/install/px4_msgs/share/px4_msgs/msg/ActuatorArmed.idl\n'}
[2.381122] (px4_msgs) StdoutLine: {'line': b'-- Up-to-date symlink: /home/prathamkelkar/ros2_ws/install/px4_msgs/share/px4_msgs/msg/ActuatorControlsStatus.idl\n'}
[2.381222] (px4_msgs) StdoutLine: {'line': b'-- Up-to-date symlink: /home/prathamkelkar/ros2_ws/install/px4_msgs/share/px4_msgs/msg/ActuatorMotors.idl\n'}
[2.381313] (px4_msgs) StdoutLine: {'line': b'-- Up-to-date symlink: /home/prathamkelkar/ros2_ws/install/px4_msgs/share/px4_msgs/msg/ActuatorOutputs.idl\n'}
[2.381403] (px4_msgs) StdoutLine: {'line': b'-- Up-to-date symlink: /home/prathamkelkar/ros2_ws/install/px4_msgs/share/px4_msgs/msg/ActuatorServos.idl\n'}
[2.381492] (px4_msgs) StdoutLine: {'line': b'-- Up-to-date symlink: /home/prathamkelkar/ros2_ws/install/px4_msgs/share/px4_msgs/msg/ActuatorServosTrim.idl\n'}
[2.381582] (px4_msgs) StdoutLine: {'line': b'-- Up-to-date symlink: /home/prathamkelkar/ros2_ws/install/px4_msgs/share/px4_msgs/msg/ActuatorTest.idl\n'}
[2.381680] (px4_msgs) StdoutLine: {'line': b'-- Up-to-date symlink: /home/prathamkelkar/ros2_ws/install/px4_msgs/share/px4_msgs/msg/AdcReport.idl\n'}
[2.381771] (px4_msgs) StdoutLine: {'line': b'-- Up-to-date symlink: /home/prathamkelkar/ros2_ws/install/px4_msgs/share/px4_msgs/msg/Airspeed.idl\n'}
[2.381861] (px4_msgs) StdoutLine: {'line': b'-- Up-to-date symlink: /home/prathamkelkar/ros2_ws/install/px4_msgs/share/px4_msgs/msg/AirspeedValidated.idl\n'}
[2.381951] (px4_msgs) StdoutLine: {'line': b'-- Up-to-date symlink: /home/prathamkelkar/ros2_ws/install/px4_msgs/share/px4_msgs/msg/AirspeedWind.idl\n'}
[2.382041] (px4_msgs) StdoutLine: {'line': b'-- Up-to-date symlink: /home/prathamkelkar/ros2_ws/install/px4_msgs/share/px4_msgs/msg/ArmingCheckReply.idl\n'}
[2.382135] (px4_msgs) StdoutLine: {'line': b'-- Up-to-date symlink: /home/prathamkelkar/ros2_ws/install/px4_msgs/share/px4_msgs/msg/ArmingCheckRequest.idl\n'}
[2.382229] (px4_msgs) StdoutLine: {'line': b'-- Up-to-date symlink: /home/prathamkelkar/ros2_ws/install/px4_msgs/share/px4_msgs/msg/AutotuneAttitudeControlStatus.idl\n'}
[2.382320] (px4_msgs) StdoutLine: {'line': b'-- Up-to-date symlink: /home/prathamkelkar/ros2_ws/install/px4_msgs/share/px4_msgs/msg/BatteryStatus.idl\n'}
[2.382410] (px4_msgs) StdoutLine: {'line': b'-- Up-to-date symlink: /home/prathamkelkar/ros2_ws/install/px4_msgs/share/px4_msgs/msg/Buffer128.idl\n'}
[2.382506] (px4_msgs) StdoutLine: {'line': b'-- Up-to-date symlink: /home/prathamkelkar/ros2_ws/install/px4_msgs/share/px4_msgs/msg/ButtonEvent.idl\n'}
[2.382596] (px4_msgs) StdoutLine: {'line': b'-- Up-to-date symlink: /home/prathamkelkar/ros2_ws/install/px4_msgs/share/px4_msgs/msg/CameraCapture.idl\n'}
[2.382695] (px4_msgs) StdoutLine: {'line': b'-- Up-to-date symlink: /home/prathamkelkar/ros2_ws/install/px4_msgs/share/px4_msgs/msg/CameraStatus.idl\n'}
[2.382788] (px4_msgs) StdoutLine: {'line': b'-- Up-to-date symlink: /home/prathamkelkar/ros2_ws/install/px4_msgs/share/px4_msgs/msg/CameraTrigger.idl\n'}
[2.382879] (px4_msgs) StdoutLine: {'line': b'-- Up-to-date symlink: /home/prathamkelkar/ros2_ws/install/px4_msgs/share/px4_msgs/msg/CanInterfaceStatus.idl\n'}
[2.382969] (px4_msgs) StdoutLine: {'line': b'-- Up-to-date symlink: /home/prathamkelkar/ros2_ws/install/px4_msgs/share/px4_msgs/msg/CellularStatus.idl\n'}
[2.383054] (px4_msgs) StdoutLine: {'line': b'-- Up-to-date symlink: /home/prathamkelkar/ros2_ws/install/px4_msgs/share/px4_msgs/msg/CollisionConstraints.idl\n'}
[2.383137] (px4_msgs) StdoutLine: {'line': b'-- Up-to-date symlink: /home/prathamkelkar/ros2_ws/install/px4_msgs/share/px4_msgs/msg/CollisionReport.idl\n'}
[2.383225] (px4_msgs) StdoutLine: {'line': b'-- Up-to-date symlink: /home/prathamkelkar/ros2_ws/install/px4_msgs/share/px4_msgs/msg/ConfigOverrides.idl\n'}
[2.383322] (px4_msgs) StdoutLine: {'line': b'-- Up-to-date symlink: /home/prathamkelkar/ros2_ws/install/px4_msgs/share/px4_msgs/msg/ControlAllocatorStatus.idl\n'}
[2.383410] (px4_msgs) StdoutLine: {'line': b'-- Up-to-date symlink: /home/prathamkelkar/ros2_ws/install/px4_msgs/share/px4_msgs/msg/Cpuload.idl\n'}
[2.383502] (px4_msgs) StdoutLine: {'line': b'-- Up-to-date symlink: /home/prathamkelkar/ros2_ws/install/px4_msgs/share/px4_msgs/msg/DatamanRequest.idl\n'}
[2.383610] (px4_msgs) StdoutLine: {'line': b'-- Up-to-date symlink: /home/prathamkelkar/ros2_ws/install/px4_msgs/share/px4_msgs/msg/DatamanResponse.idl\n'}
[2.383705] (px4_msgs) StdoutLine: {'line': b'-- Up-to-date symlink: /home/prathamkelkar/ros2_ws/install/px4_msgs/share/px4_msgs/msg/DebugArray.idl\n'}
[2.383797] (px4_msgs) StdoutLine: {'line': b'-- Up-to-date symlink: /home/prathamkelkar/ros2_ws/install/px4_msgs/share/px4_msgs/msg/DebugKeyValue.idl\n'}
[2.383889] (px4_msgs) StdoutLine: {'line': b'-- Up-to-date symlink: /home/prathamkelkar/ros2_ws/install/px4_msgs/share/px4_msgs/msg/DebugValue.idl\n'}
[2.383980] (px4_msgs) StdoutLine: {'line': b'-- Up-to-date symlink: /home/prathamkelkar/ros2_ws/install/px4_msgs/share/px4_msgs/msg/DebugVect.idl\n'}
[2.384070] (px4_msgs) StdoutLine: {'line': b'-- Up-to-date symlink: /home/prathamkelkar/ros2_ws/install/px4_msgs/share/px4_msgs/msg/DifferentialDriveSetpoint.idl\n'}
[2.384161] (px4_msgs) StdoutLine: {'line': b'-- Up-to-date symlink: /home/prathamkelkar/ros2_ws/install/px4_msgs/share/px4_msgs/msg/DifferentialPressure.idl\n'}
[2.384251] (px4_msgs) StdoutLine: {'line': b'-- Up-to-date symlink: /home/prathamkelkar/ros2_ws/install/px4_msgs/share/px4_msgs/msg/DistanceSensor.idl\n'}
[2.384341] (px4_msgs) StdoutLine: {'line': b'-- Up-to-date symlink: /home/prathamkelkar/ros2_ws/install/px4_msgs/share/px4_msgs/msg/Ekf2Timestamps.idl\n'}
[2.384433] (px4_msgs) StdoutLine: {'line': b'-- Up-to-date symlink: /home/prathamkelkar/ros2_ws/install/px4_msgs/share/px4_msgs/msg/EscReport.idl\n'}
[2.384523] (px4_msgs) StdoutLine: {'line': b'-- Up-to-date symlink: /home/prathamkelkar/ros2_ws/install/px4_msgs/share/px4_msgs/msg/EscStatus.idl\n'}
[2.384618] (px4_msgs) StdoutLine: {'line': b'-- Up-to-date symlink: /home/prathamkelkar/ros2_ws/install/px4_msgs/share/px4_msgs/msg/EstimatorAidSource1d.idl\n'}
[2.384722] (px4_msgs) StdoutLine: {'line': b'-- Up-to-date symlink: /home/prathamkelkar/ros2_ws/install/px4_msgs/share/px4_msgs/msg/EstimatorAidSource2d.idl\n'}
[2.384814] (px4_msgs) StdoutLine: {'line': b'-- Up-to-date symlink: /home/prathamkelkar/ros2_ws/install/px4_msgs/share/px4_msgs/msg/EstimatorAidSource3d.idl\n'}
[2.384911] (px4_msgs) StdoutLine: {'line': b'-- Up-to-date symlink: /home/prathamkelkar/ros2_ws/install/px4_msgs/share/px4_msgs/msg/EstimatorBias.idl\n'}
[2.385007] (px4_msgs) StdoutLine: {'line': b'-- Up-to-date symlink: /home/prathamkelkar/ros2_ws/install/px4_msgs/share/px4_msgs/msg/EstimatorBias3d.idl\n'}
[2.385100] (px4_msgs) StdoutLine: {'line': b'-- Up-to-date symlink: /home/prathamkelkar/ros2_ws/install/px4_msgs/share/px4_msgs/msg/EstimatorEventFlags.idl\n'}
[2.385192] (px4_msgs) StdoutLine: {'line': b'-- Up-to-date symlink: /home/prathamkelkar/ros2_ws/install/px4_msgs/share/px4_msgs/msg/EstimatorGpsStatus.idl\n'}
[2.385284] (px4_msgs) StdoutLine: {'line': b'-- Up-to-date symlink: /home/prathamkelkar/ros2_ws/install/px4_msgs/share/px4_msgs/msg/EstimatorInnovations.idl\n'}
[2.385376] (px4_msgs) StdoutLine: {'line': b'-- Up-to-date symlink: /home/prathamkelkar/ros2_ws/install/px4_msgs/share/px4_msgs/msg/EstimatorSelectorStatus.idl\n'}
[2.385468] (px4_msgs) StdoutLine: {'line': b'-- Up-to-date symlink: /home/prathamkelkar/ros2_ws/install/px4_msgs/share/px4_msgs/msg/EstimatorSensorBias.idl\n'}
[2.385563] (px4_msgs) StdoutLine: {'line': b'-- Up-to-date symlink: /home/prathamkelkar/ros2_ws/install/px4_msgs/share/px4_msgs/msg/EstimatorStates.idl\n'}
[2.385671] (px4_msgs) StdoutLine: {'line': b'-- Up-to-date symlink: /home/prathamkelkar/ros2_ws/install/px4_msgs/share/px4_msgs/msg/EstimatorStatus.idl\n'}
[2.385772] (px4_msgs) StdoutLine: {'line': b'-- Up-to-date symlink: /home/prathamkelkar/ros2_ws/install/px4_msgs/share/px4_msgs/msg/EstimatorStatusFlags.idl\n'}
[2.385863] (px4_msgs) StdoutLine: {'line': b'-- Up-to-date symlink: /home/prathamkelkar/ros2_ws/install/px4_msgs/share/px4_msgs/msg/Event.idl\n'}
[2.385955] (px4_msgs) StdoutLine: {'line': b'-- Up-to-date symlink: /home/prathamkelkar/ros2_ws/install/px4_msgs/share/px4_msgs/msg/FailsafeFlags.idl\n'}
[2.386046] (px4_msgs) StdoutLine: {'line': b'-- Up-to-date symlink: /home/prathamkelkar/ros2_ws/install/px4_msgs/share/px4_msgs/msg/FailureDetectorStatus.idl\n'}
[2.386136] (px4_msgs) StdoutLine: {'line': b'-- Up-to-date symlink: /home/prathamkelkar/ros2_ws/install/px4_msgs/share/px4_msgs/msg/FigureEightStatus.idl\n'}
[2.386226] (px4_msgs) StdoutLine: {'line': b'-- Up-to-date symlink: /home/prathamkelkar/ros2_ws/install/px4_msgs/share/px4_msgs/msg/FlightPhaseEstimation.idl\n'}
[2.386315] (px4_msgs) StdoutLine: {'line': b'-- Up-to-date symlink: /home/prathamkelkar/ros2_ws/install/px4_msgs/share/px4_msgs/msg/FollowTarget.idl\n'}
[2.386406] (px4_msgs) StdoutLine: {'line': b'-- Up-to-date symlink: /home/prathamkelkar/ros2_ws/install/px4_msgs/share/px4_msgs/msg/FollowTargetEstimator.idl\n'}
[2.386500] (px4_msgs) StdoutLine: {'line': b'-- Up-to-date symlink: /home/prathamkelkar/ros2_ws/install/px4_msgs/share/px4_msgs/msg/FollowTargetStatus.idl\n'}
[2.386592] (px4_msgs) StdoutLine: {'line': b'-- Up-to-date symlink: /home/prathamkelkar/ros2_ws/install/px4_msgs/share/px4_msgs/msg/GeneratorStatus.idl\n'}
[2.386688] (px4_msgs) StdoutLine: {'line': b'-- Up-to-date symlink: /home/prathamkelkar/ros2_ws/install/px4_msgs/share/px4_msgs/msg/GeofenceResult.idl\n'}
[2.386779] (px4_msgs) StdoutLine: {'line': b'-- Up-to-date symlink: /home/prathamkelkar/ros2_ws/install/px4_msgs/share/px4_msgs/msg/GeofenceStatus.idl\n'}
[2.386870] (px4_msgs) StdoutLine: {'line': b'-- Up-to-date symlink: /home/prathamkelkar/ros2_ws/install/px4_msgs/share/px4_msgs/msg/GimbalControls.idl\n'}
[2.386963] (px4_msgs) StdoutLine: {'line': b'-- Up-to-date symlink: /home/prathamkelkar/ros2_ws/install/px4_msgs/share/px4_msgs/msg/GimbalDeviceAttitudeStatus.idl\n'}
[2.387054] (px4_msgs) StdoutLine: {'line': b'-- Up-to-date symlink: /home/prathamkelkar/ros2_ws/install/px4_msgs/share/px4_msgs/msg/GimbalDeviceInformation.idl\n'}
[2.387145] (px4_msgs) StdoutLine: {'line': b'-- Up-to-date symlink: /home/prathamkelkar/ros2_ws/install/px4_msgs/share/px4_msgs/msg/GimbalDeviceSetAttitude.idl\n'}
[2.387236] (px4_msgs) StdoutLine: {'line': b'-- Up-to-date symlink: /home/prathamkelkar/ros2_ws/install/px4_msgs/share/px4_msgs/msg/GimbalManagerInformation.idl\n'}
[2.387336] (px4_msgs) StdoutLine: {'line': b'-- Up-to-date symlink: /home/prathamkelkar/ros2_ws/install/px4_msgs/share/px4_msgs/msg/GimbalManagerSetAttitude.idl\n'}
[2.387429] (px4_msgs) StdoutLine: {'line': b'-- Up-to-date symlink: /home/prathamkelkar/ros2_ws/install/px4_msgs/share/px4_msgs/msg/GimbalManagerSetManualControl.idl\n'}
[2.387520] (px4_msgs) StdoutLine: {'line': b'-- Up-to-date symlink: /home/prathamkelkar/ros2_ws/install/px4_msgs/share/px4_msgs/msg/GimbalManagerStatus.idl\n'}
[2.387616] (px4_msgs) StdoutLine: {'line': b'-- Up-to-date symlink: /home/prathamkelkar/ros2_ws/install/px4_msgs/share/px4_msgs/msg/GotoSetpoint.idl\n'}
[2.387707] (px4_msgs) StdoutLine: {'line': b'-- Up-to-date symlink: /home/prathamkelkar/ros2_ws/install/px4_msgs/share/px4_msgs/msg/GpioConfig.idl\n'}
[2.387799] (px4_msgs) StdoutLine: {'line': b'-- Up-to-date symlink: /home/prathamkelkar/ros2_ws/install/px4_msgs/share/px4_msgs/msg/GpioIn.idl\n'}
[2.387890] (px4_msgs) StdoutLine: {'line': b'-- Up-to-date symlink: /home/prathamkelkar/ros2_ws/install/px4_msgs/share/px4_msgs/msg/GpioOut.idl\n'}
[2.387982] (px4_msgs) StdoutLine: {'line': b'-- Up-to-date symlink: /home/prathamkelkar/ros2_ws/install/px4_msgs/share/px4_msgs/msg/GpioRequest.idl\n'}
[2.388074] (px4_msgs) StdoutLine: {'line': b'-- Up-to-date symlink: /home/prathamkelkar/ros2_ws/install/px4_msgs/share/px4_msgs/msg/GpsDump.idl\n'}
[2.388172] (px4_msgs) StdoutLine: {'line': b'-- Up-to-date symlink: /home/prathamkelkar/ros2_ws/install/px4_msgs/share/px4_msgs/msg/GpsInjectData.idl\n'}
[2.388273] (px4_msgs) StdoutLine: {'line': b'-- Up-to-date symlink: /home/prathamkelkar/ros2_ws/install/px4_msgs/share/px4_msgs/msg/Gripper.idl\n'}
[2.388365] (px4_msgs) StdoutLine: {'line': b'-- Up-to-date symlink: /home/prathamkelkar/ros2_ws/install/px4_msgs/share/px4_msgs/msg/HealthReport.idl\n'}
[2.388460] (px4_msgs) StdoutLine: {'line': b'-- Up-to-date symlink: /home/prathamkelkar/ros2_ws/install/px4_msgs/share/px4_msgs/msg/HeaterStatus.idl\n'}
[2.388552] (px4_msgs) StdoutLine: {'line': b'-- Up-to-date symlink: /home/prathamkelkar/ros2_ws/install/px4_msgs/share/px4_msgs/msg/HomePosition.idl\n'}
[2.388653] (px4_msgs) StdoutLine: {'line': b'-- Up-to-date symlink: /home/prathamkelkar/ros2_ws/install/px4_msgs/share/px4_msgs/msg/HoverThrustEstimate.idl\n'}
[2.388743] (px4_msgs) StdoutLine: {'line': b'-- Up-to-date symlink: /home/prathamkelkar/ros2_ws/install/px4_msgs/share/px4_msgs/msg/InputRc.idl\n'}
[2.388833] (px4_msgs) StdoutLine: {'line': b'-- Up-to-date symlink: /home/prathamkelkar/ros2_ws/install/px4_msgs/share/px4_msgs/msg/InternalCombustionEngineStatus.idl\n'}
[2.388926] (px4_msgs) StdoutLine: {'line': b'-- Up-to-date symlink: /home/prathamkelkar/ros2_ws/install/px4_msgs/share/px4_msgs/msg/IridiumsbdStatus.idl\n'}
[2.389017] (px4_msgs) StdoutLine: {'line': b'-- Up-to-date symlink: /home/prathamkelkar/ros2_ws/install/px4_msgs/share/px4_msgs/msg/IrlockReport.idl\n'}
[2.389110] (px4_msgs) StdoutLine: {'line': b'-- Up-to-date symlink: /home/prathamkelkar/ros2_ws/install/px4_msgs/share/px4_msgs/msg/LandingGear.idl\n'}
[2.389202] (px4_msgs) StdoutLine: {'line': b'-- Up-to-date symlink: /home/prathamkelkar/ros2_ws/install/px4_msgs/share/px4_msgs/msg/LandingGearWheel.idl\n'}
[2.389292] (px4_msgs) StdoutLine: {'line': b'-- Up-to-date symlink: /home/prathamkelkar/ros2_ws/install/px4_msgs/share/px4_msgs/msg/LandingTargetInnovations.idl\n'}
[2.389382] (px4_msgs) StdoutLine: {'line': b'-- Up-to-date symlink: /home/prathamkelkar/ros2_ws/install/px4_msgs/share/px4_msgs/msg/LandingTargetPose.idl\n'}
[2.389474] (px4_msgs) StdoutLine: {'line': b'-- Up-to-date symlink: /home/prathamkelkar/ros2_ws/install/px4_msgs/share/px4_msgs/msg/LaunchDetectionStatus.idl\n'}
[2.389565] (px4_msgs) StdoutLine: {'line': b'-- Up-to-date symlink: /home/prathamkelkar/ros2_ws/install/px4_msgs/share/px4_msgs/msg/LedControl.idl\n'}
[2.389660] (px4_msgs) StdoutLine: {'line': b'-- Up-to-date symlink: /home/prathamkelkar/ros2_ws/install/px4_msgs/share/px4_msgs/msg/LogMessage.idl\n'}
[2.389755] (px4_msgs) StdoutLine: {'line': b'-- Up-to-date symlink: /home/prathamkelkar/ros2_ws/install/px4_msgs/share/px4_msgs/msg/LoggerStatus.idl\n'}
[2.389851] (px4_msgs) StdoutLine: {'line': b'-- Up-to-date symlink: /home/prathamkelkar/ros2_ws/install/px4_msgs/share/px4_msgs/msg/MagWorkerData.idl\n'}
[2.389944] (px4_msgs) StdoutLine: {'line': b'-- Up-to-date symlink: /home/prathamkelkar/ros2_ws/install/px4_msgs/share/px4_msgs/msg/MagnetometerBiasEstimate.idl\n'}
[2.390034] (px4_msgs) StdoutLine: {'line': b'-- Up-to-date symlink: /home/prathamkelkar/ros2_ws/install/px4_msgs/share/px4_msgs/msg/ManualControlSetpoint.idl\n'}
[2.390125] (px4_msgs) StdoutLine: {'line': b'-- Up-to-date symlink: /home/prathamkelkar/ros2_ws/install/px4_msgs/share/px4_msgs/msg/ManualControlSwitches.idl\n'}
[2.390216] (px4_msgs) StdoutLine: {'line': b'-- Up-to-date symlink: /home/prathamkelkar/ros2_ws/install/px4_msgs/share/px4_msgs/msg/MavlinkLog.idl\n'}
[2.390306] (px4_msgs) StdoutLine: {'line': b'-- Up-to-date symlink: /home/prathamkelkar/ros2_ws/install/px4_msgs/share/px4_msgs/msg/MavlinkTunnel.idl\n'}
[2.390399] (px4_msgs) StdoutLine: {'line': b'-- Up-to-date symlink: /home/prathamkelkar/ros2_ws/install/px4_msgs/share/px4_msgs/msg/MessageFormatRequest.idl\n'}
[2.390491] (px4_msgs) StdoutLine: {'line': b'-- Up-to-date symlink: /home/prathamkelkar/ros2_ws/install/px4_msgs/share/px4_msgs/msg/MessageFormatResponse.idl\n'}
[2.390582] (px4_msgs) StdoutLine: {'line': b'-- Up-to-date symlink: /home/prathamkelkar/ros2_ws/install/px4_msgs/share/px4_msgs/msg/Mission.idl\n'}
[2.390679] (px4_msgs) StdoutLine: {'line': b'-- Up-to-date symlink: /home/prathamkelkar/ros2_ws/install/px4_msgs/share/px4_msgs/msg/MissionResult.idl\n'}
[2.390769] (px4_msgs) StdoutLine: {'line': b'-- Up-to-date symlink: /home/prathamkelkar/ros2_ws/install/px4_msgs/share/px4_msgs/msg/ModeCompleted.idl\n'}
[2.390861] (px4_msgs) StdoutLine: {'line': b'-- Up-to-date symlink: /home/prathamkelkar/ros2_ws/install/px4_msgs/share/px4_msgs/msg/MountOrientation.idl\n'}
[2.390952] (px4_msgs) StdoutLine: {'line': b'-- Up-to-date symlink: /home/prathamkelkar/ros2_ws/install/px4_msgs/share/px4_msgs/msg/NavigatorMissionItem.idl\n'}
[2.391042] (px4_msgs) StdoutLine: {'line': b'-- Up-to-date symlink: /home/prathamkelkar/ros2_ws/install/px4_msgs/share/px4_msgs/msg/NormalizedUnsignedSetpoint.idl\n'}
[2.391134] (px4_msgs) StdoutLine: {'line': b'-- Up-to-date symlink: /home/prathamkelkar/ros2_ws/install/px4_msgs/share/px4_msgs/msg/NpfgStatus.idl\n'}
[2.391225] (px4_msgs) StdoutLine: {'line': b'-- Up-to-date symlink: /home/prathamkelkar/ros2_ws/install/px4_msgs/share/px4_msgs/msg/ObstacleDistance.idl\n'}
[2.391316] (px4_msgs) StdoutLine: {'line': b'-- Up-to-date symlink: /home/prathamkelkar/ros2_ws/install/px4_msgs/share/px4_msgs/msg/OffboardControlMode.idl\n'}
[2.391416] (px4_msgs) StdoutLine: {'line': b'-- Up-to-date symlink: /home/prathamkelkar/ros2_ws/install/px4_msgs/share/px4_msgs/msg/OnboardComputerStatus.idl\n'}
[2.391507] (px4_msgs) StdoutLine: {'line': b'-- Up-to-date symlink: /home/prathamkelkar/ros2_ws/install/px4_msgs/share/px4_msgs/msg/OrbTest.idl\n'}
[2.391596] (px4_msgs) StdoutLine: {'line': b'-- Up-to-date symlink: /home/prathamkelkar/ros2_ws/install/px4_msgs/share/px4_msgs/msg/OrbTestLarge.idl\n'}
[2.391692] (px4_msgs) StdoutLine: {'line': b'-- Up-to-date symlink: /home/prathamkelkar/ros2_ws/install/px4_msgs/share/px4_msgs/msg/OrbTestMedium.idl\n'}
[2.391794] (px4_msgs) StdoutLine: {'line': b'-- Up-to-date symlink: /home/prathamkelkar/ros2_ws/install/px4_msgs/share/px4_msgs/msg/OrbitStatus.idl\n'}
[2.391886] (px4_msgs) StdoutLine: {'line': b'-- Up-to-date symlink: /home/prathamkelkar/ros2_ws/install/px4_msgs/share/px4_msgs/msg/ParameterResetRequest.idl\n'}
[2.391976] (px4_msgs) StdoutLine: {'line': b'-- Up-to-date symlink: /home/prathamkelkar/ros2_ws/install/px4_msgs/share/px4_msgs/msg/ParameterSetUsedRequest.idl\n'}
[2.392066] (px4_msgs) StdoutLine: {'line': b'-- Up-to-date symlink: /home/prathamkelkar/ros2_ws/install/px4_msgs/share/px4_msgs/msg/ParameterSetValueRequest.idl\n'}
[2.392158] (px4_msgs) StdoutLine: {'line': b'-- Up-to-date symlink: /home/prathamkelkar/ros2_ws/install/px4_msgs/share/px4_msgs/msg/ParameterSetValueResponse.idl\n'}
[2.392255] (px4_msgs) StdoutLine: {'line': b'-- Up-to-date symlink: /home/prathamkelkar/ros2_ws/install/px4_msgs/share/px4_msgs/msg/ParameterUpdate.idl\n'}
[2.392348] (px4_msgs) StdoutLine: {'line': b'-- Up-to-date symlink: /home/prathamkelkar/ros2_ws/install/px4_msgs/share/px4_msgs/msg/Ping.idl\n'}
[2.392438] (px4_msgs) StdoutLine: {'line': b'-- Up-to-date symlink: /home/prathamkelkar/ros2_ws/install/px4_msgs/share/px4_msgs/msg/PositionControllerLandingStatus.idl\n'}
[2.392529] (px4_msgs) StdoutLine: {'line': b'-- Up-to-date symlink: /home/prathamkelkar/ros2_ws/install/px4_msgs/share/px4_msgs/msg/PositionControllerStatus.idl\n'}
[2.392627] (px4_msgs) StdoutLine: {'line': b'-- Up-to-date symlink: /home/prathamkelkar/ros2_ws/install/px4_msgs/share/px4_msgs/msg/PositionSetpoint.idl\n'}
[2.392719] (px4_msgs) StdoutLine: {'line': b'-- Up-to-date symlink: /home/prathamkelkar/ros2_ws/install/px4_msgs/share/px4_msgs/msg/PositionSetpointTriplet.idl\n'}
[2.392809] (px4_msgs) StdoutLine: {'line': b'-- Up-to-date symlink: /home/prathamkelkar/ros2_ws/install/px4_msgs/share/px4_msgs/msg/PowerButtonState.idl\n'}
[2.392899] (px4_msgs) StdoutLine: {'line': b'-- Up-to-date symlink: /home/prathamkelkar/ros2_ws/install/px4_msgs/share/px4_msgs/msg/PowerMonitor.idl\n'}
[2.392990] (px4_msgs) StdoutLine: {'line': b'-- Up-to-date symlink: /home/prathamkelkar/ros2_ws/install/px4_msgs/share/px4_msgs/msg/PpsCapture.idl\n'}
[2.393081] (px4_msgs) StdoutLine: {'line': b'-- Up-to-date symlink: /home/prathamkelkar/ros2_ws/install/px4_msgs/share/px4_msgs/msg/PwmInput.idl\n'}
[2.393171] (px4_msgs) StdoutLine: {'line': b'-- Up-to-date symlink: /home/prathamkelkar/ros2_ws/install/px4_msgs/share/px4_msgs/msg/Px4ioStatus.idl\n'}
[2.393262] (px4_msgs) StdoutLine: {'line': b'-- Up-to-date symlink: /home/prathamkelkar/ros2_ws/install/px4_msgs/share/px4_msgs/msg/QshellReq.idl\n'}
[2.393357] (px4_msgs) StdoutLine: {'line': b'-- Up-to-date symlink: /home/prathamkelkar/ros2_ws/install/px4_msgs/share/px4_msgs/msg/QshellRetval.idl\n'}
[2.393453] (px4_msgs) StdoutLine: {'line': b'-- Up-to-date symlink: /home/prathamkelkar/ros2_ws/install/px4_msgs/share/px4_msgs/msg/RadioStatus.idl\n'}
[2.393546] (px4_msgs) StdoutLine: {'line': b'-- Up-to-date symlink: /home/prathamkelkar/ros2_ws/install/px4_msgs/share/px4_msgs/msg/RateCtrlStatus.idl\n'}
[2.393646] (px4_msgs) StdoutLine: {'line': b'-- Up-to-date symlink: /home/prathamkelkar/ros2_ws/install/px4_msgs/share/px4_msgs/msg/RcChannels.idl\n'}
[2.393740] (px4_msgs) StdoutLine: {'line': b'-- Up-to-date symlink: /home/prathamkelkar/ros2_ws/install/px4_msgs/share/px4_msgs/msg/RcParameterMap.idl\n'}
[2.393832] (px4_msgs) StdoutLine: {'line': b'-- Up-to-date symlink: /home/prathamkelkar/ros2_ws/install/px4_msgs/share/px4_msgs/msg/RegisterExtComponentReply.idl\n'}
[2.393925] (px4_msgs) StdoutLine: {'line': b'-- Up-to-date symlink: /home/prathamkelkar/ros2_ws/install/px4_msgs/share/px4_msgs/msg/RegisterExtComponentRequest.idl\n'}
[2.394021] (px4_msgs) StdoutLine: {'line': b'-- Up-to-date symlink: /home/prathamkelkar/ros2_ws/install/px4_msgs/share/px4_msgs/msg/Rpm.idl\n'}
[2.394114] (px4_msgs) StdoutLine: {'line': b'-- Up-to-date symlink: /home/prathamkelkar/ros2_ws/install/px4_msgs/share/px4_msgs/msg/RtlStatus.idl\n'}
[2.394207] (px4_msgs) StdoutLine: {'line': b'-- Up-to-date symlink: /home/prathamkelkar/ros2_ws/install/px4_msgs/share/px4_msgs/msg/RtlTimeEstimate.idl\n'}
[2.394300] (px4_msgs) StdoutLine: {'line': b'-- Up-to-date symlink: /home/prathamkelkar/ros2_ws/install/px4_msgs/share/px4_msgs/msg/SatelliteInfo.idl\n'}
[2.394394] (px4_msgs) StdoutLine: {'line': b'-- Up-to-date symlink: /home/prathamkelkar/ros2_ws/install/px4_msgs/share/px4_msgs/msg/SensorAccel.idl\n'}
[2.394486] (px4_msgs) StdoutLine: {'line': b'-- Up-to-date symlink: /home/prathamkelkar/ros2_ws/install/px4_msgs/share/px4_msgs/msg/SensorAccelFifo.idl\n'}
[2.394580] (px4_msgs) StdoutLine: {'line': b'-- Up-to-date symlink: /home/prathamkelkar/ros2_ws/install/px4_msgs/share/px4_msgs/msg/SensorAirflow.idl\n'}
[2.394690] (px4_msgs) StdoutLine: {'line': b'-- Up-to-date symlink: /home/prathamkelkar/ros2_ws/install/px4_msgs/share/px4_msgs/msg/SensorBaro.idl\n'}
[2.394789] (px4_msgs) StdoutLine: {'line': b'-- Up-to-date symlink: /home/prathamkelkar/ros2_ws/install/px4_msgs/share/px4_msgs/msg/SensorCombined.idl\n'}
[2.394884] (px4_msgs) StdoutLine: {'line': b'-- Up-to-date symlink: /home/prathamkelkar/ros2_ws/install/px4_msgs/share/px4_msgs/msg/SensorCorrection.idl\n'}
[2.394978] (px4_msgs) StdoutLine: {'line': b'-- Up-to-date symlink: /home/prathamkelkar/ros2_ws/install/px4_msgs/share/px4_msgs/msg/SensorGnssRelative.idl\n'}
[2.395071] (px4_msgs) StdoutLine: {'line': b'-- Up-to-date symlink: /home/prathamkelkar/ros2_ws/install/px4_msgs/share/px4_msgs/msg/SensorGps.idl\n'}
[2.395163] (px4_msgs) StdoutLine: {'line': b'-- Up-to-date symlink: /home/prathamkelkar/ros2_ws/install/px4_msgs/share/px4_msgs/msg/SensorGyro.idl\n'}
[2.395254] (px4_msgs) StdoutLine: {'line': b'-- Up-to-date symlink: /home/prathamkelkar/ros2_ws/install/px4_msgs/share/px4_msgs/msg/SensorGyroFft.idl\n'}
[2.395356] (px4_msgs) StdoutLine: {'line': b'-- Up-to-date symlink: /home/prathamkelkar/ros2_ws/install/px4_msgs/share/px4_msgs/msg/SensorGyroFifo.idl\n'}
[2.395448] (px4_msgs) StdoutLine: {'line': b'-- Up-to-date symlink: /home/prathamkelkar/ros2_ws/install/px4_msgs/share/px4_msgs/msg/SensorHygrometer.idl\n'}
[2.395540] (px4_msgs) StdoutLine: {'line': b'-- Up-to-date symlink: /home/prathamkelkar/ros2_ws/install/px4_msgs/share/px4_msgs/msg/SensorMag.idl\n'}
[2.395636] (px4_msgs) StdoutLine: {'line': b'-- Up-to-date symlink: /home/prathamkelkar/ros2_ws/install/px4_msgs/share/px4_msgs/msg/SensorOpticalFlow.idl\n'}
[2.395731] (px4_msgs) StdoutLine: {'line': b'-- Up-to-date symlink: /home/prathamkelkar/ros2_ws/install/px4_msgs/share/px4_msgs/msg/SensorPreflightMag.idl\n'}
[2.395824] (px4_msgs) StdoutLine: {'line': b'-- Up-to-date symlink: /home/prathamkelkar/ros2_ws/install/px4_msgs/share/px4_msgs/msg/SensorSelection.idl\n'}
[2.395922] (px4_msgs) StdoutLine: {'line': b'-- Up-to-date symlink: /home/prathamkelkar/ros2_ws/install/px4_msgs/share/px4_msgs/msg/SensorUwb.idl\n'}
[2.396017] (px4_msgs) StdoutLine: {'line': b'-- Up-to-date symlink: /home/prathamkelkar/ros2_ws/install/px4_msgs/share/px4_msgs/msg/SensorsStatus.idl\n'}
[2.396109] (px4_msgs) StdoutLine: {'line': b'-- Up-to-date symlink: /home/prathamkelkar/ros2_ws/install/px4_msgs/share/px4_msgs/msg/SensorsStatusImu.idl\n'}
[2.396202] (px4_msgs) StdoutLine: {'line': b'-- Up-to-date symlink: /home/prathamkelkar/ros2_ws/install/px4_msgs/share/px4_msgs/msg/SystemPower.idl\n'}
[2.396297] (px4_msgs) StdoutLine: {'line': b'-- Up-to-date symlink: /home/prathamkelkar/ros2_ws/install/px4_msgs/share/px4_msgs/msg/TakeoffStatus.idl\n'}
[2.396388] (px4_msgs) StdoutLine: {'line': b'-- Up-to-date symlink: /home/prathamkelkar/ros2_ws/install/px4_msgs/share/px4_msgs/msg/TaskStackInfo.idl\n'}
[2.396479] (px4_msgs) StdoutLine: {'line': b'-- Up-to-date symlink: /home/prathamkelkar/ros2_ws/install/px4_msgs/share/px4_msgs/msg/TecsStatus.idl\n'}
[2.396570] (px4_msgs) StdoutLine: {'line': b'-- Up-to-date symlink: /home/prathamkelkar/ros2_ws/install/px4_msgs/share/px4_msgs/msg/TelemetryStatus.idl\n'}
[2.396674] (px4_msgs) StdoutLine: {'line': b'-- Up-to-date symlink: /home/prathamkelkar/ros2_ws/install/px4_msgs/share/px4_msgs/msg/TiltrotorExtraControls.idl\n'}
[2.396766] (px4_msgs) StdoutLine: {'line': b'-- Up-to-date symlink: /home/prathamkelkar/ros2_ws/install/px4_msgs/share/px4_msgs/msg/TimesyncStatus.idl\n'}
[2.396857] (px4_msgs) StdoutLine: {'line': b'-- Up-to-date symlink: /home/prathamkelkar/ros2_ws/install/px4_msgs/share/px4_msgs/msg/TrajectoryBezier.idl\n'}
[2.396947] (px4_msgs) StdoutLine: {'line': b'-- Up-to-date symlink: /home/prathamkelkar/ros2_ws/install/px4_msgs/share/px4_msgs/msg/TrajectorySetpoint.idl\n'}
[2.397038] (px4_msgs) StdoutLine: {'line': b'-- Up-to-date symlink: /home/prathamkelkar/ros2_ws/install/px4_msgs/share/px4_msgs/msg/TrajectoryWaypoint.idl\n'}
[2.397134] (px4_msgs) StdoutLine: {'line': b'-- Up-to-date symlink: /home/prathamkelkar/ros2_ws/install/px4_msgs/share/px4_msgs/msg/TransponderReport.idl\n'}
[2.397231] (px4_msgs) StdoutLine: {'line': b'-- Up-to-date symlink: /home/prathamkelkar/ros2_ws/install/px4_msgs/share/px4_msgs/msg/TuneControl.idl\n'}
[2.397322] (px4_msgs) StdoutLine: {'line': b'-- Up-to-date symlink: /home/prathamkelkar/ros2_ws/install/px4_msgs/share/px4_msgs/msg/UavcanParameterRequest.idl\n'}
[2.397412] (px4_msgs) StdoutLine: {'line': b'-- Up-to-date symlink: /home/prathamkelkar/ros2_ws/install/px4_msgs/share/px4_msgs/msg/UavcanParameterValue.idl\n'}
[2.397503] (px4_msgs) StdoutLine: {'line': b'-- Up-to-date symlink: /home/prathamkelkar/ros2_ws/install/px4_msgs/share/px4_msgs/msg/UlogStream.idl\n'}
[2.397594] (px4_msgs) StdoutLine: {'line': b'-- Up-to-date symlink: /home/prathamkelkar/ros2_ws/install/px4_msgs/share/px4_msgs/msg/UlogStreamAck.idl\n'}
[2.397692] (px4_msgs) StdoutLine: {'line': b'-- Up-to-date symlink: /home/prathamkelkar/ros2_ws/install/px4_msgs/share/px4_msgs/msg/UnregisterExtComponent.idl\n'}
[2.397784] (px4_msgs) StdoutLine: {'line': b'-- Up-to-date symlink: /home/prathamkelkar/ros2_ws/install/px4_msgs/share/px4_msgs/msg/VehicleAcceleration.idl\n'}
[2.397874] (px4_msgs) StdoutLine: {'line': b'-- Up-to-date symlink: /home/prathamkelkar/ros2_ws/install/px4_msgs/share/px4_msgs/msg/VehicleAirData.idl\n'}
[2.397964] (px4_msgs) StdoutLine: {'line': b'-- Up-to-date symlink: /home/prathamkelkar/ros2_ws/install/px4_msgs/share/px4_msgs/msg/VehicleAngularAccelerationSetpoint.idl\n'}
[2.398064] (px4_msgs) StdoutLine: {'line': b'-- Up-to-date symlink: /home/prathamkelkar/ros2_ws/install/px4_msgs/share/px4_msgs/msg/VehicleAngularVelocity.idl\n'}
[2.398156] (px4_msgs) StdoutLine: {'line': b'-- Up-to-date symlink: /home/prathamkelkar/ros2_ws/install/px4_msgs/share/px4_msgs/msg/VehicleAttitude.idl\n'}
[2.398246] (px4_msgs) StdoutLine: {'line': b'-- Up-to-date symlink: /home/prathamkelkar/ros2_ws/install/px4_msgs/share/px4_msgs/msg/VehicleAttitudeSetpoint.idl\n'}
[2.398339] (px4_msgs) StdoutLine: {'line': b'-- Up-to-date symlink: /home/prathamkelkar/ros2_ws/install/px4_msgs/share/px4_msgs/msg/VehicleCommand.idl\n'}
[2.398671] (px4_msgs) StdoutLine: {'line': b'-- Up-to-date symlink: /home/prathamkelkar/ros2_ws/install/px4_msgs/share/px4_msgs/msg/VehicleCommandAck.idl\n'}
[2.398769] (px4_msgs) StdoutLine: {'line': b'-- Up-to-date symlink: /home/prathamkelkar/ros2_ws/install/px4_msgs/share/px4_msgs/msg/VehicleConstraints.idl\n'}
[2.398862] (px4_msgs) StdoutLine: {'line': b'-- Up-to-date symlink: /home/prathamkelkar/ros2_ws/install/px4_msgs/share/px4_msgs/msg/VehicleControlMode.idl\n'}
[2.398953] (px4_msgs) StdoutLine: {'line': b'-- Up-to-date symlink: /home/prathamkelkar/ros2_ws/install/px4_msgs/share/px4_msgs/msg/VehicleGlobalPosition.idl\n'}
[2.399044] (px4_msgs) StdoutLine: {'line': b'-- Up-to-date symlink: /home/prathamkelkar/ros2_ws/install/px4_msgs/share/px4_msgs/msg/VehicleImu.idl\n'}
[2.399157] (px4_msgs) StdoutLine: {'line': b'-- Up-to-date symlink: /home/prathamkelkar/ros2_ws/install/px4_msgs/share/px4_msgs/msg/VehicleImuStatus.idl\n'}
[2.399249] (px4_msgs) StdoutLine: {'line': b'-- Up-to-date symlink: /home/prathamkelkar/ros2_ws/install/px4_msgs/share/px4_msgs/msg/VehicleLandDetected.idl\n'}
[2.399343] (px4_msgs) StdoutLine: {'line': b'-- Up-to-date symlink: /home/prathamkelkar/ros2_ws/install/px4_msgs/share/px4_msgs/msg/VehicleLocalPosition.idl\n'}
[2.399436] (px4_msgs) StdoutLine: {'line': b'-- Up-to-date symlink: /home/prathamkelkar/ros2_ws/install/px4_msgs/share/px4_msgs/msg/VehicleLocalPositionSetpoint.idl\n'}
[2.399529] (px4_msgs) StdoutLine: {'line': b'-- Up-to-date symlink: /home/prathamkelkar/ros2_ws/install/px4_msgs/share/px4_msgs/msg/VehicleMagnetometer.idl\n'}
[2.399625] (px4_msgs) StdoutLine: {'line': b'-- Up-to-date symlink: /home/prathamkelkar/ros2_ws/install/px4_msgs/share/px4_msgs/msg/VehicleOdometry.idl\n'}
[2.399721] (px4_msgs) StdoutLine: {'line': b'-- Up-to-date symlink: /home/prathamkelkar/ros2_ws/install/px4_msgs/share/px4_msgs/msg/VehicleOpticalFlow.idl\n'}
[2.399821] (px4_msgs) StdoutLine: {'line': b'-- Up-to-date symlink: /home/prathamkelkar/ros2_ws/install/px4_msgs/share/px4_msgs/msg/VehicleOpticalFlowVel.idl\n'}
[2.399914] (px4_msgs) StdoutLine: {'line': b'-- Up-to-date symlink: /home/prathamkelkar/ros2_ws/install/px4_msgs/share/px4_msgs/msg/VehicleRatesSetpoint.idl\n'}
[2.400007] (px4_msgs) StdoutLine: {'line': b'-- Up-to-date symlink: /home/prathamkelkar/ros2_ws/install/px4_msgs/share/px4_msgs/msg/VehicleRoi.idl\n'}
[2.400100] (px4_msgs) StdoutLine: {'line': b'-- Up-to-date symlink: /home/prathamkelkar/ros2_ws/install/px4_msgs/share/px4_msgs/msg/VehicleStatus.idl\n'}
[2.400192] (px4_msgs) StdoutLine: {'line': b'-- Up-to-date symlink: /home/prathamkelkar/ros2_ws/install/px4_msgs/share/px4_msgs/msg/VehicleThrustSetpoint.idl\n'}
[2.400284] (px4_msgs) StdoutLine: {'line': b'-- Up-to-date symlink: /home/prathamkelkar/ros2_ws/install/px4_msgs/share/px4_msgs/msg/VehicleTorqueSetpoint.idl\n'}
[2.400378] (px4_msgs) StdoutLine: {'line': b'-- Up-to-date symlink: /home/prathamkelkar/ros2_ws/install/px4_msgs/share/px4_msgs/msg/VehicleTrajectoryBezier.idl\n'}
[2.400470] (px4_msgs) StdoutLine: {'line': b'-- Up-to-date symlink: /home/prathamkelkar/ros2_ws/install/px4_msgs/share/px4_msgs/msg/VehicleTrajectoryWaypoint.idl\n'}
[2.400561] (px4_msgs) StdoutLine: {'line': b'-- Up-to-date symlink: /home/prathamkelkar/ros2_ws/install/px4_msgs/share/px4_msgs/msg/VelocityLimits.idl\n'}
[2.400657] (px4_msgs) StdoutLine: {'line': b'-- Up-to-date symlink: /home/prathamkelkar/ros2_ws/install/px4_msgs/share/px4_msgs/msg/VtolVehicleStatus.idl\n'}
[2.400751] (px4_msgs) StdoutLine: {'line': b'-- Up-to-date symlink: /home/prathamkelkar/ros2_ws/install/px4_msgs/share/px4_msgs/msg/WheelEncoders.idl\n'}
[2.400842] (px4_msgs) StdoutLine: {'line': b'-- Up-to-date symlink: /home/prathamkelkar/ros2_ws/install/px4_msgs/share/px4_msgs/msg/Wind.idl\n'}
[2.400935] (px4_msgs) StdoutLine: {'line': b'-- Up-to-date symlink: /home/prathamkelkar/ros2_ws/install/px4_msgs/share/px4_msgs/msg/YawEstimatorStatus.idl\n'}
[2.401027] (px4_msgs) StdoutLine: {'line': b'-- Up-to-date symlink: /home/prathamkelkar/ros2_ws/install/px4_msgs/share/px4_msgs/srv/VehicleCommand.idl\n'}
[2.401120] (px4_msgs) StdoutLine: {'line': b'-- Up-to-date symlink: /home/prathamkelkar/ros2_ws/install/px4_msgs/share/px4_msgs/msg/ActionRequest.msg\n'}
[2.401212] (px4_msgs) StdoutLine: {'line': b'-- Up-to-date symlink: /home/prathamkelkar/ros2_ws/install/px4_msgs/share/px4_msgs/msg/ActuatorArmed.msg\n'}
[2.401303] (px4_msgs) StdoutLine: {'line': b'-- Up-to-date symlink: /home/prathamkelkar/ros2_ws/install/px4_msgs/share/px4_msgs/msg/ActuatorControlsStatus.msg\n'}
[2.401397] (px4_msgs) StdoutLine: {'line': b'-- Up-to-date symlink: /home/prathamkelkar/ros2_ws/install/px4_msgs/share/px4_msgs/msg/ActuatorMotors.msg\n'}
[2.401487] (px4_msgs) StdoutLine: {'line': b'-- Up-to-date symlink: /home/prathamkelkar/ros2_ws/install/px4_msgs/share/px4_msgs/msg/ActuatorOutputs.msg\n'}
[2.401584] (px4_msgs) StdoutLine: {'line': b'-- Up-to-date symlink: /home/prathamkelkar/ros2_ws/install/px4_msgs/share/px4_msgs/msg/ActuatorServos.msg\n'}
[2.401684] (px4_msgs) StdoutLine: {'line': b'-- Up-to-date symlink: /home/prathamkelkar/ros2_ws/install/px4_msgs/share/px4_msgs/msg/ActuatorServosTrim.msg\n'}
[2.401777] (px4_msgs) StdoutLine: {'line': b'-- Up-to-date symlink: /home/prathamkelkar/ros2_ws/install/px4_msgs/share/px4_msgs/msg/ActuatorTest.msg\n'}
[2.401868] (px4_msgs) StdoutLine: {'line': b'-- Up-to-date symlink: /home/prathamkelkar/ros2_ws/install/px4_msgs/share/px4_msgs/msg/AdcReport.msg\n'}
[2.401960] (px4_msgs) StdoutLine: {'line': b'-- Up-to-date symlink: /home/prathamkelkar/ros2_ws/install/px4_msgs/share/px4_msgs/msg/Airspeed.msg\n'}
[2.402052] (px4_msgs) StdoutLine: {'line': b'-- Up-to-date symlink: /home/prathamkelkar/ros2_ws/install/px4_msgs/share/px4_msgs/msg/AirspeedValidated.msg\n'}
[2.402143] (px4_msgs) StdoutLine: {'line': b'-- Up-to-date symlink: /home/prathamkelkar/ros2_ws/install/px4_msgs/share/px4_msgs/msg/AirspeedWind.msg\n'}
[2.402241] (px4_msgs) StdoutLine: {'line': b'-- Up-to-date symlink: /home/prathamkelkar/ros2_ws/install/px4_msgs/share/px4_msgs/msg/ArmingCheckReply.msg\n'}
[2.402333] (px4_msgs) StdoutLine: {'line': b'-- Up-to-date symlink: /home/prathamkelkar/ros2_ws/install/px4_msgs/share/px4_msgs/msg/ArmingCheckRequest.msg\n'}
[2.402423] (px4_msgs) StdoutLine: {'line': b'-- Up-to-date symlink: /home/prathamkelkar/ros2_ws/install/px4_msgs/share/px4_msgs/msg/AutotuneAttitudeControlStatus.msg\n'}
[2.402516] (px4_msgs) StdoutLine: {'line': b'-- Up-to-date symlink: /home/prathamkelkar/ros2_ws/install/px4_msgs/share/px4_msgs/msg/BatteryStatus.msg\n'}
[2.402612] (px4_msgs) StdoutLine: {'line': b'-- Up-to-date symlink: /home/prathamkelkar/ros2_ws/install/px4_msgs/share/px4_msgs/msg/Buffer128.msg\n'}
[2.402715] (px4_msgs) StdoutLine: {'line': b'-- Up-to-date symlink: /home/prathamkelkar/ros2_ws/install/px4_msgs/share/px4_msgs/msg/ButtonEvent.msg\n'}
[2.402806] (px4_msgs) StdoutLine: {'line': b'-- Up-to-date symlink: /home/prathamkelkar/ros2_ws/install/px4_msgs/share/px4_msgs/msg/CameraCapture.msg\n'}
[2.402896] (px4_msgs) StdoutLine: {'line': b'-- Up-to-date symlink: /home/prathamkelkar/ros2_ws/install/px4_msgs/share/px4_msgs/msg/CameraStatus.msg\n'}
[2.402987] (px4_msgs) StdoutLine: {'line': b'-- Up-to-date symlink: /home/prathamkelkar/ros2_ws/install/px4_msgs/share/px4_msgs/msg/CameraTrigger.msg\n'}
[2.403079] (px4_msgs) StdoutLine: {'line': b'-- Up-to-date symlink: /home/prathamkelkar/ros2_ws/install/px4_msgs/share/px4_msgs/msg/CanInterfaceStatus.msg\n'}
[2.403170] (px4_msgs) StdoutLine: {'line': b'-- Up-to-date symlink: /home/prathamkelkar/ros2_ws/install/px4_msgs/share/px4_msgs/msg/CellularStatus.msg\n'}
[2.403262] (px4_msgs) StdoutLine: {'line': b'-- Up-to-date symlink: /home/prathamkelkar/ros2_ws/install/px4_msgs/share/px4_msgs/msg/CollisionConstraints.msg\n'}
[2.403353] (px4_msgs) StdoutLine: {'line': b'-- Up-to-date symlink: /home/prathamkelkar/ros2_ws/install/px4_msgs/share/px4_msgs/msg/CollisionReport.msg\n'}
[2.403445] (px4_msgs) StdoutLine: {'line': b'-- Up-to-date symlink: /home/prathamkelkar/ros2_ws/install/px4_msgs/share/px4_msgs/msg/ConfigOverrides.msg\n'}
[2.403537] (px4_msgs) StdoutLine: {'line': b'-- Up-to-date symlink: /home/prathamkelkar/ros2_ws/install/px4_msgs/share/px4_msgs/msg/ControlAllocatorStatus.msg\n'}
[2.403633] (px4_msgs) StdoutLine: {'line': b'-- Up-to-date symlink: /home/prathamkelkar/ros2_ws/install/px4_msgs/share/px4_msgs/msg/Cpuload.msg\n'}
[2.403726] (px4_msgs) StdoutLine: {'line': b'-- Up-to-date symlink: /home/prathamkelkar/ros2_ws/install/px4_msgs/share/px4_msgs/msg/DatamanRequest.msg\n'}
[2.403816] (px4_msgs) StdoutLine: {'line': b'-- Up-to-date symlink: /home/prathamkelkar/ros2_ws/install/px4_msgs/share/px4_msgs/msg/DatamanResponse.msg\n'}
[2.403909] (px4_msgs) StdoutLine: {'line': b'-- Up-to-date symlink: /home/prathamkelkar/ros2_ws/install/px4_msgs/share/px4_msgs/msg/DebugArray.msg\n'}
[2.403999] (px4_msgs) StdoutLine: {'line': b'-- Up-to-date symlink: /home/prathamkelkar/ros2_ws/install/px4_msgs/share/px4_msgs/msg/DebugKeyValue.msg\n'}
[2.404091] (px4_msgs) StdoutLine: {'line': b'-- Up-to-date symlink: /home/prathamkelkar/ros2_ws/install/px4_msgs/share/px4_msgs/msg/DebugValue.msg\n'}
[2.404182] (px4_msgs) StdoutLine: {'line': b'-- Up-to-date symlink: /home/prathamkelkar/ros2_ws/install/px4_msgs/share/px4_msgs/msg/DebugVect.msg\n'}
[2.404274] (px4_msgs) StdoutLine: {'line': b'-- Up-to-date symlink: /home/prathamkelkar/ros2_ws/install/px4_msgs/share/px4_msgs/msg/DifferentialDriveSetpoint.msg\n'}
[2.404366] (px4_msgs) StdoutLine: {'line': b'-- Up-to-date symlink: /home/prathamkelkar/ros2_ws/install/px4_msgs/share/px4_msgs/msg/DifferentialPressure.msg\n'}
[2.404457] (px4_msgs) StdoutLine: {'line': b'-- Up-to-date symlink: /home/prathamkelkar/ros2_ws/install/px4_msgs/share/px4_msgs/msg/DistanceSensor.msg\n'}
[2.404548] (px4_msgs) StdoutLine: {'line': b'-- Up-to-date symlink: /home/prathamkelkar/ros2_ws/install/px4_msgs/share/px4_msgs/msg/Ekf2Timestamps.msg\n'}
[2.404644] (px4_msgs) StdoutLine: {'line': b'-- Up-to-date symlink: /home/prathamkelkar/ros2_ws/install/px4_msgs/share/px4_msgs/msg/EscReport.msg\n'}
[2.404741] (px4_msgs) StdoutLine: {'line': b'-- Up-to-date symlink: /home/prathamkelkar/ros2_ws/install/px4_msgs/share/px4_msgs/msg/EscStatus.msg\n'}
[2.404837] (px4_msgs) StdoutLine: {'line': b'-- Up-to-date symlink: /home/prathamkelkar/ros2_ws/install/px4_msgs/share/px4_msgs/msg/EstimatorAidSource1d.msg\n'}
[2.404929] (px4_msgs) StdoutLine: {'line': b'-- Up-to-date symlink: /home/prathamkelkar/ros2_ws/install/px4_msgs/share/px4_msgs/msg/EstimatorAidSource2d.msg\n'}
[2.405020] (px4_msgs) StdoutLine: {'line': b'-- Up-to-date symlink: /home/prathamkelkar/ros2_ws/install/px4_msgs/share/px4_msgs/msg/EstimatorAidSource3d.msg\n'}
[2.405111] (px4_msgs) StdoutLine: {'line': b'-- Up-to-date symlink: /home/prathamkelkar/ros2_ws/install/px4_msgs/share/px4_msgs/msg/EstimatorBias.msg\n'}
[2.405203] (px4_msgs) StdoutLine: {'line': b'-- Up-to-date symlink: /home/prathamkelkar/ros2_ws/install/px4_msgs/share/px4_msgs/msg/EstimatorBias3d.msg\n'}
[2.405293] (px4_msgs) StdoutLine: {'line': b'-- Up-to-date symlink: /home/prathamkelkar/ros2_ws/install/px4_msgs/share/px4_msgs/msg/EstimatorEventFlags.msg\n'}
[2.405383] (px4_msgs) StdoutLine: {'line': b'-- Up-to-date symlink: /home/prathamkelkar/ros2_ws/install/px4_msgs/share/px4_msgs/msg/EstimatorGpsStatus.msg\n'}
[2.405474] (px4_msgs) StdoutLine: {'line': b'-- Up-to-date symlink: /home/prathamkelkar/ros2_ws/install/px4_msgs/share/px4_msgs/msg/EstimatorInnovations.msg\n'}
[2.405566] (px4_msgs) StdoutLine: {'line': b'-- Up-to-date symlink: /home/prathamkelkar/ros2_ws/install/px4_msgs/share/px4_msgs/msg/EstimatorSelectorStatus.msg\n'}
[2.405663] (px4_msgs) StdoutLine: {'line': b'-- Up-to-date symlink: /home/prathamkelkar/ros2_ws/install/px4_msgs/share/px4_msgs/msg/EstimatorSensorBias.msg\n'}
[2.405756] (px4_msgs) StdoutLine: {'line': b'-- Up-to-date symlink: /home/prathamkelkar/ros2_ws/install/px4_msgs/share/px4_msgs/msg/EstimatorStates.msg\n'}
[2.405848] (px4_msgs) StdoutLine: {'line': b'-- Up-to-date symlink: /home/prathamkelkar/ros2_ws/install/px4_msgs/share/px4_msgs/msg/EstimatorStatus.msg\n'}
[2.405939] (px4_msgs) StdoutLine: {'line': b'-- Up-to-date symlink: /home/prathamkelkar/ros2_ws/install/px4_msgs/share/px4_msgs/msg/EstimatorStatusFlags.msg\n'}
[2.406030] (px4_msgs) StdoutLine: {'line': b'-- Up-to-date symlink: /home/prathamkelkar/ros2_ws/install/px4_msgs/share/px4_msgs/msg/Event.msg\n'}
[2.406121] (px4_msgs) StdoutLine: {'line': b'-- Up-to-date symlink: /home/prathamkelkar/ros2_ws/install/px4_msgs/share/px4_msgs/msg/FailsafeFlags.msg\n'}
[2.406223] (px4_msgs) StdoutLine: {'line': b'-- Up-to-date symlink: /home/prathamkelkar/ros2_ws/install/px4_msgs/share/px4_msgs/msg/FailureDetectorStatus.msg\n'}
[2.406316] (px4_msgs) StdoutLine: {'line': b'-- Up-to-date symlink: /home/prathamkelkar/ros2_ws/install/px4_msgs/share/px4_msgs/msg/FigureEightStatus.msg\n'}
[2.406407] (px4_msgs) StdoutLine: {'line': b'-- Up-to-date symlink: /home/prathamkelkar/ros2_ws/install/px4_msgs/share/px4_msgs/msg/FlightPhaseEstimation.msg\n'}
[2.406499] (px4_msgs) StdoutLine: {'line': b'-- Up-to-date symlink: /home/prathamkelkar/ros2_ws/install/px4_msgs/share/px4_msgs/msg/FollowTarget.msg\n'}
[2.406591] (px4_msgs) StdoutLine: {'line': b'-- Up-to-date symlink: /home/prathamkelkar/ros2_ws/install/px4_msgs/share/px4_msgs/msg/FollowTargetEstimator.msg\n'}
[2.406687] (px4_msgs) StdoutLine: {'line': b'-- Up-to-date symlink: /home/prathamkelkar/ros2_ws/install/px4_msgs/share/px4_msgs/msg/FollowTargetStatus.msg\n'}
[2.406778] (px4_msgs) StdoutLine: {'line': b'-- Up-to-date symlink: /home/prathamkelkar/ros2_ws/install/px4_msgs/share/px4_msgs/msg/GeneratorStatus.msg\n'}
[2.406871] (px4_msgs) StdoutLine: {'line': b'-- Up-to-date symlink: /home/prathamkelkar/ros2_ws/install/px4_msgs/share/px4_msgs/msg/GeofenceResult.msg\n'}
[2.406963] (px4_msgs) StdoutLine: {'line': b'-- Up-to-date symlink: /home/prathamkelkar/ros2_ws/install/px4_msgs/share/px4_msgs/msg/GeofenceStatus.msg\n'}
[2.407064] (px4_msgs) StdoutLine: {'line': b'-- Up-to-date symlink: /home/prathamkelkar/ros2_ws/install/px4_msgs/share/px4_msgs/msg/GimbalControls.msg\n'}
[2.407163] (px4_msgs) StdoutLine: {'line': b'-- Up-to-date symlink: /home/prathamkelkar/ros2_ws/install/px4_msgs/share/px4_msgs/msg/GimbalDeviceAttitudeStatus.msg\n'}
[2.407255] (px4_msgs) StdoutLine: {'line': b'-- Up-to-date symlink: /home/prathamkelkar/ros2_ws/install/px4_msgs/share/px4_msgs/msg/GimbalDeviceInformation.msg\n'}
[2.407345] (px4_msgs) StdoutLine: {'line': b'-- Up-to-date symlink: /home/prathamkelkar/ros2_ws/install/px4_msgs/share/px4_msgs/msg/GimbalDeviceSetAttitude.msg\n'}
[2.407437] (px4_msgs) StdoutLine: {'line': b'-- Up-to-date symlink: /home/prathamkelkar/ros2_ws/install/px4_msgs/share/px4_msgs/msg/GimbalManagerInformation.msg\n'}
[2.407529] (px4_msgs) StdoutLine: {'line': b'-- Up-to-date symlink: /home/prathamkelkar/ros2_ws/install/px4_msgs/share/px4_msgs/msg/GimbalManagerSetAttitude.msg\n'}
[2.407626] (px4_msgs) StdoutLine: {'line': b'-- Up-to-date symlink: /home/prathamkelkar/ros2_ws/install/px4_msgs/share/px4_msgs/msg/GimbalManagerSetManualControl.msg\n'}
[2.407719] (px4_msgs) StdoutLine: {'line': b'-- Up-to-date symlink: /home/prathamkelkar/ros2_ws/install/px4_msgs/share/px4_msgs/msg/GimbalManagerStatus.msg\n'}
[2.407811] (px4_msgs) StdoutLine: {'line': b'-- Up-to-date symlink: /home/prathamkelkar/ros2_ws/install/px4_msgs/share/px4_msgs/msg/GotoSetpoint.msg\n'}
[2.407901] (px4_msgs) StdoutLine: {'line': b'-- Up-to-date symlink: /home/prathamkelkar/ros2_ws/install/px4_msgs/share/px4_msgs/msg/GpioConfig.msg\n'}
[2.407992] (px4_msgs) StdoutLine: {'line': b'-- Up-to-date symlink: /home/prathamkelkar/ros2_ws/install/px4_msgs/share/px4_msgs/msg/GpioIn.msg\n'}
[2.408088] (px4_msgs) StdoutLine: {'line': b'-- Up-to-date symlink: /home/prathamkelkar/ros2_ws/install/px4_msgs/share/px4_msgs/msg/GpioOut.msg\n'}
[2.408180] (px4_msgs) StdoutLine: {'line': b'-- Up-to-date symlink: /home/prathamkelkar/ros2_ws/install/px4_msgs/share/px4_msgs/msg/GpioRequest.msg\n'}
[2.408271] (px4_msgs) StdoutLine: {'line': b'-- Up-to-date symlink: /home/prathamkelkar/ros2_ws/install/px4_msgs/share/px4_msgs/msg/GpsDump.msg\n'}
[2.408364] (px4_msgs) StdoutLine: {'line': b'-- Up-to-date symlink: /home/prathamkelkar/ros2_ws/install/px4_msgs/share/px4_msgs/msg/GpsInjectData.msg\n'}
[2.408455] (px4_msgs) StdoutLine: {'line': b'-- Up-to-date symlink: /home/prathamkelkar/ros2_ws/install/px4_msgs/share/px4_msgs/msg/Gripper.msg\n'}
[2.408546] (px4_msgs) StdoutLine: {'line': b'-- Up-to-date symlink: /home/prathamkelkar/ros2_ws/install/px4_msgs/share/px4_msgs/msg/HealthReport.msg\n'}
[2.408642] (px4_msgs) StdoutLine: {'line': b'-- Up-to-date symlink: /home/prathamkelkar/ros2_ws/install/px4_msgs/share/px4_msgs/msg/HeaterStatus.msg\n'}
[2.408732] (px4_msgs) StdoutLine: {'line': b'-- Up-to-date symlink: /home/prathamkelkar/ros2_ws/install/px4_msgs/share/px4_msgs/msg/HomePosition.msg\n'}
[2.408835] (px4_msgs) StdoutLine: {'line': b'-- Up-to-date symlink: /home/prathamkelkar/ros2_ws/install/px4_msgs/share/px4_msgs/msg/HoverThrustEstimate.msg\n'}
[2.408955] (px4_msgs) StdoutLine: {'line': b'-- Up-to-date symlink: /home/prathamkelkar/ros2_ws/install/px4_msgs/share/px4_msgs/msg/InputRc.msg\n'}
[2.409071] (px4_msgs) StdoutLine: {'line': b'-- Up-to-date symlink: /home/prathamkelkar/ros2_ws/install/px4_msgs/share/px4_msgs/msg/InternalCombustionEngineStatus.msg\n'}
[2.409185] (px4_msgs) StdoutLine: {'line': b'-- Up-to-date symlink: /home/prathamkelkar/ros2_ws/install/px4_msgs/share/px4_msgs/msg/IridiumsbdStatus.msg\n'}
[2.409299] (px4_msgs) StdoutLine: {'line': b'-- Up-to-date symlink: /home/prathamkelkar/ros2_ws/install/px4_msgs/share/px4_msgs/msg/IrlockReport.msg\n'}
[2.409411] (px4_msgs) StdoutLine: {'line': b'-- Up-to-date symlink: /home/prathamkelkar/ros2_ws/install/px4_msgs/share/px4_msgs/msg/LandingGear.msg\n'}
[2.409525] (px4_msgs) StdoutLine: {'line': b'-- Up-to-date symlink: /home/prathamkelkar/ros2_ws/install/px4_msgs/share/px4_msgs/msg/LandingGearWheel.msg\n'}
[2.409640] (px4_msgs) StdoutLine: {'line': b'-- Up-to-date symlink: /home/prathamkelkar/ros2_ws/install/px4_msgs/share/px4_msgs/msg/LandingTargetInnovations.msg\n'}
[2.410005] (px4_msgs) StdoutLine: {'line': b'-- Up-to-date symlink: /home/prathamkelkar/ros2_ws/install/px4_msgs/share/px4_msgs/msg/LandingTargetPose.msg\n'}
[2.410122] (px4_msgs) StdoutLine: {'line': b'-- Up-to-date symlink: /home/prathamkelkar/ros2_ws/install/px4_msgs/share/px4_msgs/msg/LaunchDetectionStatus.msg\n'}
[2.410428] (px4_msgs) StdoutLine: {'line': b'-- Up-to-date symlink: /home/prathamkelkar/ros2_ws/install/px4_msgs/share/px4_msgs/msg/LedControl.msg\n'}
[2.410522] (px4_msgs) StdoutLine: {'line': b'-- Up-to-date symlink: /home/prathamkelkar/ros2_ws/install/px4_msgs/share/px4_msgs/msg/LogMessage.msg\n'}
[2.410621] (px4_msgs) StdoutLine: {'line': b'-- Up-to-date symlink: /home/prathamkelkar/ros2_ws/install/px4_msgs/share/px4_msgs/msg/LoggerStatus.msg\n'}
[2.410711] (px4_msgs) StdoutLine: {'line': b'-- Up-to-date symlink: /home/prathamkelkar/ros2_ws/install/px4_msgs/share/px4_msgs/msg/MagWorkerData.msg\n'}
[2.410804] (px4_msgs) StdoutLine: {'line': b'-- Up-to-date symlink: /home/prathamkelkar/ros2_ws/install/px4_msgs/share/px4_msgs/msg/MagnetometerBiasEstimate.msg\n'}
[2.410894] (px4_msgs) StdoutLine: {'line': b'-- Up-to-date symlink: /home/prathamkelkar/ros2_ws/install/px4_msgs/share/px4_msgs/msg/ManualControlSetpoint.msg\n'}
[2.410985] (px4_msgs) StdoutLine: {'line': b'-- Up-to-date symlink: /home/prathamkelkar/ros2_ws/install/px4_msgs/share/px4_msgs/msg/ManualControlSwitches.msg\n'}
[2.411076] (px4_msgs) StdoutLine: {'line': b'-- Up-to-date symlink: /home/prathamkelkar/ros2_ws/install/px4_msgs/share/px4_msgs/msg/MavlinkLog.msg\n'}
[2.411166] (px4_msgs) StdoutLine: {'line': b'-- Up-to-date symlink: /home/prathamkelkar/ros2_ws/install/px4_msgs/share/px4_msgs/msg/MavlinkTunnel.msg\n'}
[2.411257] (px4_msgs) StdoutLine: {'line': b'-- Up-to-date symlink: /home/prathamkelkar/ros2_ws/install/px4_msgs/share/px4_msgs/msg/MessageFormatRequest.msg\n'}
[2.411347] (px4_msgs) StdoutLine: {'line': b'-- Up-to-date symlink: /home/prathamkelkar/ros2_ws/install/px4_msgs/share/px4_msgs/msg/MessageFormatResponse.msg\n'}
[2.411437] (px4_msgs) StdoutLine: {'line': b'-- Up-to-date symlink: /home/prathamkelkar/ros2_ws/install/px4_msgs/share/px4_msgs/msg/Mission.msg\n'}
[2.411527] (px4_msgs) StdoutLine: {'line': b'-- Up-to-date symlink: /home/prathamkelkar/ros2_ws/install/px4_msgs/share/px4_msgs/msg/MissionResult.msg\n'}
[2.411625] (px4_msgs) StdoutLine: {'line': b'-- Up-to-date symlink: /home/prathamkelkar/ros2_ws/install/px4_msgs/share/px4_msgs/msg/ModeCompleted.msg\n'}
[2.411717] (px4_msgs) StdoutLine: {'line': b'-- Up-to-date symlink: /home/prathamkelkar/ros2_ws/install/px4_msgs/share/px4_msgs/msg/MountOrientation.msg\n'}
[2.411808] (px4_msgs) StdoutLine: {'line': b'-- Up-to-date symlink: /home/prathamkelkar/ros2_ws/install/px4_msgs/share/px4_msgs/msg/NavigatorMissionItem.msg\n'}
[2.411899] (px4_msgs) StdoutLine: {'line': b'-- Up-to-date symlink: /home/prathamkelkar/ros2_ws/install/px4_msgs/share/px4_msgs/msg/NormalizedUnsignedSetpoint.msg\n'}
[2.411995] (px4_msgs) StdoutLine: {'line': b'-- Up-to-date symlink: /home/prathamkelkar/ros2_ws/install/px4_msgs/share/px4_msgs/msg/NpfgStatus.msg\n'}
[2.412087] (px4_msgs) StdoutLine: {'line': b'-- Up-to-date symlink: /home/prathamkelkar/ros2_ws/install/px4_msgs/share/px4_msgs/msg/ObstacleDistance.msg\n'}
[2.412178] (px4_msgs) StdoutLine: {'line': b'-- Up-to-date symlink: /home/prathamkelkar/ros2_ws/install/px4_msgs/share/px4_msgs/msg/OffboardControlMode.msg\n'}
[2.412270] (px4_msgs) StdoutLine: {'line': b'-- Up-to-date symlink: /home/prathamkelkar/ros2_ws/install/px4_msgs/share/px4_msgs/msg/OnboardComputerStatus.msg\n'}
[2.412361] (px4_msgs) StdoutLine: {'line': b'-- Up-to-date symlink: /home/prathamkelkar/ros2_ws/install/px4_msgs/share/px4_msgs/msg/OrbTest.msg\n'}
[2.412452] (px4_msgs) StdoutLine: {'line': b'-- Up-to-date symlink: /home/prathamkelkar/ros2_ws/install/px4_msgs/share/px4_msgs/msg/OrbTestLarge.msg\n'}
[2.412544] (px4_msgs) StdoutLine: {'line': b'-- Up-to-date symlink: /home/prathamkelkar/ros2_ws/install/px4_msgs/share/px4_msgs/msg/OrbTestMedium.msg\n'}
[2.412647] (px4_msgs) StdoutLine: {'line': b'-- Up-to-date symlink: /home/prathamkelkar/ros2_ws/install/px4_msgs/share/px4_msgs/msg/OrbitStatus.msg\n'}
[2.412738] (px4_msgs) StdoutLine: {'line': b'-- Up-to-date symlink: /home/prathamkelkar/ros2_ws/install/px4_msgs/share/px4_msgs/msg/ParameterResetRequest.msg\n'}
[2.412828] (px4_msgs) StdoutLine: {'line': b'-- Up-to-date symlink: /home/prathamkelkar/ros2_ws/install/px4_msgs/share/px4_msgs/msg/ParameterSetUsedRequest.msg\n'}
[2.412919] (px4_msgs) StdoutLine: {'line': b'-- Up-to-date symlink: /home/prathamkelkar/ros2_ws/install/px4_msgs/share/px4_msgs/msg/ParameterSetValueRequest.msg\n'}
[2.413008] (px4_msgs) StdoutLine: {'line': b'-- Up-to-date symlink: /home/prathamkelkar/ros2_ws/install/px4_msgs/share/px4_msgs/msg/ParameterSetValueResponse.msg\n'}
[2.413099] (px4_msgs) StdoutLine: {'line': b'-- Up-to-date symlink: /home/prathamkelkar/ros2_ws/install/px4_msgs/share/px4_msgs/msg/ParameterUpdate.msg\n'}
[2.413189] (px4_msgs) StdoutLine: {'line': b'-- Up-to-date symlink: /home/prathamkelkar/ros2_ws/install/px4_msgs/share/px4_msgs/msg/Ping.msg\n'}
[2.413280] (px4_msgs) StdoutLine: {'line': b'-- Up-to-date symlink: /home/prathamkelkar/ros2_ws/install/px4_msgs/share/px4_msgs/msg/PositionControllerLandingStatus.msg\n'}
[2.413514] (px4_msgs) StdoutLine: {'line': b'-- Up-to-date symlink: /home/prathamkelkar/ros2_ws/install/px4_msgs/share/px4_msgs/msg/PositionControllerStatus.msg\n'}
[2.413699] (px4_msgs) StdoutLine: {'line': b'-- Up-to-date symlink: /home/prathamkelkar/ros2_ws/install/px4_msgs/share/px4_msgs/msg/PositionSetpoint.msg\n'}
[2.413907] (px4_msgs) StdoutLine: {'line': b'-- Up-to-date symlink: /home/prathamkelkar/ros2_ws/install/px4_msgs/share/px4_msgs/msg/PositionSetpointTriplet.msg\n'}
[2.414821] (px4_msgs) StdoutLine: {'line': b'-- Up-to-date symlink: /home/prathamkelkar/ros2_ws/install/px4_msgs/share/px4_msgs/msg/PowerButtonState.msg\n'}
[2.417876] (px4_msgs) StdoutLine: {'line': b'-- Up-to-date symlink: /home/prathamkelkar/ros2_ws/install/px4_msgs/share/px4_msgs/msg/PowerMonitor.msg\n'}
[2.418040] (px4_msgs) StdoutLine: {'line': b'-- Up-to-date symlink: /home/prathamkelkar/ros2_ws/install/px4_msgs/share/px4_msgs/msg/PpsCapture.msg\n'}
[2.418347] (px4_msgs) StdoutLine: {'line': b'-- Up-to-date symlink: /home/prathamkelkar/ros2_ws/install/px4_msgs/share/px4_msgs/msg/PwmInput.msg\n'}
[2.418458] (px4_msgs) StdoutLine: {'line': b'-- Up-to-date symlink: /home/prathamkelkar/ros2_ws/install/px4_msgs/share/px4_msgs/msg/Px4ioStatus.msg\n'}
[2.418562] (px4_msgs) StdoutLine: {'line': b'-- Up-to-date symlink: /home/prathamkelkar/ros2_ws/install/px4_msgs/share/px4_msgs/msg/QshellReq.msg\n'}
[2.418676] (px4_msgs) StdoutLine: {'line': b'-- Up-to-date symlink: /home/prathamkelkar/ros2_ws/install/px4_msgs/share/px4_msgs/msg/QshellRetval.msg\n'}
[2.418780] (px4_msgs) StdoutLine: {'line': b'-- Up-to-date symlink: /home/prathamkelkar/ros2_ws/install/px4_msgs/share/px4_msgs/msg/RadioStatus.msg\n'}
[2.418883] (px4_msgs) StdoutLine: {'line': b'-- Up-to-date symlink: /home/prathamkelkar/ros2_ws/install/px4_msgs/share/px4_msgs/msg/RateCtrlStatus.msg\n'}
[2.418989] (px4_msgs) StdoutLine: {'line': b'-- Up-to-date symlink: /home/prathamkelkar/ros2_ws/install/px4_msgs/share/px4_msgs/msg/RcChannels.msg\n'}
[2.419094] (px4_msgs) StdoutLine: {'line': b'-- Up-to-date symlink: /home/prathamkelkar/ros2_ws/install/px4_msgs/share/px4_msgs/msg/RcParameterMap.msg\n'}
[2.419198] (px4_msgs) StdoutLine: {'line': b'-- Up-to-date symlink: /home/prathamkelkar/ros2_ws/install/px4_msgs/share/px4_msgs/msg/RegisterExtComponentReply.msg\n'}
[2.419304] (px4_msgs) StdoutLine: {'line': b'-- Up-to-date symlink: /home/prathamkelkar/ros2_ws/install/px4_msgs/share/px4_msgs/msg/RegisterExtComponentRequest.msg\n'}
[2.419408] (px4_msgs) StdoutLine: {'line': b'-- Up-to-date symlink: /home/prathamkelkar/ros2_ws/install/px4_msgs/share/px4_msgs/msg/Rpm.msg\n'}
[2.419514] (px4_msgs) StdoutLine: {'line': b'-- Up-to-date symlink: /home/prathamkelkar/ros2_ws/install/px4_msgs/share/px4_msgs/msg/RtlStatus.msg\n'}
[2.419812] (px4_msgs) StdoutLine: {'line': b'-- Up-to-date symlink: /home/prathamkelkar/ros2_ws/install/px4_msgs/share/px4_msgs/msg/RtlTimeEstimate.msg\n'}
[2.419920] (px4_msgs) StdoutLine: {'line': b'-- Up-to-date symlink: /home/prathamkelkar/ros2_ws/install/px4_msgs/share/px4_msgs/msg/SatelliteInfo.msg\n'}
[2.420131] (px4_msgs) StdoutLine: {'line': b'-- Up-to-date symlink: /home/prathamkelkar/ros2_ws/install/px4_msgs/share/px4_msgs/msg/SensorAccel.msg\n'}
[2.420263] (px4_msgs) StdoutLine: {'line': b'-- Up-to-date symlink: /home/prathamkelkar/ros2_ws/install/px4_msgs/share/px4_msgs/msg/SensorAccelFifo.msg\n'}
[2.420368] (px4_msgs) StdoutLine: {'line': b'-- Up-to-date symlink: /home/prathamkelkar/ros2_ws/install/px4_msgs/share/px4_msgs/msg/SensorAirflow.msg\n'}
[2.420473] (px4_msgs) StdoutLine: {'line': b'-- Up-to-date symlink: /home/prathamkelkar/ros2_ws/install/px4_msgs/share/px4_msgs/msg/SensorBaro.msg\n'}
[2.420577] (px4_msgs) StdoutLine: {'line': b'-- Up-to-date symlink: /home/prathamkelkar/ros2_ws/install/px4_msgs/share/px4_msgs/msg/SensorCombined.msg\n'}
[2.420692] (px4_msgs) StdoutLine: {'line': b'-- Up-to-date symlink: /home/prathamkelkar/ros2_ws/install/px4_msgs/share/px4_msgs/msg/SensorCorrection.msg\n'}
[2.420796] (px4_msgs) StdoutLine: {'line': b'-- Up-to-date symlink: /home/prathamkelkar/ros2_ws/install/px4_msgs/share/px4_msgs/msg/SensorGnssRelative.msg\n'}
[2.420902] (px4_msgs) StdoutLine: {'line': b'-- Up-to-date symlink: /home/prathamkelkar/ros2_ws/install/px4_msgs/share/px4_msgs/msg/SensorGps.msg\n'}
[2.421006] (px4_msgs) StdoutLine: {'line': b'-- Up-to-date symlink: /home/prathamkelkar/ros2_ws/install/px4_msgs/share/px4_msgs/msg/SensorGyro.msg\n'}
[2.421111] (px4_msgs) StdoutLine: {'line': b'-- Up-to-date symlink: /home/prathamkelkar/ros2_ws/install/px4_msgs/share/px4_msgs/msg/SensorGyroFft.msg\n'}
[2.421214] (px4_msgs) StdoutLine: {'line': b'-- Up-to-date symlink: /home/prathamkelkar/ros2_ws/install/px4_msgs/share/px4_msgs/msg/SensorGyroFifo.msg\n'}
[2.421316] (px4_msgs) StdoutLine: {'line': b'-- Up-to-date symlink: /home/prathamkelkar/ros2_ws/install/px4_msgs/share/px4_msgs/msg/SensorHygrometer.msg\n'}
[2.421421] (px4_msgs) StdoutLine: {'line': b'-- Up-to-date symlink: /home/prathamkelkar/ros2_ws/install/px4_msgs/share/px4_msgs/msg/SensorMag.msg\n'}
[2.421524] (px4_msgs) StdoutLine: {'line': b'-- Up-to-date symlink: /home/prathamkelkar/ros2_ws/install/px4_msgs/share/px4_msgs/msg/SensorOpticalFlow.msg\n'}
[2.421634] (px4_msgs) StdoutLine: {'line': b'-- Up-to-date symlink: /home/prathamkelkar/ros2_ws/install/px4_msgs/share/px4_msgs/msg/SensorPreflightMag.msg\n'}
[2.421737] (px4_msgs) StdoutLine: {'line': b'-- Up-to-date symlink: /home/prathamkelkar/ros2_ws/install/px4_msgs/share/px4_msgs/msg/SensorSelection.msg\n'}
[2.421840] (px4_msgs) StdoutLine: {'line': b'-- Up-to-date symlink: /home/prathamkelkar/ros2_ws/install/px4_msgs/share/px4_msgs/msg/SensorUwb.msg\n'}
[2.421944] (px4_msgs) StdoutLine: {'line': b'-- Up-to-date symlink: /home/prathamkelkar/ros2_ws/install/px4_msgs/share/px4_msgs/msg/SensorsStatus.msg\n'}
[2.422049] (px4_msgs) StdoutLine: {'line': b'-- Up-to-date symlink: /home/prathamkelkar/ros2_ws/install/px4_msgs/share/px4_msgs/msg/SensorsStatusImu.msg\n'}
[2.422153] (px4_msgs) StdoutLine: {'line': b'-- Up-to-date symlink: /home/prathamkelkar/ros2_ws/install/px4_msgs/share/px4_msgs/msg/SystemPower.msg\n'}
[2.422257] (px4_msgs) StdoutLine: {'line': b'-- Up-to-date symlink: /home/prathamkelkar/ros2_ws/install/px4_msgs/share/px4_msgs/msg/TakeoffStatus.msg\n'}
[2.422360] (px4_msgs) StdoutLine: {'line': b'-- Up-to-date symlink: /home/prathamkelkar/ros2_ws/install/px4_msgs/share/px4_msgs/msg/TaskStackInfo.msg\n'}
[2.422464] (px4_msgs) StdoutLine: {'line': b'-- Up-to-date symlink: /home/prathamkelkar/ros2_ws/install/px4_msgs/share/px4_msgs/msg/TecsStatus.msg\n'}
[2.422568] (px4_msgs) StdoutLine: {'line': b'-- Up-to-date symlink: /home/prathamkelkar/ros2_ws/install/px4_msgs/share/px4_msgs/msg/TelemetryStatus.msg\n'}
[2.422676] (px4_msgs) StdoutLine: {'line': b'-- Up-to-date symlink: /home/prathamkelkar/ros2_ws/install/px4_msgs/share/px4_msgs/msg/TiltrotorExtraControls.msg\n'}
[2.423418] (px4_msgs) StdoutLine: {'line': b'-- Up-to-date symlink: /home/prathamkelkar/ros2_ws/install/px4_msgs/share/px4_msgs/msg/TimesyncStatus.msg\n'}
[2.423529] (px4_msgs) StdoutLine: {'line': b'-- Up-to-date symlink: /home/prathamkelkar/ros2_ws/install/px4_msgs/share/px4_msgs/msg/TrajectoryBezier.msg\n'}
[2.423641] (px4_msgs) StdoutLine: {'line': b'-- Up-to-date symlink: /home/prathamkelkar/ros2_ws/install/px4_msgs/share/px4_msgs/msg/TrajectorySetpoint.msg\n'}
[2.423749] (px4_msgs) StdoutLine: {'line': b'-- Up-to-date symlink: /home/prathamkelkar/ros2_ws/install/px4_msgs/share/px4_msgs/msg/TrajectoryWaypoint.msg\n'}
[2.423852] (px4_msgs) StdoutLine: {'line': b'-- Up-to-date symlink: /home/prathamkelkar/ros2_ws/install/px4_msgs/share/px4_msgs/msg/TransponderReport.msg\n'}
[2.423956] (px4_msgs) StdoutLine: {'line': b'-- Up-to-date symlink: /home/prathamkelkar/ros2_ws/install/px4_msgs/share/px4_msgs/msg/TuneControl.msg\n'}
[2.424064] (px4_msgs) StdoutLine: {'line': b'-- Up-to-date symlink: /home/prathamkelkar/ros2_ws/install/px4_msgs/share/px4_msgs/msg/UavcanParameterRequest.msg\n'}
[2.424173] (px4_msgs) StdoutLine: {'line': b'-- Up-to-date symlink: /home/prathamkelkar/ros2_ws/install/px4_msgs/share/px4_msgs/msg/UavcanParameterValue.msg\n'}
[2.424279] (px4_msgs) StdoutLine: {'line': b'-- Up-to-date symlink: /home/prathamkelkar/ros2_ws/install/px4_msgs/share/px4_msgs/msg/UlogStream.msg\n'}
[2.424384] (px4_msgs) StdoutLine: {'line': b'-- Up-to-date symlink: /home/prathamkelkar/ros2_ws/install/px4_msgs/share/px4_msgs/msg/UlogStreamAck.msg\n'}
[2.424493] (px4_msgs) StdoutLine: {'line': b'-- Up-to-date symlink: /home/prathamkelkar/ros2_ws/install/px4_msgs/share/px4_msgs/msg/UnregisterExtComponent.msg\n'}
[2.424677] (px4_msgs) StdoutLine: {'line': b'-- Up-to-date symlink: /home/prathamkelkar/ros2_ws/install/px4_msgs/share/px4_msgs/msg/VehicleAcceleration.msg\n'}
[2.424801] (px4_msgs) StdoutLine: {'line': b'-- Up-to-date symlink: /home/prathamkelkar/ros2_ws/install/px4_msgs/share/px4_msgs/msg/VehicleAirData.msg\n'}
[2.424908] (px4_msgs) StdoutLine: {'line': b'-- Up-to-date symlink: /home/prathamkelkar/ros2_ws/install/px4_msgs/share/px4_msgs/msg/VehicleAngularAccelerationSetpoint.msg\n'}
[2.425037] (px4_msgs) StdoutLine: {'line': b'-- Up-to-date symlink: /home/prathamkelkar/ros2_ws/install/px4_msgs/share/px4_msgs/msg/VehicleAngularVelocity.msg\n'}
[2.425131] (px4_msgs) StdoutLine: {'line': b'-- Up-to-date symlink: /home/prathamkelkar/ros2_ws/install/px4_msgs/share/px4_msgs/msg/VehicleAttitude.msg\n'}
[2.425226] (px4_msgs) StdoutLine: {'line': b'-- Up-to-date symlink: /home/prathamkelkar/ros2_ws/install/px4_msgs/share/px4_msgs/msg/VehicleAttitudeSetpoint.msg\n'}
[2.425440] (-) TimerEvent: {}
[2.425687] (px4_msgs) StdoutLine: {'line': b'-- Up-to-date symlink: /home/prathamkelkar/ros2_ws/install/px4_msgs/share/px4_msgs/msg/VehicleCommand.msg\n'}
[2.425921] (px4_msgs) StdoutLine: {'line': b'-- Up-to-date symlink: /home/prathamkelkar/ros2_ws/install/px4_msgs/share/px4_msgs/msg/VehicleCommandAck.msg\n'}
[2.426126] (px4_msgs) StdoutLine: {'line': b'-- Up-to-date symlink: /home/prathamkelkar/ros2_ws/install/px4_msgs/share/px4_msgs/msg/VehicleConstraints.msg\n'}
[2.426312] (px4_msgs) StdoutLine: {'line': b'-- Up-to-date symlink: /home/prathamkelkar/ros2_ws/install/px4_msgs/share/px4_msgs/msg/VehicleControlMode.msg\n'}
[2.426758] (px4_msgs) StdoutLine: {'line': b'-- Up-to-date symlink: /home/prathamkelkar/ros2_ws/install/px4_msgs/share/px4_msgs/msg/VehicleGlobalPosition.msg\n'}
[2.426951] (px4_msgs) StdoutLine: {'line': b'-- Up-to-date symlink: /home/prathamkelkar/ros2_ws/install/px4_msgs/share/px4_msgs/msg/VehicleImu.msg\n'}
[2.427104] (px4_msgs) StdoutLine: {'line': b'-- Up-to-date symlink: /home/prathamkelkar/ros2_ws/install/px4_msgs/share/px4_msgs/msg/VehicleImuStatus.msg\n'}
[2.427257] (px4_msgs) StdoutLine: {'line': b'-- Up-to-date symlink: /home/prathamkelkar/ros2_ws/install/px4_msgs/share/px4_msgs/msg/VehicleLandDetected.msg\n'}
[2.427423] (px4_msgs) StdoutLine: {'line': b'-- Up-to-date symlink: /home/prathamkelkar/ros2_ws/install/px4_msgs/share/px4_msgs/msg/VehicleLocalPosition.msg\n'}
[2.427633] (px4_msgs) StdoutLine: {'line': b'-- Up-to-date symlink: /home/prathamkelkar/ros2_ws/install/px4_msgs/share/px4_msgs/msg/VehicleLocalPositionSetpoint.msg\n'}
[2.427747] (px4_msgs) StdoutLine: {'line': b'-- Up-to-date symlink: /home/prathamkelkar/ros2_ws/install/px4_msgs/share/px4_msgs/msg/VehicleMagnetometer.msg\n'}
[2.427842] (px4_msgs) StdoutLine: {'line': b'-- Up-to-date symlink: /home/prathamkelkar/ros2_ws/install/px4_msgs/share/px4_msgs/msg/VehicleOdometry.msg\n'}
[2.427962] (px4_msgs) StdoutLine: {'line': b'-- Up-to-date symlink: /home/prathamkelkar/ros2_ws/install/px4_msgs/share/px4_msgs/msg/VehicleOpticalFlow.msg\n'}
[2.428111] (px4_msgs) StdoutLine: {'line': b'-- Up-to-date symlink: /home/prathamkelkar/ros2_ws/install/px4_msgs/share/px4_msgs/msg/VehicleOpticalFlowVel.msg\n'}
[2.428249] (px4_msgs) StdoutLine: {'line': b'-- Up-to-date symlink: /home/prathamkelkar/ros2_ws/install/px4_msgs/share/px4_msgs/msg/VehicleRatesSetpoint.msg\n'}
[2.428376] (px4_msgs) StdoutLine: {'line': b'-- Up-to-date symlink: /home/prathamkelkar/ros2_ws/install/px4_msgs/share/px4_msgs/msg/VehicleRoi.msg\n'}
[2.428512] (px4_msgs) StdoutLine: {'line': b'-- Up-to-date symlink: /home/prathamkelkar/ros2_ws/install/px4_msgs/share/px4_msgs/msg/VehicleStatus.msg\n'}
[2.428669] (px4_msgs) StdoutLine: {'line': b'-- Up-to-date symlink: /home/prathamkelkar/ros2_ws/install/px4_msgs/share/px4_msgs/msg/VehicleThrustSetpoint.msg\n'}
[2.428815] (px4_msgs) StdoutLine: {'line': b'-- Up-to-date symlink: /home/prathamkelkar/ros2_ws/install/px4_msgs/share/px4_msgs/msg/VehicleTorqueSetpoint.msg\n'}
[2.428933] (px4_msgs) StdoutLine: {'line': b'-- Up-to-date symlink: /home/prathamkelkar/ros2_ws/install/px4_msgs/share/px4_msgs/msg/VehicleTrajectoryBezier.msg\n'}
[2.429082] (px4_msgs) StdoutLine: {'line': b'-- Up-to-date symlink: /home/prathamkelkar/ros2_ws/install/px4_msgs/share/px4_msgs/msg/VehicleTrajectoryWaypoint.msg\n'}
[2.429182] (px4_msgs) StdoutLine: {'line': b'-- Up-to-date symlink: /home/prathamkelkar/ros2_ws/install/px4_msgs/share/px4_msgs/msg/VelocityLimits.msg\n'}
[2.429280] (px4_msgs) StdoutLine: {'line': b'-- Up-to-date symlink: /home/prathamkelkar/ros2_ws/install/px4_msgs/share/px4_msgs/msg/VtolVehicleStatus.msg\n'}
[2.429437] (px4_msgs) StdoutLine: {'line': b'-- Up-to-date symlink: /home/prathamkelkar/ros2_ws/install/px4_msgs/share/px4_msgs/msg/WheelEncoders.msg\n'}
[2.429572] (px4_msgs) StdoutLine: {'line': b'-- Up-to-date symlink: /home/prathamkelkar/ros2_ws/install/px4_msgs/share/px4_msgs/msg/Wind.msg\n'}
[2.429719] (px4_msgs) StdoutLine: {'line': b'-- Up-to-date symlink: /home/prathamkelkar/ros2_ws/install/px4_msgs/share/px4_msgs/msg/YawEstimatorStatus.msg\n'}
[2.429842] (px4_msgs) StdoutLine: {'line': b'-- Up-to-date symlink: /home/prathamkelkar/ros2_ws/install/px4_msgs/share/px4_msgs/srv/VehicleCommand.srv\n'}
[2.429985] (px4_msgs) StdoutLine: {'line': b'-- Up-to-date symlink: /home/prathamkelkar/ros2_ws/install/px4_msgs/share/ament_index/resource_index/package_run_dependencies/px4_msgs\n'}
[2.430138] (px4_msgs) StdoutLine: {'line': b'-- Up-to-date symlink: /home/prathamkelkar/ros2_ws/install/px4_msgs/share/ament_index/resource_index/parent_prefix_path/px4_msgs\n'}
[2.430283] (px4_msgs) StdoutLine: {'line': b'-- Up-to-date symlink: /home/prathamkelkar/ros2_ws/install/px4_msgs/share/px4_msgs/environment/ament_prefix_path.sh\n'}
[2.430428] (px4_msgs) StdoutLine: {'line': b'-- Up-to-date symlink: /home/prathamkelkar/ros2_ws/install/px4_msgs/share/px4_msgs/environment/ament_prefix_path.dsv\n'}
[2.430576] (px4_msgs) StdoutLine: {'line': b'-- Up-to-date symlink: /home/prathamkelkar/ros2_ws/install/px4_msgs/share/px4_msgs/environment/path.sh\n'}
[2.430764] (px4_msgs) StdoutLine: {'line': b'-- Up-to-date symlink: /home/prathamkelkar/ros2_ws/install/px4_msgs/share/px4_msgs/environment/path.dsv\n'}
[2.430913] (px4_msgs) StdoutLine: {'line': b'-- Up-to-date symlink: /home/prathamkelkar/ros2_ws/install/px4_msgs/share/px4_msgs/local_setup.bash\n'}
[2.431052] (px4_msgs) StdoutLine: {'line': b'-- Up-to-date symlink: /home/prathamkelkar/ros2_ws/install/px4_msgs/share/px4_msgs/local_setup.sh\n'}
[2.431181] (px4_msgs) StdoutLine: {'line': b'-- Up-to-date symlink: /home/prathamkelkar/ros2_ws/install/px4_msgs/share/px4_msgs/local_setup.zsh\n'}
[2.431321] (px4_msgs) StdoutLine: {'line': b'-- Up-to-date symlink: /home/prathamkelkar/ros2_ws/install/px4_msgs/share/px4_msgs/local_setup.dsv\n'}
[2.431463] (px4_msgs) StdoutLine: {'line': b'-- Symlinking: /home/prathamkelkar/ros2_ws/install/px4_msgs/share/px4_msgs/package.dsv\n'}
[2.431614] (px4_msgs) StdoutLine: {'line': b'-- Up-to-date symlink: /home/prathamkelkar/ros2_ws/install/px4_msgs/share/ament_index/resource_index/packages/px4_msgs\n'}
[2.431742] (px4_msgs) StdoutLine: {'line': b'-- Up-to-date symlink: /home/prathamkelkar/ros2_ws/install/px4_msgs/share/px4_msgs/cmake/rosidl_cmake-extras.cmake\n'}
[2.431883] (px4_msgs) StdoutLine: {'line': b'-- Up-to-date symlink: /home/prathamkelkar/ros2_ws/install/px4_msgs/share/px4_msgs/cmake/ament_cmake_export_dependencies-extras.cmake\n'}
[2.432024] (px4_msgs) StdoutLine: {'line': b'-- Up-to-date symlink: /home/prathamkelkar/ros2_ws/install/px4_msgs/share/px4_msgs/cmake/ament_cmake_export_include_directories-extras.cmake\n'}
[2.432169] (px4_msgs) StdoutLine: {'line': b'-- Up-to-date symlink: /home/prathamkelkar/ros2_ws/install/px4_msgs/share/px4_msgs/cmake/ament_cmake_export_libraries-extras.cmake\n'}
[2.432312] (px4_msgs) StdoutLine: {'line': b'-- Up-to-date symlink: /home/prathamkelkar/ros2_ws/install/px4_msgs/share/px4_msgs/cmake/ament_cmake_export_targets-extras.cmake\n'}
[2.432455] (px4_msgs) StdoutLine: {'line': b'-- Up-to-date symlink: /home/prathamkelkar/ros2_ws/install/px4_msgs/share/px4_msgs/cmake/rosidl_cmake_export_typesupport_targets-extras.cmake\n'}
[2.432596] (px4_msgs) StdoutLine: {'line': b'-- Up-to-date symlink: /home/prathamkelkar/ros2_ws/install/px4_msgs/share/px4_msgs/cmake/rosidl_cmake_export_typesupport_libraries-extras.cmake\n'}
[2.432742] (px4_msgs) StdoutLine: {'line': b'-- Up-to-date symlink: /home/prathamkelkar/ros2_ws/install/px4_msgs/share/px4_msgs/cmake/rosidl_cmake_aggregate_target-extras.cmake\n'}
[2.432887] (px4_msgs) StdoutLine: {'line': b'-- Up-to-date symlink: /home/prathamkelkar/ros2_ws/install/px4_msgs/share/px4_msgs/cmake/px4_msgsConfig.cmake\n'}
[2.433036] (px4_msgs) StdoutLine: {'line': b'-- Up-to-date symlink: /home/prathamkelkar/ros2_ws/install/px4_msgs/share/px4_msgs/cmake/px4_msgsConfig-version.cmake\n'}
[2.433152] (px4_msgs) StdoutLine: {'line': b'-- Up-to-date symlink: /home/prathamkelkar/ros2_ws/install/px4_msgs/share/px4_msgs/package.xml\n'}
[2.433276] (px4_msgs) StdoutLine: {'line': b'-- Up-to-date: /home/prathamkelkar/ros2_ws/install/px4_msgs/lib/libpx4_msgs__rosidl_generator_c.so\n'}
[2.433412] (px4_msgs) StdoutLine: {'line': b'-- Up-to-date: /home/prathamkelkar/ros2_ws/install/px4_msgs/lib/libpx4_msgs__rosidl_typesupport_fastrtps_c.so\n'}
[2.433554] (px4_msgs) StdoutLine: {'line': b'-- Up-to-date: /home/prathamkelkar/ros2_ws/install/px4_msgs/lib/libpx4_msgs__rosidl_typesupport_fastrtps_cpp.so\n'}
[2.433695] (px4_msgs) StdoutLine: {'line': b'-- Up-to-date: /home/prathamkelkar/ros2_ws/install/px4_msgs/lib/libpx4_msgs__rosidl_typesupport_introspection_c.so\n'}
[2.433830] (px4_msgs) StdoutLine: {'line': b'-- Up-to-date: /home/prathamkelkar/ros2_ws/install/px4_msgs/lib/libpx4_msgs__rosidl_typesupport_c.so\n'}
[2.433960] (px4_msgs) StdoutLine: {'line': b'-- Up-to-date: /home/prathamkelkar/ros2_ws/install/px4_msgs/lib/libpx4_msgs__rosidl_typesupport_introspection_cpp.so\n'}
[2.434113] (px4_msgs) StdoutLine: {'line': b'-- Up-to-date: /home/prathamkelkar/ros2_ws/install/px4_msgs/lib/libpx4_msgs__rosidl_typesupport_cpp.so\n'}
[2.434254] (px4_msgs) StdoutLine: {'line': b"Listing '/home/prathamkelkar/ros2_ws/install/px4_msgs/lib/python3.12/site-packages/px4_msgs'...\n"}
[2.434393] (px4_msgs) StdoutLine: {'line': b"Listing '/home/prathamkelkar/ros2_ws/install/px4_msgs/lib/python3.12/site-packages/px4_msgs/msg'...\n"}
[2.434537] (px4_msgs) StdoutLine: {'line': b"Listing '/home/prathamkelkar/ros2_ws/install/px4_msgs/lib/python3.12/site-packages/px4_msgs/srv'...\n"}
[2.434681] (px4_msgs) StdoutLine: {'line': b'-- Up-to-date: /home/prathamkelkar/ros2_ws/install/px4_msgs/lib/libpx4_msgs__rosidl_generator_py.so\n'}
[2.434828] (px4_msgs) StdoutLine: {'line': b'-- Up-to-date: /home/prathamkelkar/ros2_ws/install/px4_msgs/share/px4_msgs/cmake/export_px4_msgs__rosidl_generator_cExport.cmake\n'}
[2.434977] (px4_msgs) StdoutLine: {'line': b'-- Up-to-date: /home/prathamkelkar/ros2_ws/install/px4_msgs/share/px4_msgs/cmake/export_px4_msgs__rosidl_generator_cExport-noconfig.cmake\n'}
[2.435118] (px4_msgs) StdoutLine: {'line': b'-- Up-to-date: /home/prathamkelkar/ros2_ws/install/px4_msgs/share/px4_msgs/cmake/export_px4_msgs__rosidl_typesupport_fastrtps_cExport.cmake\n'}
[2.435248] (px4_msgs) StdoutLine: {'line': b'-- Up-to-date: /home/prathamkelkar/ros2_ws/install/px4_msgs/share/px4_msgs/cmake/export_px4_msgs__rosidl_typesupport_fastrtps_cExport-noconfig.cmake\n'}
[2.435389] (px4_msgs) StdoutLine: {'line': b'-- Up-to-date: /home/prathamkelkar/ros2_ws/install/px4_msgs/share/px4_msgs/cmake/export_px4_msgs__rosidl_generator_cppExport.cmake\n'}
[2.435531] (px4_msgs) StdoutLine: {'line': b'-- Up-to-date: /home/prathamkelkar/ros2_ws/install/px4_msgs/share/px4_msgs/cmake/export_px4_msgs__rosidl_typesupport_fastrtps_cppExport.cmake\n'}
[2.435665] (px4_msgs) StdoutLine: {'line': b'-- Up-to-date: /home/prathamkelkar/ros2_ws/install/px4_msgs/share/px4_msgs/cmake/export_px4_msgs__rosidl_typesupport_fastrtps_cppExport-noconfig.cmake\n'}
[2.435811] (px4_msgs) StdoutLine: {'line': b'-- Up-to-date: /home/prathamkelkar/ros2_ws/install/px4_msgs/share/px4_msgs/cmake/px4_msgs__rosidl_typesupport_introspection_cExport.cmake\n'}
[2.435954] (px4_msgs) StdoutLine: {'line': b'-- Up-to-date: /home/prathamkelkar/ros2_ws/install/px4_msgs/share/px4_msgs/cmake/px4_msgs__rosidl_typesupport_introspection_cExport-noconfig.cmake\n'}
[2.436095] (px4_msgs) StdoutLine: {'line': b'-- Up-to-date: /home/prathamkelkar/ros2_ws/install/px4_msgs/share/px4_msgs/cmake/px4_msgs__rosidl_typesupport_cExport.cmake\n'}
[2.436239] (px4_msgs) StdoutLine: {'line': b'-- Up-to-date: /home/prathamkelkar/ros2_ws/install/px4_msgs/share/px4_msgs/cmake/px4_msgs__rosidl_typesupport_cExport-noconfig.cmake\n'}
[2.436385] (px4_msgs) StdoutLine: {'line': b'-- Up-to-date: /home/prathamkelkar/ros2_ws/install/px4_msgs/share/px4_msgs/cmake/px4_msgs__rosidl_typesupport_introspection_cppExport.cmake\n'}
[2.436524] (px4_msgs) StdoutLine: {'line': b'-- Up-to-date: /home/prathamkelkar/ros2_ws/install/px4_msgs/share/px4_msgs/cmake/px4_msgs__rosidl_typesupport_introspection_cppExport-noconfig.cmake\n'}
[2.436669] (px4_msgs) StdoutLine: {'line': b'-- Up-to-date: /home/prathamkelkar/ros2_ws/install/px4_msgs/share/px4_msgs/cmake/px4_msgs__rosidl_typesupport_cppExport.cmake\n'}
[2.436814] (px4_msgs) StdoutLine: {'line': b'-- Up-to-date: /home/prathamkelkar/ros2_ws/install/px4_msgs/share/px4_msgs/cmake/px4_msgs__rosidl_typesupport_cppExport-noconfig.cmake\n'}
[2.436963] (px4_msgs) StdoutLine: {'line': b'-- Up-to-date: /home/prathamkelkar/ros2_ws/install/px4_msgs/share/px4_msgs/cmake/export_px4_msgs__rosidl_generator_pyExport.cmake\n'}
[2.437106] (px4_msgs) StdoutLine: {'line': b'-- Up-to-date: /home/prathamkelkar/ros2_ws/install/px4_msgs/share/px4_msgs/cmake/export_px4_msgs__rosidl_generator_pyExport-noconfig.cmake\n'}
[2.437253] (px4_msgs) CommandEnded: {'returncode': 0}
[2.501996] (px4_msgs) JobEnded: {'identifier': 'px4_msgs', 'rc': 0}
[2.503567] (-) EventReactorShutdown: {}
