[0.166s] Invoking command in '/home/prathamkelkar/ros2_ws/build/px4_msgs': CMAKE_PREFIX_PATH=${CMAKE_PREFIX_PATH}:/opt/ros/jazzy DEBUGINFOD_URLS=https://debuginfod.ubuntu.com /usr/bin/cmake --build /home/prathamkelkar/ros2_ws/build/px4_msgs -- -j16 -l16
[0.780s] [  0%] Built target px4_msgs__rs
[0.786s] [  0%] Built target px4_msgs__rosidl_generator_type_description
[0.792s] [  0%] Built target ament_cmake_python_symlink_px4_msgs
[0.870s] [  0%] Built target px4_msgs__cpp
[1.085s] [ 29%] Built target px4_msgs__rosidl_generator_c
[1.095s] running egg_info
[1.117s] writing px4_msgs.egg-info/PKG-INFO
[1.117s] writing dependency_links to px4_msgs.egg-info/dependency_links.txt
[1.117s] writing top-level names to px4_msgs.egg-info/top_level.txt
[1.181s] reading manifest file 'px4_msgs.egg-info/SOURCES.txt'
[1.184s] writing manifest file 'px4_msgs.egg-info/SOURCES.txt'
[1.206s] [ 39%] Built target px4_msgs__rosidl_typesupport_c
[1.217s] [ 49%] Built target px4_msgs__rosidl_typesupport_introspection_c
[1.218s] [ 49%] Built target ament_cmake_python_build_px4_msgs_egg
[1.267s] [ 59%] Built target px4_msgs__rosidl_typesupport_cpp
[1.286s] [ 69%] Built target px4_msgs__rosidl_typesupport_introspection_cpp
[1.299s] [ 79%] Built target px4_msgs__rosidl_typesupport_fastrtps_c
[1.300s] [ 89%] Built target px4_msgs__rosidl_typesupport_fastrtps_cpp
[1.331s] [ 89%] Built target px4_msgs
[1.391s] [ 89%] Built target px4_msgs__py
[1.505s] [ 99%] Built target px4_msgs__rosidl_generator_py
[1.540s] [ 99%] Built target px4_msgs_s__rosidl_typesupport_c
[1.545s] [ 99%] Built target px4_msgs_s__rosidl_typesupport_fastrtps_c
[1.556s] [100%] Built target px4_msgs_s__rosidl_typesupport_introspection_c
[1.576s] Invoked command in '/home/prathamkelkar/ros2_ws/build/px4_msgs' returned '0': CMAKE_PREFIX_PATH=${CMAKE_PREFIX_PATH}:/opt/ros/jazzy DEBUGINFOD_URLS=https://debuginfod.ubuntu.com /usr/bin/cmake --build /home/prathamkelkar/ros2_ws/build/px4_msgs -- -j16 -l16
[1.593s] Invoking command in '/home/prathamkelkar/ros2_ws/build/px4_msgs': CMAKE_PREFIX_PATH=${CMAKE_PREFIX_PATH}:/opt/ros/jazzy DEBUGINFOD_URLS=https://debuginfod.ubuntu.com /usr/bin/cmake --install /home/prathamkelkar/ros2_ws/build/px4_msgs
[1.613s] -- Install configuration: ""
[1.619s] -- Execute custom install script
[1.620s] -- Symlinking: /home/prathamkelkar/ros2_ws/install/px4_msgs/share/ament_index/resource_index/rosidl_interfaces/px4_msgs
[1.638s] -- Symlinking: /home/prathamkelkar/ros2_ws/install/px4_msgs/share/px4_msgs/msg/ActionRequest.json
[1.653s] -- Symlinking: /home/prathamkelkar/ros2_ws/install/px4_msgs/share/px4_msgs/msg/ActuatorArmed.json
[1.672s] -- Symlinking: /home/prathamkelkar/ros2_ws/install/px4_msgs/share/px4_msgs/msg/ActuatorControlsStatus.json
[1.691s] -- Symlinking: /home/prathamkelkar/ros2_ws/install/px4_msgs/share/px4_msgs/msg/ActuatorMotors.json
[1.704s] -- Symlinking: /home/prathamkelkar/ros2_ws/install/px4_msgs/share/px4_msgs/msg/ActuatorOutputs.json
[1.722s] -- Symlinking: /home/prathamkelkar/ros2_ws/install/px4_msgs/share/px4_msgs/msg/ActuatorServos.json
[1.733s] -- Symlinking: /home/prathamkelkar/ros2_ws/install/px4_msgs/share/px4_msgs/msg/ActuatorServosTrim.json
[1.742s] -- Symlinking: /home/prathamkelkar/ros2_ws/install/px4_msgs/share/px4_msgs/msg/ActuatorTest.json
[1.750s] -- Symlinking: /home/prathamkelkar/ros2_ws/install/px4_msgs/share/px4_msgs/msg/AdcReport.json
[1.758s] -- Symlinking: /home/prathamkelkar/ros2_ws/install/px4_msgs/share/px4_msgs/msg/Airspeed.json
[1.775s] -- Symlinking: /home/prathamkelkar/ros2_ws/install/px4_msgs/share/px4_msgs/msg/AirspeedValidated.json
[1.782s] -- Symlinking: /home/prathamkelkar/ros2_ws/install/px4_msgs/share/px4_msgs/msg/AirspeedWind.json
[1.799s] -- Symlinking: /home/prathamkelkar/ros2_ws/install/px4_msgs/share/px4_msgs/msg/ArmingCheckReply.json
[1.809s] -- Symlinking: /home/prathamkelkar/ros2_ws/install/px4_msgs/share/px4_msgs/msg/ArmingCheckRequest.json
[1.816s] -- Symlinking: /home/prathamkelkar/ros2_ws/install/px4_msgs/share/px4_msgs/msg/AutotuneAttitudeControlStatus.json
[1.823s] -- Symlinking: /home/prathamkelkar/ros2_ws/install/px4_msgs/share/px4_msgs/msg/BatteryStatus.json
[1.836s] -- Symlinking: /home/prathamkelkar/ros2_ws/install/px4_msgs/share/px4_msgs/msg/Buffer128.json
[1.847s] -- Symlinking: /home/prathamkelkar/ros2_ws/install/px4_msgs/share/px4_msgs/msg/ButtonEvent.json
[1.856s] -- Symlinking: /home/prathamkelkar/ros2_ws/install/px4_msgs/share/px4_msgs/msg/CameraCapture.json
[1.871s] -- Symlinking: /home/prathamkelkar/ros2_ws/install/px4_msgs/share/px4_msgs/msg/CameraStatus.json
[1.883s] -- Symlinking: /home/prathamkelkar/ros2_ws/install/px4_msgs/share/px4_msgs/msg/CameraTrigger.json
[1.899s] -- Symlinking: /home/prathamkelkar/ros2_ws/install/px4_msgs/share/px4_msgs/msg/CanInterfaceStatus.json
[1.917s] -- Symlinking: /home/prathamkelkar/ros2_ws/install/px4_msgs/share/px4_msgs/msg/CellularStatus.json
[1.936s] -- Symlinking: /home/prathamkelkar/ros2_ws/install/px4_msgs/share/px4_msgs/msg/CollisionConstraints.json
[1.952s] -- Symlinking: /home/prathamkelkar/ros2_ws/install/px4_msgs/share/px4_msgs/msg/CollisionReport.json
[1.970s] -- Symlinking: /home/prathamkelkar/ros2_ws/install/px4_msgs/share/px4_msgs/msg/ConfigOverrides.json
[1.988s] -- Symlinking: /home/prathamkelkar/ros2_ws/install/px4_msgs/share/px4_msgs/msg/ControlAllocatorStatus.json
[2.006s] -- Symlinking: /home/prathamkelkar/ros2_ws/install/px4_msgs/share/px4_msgs/msg/Cpuload.json
[2.027s] -- Symlinking: /home/prathamkelkar/ros2_ws/install/px4_msgs/share/px4_msgs/msg/DatamanRequest.json
[2.044s] -- Symlinking: /home/prathamkelkar/ros2_ws/install/px4_msgs/share/px4_msgs/msg/DatamanResponse.json
[2.055s] -- Symlinking: /home/prathamkelkar/ros2_ws/install/px4_msgs/share/px4_msgs/msg/DebugArray.json
[2.075s] -- Symlinking: /home/prathamkelkar/ros2_ws/install/px4_msgs/share/px4_msgs/msg/DebugKeyValue.json
[2.092s] -- Symlinking: /home/prathamkelkar/ros2_ws/install/px4_msgs/share/px4_msgs/msg/DebugValue.json
[2.113s] -- Symlinking: /home/prathamkelkar/ros2_ws/install/px4_msgs/share/px4_msgs/msg/DebugVect.json
[2.128s] -- Symlinking: /home/prathamkelkar/ros2_ws/install/px4_msgs/share/px4_msgs/msg/DifferentialDriveSetpoint.json
[2.143s] -- Symlinking: /home/prathamkelkar/ros2_ws/install/px4_msgs/share/px4_msgs/msg/DifferentialPressure.json
[2.163s] -- Symlinking: /home/prathamkelkar/ros2_ws/install/px4_msgs/share/px4_msgs/msg/DistanceSensor.json
[2.178s] -- Symlinking: /home/prathamkelkar/ros2_ws/install/px4_msgs/share/px4_msgs/msg/Ekf2Timestamps.json
[2.198s] -- Symlinking: /home/prathamkelkar/ros2_ws/install/px4_msgs/share/px4_msgs/msg/EscReport.json
[2.217s] -- Symlinking: /home/prathamkelkar/ros2_ws/install/px4_msgs/share/px4_msgs/msg/EscStatus.json
[2.234s] -- Symlinking: /home/prathamkelkar/ros2_ws/install/px4_msgs/share/px4_msgs/msg/EstimatorAidSource1d.json
[2.254s] -- Symlinking: /home/prathamkelkar/ros2_ws/install/px4_msgs/share/px4_msgs/msg/EstimatorAidSource2d.json
[2.270s] -- Symlinking: /home/prathamkelkar/ros2_ws/install/px4_msgs/share/px4_msgs/msg/EstimatorAidSource3d.json
[2.282s] -- Symlinking: /home/prathamkelkar/ros2_ws/install/px4_msgs/share/px4_msgs/msg/EstimatorBias.json
[2.291s] -- Symlinking: /home/prathamkelkar/ros2_ws/install/px4_msgs/share/px4_msgs/msg/EstimatorBias3d.json
[2.299s] -- Symlinking: /home/prathamkelkar/ros2_ws/install/px4_msgs/share/px4_msgs/msg/EstimatorEventFlags.json
[2.306s] -- Symlinking: /home/prathamkelkar/ros2_ws/install/px4_msgs/share/px4_msgs/msg/EstimatorGpsStatus.json
[2.313s] -- Symlinking: /home/prathamkelkar/ros2_ws/install/px4_msgs/share/px4_msgs/msg/EstimatorInnovations.json
[2.320s] -- Symlinking: /home/prathamkelkar/ros2_ws/install/px4_msgs/share/px4_msgs/msg/EstimatorSelectorStatus.json
[2.338s] -- Symlinking: /home/prathamkelkar/ros2_ws/install/px4_msgs/share/px4_msgs/msg/EstimatorSensorBias.json
[2.353s] -- Symlinking: /home/prathamkelkar/ros2_ws/install/px4_msgs/share/px4_msgs/msg/EstimatorStates.json
[2.363s] -- Symlinking: /home/prathamkelkar/ros2_ws/install/px4_msgs/share/px4_msgs/msg/EstimatorStatus.json
[2.372s] -- Symlinking: /home/prathamkelkar/ros2_ws/install/px4_msgs/share/px4_msgs/msg/EstimatorStatusFlags.json
[2.380s] -- Symlinking: /home/prathamkelkar/ros2_ws/install/px4_msgs/share/px4_msgs/msg/Event.json
[2.387s] -- Symlinking: /home/prathamkelkar/ros2_ws/install/px4_msgs/share/px4_msgs/msg/FailsafeFlags.json
[2.394s] -- Symlinking: /home/prathamkelkar/ros2_ws/install/px4_msgs/share/px4_msgs/msg/FailureDetectorStatus.json
[2.401s] -- Symlinking: /home/prathamkelkar/ros2_ws/install/px4_msgs/share/px4_msgs/msg/FigureEightStatus.json
[2.408s] -- Symlinking: /home/prathamkelkar/ros2_ws/install/px4_msgs/share/px4_msgs/msg/FlightPhaseEstimation.json
[2.414s] -- Symlinking: /home/prathamkelkar/ros2_ws/install/px4_msgs/share/px4_msgs/msg/FollowTarget.json
[2.421s] -- Symlinking: /home/prathamkelkar/ros2_ws/install/px4_msgs/share/px4_msgs/msg/FollowTargetEstimator.json
[2.437s] -- Symlinking: /home/prathamkelkar/ros2_ws/install/px4_msgs/share/px4_msgs/msg/FollowTargetStatus.json
[2.452s] -- Symlinking: /home/prathamkelkar/ros2_ws/install/px4_msgs/share/px4_msgs/msg/GeneratorStatus.json
[2.464s] -- Symlinking: /home/prathamkelkar/ros2_ws/install/px4_msgs/share/px4_msgs/msg/GeofenceResult.json
[2.473s] -- Symlinking: /home/prathamkelkar/ros2_ws/install/px4_msgs/share/px4_msgs/msg/GeofenceStatus.json
[2.482s] -- Symlinking: /home/prathamkelkar/ros2_ws/install/px4_msgs/share/px4_msgs/msg/GimbalControls.json
[2.488s] -- Symlinking: /home/prathamkelkar/ros2_ws/install/px4_msgs/share/px4_msgs/msg/GimbalDeviceAttitudeStatus.json
[2.496s] -- Symlinking: /home/prathamkelkar/ros2_ws/install/px4_msgs/share/px4_msgs/msg/GimbalDeviceInformation.json
[2.514s] -- Symlinking: /home/prathamkelkar/ros2_ws/install/px4_msgs/share/px4_msgs/msg/GimbalDeviceSetAttitude.json
[2.532s] -- Symlinking: /home/prathamkelkar/ros2_ws/install/px4_msgs/share/px4_msgs/msg/GimbalManagerInformation.json
[2.550s] -- Symlinking: /home/prathamkelkar/ros2_ws/install/px4_msgs/share/px4_msgs/msg/GimbalManagerSetAttitude.json
[2.567s] -- Symlinking: /home/prathamkelkar/ros2_ws/install/px4_msgs/share/px4_msgs/msg/GimbalManagerSetManualControl.json
[2.582s] -- Symlinking: /home/prathamkelkar/ros2_ws/install/px4_msgs/share/px4_msgs/msg/GimbalManagerStatus.json
[2.601s] -- Symlinking: /home/prathamkelkar/ros2_ws/install/px4_msgs/share/px4_msgs/msg/GotoSetpoint.json
[2.620s] -- Symlinking: /home/prathamkelkar/ros2_ws/install/px4_msgs/share/px4_msgs/msg/GpioConfig.json
[2.637s] -- Symlinking: /home/prathamkelkar/ros2_ws/install/px4_msgs/share/px4_msgs/msg/GpioIn.json
[2.649s] -- Symlinking: /home/prathamkelkar/ros2_ws/install/px4_msgs/share/px4_msgs/msg/GpioOut.json
[2.661s] -- Symlinking: /home/prathamkelkar/ros2_ws/install/px4_msgs/share/px4_msgs/msg/GpioRequest.json
[2.670s] -- Symlinking: /home/prathamkelkar/ros2_ws/install/px4_msgs/share/px4_msgs/msg/GpsDump.json
[2.677s] -- Symlinking: /home/prathamkelkar/ros2_ws/install/px4_msgs/share/px4_msgs/msg/GpsInjectData.json
[2.684s] -- Symlinking: /home/prathamkelkar/ros2_ws/install/px4_msgs/share/px4_msgs/msg/Gripper.json
[2.691s] -- Symlinking: /home/prathamkelkar/ros2_ws/install/px4_msgs/share/px4_msgs/msg/HealthReport.json
[2.699s] -- Symlinking: /home/prathamkelkar/ros2_ws/install/px4_msgs/share/px4_msgs/msg/HeaterStatus.json
[2.709s] -- Symlinking: /home/prathamkelkar/ros2_ws/install/px4_msgs/share/px4_msgs/msg/HomePosition.json
[2.717s] -- Symlinking: /home/prathamkelkar/ros2_ws/install/px4_msgs/share/px4_msgs/msg/HoverThrustEstimate.json
[2.724s] -- Symlinking: /home/prathamkelkar/ros2_ws/install/px4_msgs/share/px4_msgs/msg/InputRc.json
[2.742s] -- Symlinking: /home/prathamkelkar/ros2_ws/install/px4_msgs/share/px4_msgs/msg/InternalCombustionEngineStatus.json
[2.759s] -- Symlinking: /home/prathamkelkar/ros2_ws/install/px4_msgs/share/px4_msgs/msg/IridiumsbdStatus.json
[2.775s] -- Symlinking: /home/prathamkelkar/ros2_ws/install/px4_msgs/share/px4_msgs/msg/IrlockReport.json
[2.794s] -- Symlinking: /home/prathamkelkar/ros2_ws/install/px4_msgs/share/px4_msgs/msg/LandingGear.json
[2.808s] -- Symlinking: /home/prathamkelkar/ros2_ws/install/px4_msgs/share/px4_msgs/msg/LandingGearWheel.json
[2.827s] -- Symlinking: /home/prathamkelkar/ros2_ws/install/px4_msgs/share/px4_msgs/msg/LandingTargetInnovations.json
[2.847s] -- Symlinking: /home/prathamkelkar/ros2_ws/install/px4_msgs/share/px4_msgs/msg/LandingTargetPose.json
[2.863s] -- Symlinking: /home/prathamkelkar/ros2_ws/install/px4_msgs/share/px4_msgs/msg/LaunchDetectionStatus.json
[2.873s] -- Symlinking: /home/prathamkelkar/ros2_ws/install/px4_msgs/share/px4_msgs/msg/LedControl.json
[2.889s] -- Symlinking: /home/prathamkelkar/ros2_ws/install/px4_msgs/share/px4_msgs/msg/LogMessage.json
[2.907s] -- Symlinking: /home/prathamkelkar/ros2_ws/install/px4_msgs/share/px4_msgs/msg/LoggerStatus.json
[2.926s] -- Symlinking: /home/prathamkelkar/ros2_ws/install/px4_msgs/share/px4_msgs/msg/MagWorkerData.json
[2.944s] -- Symlinking: /home/prathamkelkar/ros2_ws/install/px4_msgs/share/px4_msgs/msg/MagnetometerBiasEstimate.json
[2.958s] -- Symlinking: /home/prathamkelkar/ros2_ws/install/px4_msgs/share/px4_msgs/msg/ManualControlSetpoint.json
[2.974s] -- Symlinking: /home/prathamkelkar/ros2_ws/install/px4_msgs/share/px4_msgs/msg/ManualControlSwitches.json
[2.992s] -- Symlinking: /home/prathamkelkar/ros2_ws/install/px4_msgs/share/px4_msgs/msg/MavlinkLog.json
[3.009s] -- Symlinking: /home/prathamkelkar/ros2_ws/install/px4_msgs/share/px4_msgs/msg/MavlinkTunnel.json
[3.022s] -- Symlinking: /home/prathamkelkar/ros2_ws/install/px4_msgs/share/px4_msgs/msg/MessageFormatRequest.json
[3.032s] -- Symlinking: /home/prathamkelkar/ros2_ws/install/px4_msgs/share/px4_msgs/msg/MessageFormatResponse.json
[3.041s] -- Symlinking: /home/prathamkelkar/ros2_ws/install/px4_msgs/share/px4_msgs/msg/Mission.json
[3.059s] -- Symlinking: /home/prathamkelkar/ros2_ws/install/px4_msgs/share/px4_msgs/msg/MissionResult.json
[3.076s] -- Symlinking: /home/prathamkelkar/ros2_ws/install/px4_msgs/share/px4_msgs/msg/ModeCompleted.json
[3.090s] -- Symlinking: /home/prathamkelkar/ros2_ws/install/px4_msgs/share/px4_msgs/msg/MountOrientation.json
[3.101s] -- Symlinking: /home/prathamkelkar/ros2_ws/install/px4_msgs/share/px4_msgs/msg/NavigatorMissionItem.json
[3.119s] -- Symlinking: /home/prathamkelkar/ros2_ws/install/px4_msgs/share/px4_msgs/msg/NormalizedUnsignedSetpoint.json
[3.136s] -- Symlinking: /home/prathamkelkar/ros2_ws/install/px4_msgs/share/px4_msgs/msg/NpfgStatus.json
[3.148s] -- Symlinking: /home/prathamkelkar/ros2_ws/install/px4_msgs/share/px4_msgs/msg/ObstacleDistance.json
[3.166s] -- Symlinking: /home/prathamkelkar/ros2_ws/install/px4_msgs/share/px4_msgs/msg/OffboardControlMode.json
[3.180s] -- Symlinking: /home/prathamkelkar/ros2_ws/install/px4_msgs/share/px4_msgs/msg/OnboardComputerStatus.json
[3.191s] -- Symlinking: /home/prathamkelkar/ros2_ws/install/px4_msgs/share/px4_msgs/msg/OrbTest.json
[3.210s] -- Symlinking: /home/prathamkelkar/ros2_ws/install/px4_msgs/share/px4_msgs/msg/OrbTestLarge.json
[3.226s] -- Symlinking: /home/prathamkelkar/ros2_ws/install/px4_msgs/share/px4_msgs/msg/OrbTestMedium.json
[3.242s] -- Symlinking: /home/prathamkelkar/ros2_ws/install/px4_msgs/share/px4_msgs/msg/OrbitStatus.json
[3.254s] -- Symlinking: /home/prathamkelkar/ros2_ws/install/px4_msgs/share/px4_msgs/msg/ParameterResetRequest.json
[3.263s] -- Symlinking: /home/prathamkelkar/ros2_ws/install/px4_msgs/share/px4_msgs/msg/ParameterSetUsedRequest.json
[3.273s] -- Symlinking: /home/prathamkelkar/ros2_ws/install/px4_msgs/share/px4_msgs/msg/ParameterSetValueRequest.json
[3.281s] -- Symlinking: /home/prathamkelkar/ros2_ws/install/px4_msgs/share/px4_msgs/msg/ParameterSetValueResponse.json
[3.290s] -- Symlinking: /home/prathamkelkar/ros2_ws/install/px4_msgs/share/px4_msgs/msg/ParameterUpdate.json
[3.297s] -- Symlinking: /home/prathamkelkar/ros2_ws/install/px4_msgs/share/px4_msgs/msg/Ping.json
[3.303s] -- Symlinking: /home/prathamkelkar/ros2_ws/install/px4_msgs/share/px4_msgs/msg/PositionControllerLandingStatus.json
[3.309s] -- Symlinking: /home/prathamkelkar/ros2_ws/install/px4_msgs/share/px4_msgs/msg/PositionControllerStatus.json
[3.315s] -- Symlinking: /home/prathamkelkar/ros2_ws/install/px4_msgs/share/px4_msgs/msg/PositionSetpoint.json
[3.321s] -- Symlinking: /home/prathamkelkar/ros2_ws/install/px4_msgs/share/px4_msgs/msg/PositionSetpointTriplet.json
[3.327s] -- Symlinking: /home/prathamkelkar/ros2_ws/install/px4_msgs/share/px4_msgs/msg/PowerButtonState.json
[3.344s] -- Symlinking: /home/prathamkelkar/ros2_ws/install/px4_msgs/share/px4_msgs/msg/PowerMonitor.json
[3.353s] -- Symlinking: /home/prathamkelkar/ros2_ws/install/px4_msgs/share/px4_msgs/msg/PpsCapture.json
[3.361s] -- Symlinking: /home/prathamkelkar/ros2_ws/install/px4_msgs/share/px4_msgs/msg/PwmInput.json
[3.375s] -- Symlinking: /home/prathamkelkar/ros2_ws/install/px4_msgs/share/px4_msgs/msg/Px4ioStatus.json
[3.391s] -- Symlinking: /home/prathamkelkar/ros2_ws/install/px4_msgs/share/px4_msgs/msg/QshellReq.json
[3.401s] -- Symlinking: /home/prathamkelkar/ros2_ws/install/px4_msgs/share/px4_msgs/msg/QshellRetval.json
[3.408s] -- Symlinking: /home/prathamkelkar/ros2_ws/install/px4_msgs/share/px4_msgs/msg/RadioStatus.json
[3.414s] -- Symlinking: /home/prathamkelkar/ros2_ws/install/px4_msgs/share/px4_msgs/msg/RateCtrlStatus.json
[3.419s] -- Symlinking: /home/prathamkelkar/ros2_ws/install/px4_msgs/share/px4_msgs/msg/RcChannels.json
[3.425s] -- Symlinking: /home/prathamkelkar/ros2_ws/install/px4_msgs/share/px4_msgs/msg/RcParameterMap.json
[3.430s] -- Symlinking: /home/prathamkelkar/ros2_ws/install/px4_msgs/share/px4_msgs/msg/RegisterExtComponentReply.json
[3.435s] -- Symlinking: /home/prathamkelkar/ros2_ws/install/px4_msgs/share/px4_msgs/msg/RegisterExtComponentRequest.json
[3.440s] -- Symlinking: /home/prathamkelkar/ros2_ws/install/px4_msgs/share/px4_msgs/msg/Rpm.json
[3.445s] -- Symlinking: /home/prathamkelkar/ros2_ws/install/px4_msgs/share/px4_msgs/msg/RtlStatus.json
[3.450s] -- Symlinking: /home/prathamkelkar/ros2_ws/install/px4_msgs/share/px4_msgs/msg/RtlTimeEstimate.json
[3.455s] -- Symlinking: /home/prathamkelkar/ros2_ws/install/px4_msgs/share/px4_msgs/msg/SatelliteInfo.json
[3.460s] -- Symlinking: /home/prathamkelkar/ros2_ws/install/px4_msgs/share/px4_msgs/msg/SensorAccel.json
[3.465s] -- Symlinking: /home/prathamkelkar/ros2_ws/install/px4_msgs/share/px4_msgs/msg/SensorAccelFifo.json
[3.478s] -- Symlinking: /home/prathamkelkar/ros2_ws/install/px4_msgs/share/px4_msgs/msg/SensorAirflow.json
[3.490s] -- Symlinking: /home/prathamkelkar/ros2_ws/install/px4_msgs/share/px4_msgs/msg/SensorBaro.json
[3.499s] -- Symlinking: /home/prathamkelkar/ros2_ws/install/px4_msgs/share/px4_msgs/msg/SensorCombined.json
[3.506s] -- Symlinking: /home/prathamkelkar/ros2_ws/install/px4_msgs/share/px4_msgs/msg/SensorCorrection.json
[3.511s] -- Symlinking: /home/prathamkelkar/ros2_ws/install/px4_msgs/share/px4_msgs/msg/SensorGnssRelative.json
[3.524s] -- Symlinking: /home/prathamkelkar/ros2_ws/install/px4_msgs/share/px4_msgs/msg/SensorGps.json
[3.537s] -- Symlinking: /home/prathamkelkar/ros2_ws/install/px4_msgs/share/px4_msgs/msg/SensorGyro.json
[3.553s] -- Symlinking: /home/prathamkelkar/ros2_ws/install/px4_msgs/share/px4_msgs/msg/SensorGyroFft.json
[3.567s] -- Symlinking: /home/prathamkelkar/ros2_ws/install/px4_msgs/share/px4_msgs/msg/SensorGyroFifo.json
[3.582s] -- Symlinking: /home/prathamkelkar/ros2_ws/install/px4_msgs/share/px4_msgs/msg/SensorHygrometer.json
[3.595s] -- Symlinking: /home/prathamkelkar/ros2_ws/install/px4_msgs/share/px4_msgs/msg/SensorMag.json
[3.608s] -- Symlinking: /home/prathamkelkar/ros2_ws/install/px4_msgs/share/px4_msgs/msg/SensorOpticalFlow.json
[3.618s] -- Symlinking: /home/prathamkelkar/ros2_ws/install/px4_msgs/share/px4_msgs/msg/SensorPreflightMag.json
[3.624s] -- Symlinking: /home/prathamkelkar/ros2_ws/install/px4_msgs/share/px4_msgs/msg/SensorSelection.json
[3.629s] -- Symlinking: /home/prathamkelkar/ros2_ws/install/px4_msgs/share/px4_msgs/msg/SensorUwb.json
[3.635s] -- Symlinking: /home/prathamkelkar/ros2_ws/install/px4_msgs/share/px4_msgs/msg/SensorsStatus.json
[3.649s] -- Symlinking: /home/prathamkelkar/ros2_ws/install/px4_msgs/share/px4_msgs/msg/SensorsStatusImu.json
[3.658s] -- Symlinking: /home/prathamkelkar/ros2_ws/install/px4_msgs/share/px4_msgs/msg/SystemPower.json
[3.665s] -- Symlinking: /home/prathamkelkar/ros2_ws/install/px4_msgs/share/px4_msgs/msg/TakeoffStatus.json
[3.678s] -- Symlinking: /home/prathamkelkar/ros2_ws/install/px4_msgs/share/px4_msgs/msg/TaskStackInfo.json
[3.689s] -- Symlinking: /home/prathamkelkar/ros2_ws/install/px4_msgs/share/px4_msgs/msg/TecsStatus.json
[3.696s] -- Symlinking: /home/prathamkelkar/ros2_ws/install/px4_msgs/share/px4_msgs/msg/TelemetryStatus.json
[3.711s] -- Symlinking: /home/prathamkelkar/ros2_ws/install/px4_msgs/share/px4_msgs/msg/TiltrotorExtraControls.json
[3.723s] -- Symlinking: /home/prathamkelkar/ros2_ws/install/px4_msgs/share/px4_msgs/msg/TimesyncStatus.json
[3.732s] -- Symlinking: /home/prathamkelkar/ros2_ws/install/px4_msgs/share/px4_msgs/msg/TrajectoryBezier.json
[3.739s] -- Symlinking: /home/prathamkelkar/ros2_ws/install/px4_msgs/share/px4_msgs/msg/TrajectorySetpoint.json
[3.744s] -- Symlinking: /home/prathamkelkar/ros2_ws/install/px4_msgs/share/px4_msgs/msg/TrajectoryWaypoint.json
[3.749s] -- Symlinking: /home/prathamkelkar/ros2_ws/install/px4_msgs/share/px4_msgs/msg/TransponderReport.json
[3.754s] -- Symlinking: /home/prathamkelkar/ros2_ws/install/px4_msgs/share/px4_msgs/msg/TuneControl.json
[3.760s] -- Symlinking: /home/prathamkelkar/ros2_ws/install/px4_msgs/share/px4_msgs/msg/UavcanParameterRequest.json
[3.765s] -- Symlinking: /home/prathamkelkar/ros2_ws/install/px4_msgs/share/px4_msgs/msg/UavcanParameterValue.json
[3.770s] -- Symlinking: /home/prathamkelkar/ros2_ws/install/px4_msgs/share/px4_msgs/msg/UlogStream.json
[3.783s] -- Symlinking: /home/prathamkelkar/ros2_ws/install/px4_msgs/share/px4_msgs/msg/UlogStreamAck.json
[3.797s] -- Symlinking: /home/prathamkelkar/ros2_ws/install/px4_msgs/share/px4_msgs/msg/UnregisterExtComponent.json
[3.812s] -- Symlinking: /home/prathamkelkar/ros2_ws/install/px4_msgs/share/px4_msgs/msg/VehicleAcceleration.json
[3.827s] -- Symlinking: /home/prathamkelkar/ros2_ws/install/px4_msgs/share/px4_msgs/msg/VehicleAirData.json
[3.842s] -- Symlinking: /home/prathamkelkar/ros2_ws/install/px4_msgs/share/px4_msgs/msg/VehicleAngularAccelerationSetpoint.json
[3.857s] -- Symlinking: /home/prathamkelkar/ros2_ws/install/px4_msgs/share/px4_msgs/msg/VehicleAngularVelocity.json
[3.871s] -- Symlinking: /home/prathamkelkar/ros2_ws/install/px4_msgs/share/px4_msgs/msg/VehicleAttitude.json
[3.885s] -- Symlinking: /home/prathamkelkar/ros2_ws/install/px4_msgs/share/px4_msgs/msg/VehicleAttitudeSetpoint.json
[3.897s] -- Symlinking: /home/prathamkelkar/ros2_ws/install/px4_msgs/share/px4_msgs/msg/VehicleCommand.json
[3.911s] -- Symlinking: /home/prathamkelkar/ros2_ws/install/px4_msgs/share/px4_msgs/msg/VehicleCommandAck.json
[3.924s] -- Symlinking: /home/prathamkelkar/ros2_ws/install/px4_msgs/share/px4_msgs/msg/VehicleConstraints.json
[3.933s] -- Symlinking: /home/prathamkelkar/ros2_ws/install/px4_msgs/share/px4_msgs/msg/VehicleControlMode.json
[3.940s] -- Symlinking: /home/prathamkelkar/ros2_ws/install/px4_msgs/share/px4_msgs/msg/VehicleGlobalPosition.json
[3.956s] -- Symlinking: /home/prathamkelkar/ros2_ws/install/px4_msgs/share/px4_msgs/msg/VehicleImu.json
[3.968s] -- Symlinking: /home/prathamkelkar/ros2_ws/install/px4_msgs/share/px4_msgs/msg/VehicleImuStatus.json
[3.981s] -- Symlinking: /home/prathamkelkar/ros2_ws/install/px4_msgs/share/px4_msgs/msg/VehicleLandDetected.json
[3.989s] -- Symlinking: /home/prathamkelkar/ros2_ws/install/px4_msgs/share/px4_msgs/msg/VehicleLocalPosition.json
[3.996s] -- Symlinking: /home/prathamkelkar/ros2_ws/install/px4_msgs/share/px4_msgs/msg/VehicleLocalPositionSetpoint.json
[4.001s] -- Symlinking: /home/prathamkelkar/ros2_ws/install/px4_msgs/share/px4_msgs/msg/VehicleMagnetometer.json
[4.006s] -- Symlinking: /home/prathamkelkar/ros2_ws/install/px4_msgs/share/px4_msgs/msg/VehicleOdometry.json
[4.020s] -- Symlinking: /home/prathamkelkar/ros2_ws/install/px4_msgs/share/px4_msgs/msg/VehicleOpticalFlow.json
[4.029s] -- Symlinking: /home/prathamkelkar/ros2_ws/install/px4_msgs/share/px4_msgs/msg/VehicleOpticalFlowVel.json
[4.035s] -- Symlinking: /home/prathamkelkar/ros2_ws/install/px4_msgs/share/px4_msgs/msg/VehicleRatesSetpoint.json
[4.041s] -- Symlinking: /home/prathamkelkar/ros2_ws/install/px4_msgs/share/px4_msgs/msg/VehicleRoi.json
[4.046s] -- Symlinking: /home/prathamkelkar/ros2_ws/install/px4_msgs/share/px4_msgs/msg/VehicleStatus.json
[4.064s] -- Symlinking: /home/prathamkelkar/ros2_ws/install/px4_msgs/share/px4_msgs/msg/VehicleThrustSetpoint.json
[4.080s] -- Symlinking: /home/prathamkelkar/ros2_ws/install/px4_msgs/share/px4_msgs/msg/VehicleTorqueSetpoint.json
[4.093s] -- Symlinking: /home/prathamkelkar/ros2_ws/install/px4_msgs/share/px4_msgs/msg/VehicleTrajectoryBezier.json
[4.106s] -- Symlinking: /home/prathamkelkar/ros2_ws/install/px4_msgs/share/px4_msgs/msg/VehicleTrajectoryWaypoint.json
[4.120s] -- Symlinking: /home/prathamkelkar/ros2_ws/install/px4_msgs/share/px4_msgs/msg/VelocityLimits.json
[4.134s] -- Symlinking: /home/prathamkelkar/ros2_ws/install/px4_msgs/share/px4_msgs/msg/VtolVehicleStatus.json
[4.143s] -- Symlinking: /home/prathamkelkar/ros2_ws/install/px4_msgs/share/px4_msgs/msg/WheelEncoders.json
[4.157s] -- Symlinking: /home/prathamkelkar/ros2_ws/install/px4_msgs/share/px4_msgs/msg/Wind.json
[4.169s] -- Symlinking: /home/prathamkelkar/ros2_ws/install/px4_msgs/share/px4_msgs/msg/YawEstimatorStatus.json
[4.177s] -- Symlinking: /home/prathamkelkar/ros2_ws/install/px4_msgs/share/px4_msgs/srv/VehicleCommand.json
[4.202s] -- Symlinking: /home/prathamkelkar/ros2_ws/install/px4_msgs/include/px4_msgs/px4_msgs/msg/action_request.h
[4.215s] -- Symlinking: /home/prathamkelkar/ros2_ws/install/px4_msgs/include/px4_msgs/px4_msgs/msg/actuator_armed.h
[4.225s] -- Symlinking: /home/prathamkelkar/ros2_ws/install/px4_msgs/include/px4_msgs/px4_msgs/msg/actuator_controls_status.h
[4.239s] -- Symlinking: /home/prathamkelkar/ros2_ws/install/px4_msgs/include/px4_msgs/px4_msgs/msg/actuator_motors.h
[4.253s] -- Symlinking: /home/prathamkelkar/ros2_ws/install/px4_msgs/include/px4_msgs/px4_msgs/msg/actuator_outputs.h
[4.262s] -- Symlinking: /home/prathamkelkar/ros2_ws/install/px4_msgs/include/px4_msgs/px4_msgs/msg/actuator_servos.h
[4.269s] -- Symlinking: /home/prathamkelkar/ros2_ws/install/px4_msgs/include/px4_msgs/px4_msgs/msg/actuator_servos_trim.h
[4.274s] -- Symlinking: /home/prathamkelkar/ros2_ws/install/px4_msgs/include/px4_msgs/px4_msgs/msg/actuator_test.h
[4.279s] -- Symlinking: /home/prathamkelkar/ros2_ws/install/px4_msgs/include/px4_msgs/px4_msgs/msg/adc_report.h
[4.284s] -- Symlinking: /home/prathamkelkar/ros2_ws/install/px4_msgs/include/px4_msgs/px4_msgs/msg/airspeed.h
[4.289s] -- Symlinking: /home/prathamkelkar/ros2_ws/install/px4_msgs/include/px4_msgs/px4_msgs/msg/airspeed_validated.h
[4.303s] -- Symlinking: /home/prathamkelkar/ros2_ws/install/px4_msgs/include/px4_msgs/px4_msgs/msg/airspeed_wind.h
[4.311s] -- Symlinking: /home/prathamkelkar/ros2_ws/install/px4_msgs/include/px4_msgs/px4_msgs/msg/arming_check_reply.h
[4.325s] -- Symlinking: /home/prathamkelkar/ros2_ws/install/px4_msgs/include/px4_msgs/px4_msgs/msg/arming_check_request.h
[4.337s] -- Symlinking: /home/prathamkelkar/ros2_ws/install/px4_msgs/include/px4_msgs/px4_msgs/msg/autotune_attitude_control_status.h
[4.345s] -- Symlinking: /home/prathamkelkar/ros2_ws/install/px4_msgs/include/px4_msgs/px4_msgs/msg/battery_status.h
[4.359s] -- Symlinking: /home/prathamkelkar/ros2_ws/install/px4_msgs/include/px4_msgs/px4_msgs/msg/buffer128.h
[4.376s] -- Symlinking: /home/prathamkelkar/ros2_ws/install/px4_msgs/include/px4_msgs/px4_msgs/msg/button_event.h
[4.391s] -- Symlinking: /home/prathamkelkar/ros2_ws/install/px4_msgs/include/px4_msgs/px4_msgs/msg/camera_capture.h
[4.404s] -- Symlinking: /home/prathamkelkar/ros2_ws/install/px4_msgs/include/px4_msgs/px4_msgs/msg/camera_status.h
[4.417s] -- Symlinking: /home/prathamkelkar/ros2_ws/install/px4_msgs/include/px4_msgs/px4_msgs/msg/camera_trigger.h
[4.429s] -- Symlinking: /home/prathamkelkar/ros2_ws/install/px4_msgs/include/px4_msgs/px4_msgs/msg/can_interface_status.h
[4.443s] -- Symlinking: /home/prathamkelkar/ros2_ws/install/px4_msgs/include/px4_msgs/px4_msgs/msg/cellular_status.h
[4.455s] -- Symlinking: /home/prathamkelkar/ros2_ws/install/px4_msgs/include/px4_msgs/px4_msgs/msg/collision_constraints.h
[4.469s] -- Symlinking: /home/prathamkelkar/ros2_ws/install/px4_msgs/include/px4_msgs/px4_msgs/msg/collision_report.h
[4.484s] -- Symlinking: /home/prathamkelkar/ros2_ws/install/px4_msgs/include/px4_msgs/px4_msgs/msg/config_overrides.h
[4.497s] -- Symlinking: /home/prathamkelkar/ros2_ws/install/px4_msgs/include/px4_msgs/px4_msgs/msg/control_allocator_status.h
[4.507s] -- Symlinking: /home/prathamkelkar/ros2_ws/install/px4_msgs/include/px4_msgs/px4_msgs/msg/cpuload.h
[4.514s] -- Symlinking: /home/prathamkelkar/ros2_ws/install/px4_msgs/include/px4_msgs/px4_msgs/msg/dataman_request.h
[4.519s] -- Symlinking: /home/prathamkelkar/ros2_ws/install/px4_msgs/include/px4_msgs/px4_msgs/msg/dataman_response.h
[4.524s] -- Symlinking: /home/prathamkelkar/ros2_ws/install/px4_msgs/include/px4_msgs/px4_msgs/msg/debug_array.h
[4.538s] -- Symlinking: /home/prathamkelkar/ros2_ws/install/px4_msgs/include/px4_msgs/px4_msgs/msg/debug_key_value.h
[4.546s] -- Symlinking: /home/prathamkelkar/ros2_ws/install/px4_msgs/include/px4_msgs/px4_msgs/msg/debug_value.h
[4.554s] -- Symlinking: /home/prathamkelkar/ros2_ws/install/px4_msgs/include/px4_msgs/px4_msgs/msg/debug_vect.h
[4.560s] -- Symlinking: /home/prathamkelkar/ros2_ws/install/px4_msgs/include/px4_msgs/px4_msgs/msg/detail/action_request__functions.h
[4.576s] -- Symlinking: /home/prathamkelkar/ros2_ws/install/px4_msgs/include/px4_msgs/px4_msgs/msg/detail/action_request__struct.h
[4.588s] -- Symlinking: /home/prathamkelkar/ros2_ws/install/px4_msgs/include/px4_msgs/px4_msgs/msg/detail/action_request__type_support.h
[4.596s] -- Symlinking: /home/prathamkelkar/ros2_ws/install/px4_msgs/include/px4_msgs/px4_msgs/msg/detail/actuator_armed__functions.h
[4.601s] -- Symlinking: /home/prathamkelkar/ros2_ws/install/px4_msgs/include/px4_msgs/px4_msgs/msg/detail/actuator_armed__struct.h
[4.615s] -- Symlinking: /home/prathamkelkar/ros2_ws/install/px4_msgs/include/px4_msgs/px4_msgs/msg/detail/actuator_armed__type_support.h
[4.624s] -- Symlinking: /home/prathamkelkar/ros2_ws/install/px4_msgs/include/px4_msgs/px4_msgs/msg/detail/actuator_controls_status__functions.h
[4.639s] -- Symlinking: /home/prathamkelkar/ros2_ws/install/px4_msgs/include/px4_msgs/px4_msgs/msg/detail/actuator_controls_status__struct.h
[4.652s] -- Symlinking: /home/prathamkelkar/ros2_ws/install/px4_msgs/include/px4_msgs/px4_msgs/msg/detail/actuator_controls_status__type_support.h
[4.667s] -- Symlinking: /home/prathamkelkar/ros2_ws/install/px4_msgs/include/px4_msgs/px4_msgs/msg/detail/actuator_motors__functions.h
[4.680s] -- Symlinking: /home/prathamkelkar/ros2_ws/install/px4_msgs/include/px4_msgs/px4_msgs/msg/detail/actuator_motors__struct.h
[4.694s] -- Symlinking: /home/prathamkelkar/ros2_ws/install/px4_msgs/include/px4_msgs/px4_msgs/msg/detail/actuator_motors__type_support.h
[4.708s] -- Symlinking: /home/prathamkelkar/ros2_ws/install/px4_msgs/include/px4_msgs/px4_msgs/msg/detail/actuator_outputs__functions.h
[4.720s] -- Symlinking: /home/prathamkelkar/ros2_ws/install/px4_msgs/include/px4_msgs/px4_msgs/msg/detail/actuator_outputs__struct.h
[4.728s] -- Symlinking: /home/prathamkelkar/ros2_ws/install/px4_msgs/include/px4_msgs/px4_msgs/msg/detail/actuator_outputs__type_support.h
[4.734s] -- Symlinking: /home/prathamkelkar/ros2_ws/install/px4_msgs/include/px4_msgs/px4_msgs/msg/detail/actuator_servos__functions.h
[4.748s] -- Symlinking: /home/prathamkelkar/ros2_ws/install/px4_msgs/include/px4_msgs/px4_msgs/msg/detail/actuator_servos__struct.h
[4.762s] -- Symlinking: /home/prathamkelkar/ros2_ws/install/px4_msgs/include/px4_msgs/px4_msgs/msg/detail/actuator_servos__type_support.h
[4.775s] -- Symlinking: /home/prathamkelkar/ros2_ws/install/px4_msgs/include/px4_msgs/px4_msgs/msg/detail/actuator_servos_trim__functions.h
[4.789s] -- Symlinking: /home/prathamkelkar/ros2_ws/install/px4_msgs/include/px4_msgs/px4_msgs/msg/detail/actuator_servos_trim__struct.h
[4.803s] -- Symlinking: /home/prathamkelkar/ros2_ws/install/px4_msgs/include/px4_msgs/px4_msgs/msg/detail/actuator_servos_trim__type_support.h
[4.819s] -- Symlinking: /home/prathamkelkar/ros2_ws/install/px4_msgs/include/px4_msgs/px4_msgs/msg/detail/actuator_test__functions.h
[4.832s] -- Symlinking: /home/prathamkelkar/ros2_ws/install/px4_msgs/include/px4_msgs/px4_msgs/msg/detail/actuator_test__struct.h
[4.845s] -- Symlinking: /home/prathamkelkar/ros2_ws/install/px4_msgs/include/px4_msgs/px4_msgs/msg/detail/actuator_test__type_support.h
[4.857s] -- Symlinking: /home/prathamkelkar/ros2_ws/install/px4_msgs/include/px4_msgs/px4_msgs/msg/detail/adc_report__functions.h
[4.865s] -- Symlinking: /home/prathamkelkar/ros2_ws/install/px4_msgs/include/px4_msgs/px4_msgs/msg/detail/adc_report__struct.h
[4.871s] -- Symlinking: /home/prathamkelkar/ros2_ws/install/px4_msgs/include/px4_msgs/px4_msgs/msg/detail/adc_report__type_support.h
[4.884s] -- Symlinking: /home/prathamkelkar/ros2_ws/install/px4_msgs/include/px4_msgs/px4_msgs/msg/detail/airspeed__functions.h
[4.896s] -- Symlinking: /home/prathamkelkar/ros2_ws/install/px4_msgs/include/px4_msgs/px4_msgs/msg/detail/airspeed__struct.h
[4.908s] -- Symlinking: /home/prathamkelkar/ros2_ws/install/px4_msgs/include/px4_msgs/px4_msgs/msg/detail/airspeed__type_support.h
[4.918s] -- Symlinking: /home/prathamkelkar/ros2_ws/install/px4_msgs/include/px4_msgs/px4_msgs/msg/detail/airspeed_validated__functions.h
[4.925s] -- Symlinking: /home/prathamkelkar/ros2_ws/install/px4_msgs/include/px4_msgs/px4_msgs/msg/detail/airspeed_validated__struct.h
[4.930s] -- Symlinking: /home/prathamkelkar/ros2_ws/install/px4_msgs/include/px4_msgs/px4_msgs/msg/detail/airspeed_validated__type_support.h
[4.935s] -- Symlinking: /home/prathamkelkar/ros2_ws/install/px4_msgs/include/px4_msgs/px4_msgs/msg/detail/airspeed_wind__functions.h
[4.949s] -- Symlinking: /home/prathamkelkar/ros2_ws/install/px4_msgs/include/px4_msgs/px4_msgs/msg/detail/airspeed_wind__struct.h
[4.965s] -- Symlinking: /home/prathamkelkar/ros2_ws/install/px4_msgs/include/px4_msgs/px4_msgs/msg/detail/airspeed_wind__type_support.h
[4.981s] -- Symlinking: /home/prathamkelkar/ros2_ws/install/px4_msgs/include/px4_msgs/px4_msgs/msg/detail/arming_check_reply__functions.h
[4.995s] -- Symlinking: /home/prathamkelkar/ros2_ws/install/px4_msgs/include/px4_msgs/px4_msgs/msg/detail/arming_check_reply__struct.h
[5.008s] -- Symlinking: /home/prathamkelkar/ros2_ws/install/px4_msgs/include/px4_msgs/px4_msgs/msg/detail/arming_check_reply__type_support.h
[5.021s] -- Symlinking: /home/prathamkelkar/ros2_ws/install/px4_msgs/include/px4_msgs/px4_msgs/msg/detail/arming_check_request__functions.h
[5.032s] -- Symlinking: /home/prathamkelkar/ros2_ws/install/px4_msgs/include/px4_msgs/px4_msgs/msg/detail/arming_check_request__struct.h
[5.039s] -- Symlinking: /home/prathamkelkar/ros2_ws/install/px4_msgs/include/px4_msgs/px4_msgs/msg/detail/arming_check_request__type_support.h
[5.044s] -- Symlinking: /home/prathamkelkar/ros2_ws/install/px4_msgs/include/px4_msgs/px4_msgs/msg/detail/autotune_attitude_control_status__functions.h
[5.049s] -- Symlinking: /home/prathamkelkar/ros2_ws/install/px4_msgs/include/px4_msgs/px4_msgs/msg/detail/autotune_attitude_control_status__struct.h
[5.054s] -- Symlinking: /home/prathamkelkar/ros2_ws/install/px4_msgs/include/px4_msgs/px4_msgs/msg/detail/autotune_attitude_control_status__type_support.h
[5.059s] -- Symlinking: /home/prathamkelkar/ros2_ws/install/px4_msgs/include/px4_msgs/px4_msgs/msg/detail/battery_status__functions.h
[5.074s] -- Symlinking: /home/prathamkelkar/ros2_ws/install/px4_msgs/include/px4_msgs/px4_msgs/msg/detail/battery_status__struct.h
[5.088s] -- Symlinking: /home/prathamkelkar/ros2_ws/install/px4_msgs/include/px4_msgs/px4_msgs/msg/detail/battery_status__type_support.h
[5.101s] -- Symlinking: /home/prathamkelkar/ros2_ws/install/px4_msgs/include/px4_msgs/px4_msgs/msg/detail/buffer128__functions.h
[5.115s] -- Symlinking: /home/prathamkelkar/ros2_ws/install/px4_msgs/include/px4_msgs/px4_msgs/msg/detail/buffer128__struct.h
[5.128s] -- Symlinking: /home/prathamkelkar/ros2_ws/install/px4_msgs/include/px4_msgs/px4_msgs/msg/detail/buffer128__type_support.h
[5.141s] -- Symlinking: /home/prathamkelkar/ros2_ws/install/px4_msgs/include/px4_msgs/px4_msgs/msg/detail/button_event__functions.h
[5.150s] -- Symlinking: /home/prathamkelkar/ros2_ws/install/px4_msgs/include/px4_msgs/px4_msgs/msg/detail/button_event__struct.h
[5.157s] -- Symlinking: /home/prathamkelkar/ros2_ws/install/px4_msgs/include/px4_msgs/px4_msgs/msg/detail/button_event__type_support.h
[5.171s] -- Symlinking: /home/prathamkelkar/ros2_ws/install/px4_msgs/include/px4_msgs/px4_msgs/msg/detail/camera_capture__functions.h
[5.182s] -- Symlinking: /home/prathamkelkar/ros2_ws/install/px4_msgs/include/px4_msgs/px4_msgs/msg/detail/camera_capture__struct.h
[5.196s] -- Symlinking: /home/prathamkelkar/ros2_ws/install/px4_msgs/include/px4_msgs/px4_msgs/msg/detail/camera_capture__type_support.h
[5.208s] -- Symlinking: /home/prathamkelkar/ros2_ws/install/px4_msgs/include/px4_msgs/px4_msgs/msg/detail/camera_status__functions.h
[5.217s] -- Symlinking: /home/prathamkelkar/ros2_ws/install/px4_msgs/include/px4_msgs/px4_msgs/msg/detail/camera_status__struct.h
[5.224s] -- Symlinking: /home/prathamkelkar/ros2_ws/install/px4_msgs/include/px4_msgs/px4_msgs/msg/detail/camera_status__type_support.h
[5.229s] -- Symlinking: /home/prathamkelkar/ros2_ws/install/px4_msgs/include/px4_msgs/px4_msgs/msg/detail/camera_trigger__functions.h
[5.234s] -- Symlinking: /home/prathamkelkar/ros2_ws/install/px4_msgs/include/px4_msgs/px4_msgs/msg/detail/camera_trigger__struct.h
[5.239s] -- Symlinking: /home/prathamkelkar/ros2_ws/install/px4_msgs/include/px4_msgs/px4_msgs/msg/detail/camera_trigger__type_support.h
[5.259s] -- Symlinking: /home/prathamkelkar/ros2_ws/install/px4_msgs/include/px4_msgs/px4_msgs/msg/detail/can_interface_status__functions.h
[5.276s] -- Symlinking: /home/prathamkelkar/ros2_ws/install/px4_msgs/include/px4_msgs/px4_msgs/msg/detail/can_interface_status__struct.h
[5.292s] -- Symlinking: /home/prathamkelkar/ros2_ws/install/px4_msgs/include/px4_msgs/px4_msgs/msg/detail/can_interface_status__type_support.h
[5.302s] -- Symlinking: /home/prathamkelkar/ros2_ws/install/px4_msgs/include/px4_msgs/px4_msgs/msg/detail/cellular_status__functions.h
[5.309s] -- Symlinking: /home/prathamkelkar/ros2_ws/install/px4_msgs/include/px4_msgs/px4_msgs/msg/detail/cellular_status__struct.h
[5.315s] -- Symlinking: /home/prathamkelkar/ros2_ws/install/px4_msgs/include/px4_msgs/px4_msgs/msg/detail/cellular_status__type_support.h
[5.320s] -- Symlinking: /home/prathamkelkar/ros2_ws/install/px4_msgs/include/px4_msgs/px4_msgs/msg/detail/collision_constraints__functions.h
[5.325s] -- Symlinking: /home/prathamkelkar/ros2_ws/install/px4_msgs/include/px4_msgs/px4_msgs/msg/detail/collision_constraints__struct.h
[5.331s] -- Symlinking: /home/prathamkelkar/ros2_ws/install/px4_msgs/include/px4_msgs/px4_msgs/msg/detail/collision_constraints__type_support.h
[5.335s] -- Symlinking: /home/prathamkelkar/ros2_ws/install/px4_msgs/include/px4_msgs/px4_msgs/msg/detail/collision_report__functions.h
[5.341s] -- Symlinking: /home/prathamkelkar/ros2_ws/install/px4_msgs/include/px4_msgs/px4_msgs/msg/detail/collision_report__struct.h
[5.346s] -- Symlinking: /home/prathamkelkar/ros2_ws/install/px4_msgs/include/px4_msgs/px4_msgs/msg/detail/collision_report__type_support.h
[5.351s] -- Symlinking: /home/prathamkelkar/ros2_ws/install/px4_msgs/include/px4_msgs/px4_msgs/msg/detail/config_overrides__functions.h
[5.356s] -- Symlinking: /home/prathamkelkar/ros2_ws/install/px4_msgs/include/px4_msgs/px4_msgs/msg/detail/config_overrides__struct.h
[5.361s] -- Symlinking: /home/prathamkelkar/ros2_ws/install/px4_msgs/include/px4_msgs/px4_msgs/msg/detail/config_overrides__type_support.h
[5.366s] -- Symlinking: /home/prathamkelkar/ros2_ws/install/px4_msgs/include/px4_msgs/px4_msgs/msg/detail/control_allocator_status__functions.h
[5.371s] -- Symlinking: /home/prathamkelkar/ros2_ws/install/px4_msgs/include/px4_msgs/px4_msgs/msg/detail/control_allocator_status__struct.h
[5.376s] -- Symlinking: /home/prathamkelkar/ros2_ws/install/px4_msgs/include/px4_msgs/px4_msgs/msg/detail/control_allocator_status__type_support.h
[5.389s] -- Symlinking: /home/prathamkelkar/ros2_ws/install/px4_msgs/include/px4_msgs/px4_msgs/msg/detail/cpuload__functions.h
[5.396s] -- Symlinking: /home/prathamkelkar/ros2_ws/install/px4_msgs/include/px4_msgs/px4_msgs/msg/detail/cpuload__struct.h
[5.401s] -- Symlinking: /home/prathamkelkar/ros2_ws/install/px4_msgs/include/px4_msgs/px4_msgs/msg/detail/cpuload__type_support.h
[5.406s] -- Symlinking: /home/prathamkelkar/ros2_ws/install/px4_msgs/include/px4_msgs/px4_msgs/msg/detail/dataman_request__functions.h
[5.411s] -- Symlinking: /home/prathamkelkar/ros2_ws/install/px4_msgs/include/px4_msgs/px4_msgs/msg/detail/dataman_request__struct.h
[5.416s] -- Symlinking: /home/prathamkelkar/ros2_ws/install/px4_msgs/include/px4_msgs/px4_msgs/msg/detail/dataman_request__type_support.h
[5.421s] -- Symlinking: /home/prathamkelkar/ros2_ws/install/px4_msgs/include/px4_msgs/px4_msgs/msg/detail/dataman_response__functions.h
[5.426s] -- Symlinking: /home/prathamkelkar/ros2_ws/install/px4_msgs/include/px4_msgs/px4_msgs/msg/detail/dataman_response__struct.h
[5.431s] -- Symlinking: /home/prathamkelkar/ros2_ws/install/px4_msgs/include/px4_msgs/px4_msgs/msg/detail/dataman_response__type_support.h
[5.436s] -- Symlinking: /home/prathamkelkar/ros2_ws/install/px4_msgs/include/px4_msgs/px4_msgs/msg/detail/debug_array__functions.h
[5.441s] -- Symlinking: /home/prathamkelkar/ros2_ws/install/px4_msgs/include/px4_msgs/px4_msgs/msg/detail/debug_array__struct.h
[5.446s] -- Symlinking: /home/prathamkelkar/ros2_ws/install/px4_msgs/include/px4_msgs/px4_msgs/msg/detail/debug_array__type_support.h
[5.451s] -- Symlinking: /home/prathamkelkar/ros2_ws/install/px4_msgs/include/px4_msgs/px4_msgs/msg/detail/debug_key_value__functions.h
[5.456s] -- Symlinking: /home/prathamkelkar/ros2_ws/install/px4_msgs/include/px4_msgs/px4_msgs/msg/detail/debug_key_value__struct.h
[5.460s] -- Symlinking: /home/prathamkelkar/ros2_ws/install/px4_msgs/include/px4_msgs/px4_msgs/msg/detail/debug_key_value__type_support.h
[5.465s] -- Symlinking: /home/prathamkelkar/ros2_ws/install/px4_msgs/include/px4_msgs/px4_msgs/msg/detail/debug_value__functions.h
[5.470s] -- Symlinking: /home/prathamkelkar/ros2_ws/install/px4_msgs/include/px4_msgs/px4_msgs/msg/detail/debug_value__struct.h
[5.475s] -- Symlinking: /home/prathamkelkar/ros2_ws/install/px4_msgs/include/px4_msgs/px4_msgs/msg/detail/debug_value__type_support.h
[5.480s] -- Symlinking: /home/prathamkelkar/ros2_ws/install/px4_msgs/include/px4_msgs/px4_msgs/msg/detail/debug_vect__functions.h
[5.485s] -- Symlinking: /home/prathamkelkar/ros2_ws/install/px4_msgs/include/px4_msgs/px4_msgs/msg/detail/debug_vect__struct.h
[5.490s] -- Symlinking: /home/prathamkelkar/ros2_ws/install/px4_msgs/include/px4_msgs/px4_msgs/msg/detail/debug_vect__type_support.h
[5.495s] -- Symlinking: /home/prathamkelkar/ros2_ws/install/px4_msgs/include/px4_msgs/px4_msgs/msg/detail/differential_drive_setpoint__functions.h
[5.500s] -- Symlinking: /home/prathamkelkar/ros2_ws/install/px4_msgs/include/px4_msgs/px4_msgs/msg/detail/differential_drive_setpoint__struct.h
[5.505s] -- Symlinking: /home/prathamkelkar/ros2_ws/install/px4_msgs/include/px4_msgs/px4_msgs/msg/detail/differential_drive_setpoint__type_support.h
[5.510s] -- Symlinking: /home/prathamkelkar/ros2_ws/install/px4_msgs/include/px4_msgs/px4_msgs/msg/detail/differential_pressure__functions.h
[5.515s] -- Symlinking: /home/prathamkelkar/ros2_ws/install/px4_msgs/include/px4_msgs/px4_msgs/msg/detail/differential_pressure__struct.h
[5.520s] -- Symlinking: /home/prathamkelkar/ros2_ws/install/px4_msgs/include/px4_msgs/px4_msgs/msg/detail/differential_pressure__type_support.h
[5.525s] -- Symlinking: /home/prathamkelkar/ros2_ws/install/px4_msgs/include/px4_msgs/px4_msgs/msg/detail/distance_sensor__functions.h
[5.530s] -- Symlinking: /home/prathamkelkar/ros2_ws/install/px4_msgs/include/px4_msgs/px4_msgs/msg/detail/distance_sensor__struct.h
[5.535s] -- Symlinking: /home/prathamkelkar/ros2_ws/install/px4_msgs/include/px4_msgs/px4_msgs/msg/detail/distance_sensor__type_support.h
[5.540s] -- Symlinking: /home/prathamkelkar/ros2_ws/install/px4_msgs/include/px4_msgs/px4_msgs/msg/detail/ekf2_timestamps__functions.h
[5.553s] -- Symlinking: /home/prathamkelkar/ros2_ws/install/px4_msgs/include/px4_msgs/px4_msgs/msg/detail/ekf2_timestamps__struct.h
[5.566s] -- Symlinking: /home/prathamkelkar/ros2_ws/install/px4_msgs/include/px4_msgs/px4_msgs/msg/detail/ekf2_timestamps__type_support.h
[5.576s] -- Symlinking: /home/prathamkelkar/ros2_ws/install/px4_msgs/include/px4_msgs/px4_msgs/msg/detail/esc_report__functions.h
[5.582s] -- Symlinking: /home/prathamkelkar/ros2_ws/install/px4_msgs/include/px4_msgs/px4_msgs/msg/detail/esc_report__struct.h
[5.587s] -- Symlinking: /home/prathamkelkar/ros2_ws/install/px4_msgs/include/px4_msgs/px4_msgs/msg/detail/esc_report__type_support.h
[5.592s] -- Symlinking: /home/prathamkelkar/ros2_ws/install/px4_msgs/include/px4_msgs/px4_msgs/msg/detail/esc_status__functions.h
[5.597s] -- Symlinking: /home/prathamkelkar/ros2_ws/install/px4_msgs/include/px4_msgs/px4_msgs/msg/detail/esc_status__struct.h
[5.602s] -- Symlinking: /home/prathamkelkar/ros2_ws/install/px4_msgs/include/px4_msgs/px4_msgs/msg/detail/esc_status__type_support.h
[5.607s] -- Symlinking: /home/prathamkelkar/ros2_ws/install/px4_msgs/include/px4_msgs/px4_msgs/msg/detail/estimator_aid_source1d__functions.h
[5.611s] -- Symlinking: /home/prathamkelkar/ros2_ws/install/px4_msgs/include/px4_msgs/px4_msgs/msg/detail/estimator_aid_source1d__struct.h
[5.617s] -- Symlinking: /home/prathamkelkar/ros2_ws/install/px4_msgs/include/px4_msgs/px4_msgs/msg/detail/estimator_aid_source1d__type_support.h
[5.622s] -- Symlinking: /home/prathamkelkar/ros2_ws/install/px4_msgs/include/px4_msgs/px4_msgs/msg/detail/estimator_aid_source2d__functions.h
[5.627s] -- Symlinking: /home/prathamkelkar/ros2_ws/install/px4_msgs/include/px4_msgs/px4_msgs/msg/detail/estimator_aid_source2d__struct.h
[5.631s] -- Symlinking: /home/prathamkelkar/ros2_ws/install/px4_msgs/include/px4_msgs/px4_msgs/msg/detail/estimator_aid_source2d__type_support.h
[5.636s] -- Symlinking: /home/prathamkelkar/ros2_ws/install/px4_msgs/include/px4_msgs/px4_msgs/msg/detail/estimator_aid_source3d__functions.h
[5.641s] -- Symlinking: /home/prathamkelkar/ros2_ws/install/px4_msgs/include/px4_msgs/px4_msgs/msg/detail/estimator_aid_source3d__struct.h
[5.646s] -- Symlinking: /home/prathamkelkar/ros2_ws/install/px4_msgs/include/px4_msgs/px4_msgs/msg/detail/estimator_aid_source3d__type_support.h
[5.651s] -- Symlinking: /home/prathamkelkar/ros2_ws/install/px4_msgs/include/px4_msgs/px4_msgs/msg/detail/estimator_bias3d__functions.h
[5.655s] -- Symlinking: /home/prathamkelkar/ros2_ws/install/px4_msgs/include/px4_msgs/px4_msgs/msg/detail/estimator_bias3d__struct.h
[5.660s] -- Symlinking: /home/prathamkelkar/ros2_ws/install/px4_msgs/include/px4_msgs/px4_msgs/msg/detail/estimator_bias3d__type_support.h
[5.665s] -- Symlinking: /home/prathamkelkar/ros2_ws/install/px4_msgs/include/px4_msgs/px4_msgs/msg/detail/estimator_bias__functions.h
[5.670s] -- Symlinking: /home/prathamkelkar/ros2_ws/install/px4_msgs/include/px4_msgs/px4_msgs/msg/detail/estimator_bias__struct.h
[5.674s] -- Symlinking: /home/prathamkelkar/ros2_ws/install/px4_msgs/include/px4_msgs/px4_msgs/msg/detail/estimator_bias__type_support.h
[5.679s] -- Symlinking: /home/prathamkelkar/ros2_ws/install/px4_msgs/include/px4_msgs/px4_msgs/msg/detail/estimator_event_flags__functions.h
[5.684s] -- Symlinking: /home/prathamkelkar/ros2_ws/install/px4_msgs/include/px4_msgs/px4_msgs/msg/detail/estimator_event_flags__struct.h
[5.689s] -- Symlinking: /home/prathamkelkar/ros2_ws/install/px4_msgs/include/px4_msgs/px4_msgs/msg/detail/estimator_event_flags__type_support.h
[5.694s] -- Symlinking: /home/prathamkelkar/ros2_ws/install/px4_msgs/include/px4_msgs/px4_msgs/msg/detail/estimator_gps_status__functions.h
[5.699s] -- Symlinking: /home/prathamkelkar/ros2_ws/install/px4_msgs/include/px4_msgs/px4_msgs/msg/detail/estimator_gps_status__struct.h
[5.703s] -- Symlinking: /home/prathamkelkar/ros2_ws/install/px4_msgs/include/px4_msgs/px4_msgs/msg/detail/estimator_gps_status__type_support.h
[5.708s] -- Symlinking: /home/prathamkelkar/ros2_ws/install/px4_msgs/include/px4_msgs/px4_msgs/msg/detail/estimator_innovations__functions.h
[5.713s] -- Symlinking: /home/prathamkelkar/ros2_ws/install/px4_msgs/include/px4_msgs/px4_msgs/msg/detail/estimator_innovations__struct.h
[5.718s] -- Symlinking: /home/prathamkelkar/ros2_ws/install/px4_msgs/include/px4_msgs/px4_msgs/msg/detail/estimator_innovations__type_support.h
[5.723s] -- Symlinking: /home/prathamkelkar/ros2_ws/install/px4_msgs/include/px4_msgs/px4_msgs/msg/detail/estimator_selector_status__functions.h
[5.728s] -- Symlinking: /home/prathamkelkar/ros2_ws/install/px4_msgs/include/px4_msgs/px4_msgs/msg/detail/estimator_selector_status__struct.h
[5.733s] -- Symlinking: /home/prathamkelkar/ros2_ws/install/px4_msgs/include/px4_msgs/px4_msgs/msg/detail/estimator_selector_status__type_support.h
[5.738s] -- Symlinking: /home/prathamkelkar/ros2_ws/install/px4_msgs/include/px4_msgs/px4_msgs/msg/detail/estimator_sensor_bias__functions.h
[5.742s] -- Symlinking: /home/prathamkelkar/ros2_ws/install/px4_msgs/include/px4_msgs/px4_msgs/msg/detail/estimator_sensor_bias__struct.h
[5.747s] -- Symlinking: /home/prathamkelkar/ros2_ws/install/px4_msgs/include/px4_msgs/px4_msgs/msg/detail/estimator_sensor_bias__type_support.h
[5.752s] -- Symlinking: /home/prathamkelkar/ros2_ws/install/px4_msgs/include/px4_msgs/px4_msgs/msg/detail/estimator_states__functions.h
[5.757s] -- Symlinking: /home/prathamkelkar/ros2_ws/install/px4_msgs/include/px4_msgs/px4_msgs/msg/detail/estimator_states__struct.h
[5.762s] -- Symlinking: /home/prathamkelkar/ros2_ws/install/px4_msgs/include/px4_msgs/px4_msgs/msg/detail/estimator_states__type_support.h
[5.767s] -- Symlinking: /home/prathamkelkar/ros2_ws/install/px4_msgs/include/px4_msgs/px4_msgs/msg/detail/estimator_status__functions.h
[5.772s] -- Symlinking: /home/prathamkelkar/ros2_ws/install/px4_msgs/include/px4_msgs/px4_msgs/msg/detail/estimator_status__struct.h
[5.777s] -- Symlinking: /home/prathamkelkar/ros2_ws/install/px4_msgs/include/px4_msgs/px4_msgs/msg/detail/estimator_status__type_support.h
[5.781s] -- Symlinking: /home/prathamkelkar/ros2_ws/install/px4_msgs/include/px4_msgs/px4_msgs/msg/detail/estimator_status_flags__functions.h
[5.786s] -- Symlinking: /home/prathamkelkar/ros2_ws/install/px4_msgs/include/px4_msgs/px4_msgs/msg/detail/estimator_status_flags__struct.h
[5.791s] -- Symlinking: /home/prathamkelkar/ros2_ws/install/px4_msgs/include/px4_msgs/px4_msgs/msg/detail/estimator_status_flags__type_support.h
[5.798s] -- Symlinking: /home/prathamkelkar/ros2_ws/install/px4_msgs/include/px4_msgs/px4_msgs/msg/detail/event__functions.h
[5.803s] -- Symlinking: /home/prathamkelkar/ros2_ws/install/px4_msgs/include/px4_msgs/px4_msgs/msg/detail/event__struct.h
[5.809s] -- Symlinking: /home/prathamkelkar/ros2_ws/install/px4_msgs/include/px4_msgs/px4_msgs/msg/detail/event__type_support.h
[5.814s] -- Symlinking: /home/prathamkelkar/ros2_ws/install/px4_msgs/include/px4_msgs/px4_msgs/msg/detail/failsafe_flags__functions.h
[5.820s] -- Symlinking: /home/prathamkelkar/ros2_ws/install/px4_msgs/include/px4_msgs/px4_msgs/msg/detail/failsafe_flags__struct.h
[5.825s] -- Symlinking: /home/prathamkelkar/ros2_ws/install/px4_msgs/include/px4_msgs/px4_msgs/msg/detail/failsafe_flags__type_support.h
[5.830s] -- Symlinking: /home/prathamkelkar/ros2_ws/install/px4_msgs/include/px4_msgs/px4_msgs/msg/detail/failure_detector_status__functions.h
[5.835s] -- Symlinking: /home/prathamkelkar/ros2_ws/install/px4_msgs/include/px4_msgs/px4_msgs/msg/detail/failure_detector_status__struct.h
[5.840s] -- Symlinking: /home/prathamkelkar/ros2_ws/install/px4_msgs/include/px4_msgs/px4_msgs/msg/detail/failure_detector_status__type_support.h
[5.845s] -- Symlinking: /home/prathamkelkar/ros2_ws/install/px4_msgs/include/px4_msgs/px4_msgs/msg/detail/figure_eight_status__functions.h
[5.849s] -- Symlinking: /home/prathamkelkar/ros2_ws/install/px4_msgs/include/px4_msgs/px4_msgs/msg/detail/figure_eight_status__struct.h
[5.854s] -- Symlinking: /home/prathamkelkar/ros2_ws/install/px4_msgs/include/px4_msgs/px4_msgs/msg/detail/figure_eight_status__type_support.h
[5.859s] -- Symlinking: /home/prathamkelkar/ros2_ws/install/px4_msgs/include/px4_msgs/px4_msgs/msg/detail/flight_phase_estimation__functions.h
[5.864s] -- Symlinking: /home/prathamkelkar/ros2_ws/install/px4_msgs/include/px4_msgs/px4_msgs/msg/detail/flight_phase_estimation__struct.h
[5.869s] -- Symlinking: /home/prathamkelkar/ros2_ws/install/px4_msgs/include/px4_msgs/px4_msgs/msg/detail/flight_phase_estimation__type_support.h
[5.874s] -- Symlinking: /home/prathamkelkar/ros2_ws/install/px4_msgs/include/px4_msgs/px4_msgs/msg/detail/follow_target__functions.h
[5.878s] -- Symlinking: /home/prathamkelkar/ros2_ws/install/px4_msgs/include/px4_msgs/px4_msgs/msg/detail/follow_target__struct.h
[5.883s] -- Symlinking: /home/prathamkelkar/ros2_ws/install/px4_msgs/include/px4_msgs/px4_msgs/msg/detail/follow_target__type_support.h
[5.888s] -- Symlinking: /home/prathamkelkar/ros2_ws/install/px4_msgs/include/px4_msgs/px4_msgs/msg/detail/follow_target_estimator__functions.h
[5.893s] -- Symlinking: /home/prathamkelkar/ros2_ws/install/px4_msgs/include/px4_msgs/px4_msgs/msg/detail/follow_target_estimator__struct.h
[5.897s] -- Symlinking: /home/prathamkelkar/ros2_ws/install/px4_msgs/include/px4_msgs/px4_msgs/msg/detail/follow_target_estimator__type_support.h
[5.902s] -- Symlinking: /home/prathamkelkar/ros2_ws/install/px4_msgs/include/px4_msgs/px4_msgs/msg/detail/follow_target_status__functions.h
[5.907s] -- Symlinking: /home/prathamkelkar/ros2_ws/install/px4_msgs/include/px4_msgs/px4_msgs/msg/detail/follow_target_status__struct.h
[5.912s] -- Symlinking: /home/prathamkelkar/ros2_ws/install/px4_msgs/include/px4_msgs/px4_msgs/msg/detail/follow_target_status__type_support.h
[5.918s] -- Symlinking: /home/prathamkelkar/ros2_ws/install/px4_msgs/include/px4_msgs/px4_msgs/msg/detail/generator_status__functions.h
[5.923s] -- Symlinking: /home/prathamkelkar/ros2_ws/install/px4_msgs/include/px4_msgs/px4_msgs/msg/detail/generator_status__struct.h
[5.928s] -- Symlinking: /home/prathamkelkar/ros2_ws/install/px4_msgs/include/px4_msgs/px4_msgs/msg/detail/generator_status__type_support.h
[5.933s] -- Symlinking: /home/prathamkelkar/ros2_ws/install/px4_msgs/include/px4_msgs/px4_msgs/msg/detail/geofence_result__functions.h
[5.937s] -- Symlinking: /home/prathamkelkar/ros2_ws/install/px4_msgs/include/px4_msgs/px4_msgs/msg/detail/geofence_result__struct.h
[5.943s] -- Symlinking: /home/prathamkelkar/ros2_ws/install/px4_msgs/include/px4_msgs/px4_msgs/msg/detail/geofence_result__type_support.h
[5.947s] -- Symlinking: /home/prathamkelkar/ros2_ws/install/px4_msgs/include/px4_msgs/px4_msgs/msg/detail/geofence_status__functions.h
[5.952s] -- Symlinking: /home/prathamkelkar/ros2_ws/install/px4_msgs/include/px4_msgs/px4_msgs/msg/detail/geofence_status__struct.h
[5.957s] -- Symlinking: /home/prathamkelkar/ros2_ws/install/px4_msgs/include/px4_msgs/px4_msgs/msg/detail/geofence_status__type_support.h
[5.962s] -- Symlinking: /home/prathamkelkar/ros2_ws/install/px4_msgs/include/px4_msgs/px4_msgs/msg/detail/gimbal_controls__functions.h
[5.974s] -- Symlinking: /home/prathamkelkar/ros2_ws/install/px4_msgs/include/px4_msgs/px4_msgs/msg/detail/gimbal_controls__struct.h
[5.987s] -- Symlinking: /home/prathamkelkar/ros2_ws/install/px4_msgs/include/px4_msgs/px4_msgs/msg/detail/gimbal_controls__type_support.h
[5.996s] -- Symlinking: /home/prathamkelkar/ros2_ws/install/px4_msgs/include/px4_msgs/px4_msgs/msg/detail/gimbal_device_attitude_status__functions.h
[6.003s] -- Symlinking: /home/prathamkelkar/ros2_ws/install/px4_msgs/include/px4_msgs/px4_msgs/msg/detail/gimbal_device_attitude_status__struct.h
[6.015s] -- Symlinking: /home/prathamkelkar/ros2_ws/install/px4_msgs/include/px4_msgs/px4_msgs/msg/detail/gimbal_device_attitude_status__type_support.h
[6.026s] -- Symlinking: /home/prathamkelkar/ros2_ws/install/px4_msgs/include/px4_msgs/px4_msgs/msg/detail/gimbal_device_information__functions.h
[6.033s] -- Symlinking: /home/prathamkelkar/ros2_ws/install/px4_msgs/include/px4_msgs/px4_msgs/msg/detail/gimbal_device_information__struct.h
[6.039s] -- Symlinking: /home/prathamkelkar/ros2_ws/install/px4_msgs/include/px4_msgs/px4_msgs/msg/detail/gimbal_device_information__type_support.h
[6.043s] -- Symlinking: /home/prathamkelkar/ros2_ws/install/px4_msgs/include/px4_msgs/px4_msgs/msg/detail/gimbal_device_set_attitude__functions.h
[6.048s] -- Symlinking: /home/prathamkelkar/ros2_ws/install/px4_msgs/include/px4_msgs/px4_msgs/msg/detail/gimbal_device_set_attitude__struct.h
[6.053s] -- Symlinking: /home/prathamkelkar/ros2_ws/install/px4_msgs/include/px4_msgs/px4_msgs/msg/detail/gimbal_device_set_attitude__type_support.h
[6.058s] -- Symlinking: /home/prathamkelkar/ros2_ws/install/px4_msgs/include/px4_msgs/px4_msgs/msg/detail/gimbal_manager_information__functions.h
[6.063s] -- Symlinking: /home/prathamkelkar/ros2_ws/install/px4_msgs/include/px4_msgs/px4_msgs/msg/detail/gimbal_manager_information__struct.h
[6.068s] -- Symlinking: /home/prathamkelkar/ros2_ws/install/px4_msgs/include/px4_msgs/px4_msgs/msg/detail/gimbal_manager_information__type_support.h
[6.073s] -- Symlinking: /home/prathamkelkar/ros2_ws/install/px4_msgs/include/px4_msgs/px4_msgs/msg/detail/gimbal_manager_set_attitude__functions.h
[6.079s] -- Symlinking: /home/prathamkelkar/ros2_ws/install/px4_msgs/include/px4_msgs/px4_msgs/msg/detail/gimbal_manager_set_attitude__struct.h
[6.085s] -- Symlinking: /home/prathamkelkar/ros2_ws/install/px4_msgs/include/px4_msgs/px4_msgs/msg/detail/gimbal_manager_set_attitude__type_support.h
[6.090s] -- Symlinking: /home/prathamkelkar/ros2_ws/install/px4_msgs/include/px4_msgs/px4_msgs/msg/detail/gimbal_manager_set_manual_control__functions.h
[6.094s] -- Symlinking: /home/prathamkelkar/ros2_ws/install/px4_msgs/include/px4_msgs/px4_msgs/msg/detail/gimbal_manager_set_manual_control__struct.h
[6.099s] -- Symlinking: /home/prathamkelkar/ros2_ws/install/px4_msgs/include/px4_msgs/px4_msgs/msg/detail/gimbal_manager_set_manual_control__type_support.h
[6.104s] -- Symlinking: /home/prathamkelkar/ros2_ws/install/px4_msgs/include/px4_msgs/px4_msgs/msg/detail/gimbal_manager_status__functions.h
[6.109s] -- Symlinking: /home/prathamkelkar/ros2_ws/install/px4_msgs/include/px4_msgs/px4_msgs/msg/detail/gimbal_manager_status__struct.h
[6.114s] -- Symlinking: /home/prathamkelkar/ros2_ws/install/px4_msgs/include/px4_msgs/px4_msgs/msg/detail/gimbal_manager_status__type_support.h
[6.119s] -- Symlinking: /home/prathamkelkar/ros2_ws/install/px4_msgs/include/px4_msgs/px4_msgs/msg/detail/goto_setpoint__functions.h
[6.125s] -- Symlinking: /home/prathamkelkar/ros2_ws/install/px4_msgs/include/px4_msgs/px4_msgs/msg/detail/goto_setpoint__struct.h
[6.129s] -- Symlinking: /home/prathamkelkar/ros2_ws/install/px4_msgs/include/px4_msgs/px4_msgs/msg/detail/goto_setpoint__type_support.h
[6.134s] -- Symlinking: /home/prathamkelkar/ros2_ws/install/px4_msgs/include/px4_msgs/px4_msgs/msg/detail/gpio_config__functions.h
[6.139s] -- Symlinking: /home/prathamkelkar/ros2_ws/install/px4_msgs/include/px4_msgs/px4_msgs/msg/detail/gpio_config__struct.h
[6.144s] -- Symlinking: /home/prathamkelkar/ros2_ws/install/px4_msgs/include/px4_msgs/px4_msgs/msg/detail/gpio_config__type_support.h
[6.149s] -- Symlinking: /home/prathamkelkar/ros2_ws/install/px4_msgs/include/px4_msgs/px4_msgs/msg/detail/gpio_in__functions.h
[6.154s] -- Symlinking: /home/prathamkelkar/ros2_ws/install/px4_msgs/include/px4_msgs/px4_msgs/msg/detail/gpio_in__struct.h
[6.158s] -- Symlinking: /home/prathamkelkar/ros2_ws/install/px4_msgs/include/px4_msgs/px4_msgs/msg/detail/gpio_in__type_support.h
[6.163s] -- Symlinking: /home/prathamkelkar/ros2_ws/install/px4_msgs/include/px4_msgs/px4_msgs/msg/detail/gpio_out__functions.h
[6.168s] -- Symlinking: /home/prathamkelkar/ros2_ws/install/px4_msgs/include/px4_msgs/px4_msgs/msg/detail/gpio_out__struct.h
[6.173s] -- Symlinking: /home/prathamkelkar/ros2_ws/install/px4_msgs/include/px4_msgs/px4_msgs/msg/detail/gpio_out__type_support.h
[6.178s] -- Symlinking: /home/prathamkelkar/ros2_ws/install/px4_msgs/include/px4_msgs/px4_msgs/msg/detail/gpio_request__functions.h
[6.182s] -- Symlinking: /home/prathamkelkar/ros2_ws/install/px4_msgs/include/px4_msgs/px4_msgs/msg/detail/gpio_request__struct.h
[6.187s] -- Symlinking: /home/prathamkelkar/ros2_ws/install/px4_msgs/include/px4_msgs/px4_msgs/msg/detail/gpio_request__type_support.h
[6.200s] -- Symlinking: /home/prathamkelkar/ros2_ws/install/px4_msgs/include/px4_msgs/px4_msgs/msg/detail/gps_dump__functions.h
[6.205s] -- Symlinking: /home/prathamkelkar/ros2_ws/install/px4_msgs/include/px4_msgs/px4_msgs/msg/detail/gps_dump__struct.h
[6.210s] -- Symlinking: /home/prathamkelkar/ros2_ws/install/px4_msgs/include/px4_msgs/px4_msgs/msg/detail/gps_dump__type_support.h
[6.216s] -- Symlinking: /home/prathamkelkar/ros2_ws/install/px4_msgs/include/px4_msgs/px4_msgs/msg/detail/gps_inject_data__functions.h
[6.221s] -- Symlinking: /home/prathamkelkar/ros2_ws/install/px4_msgs/include/px4_msgs/px4_msgs/msg/detail/gps_inject_data__struct.h
[6.226s] -- Symlinking: /home/prathamkelkar/ros2_ws/install/px4_msgs/include/px4_msgs/px4_msgs/msg/detail/gps_inject_data__type_support.h
[6.231s] -- Symlinking: /home/prathamkelkar/ros2_ws/install/px4_msgs/include/px4_msgs/px4_msgs/msg/detail/gripper__functions.h
[6.236s] -- Symlinking: /home/prathamkelkar/ros2_ws/install/px4_msgs/include/px4_msgs/px4_msgs/msg/detail/gripper__struct.h
[6.251s] -- Symlinking: /home/prathamkelkar/ros2_ws/install/px4_msgs/include/px4_msgs/px4_msgs/msg/detail/gripper__type_support.h
[6.266s] -- Symlinking: /home/prathamkelkar/ros2_ws/install/px4_msgs/include/px4_msgs/px4_msgs/msg/detail/health_report__functions.h
[6.279s] -- Symlinking: /home/prathamkelkar/ros2_ws/install/px4_msgs/include/px4_msgs/px4_msgs/msg/detail/health_report__struct.h
[6.290s] -- Symlinking: /home/prathamkelkar/ros2_ws/install/px4_msgs/include/px4_msgs/px4_msgs/msg/detail/health_report__type_support.h
[6.297s] -- Symlinking: /home/prathamkelkar/ros2_ws/install/px4_msgs/include/px4_msgs/px4_msgs/msg/detail/heater_status__functions.h
[6.310s] -- Symlinking: /home/prathamkelkar/ros2_ws/install/px4_msgs/include/px4_msgs/px4_msgs/msg/detail/heater_status__struct.h
[6.323s] -- Symlinking: /home/prathamkelkar/ros2_ws/install/px4_msgs/include/px4_msgs/px4_msgs/msg/detail/heater_status__type_support.h
[6.332s] -- Symlinking: /home/prathamkelkar/ros2_ws/install/px4_msgs/include/px4_msgs/px4_msgs/msg/detail/home_position__functions.h
[6.346s] -- Symlinking: /home/prathamkelkar/ros2_ws/install/px4_msgs/include/px4_msgs/px4_msgs/msg/detail/home_position__struct.h
[6.359s] -- Symlinking: /home/prathamkelkar/ros2_ws/install/px4_msgs/include/px4_msgs/px4_msgs/msg/detail/home_position__type_support.h
[6.368s] -- Symlinking: /home/prathamkelkar/ros2_ws/install/px4_msgs/include/px4_msgs/px4_msgs/msg/detail/hover_thrust_estimate__functions.h
[6.381s] -- Symlinking: /home/prathamkelkar/ros2_ws/install/px4_msgs/include/px4_msgs/px4_msgs/msg/detail/hover_thrust_estimate__struct.h
[6.393s] -- Symlinking: /home/prathamkelkar/ros2_ws/install/px4_msgs/include/px4_msgs/px4_msgs/msg/detail/hover_thrust_estimate__type_support.h
[6.402s] -- Symlinking: /home/prathamkelkar/ros2_ws/install/px4_msgs/include/px4_msgs/px4_msgs/msg/detail/input_rc__functions.h
[6.408s] -- Symlinking: /home/prathamkelkar/ros2_ws/install/px4_msgs/include/px4_msgs/px4_msgs/msg/detail/input_rc__struct.h
[6.421s] -- Symlinking: /home/prathamkelkar/ros2_ws/install/px4_msgs/include/px4_msgs/px4_msgs/msg/detail/input_rc__type_support.h
[6.433s] -- Symlinking: /home/prathamkelkar/ros2_ws/install/px4_msgs/include/px4_msgs/px4_msgs/msg/detail/internal_combustion_engine_status__functions.h
[6.440s] -- Symlinking: /home/prathamkelkar/ros2_ws/install/px4_msgs/include/px4_msgs/px4_msgs/msg/detail/internal_combustion_engine_status__struct.h
[6.445s] -- Symlinking: /home/prathamkelkar/ros2_ws/install/px4_msgs/include/px4_msgs/px4_msgs/msg/detail/internal_combustion_engine_status__type_support.h
[6.450s] -- Symlinking: /home/prathamkelkar/ros2_ws/install/px4_msgs/include/px4_msgs/px4_msgs/msg/detail/iridiumsbd_status__functions.h
[6.463s] -- Symlinking: /home/prathamkelkar/ros2_ws/install/px4_msgs/include/px4_msgs/px4_msgs/msg/detail/iridiumsbd_status__struct.h
[6.472s] -- Symlinking: /home/prathamkelkar/ros2_ws/install/px4_msgs/include/px4_msgs/px4_msgs/msg/detail/iridiumsbd_status__type_support.h
[6.478s] -- Symlinking: /home/prathamkelkar/ros2_ws/install/px4_msgs/include/px4_msgs/px4_msgs/msg/detail/irlock_report__functions.h
[6.484s] -- Symlinking: /home/prathamkelkar/ros2_ws/install/px4_msgs/include/px4_msgs/px4_msgs/msg/detail/irlock_report__struct.h
[6.489s] -- Symlinking: /home/prathamkelkar/ros2_ws/install/px4_msgs/include/px4_msgs/px4_msgs/msg/detail/irlock_report__type_support.h
[6.494s] -- Symlinking: /home/prathamkelkar/ros2_ws/install/px4_msgs/include/px4_msgs/px4_msgs/msg/detail/landing_gear__functions.h
[6.499s] -- Symlinking: /home/prathamkelkar/ros2_ws/install/px4_msgs/include/px4_msgs/px4_msgs/msg/detail/landing_gear__struct.h
[6.504s] -- Symlinking: /home/prathamkelkar/ros2_ws/install/px4_msgs/include/px4_msgs/px4_msgs/msg/detail/landing_gear__type_support.h
[6.509s] -- Symlinking: /home/prathamkelkar/ros2_ws/install/px4_msgs/include/px4_msgs/px4_msgs/msg/detail/landing_gear_wheel__functions.h
[6.514s] -- Symlinking: /home/prathamkelkar/ros2_ws/install/px4_msgs/include/px4_msgs/px4_msgs/msg/detail/landing_gear_wheel__struct.h
[6.520s] -- Symlinking: /home/prathamkelkar/ros2_ws/install/px4_msgs/include/px4_msgs/px4_msgs/msg/detail/landing_gear_wheel__type_support.h
[6.525s] -- Symlinking: /home/prathamkelkar/ros2_ws/install/px4_msgs/include/px4_msgs/px4_msgs/msg/detail/landing_target_innovations__functions.h
[6.530s] -- Symlinking: /home/prathamkelkar/ros2_ws/install/px4_msgs/include/px4_msgs/px4_msgs/msg/detail/landing_target_innovations__struct.h
[6.535s] -- Symlinking: /home/prathamkelkar/ros2_ws/install/px4_msgs/include/px4_msgs/px4_msgs/msg/detail/landing_target_innovations__type_support.h
[6.540s] -- Symlinking: /home/prathamkelkar/ros2_ws/install/px4_msgs/include/px4_msgs/px4_msgs/msg/detail/landing_target_pose__functions.h
[6.545s] -- Symlinking: /home/prathamkelkar/ros2_ws/install/px4_msgs/include/px4_msgs/px4_msgs/msg/detail/landing_target_pose__struct.h
[6.550s] -- Symlinking: /home/prathamkelkar/ros2_ws/install/px4_msgs/include/px4_msgs/px4_msgs/msg/detail/landing_target_pose__type_support.h
[6.555s] -- Symlinking: /home/prathamkelkar/ros2_ws/install/px4_msgs/include/px4_msgs/px4_msgs/msg/detail/launch_detection_status__functions.h
[6.559s] -- Symlinking: /home/prathamkelkar/ros2_ws/install/px4_msgs/include/px4_msgs/px4_msgs/msg/detail/launch_detection_status__struct.h
[6.564s] -- Symlinking: /home/prathamkelkar/ros2_ws/install/px4_msgs/include/px4_msgs/px4_msgs/msg/detail/launch_detection_status__type_support.h
[6.569s] -- Symlinking: /home/prathamkelkar/ros2_ws/install/px4_msgs/include/px4_msgs/px4_msgs/msg/detail/led_control__functions.h
[6.575s] -- Symlinking: /home/prathamkelkar/ros2_ws/install/px4_msgs/include/px4_msgs/px4_msgs/msg/detail/led_control__struct.h
[6.580s] -- Symlinking: /home/prathamkelkar/ros2_ws/install/px4_msgs/include/px4_msgs/px4_msgs/msg/detail/led_control__type_support.h
[6.585s] -- Symlinking: /home/prathamkelkar/ros2_ws/install/px4_msgs/include/px4_msgs/px4_msgs/msg/detail/log_message__functions.h
[6.599s] -- Symlinking: /home/prathamkelkar/ros2_ws/install/px4_msgs/include/px4_msgs/px4_msgs/msg/detail/log_message__struct.h
[6.611s] -- Symlinking: /home/prathamkelkar/ros2_ws/install/px4_msgs/include/px4_msgs/px4_msgs/msg/detail/log_message__type_support.h
[6.620s] -- Symlinking: /home/prathamkelkar/ros2_ws/install/px4_msgs/include/px4_msgs/px4_msgs/msg/detail/logger_status__functions.h
[6.627s] -- Symlinking: /home/prathamkelkar/ros2_ws/install/px4_msgs/include/px4_msgs/px4_msgs/msg/detail/logger_status__struct.h
[6.633s] -- Symlinking: /home/prathamkelkar/ros2_ws/install/px4_msgs/include/px4_msgs/px4_msgs/msg/detail/logger_status__type_support.h
[6.638s] -- Symlinking: /home/prathamkelkar/ros2_ws/install/px4_msgs/include/px4_msgs/px4_msgs/msg/detail/mag_worker_data__functions.h
[6.651s] -- Symlinking: /home/prathamkelkar/ros2_ws/install/px4_msgs/include/px4_msgs/px4_msgs/msg/detail/mag_worker_data__struct.h
[6.665s] -- Symlinking: /home/prathamkelkar/ros2_ws/install/px4_msgs/include/px4_msgs/px4_msgs/msg/detail/mag_worker_data__type_support.h
[6.677s] -- Symlinking: /home/prathamkelkar/ros2_ws/install/px4_msgs/include/px4_msgs/px4_msgs/msg/detail/magnetometer_bias_estimate__functions.h
[6.686s] -- Symlinking: /home/prathamkelkar/ros2_ws/install/px4_msgs/include/px4_msgs/px4_msgs/msg/detail/magnetometer_bias_estimate__struct.h
[6.692s] -- Symlinking: /home/prathamkelkar/ros2_ws/install/px4_msgs/include/px4_msgs/px4_msgs/msg/detail/magnetometer_bias_estimate__type_support.h
[6.697s] -- Symlinking: /home/prathamkelkar/ros2_ws/install/px4_msgs/include/px4_msgs/px4_msgs/msg/detail/manual_control_setpoint__functions.h
[6.702s] -- Symlinking: /home/prathamkelkar/ros2_ws/install/px4_msgs/include/px4_msgs/px4_msgs/msg/detail/manual_control_setpoint__struct.h
[6.707s] -- Symlinking: /home/prathamkelkar/ros2_ws/install/px4_msgs/include/px4_msgs/px4_msgs/msg/detail/manual_control_setpoint__type_support.h
[6.712s] -- Symlinking: /home/prathamkelkar/ros2_ws/install/px4_msgs/include/px4_msgs/px4_msgs/msg/detail/manual_control_switches__functions.h
[6.718s] -- Symlinking: /home/prathamkelkar/ros2_ws/install/px4_msgs/include/px4_msgs/px4_msgs/msg/detail/manual_control_switches__struct.h
[6.723s] -- Symlinking: /home/prathamkelkar/ros2_ws/install/px4_msgs/include/px4_msgs/px4_msgs/msg/detail/manual_control_switches__type_support.h
[6.736s] -- Symlinking: /home/prathamkelkar/ros2_ws/install/px4_msgs/include/px4_msgs/px4_msgs/msg/detail/mavlink_log__functions.h
[6.749s] -- Symlinking: /home/prathamkelkar/ros2_ws/install/px4_msgs/include/px4_msgs/px4_msgs/msg/detail/mavlink_log__struct.h
[6.758s] -- Symlinking: /home/prathamkelkar/ros2_ws/install/px4_msgs/include/px4_msgs/px4_msgs/msg/detail/mavlink_log__type_support.h
[6.764s] -- Symlinking: /home/prathamkelkar/ros2_ws/install/px4_msgs/include/px4_msgs/px4_msgs/msg/detail/mavlink_tunnel__functions.h
[6.769s] -- Symlinking: /home/prathamkelkar/ros2_ws/install/px4_msgs/include/px4_msgs/px4_msgs/msg/detail/mavlink_tunnel__struct.h
[6.774s] -- Symlinking: /home/prathamkelkar/ros2_ws/install/px4_msgs/include/px4_msgs/px4_msgs/msg/detail/mavlink_tunnel__type_support.h
[6.779s] -- Symlinking: /home/prathamkelkar/ros2_ws/install/px4_msgs/include/px4_msgs/px4_msgs/msg/detail/message_format_request__functions.h
[6.784s] -- Symlinking: /home/prathamkelkar/ros2_ws/install/px4_msgs/include/px4_msgs/px4_msgs/msg/detail/message_format_request__struct.h
[6.788s] -- Symlinking: /home/prathamkelkar/ros2_ws/install/px4_msgs/include/px4_msgs/px4_msgs/msg/detail/message_format_request__type_support.h
[6.801s] -- Symlinking: /home/prathamkelkar/ros2_ws/install/px4_msgs/include/px4_msgs/px4_msgs/msg/detail/message_format_response__functions.h
[6.813s] -- Symlinking: /home/prathamkelkar/ros2_ws/install/px4_msgs/include/px4_msgs/px4_msgs/msg/detail/message_format_response__struct.h
[6.822s] -- Symlinking: /home/prathamkelkar/ros2_ws/install/px4_msgs/include/px4_msgs/px4_msgs/msg/detail/message_format_response__type_support.h
[6.828s] -- Symlinking: /home/prathamkelkar/ros2_ws/install/px4_msgs/include/px4_msgs/px4_msgs/msg/detail/mission__functions.h
[6.833s] -- Symlinking: /home/prathamkelkar/ros2_ws/install/px4_msgs/include/px4_msgs/px4_msgs/msg/detail/mission__struct.h
[6.838s] -- Symlinking: /home/prathamkelkar/ros2_ws/install/px4_msgs/include/px4_msgs/px4_msgs/msg/detail/mission__type_support.h
[6.843s] -- Symlinking: /home/prathamkelkar/ros2_ws/install/px4_msgs/include/px4_msgs/px4_msgs/msg/detail/mission_result__functions.h
[6.848s] -- Symlinking: /home/prathamkelkar/ros2_ws/install/px4_msgs/include/px4_msgs/px4_msgs/msg/detail/mission_result__struct.h
[6.853s] -- Symlinking: /home/prathamkelkar/ros2_ws/install/px4_msgs/include/px4_msgs/px4_msgs/msg/detail/mission_result__type_support.h
[6.858s] -- Symlinking: /home/prathamkelkar/ros2_ws/install/px4_msgs/include/px4_msgs/px4_msgs/msg/detail/mode_completed__functions.h
[6.863s] -- Symlinking: /home/prathamkelkar/ros2_ws/install/px4_msgs/include/px4_msgs/px4_msgs/msg/detail/mode_completed__struct.h
[6.868s] -- Symlinking: /home/prathamkelkar/ros2_ws/install/px4_msgs/include/px4_msgs/px4_msgs/msg/detail/mode_completed__type_support.h
[6.873s] -- Symlinking: /home/prathamkelkar/ros2_ws/install/px4_msgs/include/px4_msgs/px4_msgs/msg/detail/mount_orientation__functions.h
[6.877s] -- Symlinking: /home/prathamkelkar/ros2_ws/install/px4_msgs/include/px4_msgs/px4_msgs/msg/detail/mount_orientation__struct.h
[6.882s] -- Symlinking: /home/prathamkelkar/ros2_ws/install/px4_msgs/include/px4_msgs/px4_msgs/msg/detail/mount_orientation__type_support.h
[6.887s] -- Symlinking: /home/prathamkelkar/ros2_ws/install/px4_msgs/include/px4_msgs/px4_msgs/msg/detail/navigator_mission_item__functions.h
[6.891s] -- Symlinking: /home/prathamkelkar/ros2_ws/install/px4_msgs/include/px4_msgs/px4_msgs/msg/detail/navigator_mission_item__struct.h
[6.896s] -- Symlinking: /home/prathamkelkar/ros2_ws/install/px4_msgs/include/px4_msgs/px4_msgs/msg/detail/navigator_mission_item__type_support.h
[6.901s] -- Symlinking: /home/prathamkelkar/ros2_ws/install/px4_msgs/include/px4_msgs/px4_msgs/msg/detail/normalized_unsigned_setpoint__functions.h
[6.906s] -- Symlinking: /home/prathamkelkar/ros2_ws/install/px4_msgs/include/px4_msgs/px4_msgs/msg/detail/normalized_unsigned_setpoint__struct.h
[6.911s] -- Symlinking: /home/prathamkelkar/ros2_ws/install/px4_msgs/include/px4_msgs/px4_msgs/msg/detail/normalized_unsigned_setpoint__type_support.h
[6.916s] -- Symlinking: /home/prathamkelkar/ros2_ws/install/px4_msgs/include/px4_msgs/px4_msgs/msg/detail/npfg_status__functions.h
[6.931s] -- Symlinking: /home/prathamkelkar/ros2_ws/install/px4_msgs/include/px4_msgs/px4_msgs/msg/detail/npfg_status__struct.h
[6.943s] -- Symlinking: /home/prathamkelkar/ros2_ws/install/px4_msgs/include/px4_msgs/px4_msgs/msg/detail/npfg_status__type_support.h
[6.952s] -- Symlinking: /home/prathamkelkar/ros2_ws/install/px4_msgs/include/px4_msgs/px4_msgs/msg/detail/obstacle_distance__functions.h
[6.958s] -- Symlinking: /home/prathamkelkar/ros2_ws/install/px4_msgs/include/px4_msgs/px4_msgs/msg/detail/obstacle_distance__struct.h
[6.963s] -- Symlinking: /home/prathamkelkar/ros2_ws/install/px4_msgs/include/px4_msgs/px4_msgs/msg/detail/obstacle_distance__type_support.h
[6.968s] -- Symlinking: /home/prathamkelkar/ros2_ws/install/px4_msgs/include/px4_msgs/px4_msgs/msg/detail/offboard_control_mode__functions.h
[6.973s] -- Symlinking: /home/prathamkelkar/ros2_ws/install/px4_msgs/include/px4_msgs/px4_msgs/msg/detail/offboard_control_mode__struct.h
[6.978s] -- Symlinking: /home/prathamkelkar/ros2_ws/install/px4_msgs/include/px4_msgs/px4_msgs/msg/detail/offboard_control_mode__type_support.h
[6.982s] -- Symlinking: /home/prathamkelkar/ros2_ws/install/px4_msgs/include/px4_msgs/px4_msgs/msg/detail/onboard_computer_status__functions.h
[6.987s] -- Symlinking: /home/prathamkelkar/ros2_ws/install/px4_msgs/include/px4_msgs/px4_msgs/msg/detail/onboard_computer_status__struct.h
[6.992s] -- Symlinking: /home/prathamkelkar/ros2_ws/install/px4_msgs/include/px4_msgs/px4_msgs/msg/detail/onboard_computer_status__type_support.h
[6.997s] -- Symlinking: /home/prathamkelkar/ros2_ws/install/px4_msgs/include/px4_msgs/px4_msgs/msg/detail/orb_test__functions.h
[7.002s] -- Symlinking: /home/prathamkelkar/ros2_ws/install/px4_msgs/include/px4_msgs/px4_msgs/msg/detail/orb_test__struct.h
[7.007s] -- Symlinking: /home/prathamkelkar/ros2_ws/install/px4_msgs/include/px4_msgs/px4_msgs/msg/detail/orb_test__type_support.h
[7.011s] -- Symlinking: /home/prathamkelkar/ros2_ws/install/px4_msgs/include/px4_msgs/px4_msgs/msg/detail/orb_test_large__functions.h
[7.017s] -- Symlinking: /home/prathamkelkar/ros2_ws/install/px4_msgs/include/px4_msgs/px4_msgs/msg/detail/orb_test_large__struct.h
[7.022s] -- Symlinking: /home/prathamkelkar/ros2_ws/install/px4_msgs/include/px4_msgs/px4_msgs/msg/detail/orb_test_large__type_support.h
[7.027s] -- Symlinking: /home/prathamkelkar/ros2_ws/install/px4_msgs/include/px4_msgs/px4_msgs/msg/detail/orb_test_medium__functions.h
[7.032s] -- Symlinking: /home/prathamkelkar/ros2_ws/install/px4_msgs/include/px4_msgs/px4_msgs/msg/detail/orb_test_medium__struct.h
[7.037s] -- Symlinking: /home/prathamkelkar/ros2_ws/install/px4_msgs/include/px4_msgs/px4_msgs/msg/detail/orb_test_medium__type_support.h
[7.042s] -- Symlinking: /home/prathamkelkar/ros2_ws/install/px4_msgs/include/px4_msgs/px4_msgs/msg/detail/orbit_status__functions.h
[7.047s] -- Symlinking: /home/prathamkelkar/ros2_ws/install/px4_msgs/include/px4_msgs/px4_msgs/msg/detail/orbit_status__struct.h
[7.052s] -- Symlinking: /home/prathamkelkar/ros2_ws/install/px4_msgs/include/px4_msgs/px4_msgs/msg/detail/orbit_status__type_support.h
[7.057s] -- Symlinking: /home/prathamkelkar/ros2_ws/install/px4_msgs/include/px4_msgs/px4_msgs/msg/detail/parameter_reset_request__functions.h
[7.061s] -- Symlinking: /home/prathamkelkar/ros2_ws/install/px4_msgs/include/px4_msgs/px4_msgs/msg/detail/parameter_reset_request__struct.h
[7.066s] -- Symlinking: /home/prathamkelkar/ros2_ws/install/px4_msgs/include/px4_msgs/px4_msgs/msg/detail/parameter_reset_request__type_support.h
[7.071s] -- Symlinking: /home/prathamkelkar/ros2_ws/install/px4_msgs/include/px4_msgs/px4_msgs/msg/detail/parameter_set_used_request__functions.h
[7.076s] -- Symlinking: /home/prathamkelkar/ros2_ws/install/px4_msgs/include/px4_msgs/px4_msgs/msg/detail/parameter_set_used_request__struct.h
[7.090s] -- Symlinking: /home/prathamkelkar/ros2_ws/install/px4_msgs/include/px4_msgs/px4_msgs/msg/detail/parameter_set_used_request__type_support.h
[7.096s] -- Symlinking: /home/prathamkelkar/ros2_ws/install/px4_msgs/include/px4_msgs/px4_msgs/msg/detail/parameter_set_value_request__functions.h
[7.101s] -- Symlinking: /home/prathamkelkar/ros2_ws/install/px4_msgs/include/px4_msgs/px4_msgs/msg/detail/parameter_set_value_request__struct.h
[7.106s] -- Symlinking: /home/prathamkelkar/ros2_ws/install/px4_msgs/include/px4_msgs/px4_msgs/msg/detail/parameter_set_value_request__type_support.h
[7.111s] -- Symlinking: /home/prathamkelkar/ros2_ws/install/px4_msgs/include/px4_msgs/px4_msgs/msg/detail/parameter_set_value_response__functions.h
[7.117s] -- Symlinking: /home/prathamkelkar/ros2_ws/install/px4_msgs/include/px4_msgs/px4_msgs/msg/detail/parameter_set_value_response__struct.h
[7.122s] -- Symlinking: /home/prathamkelkar/ros2_ws/install/px4_msgs/include/px4_msgs/px4_msgs/msg/detail/parameter_set_value_response__type_support.h
[7.127s] -- Symlinking: /home/prathamkelkar/ros2_ws/install/px4_msgs/include/px4_msgs/px4_msgs/msg/detail/parameter_update__functions.h
[7.132s] -- Symlinking: /home/prathamkelkar/ros2_ws/install/px4_msgs/include/px4_msgs/px4_msgs/msg/detail/parameter_update__struct.h
[7.137s] -- Symlinking: /home/prathamkelkar/ros2_ws/install/px4_msgs/include/px4_msgs/px4_msgs/msg/detail/parameter_update__type_support.h
[7.142s] -- Symlinking: /home/prathamkelkar/ros2_ws/install/px4_msgs/include/px4_msgs/px4_msgs/msg/detail/ping__functions.h
[7.147s] -- Symlinking: /home/prathamkelkar/ros2_ws/install/px4_msgs/include/px4_msgs/px4_msgs/msg/detail/ping__struct.h
[7.151s] -- Symlinking: /home/prathamkelkar/ros2_ws/install/px4_msgs/include/px4_msgs/px4_msgs/msg/detail/ping__type_support.h
[7.156s] -- Symlinking: /home/prathamkelkar/ros2_ws/install/px4_msgs/include/px4_msgs/px4_msgs/msg/detail/position_controller_landing_status__functions.h
[7.161s] -- Symlinking: /home/prathamkelkar/ros2_ws/install/px4_msgs/include/px4_msgs/px4_msgs/msg/detail/position_controller_landing_status__struct.h
[7.166s] -- Symlinking: /home/prathamkelkar/ros2_ws/install/px4_msgs/include/px4_msgs/px4_msgs/msg/detail/position_controller_landing_status__type_support.h
[7.171s] -- Symlinking: /home/prathamkelkar/ros2_ws/install/px4_msgs/include/px4_msgs/px4_msgs/msg/detail/position_controller_status__functions.h
[7.176s] -- Symlinking: /home/prathamkelkar/ros2_ws/install/px4_msgs/include/px4_msgs/px4_msgs/msg/detail/position_controller_status__struct.h
[7.181s] -- Symlinking: /home/prathamkelkar/ros2_ws/install/px4_msgs/include/px4_msgs/px4_msgs/msg/detail/position_controller_status__type_support.h
[7.186s] -- Symlinking: /home/prathamkelkar/ros2_ws/install/px4_msgs/include/px4_msgs/px4_msgs/msg/detail/position_setpoint__functions.h
[7.191s] -- Symlinking: /home/prathamkelkar/ros2_ws/install/px4_msgs/include/px4_msgs/px4_msgs/msg/detail/position_setpoint__struct.h
[7.196s] -- Symlinking: /home/prathamkelkar/ros2_ws/install/px4_msgs/include/px4_msgs/px4_msgs/msg/detail/position_setpoint__type_support.h
[7.200s] -- Symlinking: /home/prathamkelkar/ros2_ws/install/px4_msgs/include/px4_msgs/px4_msgs/msg/detail/position_setpoint_triplet__functions.h
[7.205s] -- Symlinking: /home/prathamkelkar/ros2_ws/install/px4_msgs/include/px4_msgs/px4_msgs/msg/detail/position_setpoint_triplet__struct.h
[7.210s] -- Symlinking: /home/prathamkelkar/ros2_ws/install/px4_msgs/include/px4_msgs/px4_msgs/msg/detail/position_setpoint_triplet__type_support.h
[7.216s] -- Symlinking: /home/prathamkelkar/ros2_ws/install/px4_msgs/include/px4_msgs/px4_msgs/msg/detail/power_button_state__functions.h
[7.221s] -- Symlinking: /home/prathamkelkar/ros2_ws/install/px4_msgs/include/px4_msgs/px4_msgs/msg/detail/power_button_state__struct.h
[7.226s] -- Symlinking: /home/prathamkelkar/ros2_ws/install/px4_msgs/include/px4_msgs/px4_msgs/msg/detail/power_button_state__type_support.h
[7.231s] -- Symlinking: /home/prathamkelkar/ros2_ws/install/px4_msgs/include/px4_msgs/px4_msgs/msg/detail/power_monitor__functions.h
[7.236s] -- Symlinking: /home/prathamkelkar/ros2_ws/install/px4_msgs/include/px4_msgs/px4_msgs/msg/detail/power_monitor__struct.h
[7.244s] -- Symlinking: /home/prathamkelkar/ros2_ws/install/px4_msgs/include/px4_msgs/px4_msgs/msg/detail/power_monitor__type_support.h
[7.252s] -- Symlinking: /home/prathamkelkar/ros2_ws/install/px4_msgs/include/px4_msgs/px4_msgs/msg/detail/pps_capture__functions.h
[7.259s] -- Symlinking: /home/prathamkelkar/ros2_ws/install/px4_msgs/include/px4_msgs/px4_msgs/msg/detail/pps_capture__struct.h
[7.265s] -- Symlinking: /home/prathamkelkar/ros2_ws/install/px4_msgs/include/px4_msgs/px4_msgs/msg/detail/pps_capture__type_support.h
[7.271s] -- Symlinking: /home/prathamkelkar/ros2_ws/install/px4_msgs/include/px4_msgs/px4_msgs/msg/detail/pwm_input__functions.h
[7.276s] -- Symlinking: /home/prathamkelkar/ros2_ws/install/px4_msgs/include/px4_msgs/px4_msgs/msg/detail/pwm_input__struct.h
[7.280s] -- Symlinking: /home/prathamkelkar/ros2_ws/install/px4_msgs/include/px4_msgs/px4_msgs/msg/detail/pwm_input__type_support.h
[7.285s] -- Symlinking: /home/prathamkelkar/ros2_ws/install/px4_msgs/include/px4_msgs/px4_msgs/msg/detail/px4io_status__functions.h
[7.290s] -- Symlinking: /home/prathamkelkar/ros2_ws/install/px4_msgs/include/px4_msgs/px4_msgs/msg/detail/px4io_status__struct.h
[7.295s] -- Symlinking: /home/prathamkelkar/ros2_ws/install/px4_msgs/include/px4_msgs/px4_msgs/msg/detail/px4io_status__type_support.h
[7.299s] -- Symlinking: /home/prathamkelkar/ros2_ws/install/px4_msgs/include/px4_msgs/px4_msgs/msg/detail/qshell_req__functions.h
[7.304s] -- Symlinking: /home/prathamkelkar/ros2_ws/install/px4_msgs/include/px4_msgs/px4_msgs/msg/detail/qshell_req__struct.h
[7.309s] -- Symlinking: /home/prathamkelkar/ros2_ws/install/px4_msgs/include/px4_msgs/px4_msgs/msg/detail/qshell_req__type_support.h
[7.313s] -- Symlinking: /home/prathamkelkar/ros2_ws/install/px4_msgs/include/px4_msgs/px4_msgs/msg/detail/qshell_retval__functions.h
[7.318s] -- Symlinking: /home/prathamkelkar/ros2_ws/install/px4_msgs/include/px4_msgs/px4_msgs/msg/detail/qshell_retval__struct.h
[7.323s] -- Symlinking: /home/prathamkelkar/ros2_ws/install/px4_msgs/include/px4_msgs/px4_msgs/msg/detail/qshell_retval__type_support.h
[7.328s] -- Symlinking: /home/prathamkelkar/ros2_ws/install/px4_msgs/include/px4_msgs/px4_msgs/msg/detail/radio_status__functions.h
[7.343s] -- Symlinking: /home/prathamkelkar/ros2_ws/install/px4_msgs/include/px4_msgs/px4_msgs/msg/detail/radio_status__struct.h
[7.353s] -- Symlinking: /home/prathamkelkar/ros2_ws/install/px4_msgs/include/px4_msgs/px4_msgs/msg/detail/radio_status__type_support.h
[7.360s] -- Symlinking: /home/prathamkelkar/ros2_ws/install/px4_msgs/include/px4_msgs/px4_msgs/msg/detail/rate_ctrl_status__functions.h
[7.366s] -- Symlinking: /home/prathamkelkar/ros2_ws/install/px4_msgs/include/px4_msgs/px4_msgs/msg/detail/rate_ctrl_status__struct.h
[7.380s] -- Symlinking: /home/prathamkelkar/ros2_ws/install/px4_msgs/include/px4_msgs/px4_msgs/msg/detail/rate_ctrl_status__type_support.h
[7.394s] -- Symlinking: /home/prathamkelkar/ros2_ws/install/px4_msgs/include/px4_msgs/px4_msgs/msg/detail/rc_channels__functions.h
[7.408s] -- Symlinking: /home/prathamkelkar/ros2_ws/install/px4_msgs/include/px4_msgs/px4_msgs/msg/detail/rc_channels__struct.h
[7.427s] -- Symlinking: /home/prathamkelkar/ros2_ws/install/px4_msgs/include/px4_msgs/px4_msgs/msg/detail/rc_channels__type_support.h
[7.442s] -- Symlinking: /home/prathamkelkar/ros2_ws/install/px4_msgs/include/px4_msgs/px4_msgs/msg/detail/rc_parameter_map__functions.h
[7.451s] -- Symlinking: /home/prathamkelkar/ros2_ws/install/px4_msgs/include/px4_msgs/px4_msgs/msg/detail/rc_parameter_map__struct.h
[7.465s] -- Symlinking: /home/prathamkelkar/ros2_ws/install/px4_msgs/include/px4_msgs/px4_msgs/msg/detail/rc_parameter_map__type_support.h
[7.481s] -- Symlinking: /home/prathamkelkar/ros2_ws/install/px4_msgs/include/px4_msgs/px4_msgs/msg/detail/register_ext_component_reply__functions.h
[7.494s] -- Symlinking: /home/prathamkelkar/ros2_ws/install/px4_msgs/include/px4_msgs/px4_msgs/msg/detail/register_ext_component_reply__struct.h
[7.508s] -- Symlinking: /home/prathamkelkar/ros2_ws/install/px4_msgs/include/px4_msgs/px4_msgs/msg/detail/register_ext_component_reply__type_support.h
[7.519s] -- Symlinking: /home/prathamkelkar/ros2_ws/install/px4_msgs/include/px4_msgs/px4_msgs/msg/detail/register_ext_component_request__functions.h
[7.525s] -- Symlinking: /home/prathamkelkar/ros2_ws/install/px4_msgs/include/px4_msgs/px4_msgs/msg/detail/register_ext_component_request__struct.h
[7.539s] -- Symlinking: /home/prathamkelkar/ros2_ws/install/px4_msgs/include/px4_msgs/px4_msgs/msg/detail/register_ext_component_request__type_support.h
[7.551s] -- Symlinking: /home/prathamkelkar/ros2_ws/install/px4_msgs/include/px4_msgs/px4_msgs/msg/detail/rpm__functions.h
[7.558s] -- Symlinking: /home/prathamkelkar/ros2_ws/install/px4_msgs/include/px4_msgs/px4_msgs/msg/detail/rpm__struct.h
[7.564s] -- Symlinking: /home/prathamkelkar/ros2_ws/install/px4_msgs/include/px4_msgs/px4_msgs/msg/detail/rpm__type_support.h
[7.580s] -- Symlinking: /home/prathamkelkar/ros2_ws/install/px4_msgs/include/px4_msgs/px4_msgs/msg/detail/rtl_status__functions.h
[7.595s] -- Symlinking: /home/prathamkelkar/ros2_ws/install/px4_msgs/include/px4_msgs/px4_msgs/msg/detail/rtl_status__struct.h
[7.607s] -- Symlinking: /home/prathamkelkar/ros2_ws/install/px4_msgs/include/px4_msgs/px4_msgs/msg/detail/rtl_status__type_support.h
[7.622s] -- Symlinking: /home/prathamkelkar/ros2_ws/install/px4_msgs/include/px4_msgs/px4_msgs/msg/detail/rtl_time_estimate__functions.h
[7.637s] -- Symlinking: /home/prathamkelkar/ros2_ws/install/px4_msgs/include/px4_msgs/px4_msgs/msg/detail/rtl_time_estimate__struct.h
[7.651s] -- Symlinking: /home/prathamkelkar/ros2_ws/install/px4_msgs/include/px4_msgs/px4_msgs/msg/detail/rtl_time_estimate__type_support.h
[7.665s] -- Symlinking: /home/prathamkelkar/ros2_ws/install/px4_msgs/include/px4_msgs/px4_msgs/msg/detail/satellite_info__functions.h
[7.674s] -- Symlinking: /home/prathamkelkar/ros2_ws/install/px4_msgs/include/px4_msgs/px4_msgs/msg/detail/satellite_info__struct.h
[7.687s] -- Symlinking: /home/prathamkelkar/ros2_ws/install/px4_msgs/include/px4_msgs/px4_msgs/msg/detail/satellite_info__type_support.h
[7.699s] -- Symlinking: /home/prathamkelkar/ros2_ws/install/px4_msgs/include/px4_msgs/px4_msgs/msg/detail/sensor_accel__functions.h
[7.707s] -- Symlinking: /home/prathamkelkar/ros2_ws/install/px4_msgs/include/px4_msgs/px4_msgs/msg/detail/sensor_accel__struct.h
[7.713s] -- Symlinking: /home/prathamkelkar/ros2_ws/install/px4_msgs/include/px4_msgs/px4_msgs/msg/detail/sensor_accel__type_support.h
[7.728s] -- Symlinking: /home/prathamkelkar/ros2_ws/install/px4_msgs/include/px4_msgs/px4_msgs/msg/detail/sensor_accel_fifo__functions.h
[7.740s] -- Symlinking: /home/prathamkelkar/ros2_ws/install/px4_msgs/include/px4_msgs/px4_msgs/msg/detail/sensor_accel_fifo__struct.h
[7.753s] -- Symlinking: /home/prathamkelkar/ros2_ws/install/px4_msgs/include/px4_msgs/px4_msgs/msg/detail/sensor_accel_fifo__type_support.h
[7.765s] -- Symlinking: /home/prathamkelkar/ros2_ws/install/px4_msgs/include/px4_msgs/px4_msgs/msg/detail/sensor_airflow__functions.h
[7.779s] -- Symlinking: /home/prathamkelkar/ros2_ws/install/px4_msgs/include/px4_msgs/px4_msgs/msg/detail/sensor_airflow__struct.h
[7.793s] -- Symlinking: /home/prathamkelkar/ros2_ws/install/px4_msgs/include/px4_msgs/px4_msgs/msg/detail/sensor_airflow__type_support.h
[7.807s] -- Symlinking: /home/prathamkelkar/ros2_ws/install/px4_msgs/include/px4_msgs/px4_msgs/msg/detail/sensor_baro__functions.h
[7.822s] -- Symlinking: /home/prathamkelkar/ros2_ws/install/px4_msgs/include/px4_msgs/px4_msgs/msg/detail/sensor_baro__struct.h
[7.837s] -- Symlinking: /home/prathamkelkar/ros2_ws/install/px4_msgs/include/px4_msgs/px4_msgs/msg/detail/sensor_baro__type_support.h
[7.848s] -- Symlinking: /home/prathamkelkar/ros2_ws/install/px4_msgs/include/px4_msgs/px4_msgs/msg/detail/sensor_combined__functions.h
[7.862s] -- Symlinking: /home/prathamkelkar/ros2_ws/install/px4_msgs/include/px4_msgs/px4_msgs/msg/detail/sensor_combined__struct.h
[7.875s] -- Symlinking: /home/prathamkelkar/ros2_ws/install/px4_msgs/include/px4_msgs/px4_msgs/msg/detail/sensor_combined__type_support.h
[7.889s] -- Symlinking: /home/prathamkelkar/ros2_ws/install/px4_msgs/include/px4_msgs/px4_msgs/msg/detail/sensor_correction__functions.h
[7.902s] -- Symlinking: /home/prathamkelkar/ros2_ws/install/px4_msgs/include/px4_msgs/px4_msgs/msg/detail/sensor_correction__struct.h
[7.915s] -- Symlinking: /home/prathamkelkar/ros2_ws/install/px4_msgs/include/px4_msgs/px4_msgs/msg/detail/sensor_correction__type_support.h
[7.929s] -- Symlinking: /home/prathamkelkar/ros2_ws/install/px4_msgs/include/px4_msgs/px4_msgs/msg/detail/sensor_gnss_relative__functions.h
[7.941s] -- Symlinking: /home/prathamkelkar/ros2_ws/install/px4_msgs/include/px4_msgs/px4_msgs/msg/detail/sensor_gnss_relative__struct.h
[7.954s] -- Symlinking: /home/prathamkelkar/ros2_ws/install/px4_msgs/include/px4_msgs/px4_msgs/msg/detail/sensor_gnss_relative__type_support.h
[7.966s] -- Symlinking: /home/prathamkelkar/ros2_ws/install/px4_msgs/include/px4_msgs/px4_msgs/msg/detail/sensor_gps__functions.h
[7.980s] -- Symlinking: /home/prathamkelkar/ros2_ws/install/px4_msgs/include/px4_msgs/px4_msgs/msg/detail/sensor_gps__struct.h
[7.993s] -- Symlinking: /home/prathamkelkar/ros2_ws/install/px4_msgs/include/px4_msgs/px4_msgs/msg/detail/sensor_gps__type_support.h
[8.007s] -- Symlinking: /home/prathamkelkar/ros2_ws/install/px4_msgs/include/px4_msgs/px4_msgs/msg/detail/sensor_gyro__functions.h
[8.021s] -- Symlinking: /home/prathamkelkar/ros2_ws/install/px4_msgs/include/px4_msgs/px4_msgs/msg/detail/sensor_gyro__struct.h
[8.031s] -- Symlinking: /home/prathamkelkar/ros2_ws/install/px4_msgs/include/px4_msgs/px4_msgs/msg/detail/sensor_gyro__type_support.h
[8.037s] -- Symlinking: /home/prathamkelkar/ros2_ws/install/px4_msgs/include/px4_msgs/px4_msgs/msg/detail/sensor_gyro_fft__functions.h
[8.052s] -- Symlinking: /home/prathamkelkar/ros2_ws/install/px4_msgs/include/px4_msgs/px4_msgs/msg/detail/sensor_gyro_fft__struct.h
[8.062s] -- Symlinking: /home/prathamkelkar/ros2_ws/install/px4_msgs/include/px4_msgs/px4_msgs/msg/detail/sensor_gyro_fft__type_support.h
[8.076s] -- Symlinking: /home/prathamkelkar/ros2_ws/install/px4_msgs/include/px4_msgs/px4_msgs/msg/detail/sensor_gyro_fifo__functions.h
[8.089s] -- Symlinking: /home/prathamkelkar/ros2_ws/install/px4_msgs/include/px4_msgs/px4_msgs/msg/detail/sensor_gyro_fifo__struct.h
[8.098s] -- Symlinking: /home/prathamkelkar/ros2_ws/install/px4_msgs/include/px4_msgs/px4_msgs/msg/detail/sensor_gyro_fifo__type_support.h
[8.105s] -- Symlinking: /home/prathamkelkar/ros2_ws/install/px4_msgs/include/px4_msgs/px4_msgs/msg/detail/sensor_hygrometer__functions.h
[8.120s] -- Symlinking: /home/prathamkelkar/ros2_ws/install/px4_msgs/include/px4_msgs/px4_msgs/msg/detail/sensor_hygrometer__struct.h
[8.134s] -- Symlinking: /home/prathamkelkar/ros2_ws/install/px4_msgs/include/px4_msgs/px4_msgs/msg/detail/sensor_hygrometer__type_support.h
[8.148s] -- Symlinking: /home/prathamkelkar/ros2_ws/install/px4_msgs/include/px4_msgs/px4_msgs/msg/detail/sensor_mag__functions.h
[8.162s] -- Symlinking: /home/prathamkelkar/ros2_ws/install/px4_msgs/include/px4_msgs/px4_msgs/msg/detail/sensor_mag__struct.h
[8.174s] -- Symlinking: /home/prathamkelkar/ros2_ws/install/px4_msgs/include/px4_msgs/px4_msgs/msg/detail/sensor_mag__type_support.h
[8.188s] -- Symlinking: /home/prathamkelkar/ros2_ws/install/px4_msgs/include/px4_msgs/px4_msgs/msg/detail/sensor_optical_flow__functions.h
[8.202s] -- Symlinking: /home/prathamkelkar/ros2_ws/install/px4_msgs/include/px4_msgs/px4_msgs/msg/detail/sensor_optical_flow__struct.h
[8.215s] -- Symlinking: /home/prathamkelkar/ros2_ws/install/px4_msgs/include/px4_msgs/px4_msgs/msg/detail/sensor_optical_flow__type_support.h
[8.229s] -- Symlinking: /home/prathamkelkar/ros2_ws/install/px4_msgs/include/px4_msgs/px4_msgs/msg/detail/sensor_preflight_mag__functions.h
[8.245s] -- Symlinking: /home/prathamkelkar/ros2_ws/install/px4_msgs/include/px4_msgs/px4_msgs/msg/detail/sensor_preflight_mag__struct.h
[8.261s] -- Symlinking: /home/prathamkelkar/ros2_ws/install/px4_msgs/include/px4_msgs/px4_msgs/msg/detail/sensor_preflight_mag__type_support.h
[8.275s] -- Symlinking: /home/prathamkelkar/ros2_ws/install/px4_msgs/include/px4_msgs/px4_msgs/msg/detail/sensor_selection__functions.h
[8.289s] -- Symlinking: /home/prathamkelkar/ros2_ws/install/px4_msgs/include/px4_msgs/px4_msgs/msg/detail/sensor_selection__struct.h
[8.302s] -- Symlinking: /home/prathamkelkar/ros2_ws/install/px4_msgs/include/px4_msgs/px4_msgs/msg/detail/sensor_selection__type_support.h
[8.316s] -- Symlinking: /home/prathamkelkar/ros2_ws/install/px4_msgs/include/px4_msgs/px4_msgs/msg/detail/sensor_uwb__functions.h
[8.330s] -- Symlinking: /home/prathamkelkar/ros2_ws/install/px4_msgs/include/px4_msgs/px4_msgs/msg/detail/sensor_uwb__struct.h
[8.344s] -- Symlinking: /home/prathamkelkar/ros2_ws/install/px4_msgs/include/px4_msgs/px4_msgs/msg/detail/sensor_uwb__type_support.h
[8.353s] -- Symlinking: /home/prathamkelkar/ros2_ws/install/px4_msgs/include/px4_msgs/px4_msgs/msg/detail/sensors_status__functions.h
[8.368s] -- Symlinking: /home/prathamkelkar/ros2_ws/install/px4_msgs/include/px4_msgs/px4_msgs/msg/detail/sensors_status__struct.h
[8.382s] -- Symlinking: /home/prathamkelkar/ros2_ws/install/px4_msgs/include/px4_msgs/px4_msgs/msg/detail/sensors_status__type_support.h
[8.396s] -- Symlinking: /home/prathamkelkar/ros2_ws/install/px4_msgs/include/px4_msgs/px4_msgs/msg/detail/sensors_status_imu__functions.h
[8.409s] -- Symlinking: /home/prathamkelkar/ros2_ws/install/px4_msgs/include/px4_msgs/px4_msgs/msg/detail/sensors_status_imu__struct.h
[8.424s] -- Symlinking: /home/prathamkelkar/ros2_ws/install/px4_msgs/include/px4_msgs/px4_msgs/msg/detail/sensors_status_imu__type_support.h
[8.438s] -- Symlinking: /home/prathamkelkar/ros2_ws/install/px4_msgs/include/px4_msgs/px4_msgs/msg/detail/system_power__functions.h
[8.451s] -- Symlinking: /home/prathamkelkar/ros2_ws/install/px4_msgs/include/px4_msgs/px4_msgs/msg/detail/system_power__struct.h
[8.460s] -- Symlinking: /home/prathamkelkar/ros2_ws/install/px4_msgs/include/px4_msgs/px4_msgs/msg/detail/system_power__type_support.h
[8.466s] -- Symlinking: /home/prathamkelkar/ros2_ws/install/px4_msgs/include/px4_msgs/px4_msgs/msg/detail/takeoff_status__functions.h
[8.480s] -- Symlinking: /home/prathamkelkar/ros2_ws/install/px4_msgs/include/px4_msgs/px4_msgs/msg/detail/takeoff_status__struct.h
[8.490s] -- Symlinking: /home/prathamkelkar/ros2_ws/install/px4_msgs/include/px4_msgs/px4_msgs/msg/detail/takeoff_status__type_support.h
[8.497s] -- Symlinking: /home/prathamkelkar/ros2_ws/install/px4_msgs/include/px4_msgs/px4_msgs/msg/detail/task_stack_info__functions.h
[8.510s] -- Symlinking: /home/prathamkelkar/ros2_ws/install/px4_msgs/include/px4_msgs/px4_msgs/msg/detail/task_stack_info__struct.h
[8.522s] -- Symlinking: /home/prathamkelkar/ros2_ws/install/px4_msgs/include/px4_msgs/px4_msgs/msg/detail/task_stack_info__type_support.h
[8.537s] -- Symlinking: /home/prathamkelkar/ros2_ws/install/px4_msgs/include/px4_msgs/px4_msgs/msg/detail/tecs_status__functions.h
[8.550s] -- Symlinking: /home/prathamkelkar/ros2_ws/install/px4_msgs/include/px4_msgs/px4_msgs/msg/detail/tecs_status__struct.h
[8.565s] -- Symlinking: /home/prathamkelkar/ros2_ws/install/px4_msgs/include/px4_msgs/px4_msgs/msg/detail/tecs_status__type_support.h
[8.579s] -- Symlinking: /home/prathamkelkar/ros2_ws/install/px4_msgs/include/px4_msgs/px4_msgs/msg/detail/telemetry_status__functions.h
[8.592s] -- Symlinking: /home/prathamkelkar/ros2_ws/install/px4_msgs/include/px4_msgs/px4_msgs/msg/detail/telemetry_status__struct.h
[8.601s] -- Symlinking: /home/prathamkelkar/ros2_ws/install/px4_msgs/include/px4_msgs/px4_msgs/msg/detail/telemetry_status__type_support.h
[8.616s] -- Symlinking: /home/prathamkelkar/ros2_ws/install/px4_msgs/include/px4_msgs/px4_msgs/msg/detail/tiltrotor_extra_controls__functions.h
[8.629s] -- Symlinking: /home/prathamkelkar/ros2_ws/install/px4_msgs/include/px4_msgs/px4_msgs/msg/detail/tiltrotor_extra_controls__struct.h
[8.643s] -- Symlinking: /home/prathamkelkar/ros2_ws/install/px4_msgs/include/px4_msgs/px4_msgs/msg/detail/tiltrotor_extra_controls__type_support.h
[8.658s] -- Symlinking: /home/prathamkelkar/ros2_ws/install/px4_msgs/include/px4_msgs/px4_msgs/msg/detail/timesync_status__functions.h
[8.672s] -- Symlinking: /home/prathamkelkar/ros2_ws/install/px4_msgs/include/px4_msgs/px4_msgs/msg/detail/timesync_status__struct.h
[8.683s] -- Symlinking: /home/prathamkelkar/ros2_ws/install/px4_msgs/include/px4_msgs/px4_msgs/msg/detail/timesync_status__type_support.h
[8.689s] -- Symlinking: /home/prathamkelkar/ros2_ws/install/px4_msgs/include/px4_msgs/px4_msgs/msg/detail/trajectory_bezier__functions.h
[8.703s] -- Symlinking: /home/prathamkelkar/ros2_ws/install/px4_msgs/include/px4_msgs/px4_msgs/msg/detail/trajectory_bezier__struct.h
[8.715s] -- Symlinking: /home/prathamkelkar/ros2_ws/install/px4_msgs/include/px4_msgs/px4_msgs/msg/detail/trajectory_bezier__type_support.h
[8.729s] -- Symlinking: /home/prathamkelkar/ros2_ws/install/px4_msgs/include/px4_msgs/px4_msgs/msg/detail/trajectory_setpoint__functions.h
[8.744s] -- Symlinking: /home/prathamkelkar/ros2_ws/install/px4_msgs/include/px4_msgs/px4_msgs/msg/detail/trajectory_setpoint__struct.h
[8.753s] -- Symlinking: /home/prathamkelkar/ros2_ws/install/px4_msgs/include/px4_msgs/px4_msgs/msg/detail/trajectory_setpoint__type_support.h
[8.767s] -- Symlinking: /home/prathamkelkar/ros2_ws/install/px4_msgs/include/px4_msgs/px4_msgs/msg/detail/trajectory_waypoint__functions.h
[8.779s] -- Symlinking: /home/prathamkelkar/ros2_ws/install/px4_msgs/include/px4_msgs/px4_msgs/msg/detail/trajectory_waypoint__struct.h
[8.786s] -- Symlinking: /home/prathamkelkar/ros2_ws/install/px4_msgs/include/px4_msgs/px4_msgs/msg/detail/trajectory_waypoint__type_support.h
[8.792s] -- Symlinking: /home/prathamkelkar/ros2_ws/install/px4_msgs/include/px4_msgs/px4_msgs/msg/detail/transponder_report__functions.h
[8.805s] -- Symlinking: /home/prathamkelkar/ros2_ws/install/px4_msgs/include/px4_msgs/px4_msgs/msg/detail/transponder_report__struct.h
[8.814s] -- Symlinking: /home/prathamkelkar/ros2_ws/install/px4_msgs/include/px4_msgs/px4_msgs/msg/detail/transponder_report__type_support.h
[8.820s] -- Symlinking: /home/prathamkelkar/ros2_ws/install/px4_msgs/include/px4_msgs/px4_msgs/msg/detail/tune_control__functions.h
[8.826s] -- Symlinking: /home/prathamkelkar/ros2_ws/install/px4_msgs/include/px4_msgs/px4_msgs/msg/detail/tune_control__struct.h
[8.840s] -- Symlinking: /home/prathamkelkar/ros2_ws/install/px4_msgs/include/px4_msgs/px4_msgs/msg/detail/tune_control__type_support.h
[8.854s] -- Symlinking: /home/prathamkelkar/ros2_ws/install/px4_msgs/include/px4_msgs/px4_msgs/msg/detail/uavcan_parameter_request__functions.h
[8.867s] -- Symlinking: /home/prathamkelkar/ros2_ws/install/px4_msgs/include/px4_msgs/px4_msgs/msg/detail/uavcan_parameter_request__struct.h
[8.880s] -- Symlinking: /home/prathamkelkar/ros2_ws/install/px4_msgs/include/px4_msgs/px4_msgs/msg/detail/uavcan_parameter_request__type_support.h
[8.894s] -- Symlinking: /home/prathamkelkar/ros2_ws/install/px4_msgs/include/px4_msgs/px4_msgs/msg/detail/uavcan_parameter_value__functions.h
[8.907s] -- Symlinking: /home/prathamkelkar/ros2_ws/install/px4_msgs/include/px4_msgs/px4_msgs/msg/detail/uavcan_parameter_value__struct.h
[8.919s] -- Symlinking: /home/prathamkelkar/ros2_ws/install/px4_msgs/include/px4_msgs/px4_msgs/msg/detail/uavcan_parameter_value__type_support.h
[8.926s] -- Symlinking: /home/prathamkelkar/ros2_ws/install/px4_msgs/include/px4_msgs/px4_msgs/msg/detail/ulog_stream__functions.h
[8.932s] -- Symlinking: /home/prathamkelkar/ros2_ws/install/px4_msgs/include/px4_msgs/px4_msgs/msg/detail/ulog_stream__struct.h
[8.937s] -- Symlinking: /home/prathamkelkar/ros2_ws/install/px4_msgs/include/px4_msgs/px4_msgs/msg/detail/ulog_stream__type_support.h
[8.950s] -- Symlinking: /home/prathamkelkar/ros2_ws/install/px4_msgs/include/px4_msgs/px4_msgs/msg/detail/ulog_stream_ack__functions.h
[8.959s] -- Symlinking: /home/prathamkelkar/ros2_ws/install/px4_msgs/include/px4_msgs/px4_msgs/msg/detail/ulog_stream_ack__struct.h
[8.966s] -- Symlinking: /home/prathamkelkar/ros2_ws/install/px4_msgs/include/px4_msgs/px4_msgs/msg/detail/ulog_stream_ack__type_support.h
[8.979s] -- Symlinking: /home/prathamkelkar/ros2_ws/install/px4_msgs/include/px4_msgs/px4_msgs/msg/detail/unregister_ext_component__functions.h
[8.989s] -- Symlinking: /home/prathamkelkar/ros2_ws/install/px4_msgs/include/px4_msgs/px4_msgs/msg/detail/unregister_ext_component__struct.h
[8.996s] -- Symlinking: /home/prathamkelkar/ros2_ws/install/px4_msgs/include/px4_msgs/px4_msgs/msg/detail/unregister_ext_component__type_support.h
[9.002s] -- Symlinking: /home/prathamkelkar/ros2_ws/install/px4_msgs/include/px4_msgs/px4_msgs/msg/detail/vehicle_acceleration__functions.h
[9.015s] -- Symlinking: /home/prathamkelkar/ros2_ws/install/px4_msgs/include/px4_msgs/px4_msgs/msg/detail/vehicle_acceleration__struct.h
[9.025s] -- Symlinking: /home/prathamkelkar/ros2_ws/install/px4_msgs/include/px4_msgs/px4_msgs/msg/detail/vehicle_acceleration__type_support.h
[9.031s] -- Symlinking: /home/prathamkelkar/ros2_ws/install/px4_msgs/include/px4_msgs/px4_msgs/msg/detail/vehicle_air_data__functions.h
[9.037s] -- Symlinking: /home/prathamkelkar/ros2_ws/install/px4_msgs/include/px4_msgs/px4_msgs/msg/detail/vehicle_air_data__struct.h
[9.042s] -- Symlinking: /home/prathamkelkar/ros2_ws/install/px4_msgs/include/px4_msgs/px4_msgs/msg/detail/vehicle_air_data__type_support.h
[9.047s] -- Symlinking: /home/prathamkelkar/ros2_ws/install/px4_msgs/include/px4_msgs/px4_msgs/msg/detail/vehicle_angular_acceleration_setpoint__functions.h
[9.061s] -- Symlinking: /home/prathamkelkar/ros2_ws/install/px4_msgs/include/px4_msgs/px4_msgs/msg/detail/vehicle_angular_acceleration_setpoint__struct.h
[9.069s] -- Symlinking: /home/prathamkelkar/ros2_ws/install/px4_msgs/include/px4_msgs/px4_msgs/msg/detail/vehicle_angular_acceleration_setpoint__type_support.h
[9.082s] -- Symlinking: /home/prathamkelkar/ros2_ws/install/px4_msgs/include/px4_msgs/px4_msgs/msg/detail/vehicle_angular_velocity__functions.h
[9.091s] -- Symlinking: /home/prathamkelkar/ros2_ws/install/px4_msgs/include/px4_msgs/px4_msgs/msg/detail/vehicle_angular_velocity__struct.h
[9.104s] -- Symlinking: /home/prathamkelkar/ros2_ws/install/px4_msgs/include/px4_msgs/px4_msgs/msg/detail/vehicle_angular_velocity__type_support.h
[9.121s] -- Symlinking: /home/prathamkelkar/ros2_ws/install/px4_msgs/include/px4_msgs/px4_msgs/msg/detail/vehicle_attitude__functions.h
[9.134s] -- Symlinking: /home/prathamkelkar/ros2_ws/install/px4_msgs/include/px4_msgs/px4_msgs/msg/detail/vehicle_attitude__struct.h
[9.148s] -- Symlinking: /home/prathamkelkar/ros2_ws/install/px4_msgs/include/px4_msgs/px4_msgs/msg/detail/vehicle_attitude__type_support.h
[9.158s] -- Symlinking: /home/prathamkelkar/ros2_ws/install/px4_msgs/include/px4_msgs/px4_msgs/msg/detail/vehicle_attitude_setpoint__functions.h
[9.165s] -- Symlinking: /home/prathamkelkar/ros2_ws/install/px4_msgs/include/px4_msgs/px4_msgs/msg/detail/vehicle_attitude_setpoint__struct.h
[9.180s] -- Symlinking: /home/prathamkelkar/ros2_ws/install/px4_msgs/include/px4_msgs/px4_msgs/msg/detail/vehicle_attitude_setpoint__type_support.h
[9.194s] -- Symlinking: /home/prathamkelkar/ros2_ws/install/px4_msgs/include/px4_msgs/px4_msgs/msg/detail/vehicle_command__functions.h
[9.207s] -- Symlinking: /home/prathamkelkar/ros2_ws/install/px4_msgs/include/px4_msgs/px4_msgs/msg/detail/vehicle_command__struct.h
[9.224s] -- Symlinking: /home/prathamkelkar/ros2_ws/install/px4_msgs/include/px4_msgs/px4_msgs/msg/detail/vehicle_command__type_support.h
[9.237s] -- Symlinking: /home/prathamkelkar/ros2_ws/install/px4_msgs/include/px4_msgs/px4_msgs/msg/detail/vehicle_command_ack__functions.h
[9.245s] -- Symlinking: /home/prathamkelkar/ros2_ws/install/px4_msgs/include/px4_msgs/px4_msgs/msg/detail/vehicle_command_ack__struct.h
[9.252s] -- Symlinking: /home/prathamkelkar/ros2_ws/install/px4_msgs/include/px4_msgs/px4_msgs/msg/detail/vehicle_command_ack__type_support.h
[9.268s] -- Symlinking: /home/prathamkelkar/ros2_ws/install/px4_msgs/include/px4_msgs/px4_msgs/msg/detail/vehicle_constraints__functions.h
[9.286s] -- Symlinking: /home/prathamkelkar/ros2_ws/install/px4_msgs/include/px4_msgs/px4_msgs/msg/detail/vehicle_constraints__struct.h
[9.303s] -- Symlinking: /home/prathamkelkar/ros2_ws/install/px4_msgs/include/px4_msgs/px4_msgs/msg/detail/vehicle_constraints__type_support.h
[9.318s] -- Symlinking: /home/prathamkelkar/ros2_ws/install/px4_msgs/include/px4_msgs/px4_msgs/msg/detail/vehicle_control_mode__functions.h
[9.333s] -- Symlinking: /home/prathamkelkar/ros2_ws/install/px4_msgs/include/px4_msgs/px4_msgs/msg/detail/vehicle_control_mode__struct.h
[9.344s] -- Symlinking: /home/prathamkelkar/ros2_ws/install/px4_msgs/include/px4_msgs/px4_msgs/msg/detail/vehicle_control_mode__type_support.h
[9.352s] -- Symlinking: /home/prathamkelkar/ros2_ws/install/px4_msgs/include/px4_msgs/px4_msgs/msg/detail/vehicle_global_position__functions.h
[9.360s] -- Symlinking: /home/prathamkelkar/ros2_ws/install/px4_msgs/include/px4_msgs/px4_msgs/msg/detail/vehicle_global_position__struct.h
[9.368s] -- Symlinking: /home/prathamkelkar/ros2_ws/install/px4_msgs/include/px4_msgs/px4_msgs/msg/detail/vehicle_global_position__type_support.h
[9.374s] -- Symlinking: /home/prathamkelkar/ros2_ws/install/px4_msgs/include/px4_msgs/px4_msgs/msg/detail/vehicle_imu__functions.h
[9.381s] -- Symlinking: /home/prathamkelkar/ros2_ws/install/px4_msgs/include/px4_msgs/px4_msgs/msg/detail/vehicle_imu__struct.h
[9.387s] -- Symlinking: /home/prathamkelkar/ros2_ws/install/px4_msgs/include/px4_msgs/px4_msgs/msg/detail/vehicle_imu__type_support.h
[9.402s] -- Symlinking: /home/prathamkelkar/ros2_ws/install/px4_msgs/include/px4_msgs/px4_msgs/msg/detail/vehicle_imu_status__functions.h
[9.416s] -- Symlinking: /home/prathamkelkar/ros2_ws/install/px4_msgs/include/px4_msgs/px4_msgs/msg/detail/vehicle_imu_status__struct.h
[9.431s] -- Symlinking: /home/prathamkelkar/ros2_ws/install/px4_msgs/include/px4_msgs/px4_msgs/msg/detail/vehicle_imu_status__type_support.h
[9.443s] -- Symlinking: /home/prathamkelkar/ros2_ws/install/px4_msgs/include/px4_msgs/px4_msgs/msg/detail/vehicle_land_detected__functions.h
[9.452s] -- Symlinking: /home/prathamkelkar/ros2_ws/install/px4_msgs/include/px4_msgs/px4_msgs/msg/detail/vehicle_land_detected__struct.h
[9.467s] -- Symlinking: /home/prathamkelkar/ros2_ws/install/px4_msgs/include/px4_msgs/px4_msgs/msg/detail/vehicle_land_detected__type_support.h
[9.483s] -- Symlinking: /home/prathamkelkar/ros2_ws/install/px4_msgs/include/px4_msgs/px4_msgs/msg/detail/vehicle_local_position__functions.h
[9.497s] -- Symlinking: /home/prathamkelkar/ros2_ws/install/px4_msgs/include/px4_msgs/px4_msgs/msg/detail/vehicle_local_position__struct.h
[9.510s] -- Symlinking: /home/prathamkelkar/ros2_ws/install/px4_msgs/include/px4_msgs/px4_msgs/msg/detail/vehicle_local_position__type_support.h
[9.526s] -- Symlinking: /home/prathamkelkar/ros2_ws/install/px4_msgs/include/px4_msgs/px4_msgs/msg/detail/vehicle_local_position_setpoint__functions.h
[9.540s] -- Symlinking: /home/prathamkelkar/ros2_ws/install/px4_msgs/include/px4_msgs/px4_msgs/msg/detail/vehicle_local_position_setpoint__struct.h
[9.550s] -- Symlinking: /home/prathamkelkar/ros2_ws/install/px4_msgs/include/px4_msgs/px4_msgs/msg/detail/vehicle_local_position_setpoint__type_support.h
[9.557s] -- Symlinking: /home/prathamkelkar/ros2_ws/install/px4_msgs/include/px4_msgs/px4_msgs/msg/detail/vehicle_magnetometer__functions.h
[9.563s] -- Symlinking: /home/prathamkelkar/ros2_ws/install/px4_msgs/include/px4_msgs/px4_msgs/msg/detail/vehicle_magnetometer__struct.h
[9.569s] -- Symlinking: /home/prathamkelkar/ros2_ws/install/px4_msgs/include/px4_msgs/px4_msgs/msg/detail/vehicle_magnetometer__type_support.h
[9.575s] -- Symlinking: /home/prathamkelkar/ros2_ws/install/px4_msgs/include/px4_msgs/px4_msgs/msg/detail/vehicle_odometry__functions.h
[9.581s] -- Symlinking: /home/prathamkelkar/ros2_ws/install/px4_msgs/include/px4_msgs/px4_msgs/msg/detail/vehicle_odometry__struct.h
[9.587s] -- Symlinking: /home/prathamkelkar/ros2_ws/install/px4_msgs/include/px4_msgs/px4_msgs/msg/detail/vehicle_odometry__type_support.h
[9.593s] -- Symlinking: /home/prathamkelkar/ros2_ws/install/px4_msgs/include/px4_msgs/px4_msgs/msg/detail/vehicle_optical_flow__functions.h
[9.599s] -- Symlinking: /home/prathamkelkar/ros2_ws/install/px4_msgs/include/px4_msgs/px4_msgs/msg/detail/vehicle_optical_flow__struct.h
[9.605s] -- Symlinking: /home/prathamkelkar/ros2_ws/install/px4_msgs/include/px4_msgs/px4_msgs/msg/detail/vehicle_optical_flow__type_support.h
[9.619s] -- Symlinking: /home/prathamkelkar/ros2_ws/install/px4_msgs/include/px4_msgs/px4_msgs/msg/detail/vehicle_optical_flow_vel__functions.h
[9.634s] -- Symlinking: /home/prathamkelkar/ros2_ws/install/px4_msgs/include/px4_msgs/px4_msgs/msg/detail/vehicle_optical_flow_vel__struct.h
[9.645s] -- Symlinking: /home/prathamkelkar/ros2_ws/install/px4_msgs/include/px4_msgs/px4_msgs/msg/detail/vehicle_optical_flow_vel__type_support.h
[9.653s] -- Symlinking: /home/prathamkelkar/ros2_ws/install/px4_msgs/include/px4_msgs/px4_msgs/msg/detail/vehicle_rates_setpoint__functions.h
[9.660s] -- Symlinking: /home/prathamkelkar/ros2_ws/install/px4_msgs/include/px4_msgs/px4_msgs/msg/detail/vehicle_rates_setpoint__struct.h
[9.666s] -- Symlinking: /home/prathamkelkar/ros2_ws/install/px4_msgs/include/px4_msgs/px4_msgs/msg/detail/vehicle_rates_setpoint__type_support.h
[9.672s] -- Symlinking: /home/prathamkelkar/ros2_ws/install/px4_msgs/include/px4_msgs/px4_msgs/msg/detail/vehicle_roi__functions.h
[9.678s] -- Symlinking: /home/prathamkelkar/ros2_ws/install/px4_msgs/include/px4_msgs/px4_msgs/msg/detail/vehicle_roi__struct.h
[9.684s] -- Symlinking: /home/prathamkelkar/ros2_ws/install/px4_msgs/include/px4_msgs/px4_msgs/msg/detail/vehicle_roi__type_support.h
[9.698s] -- Symlinking: /home/prathamkelkar/ros2_ws/install/px4_msgs/include/px4_msgs/px4_msgs/msg/detail/vehicle_status__functions.h
[9.711s] -- Symlinking: /home/prathamkelkar/ros2_ws/install/px4_msgs/include/px4_msgs/px4_msgs/msg/detail/vehicle_status__struct.h
[9.719s] -- Symlinking: /home/prathamkelkar/ros2_ws/install/px4_msgs/include/px4_msgs/px4_msgs/msg/detail/vehicle_status__type_support.h
[9.734s] -- Symlinking: /home/prathamkelkar/ros2_ws/install/px4_msgs/include/px4_msgs/px4_msgs/msg/detail/vehicle_thrust_setpoint__functions.h
[9.748s] -- Symlinking: /home/prathamkelkar/ros2_ws/install/px4_msgs/include/px4_msgs/px4_msgs/msg/detail/vehicle_thrust_setpoint__struct.h
[9.758s] -- Symlinking: /home/prathamkelkar/ros2_ws/install/px4_msgs/include/px4_msgs/px4_msgs/msg/detail/vehicle_thrust_setpoint__type_support.h
[9.766s] -- Symlinking: /home/prathamkelkar/ros2_ws/install/px4_msgs/include/px4_msgs/px4_msgs/msg/detail/vehicle_torque_setpoint__functions.h
[9.772s] -- Symlinking: /home/prathamkelkar/ros2_ws/install/px4_msgs/include/px4_msgs/px4_msgs/msg/detail/vehicle_torque_setpoint__struct.h
[9.778s] -- Symlinking: /home/prathamkelkar/ros2_ws/install/px4_msgs/include/px4_msgs/px4_msgs/msg/detail/vehicle_torque_setpoint__type_support.h
[9.784s] -- Symlinking: /home/prathamkelkar/ros2_ws/install/px4_msgs/include/px4_msgs/px4_msgs/msg/detail/vehicle_trajectory_bezier__functions.h
[9.799s] -- Symlinking: /home/prathamkelkar/ros2_ws/install/px4_msgs/include/px4_msgs/px4_msgs/msg/detail/vehicle_trajectory_bezier__struct.h
[9.813s] -- Symlinking: /home/prathamkelkar/ros2_ws/install/px4_msgs/include/px4_msgs/px4_msgs/msg/detail/vehicle_trajectory_bezier__type_support.h
[9.827s] -- Symlinking: /home/prathamkelkar/ros2_ws/install/px4_msgs/include/px4_msgs/px4_msgs/msg/detail/vehicle_trajectory_waypoint__functions.h
[9.839s] -- Symlinking: /home/prathamkelkar/ros2_ws/install/px4_msgs/include/px4_msgs/px4_msgs/msg/detail/vehicle_trajectory_waypoint__struct.h
[9.848s] -- Symlinking: /home/prathamkelkar/ros2_ws/install/px4_msgs/include/px4_msgs/px4_msgs/msg/detail/vehicle_trajectory_waypoint__type_support.h
[9.856s] -- Symlinking: /home/prathamkelkar/ros2_ws/install/px4_msgs/include/px4_msgs/px4_msgs/msg/detail/velocity_limits__functions.h
[9.862s] -- Symlinking: /home/prathamkelkar/ros2_ws/install/px4_msgs/include/px4_msgs/px4_msgs/msg/detail/velocity_limits__struct.h
[9.868s] -- Symlinking: /home/prathamkelkar/ros2_ws/install/px4_msgs/include/px4_msgs/px4_msgs/msg/detail/velocity_limits__type_support.h
[9.874s] -- Symlinking: /home/prathamkelkar/ros2_ws/install/px4_msgs/include/px4_msgs/px4_msgs/msg/detail/vtol_vehicle_status__functions.h
[9.880s] -- Symlinking: /home/prathamkelkar/ros2_ws/install/px4_msgs/include/px4_msgs/px4_msgs/msg/detail/vtol_vehicle_status__struct.h
[9.886s] -- Symlinking: /home/prathamkelkar/ros2_ws/install/px4_msgs/include/px4_msgs/px4_msgs/msg/detail/vtol_vehicle_status__type_support.h
[9.892s] -- Symlinking: /home/prathamkelkar/ros2_ws/install/px4_msgs/include/px4_msgs/px4_msgs/msg/detail/wheel_encoders__functions.h
[9.897s] -- Symlinking: /home/prathamkelkar/ros2_ws/install/px4_msgs/include/px4_msgs/px4_msgs/msg/detail/wheel_encoders__struct.h
[9.912s] -- Symlinking: /home/prathamkelkar/ros2_ws/install/px4_msgs/include/px4_msgs/px4_msgs/msg/detail/wheel_encoders__type_support.h
[9.925s] -- Symlinking: /home/prathamkelkar/ros2_ws/install/px4_msgs/include/px4_msgs/px4_msgs/msg/detail/wind__functions.h
[9.939s] -- Symlinking: /home/prathamkelkar/ros2_ws/install/px4_msgs/include/px4_msgs/px4_msgs/msg/detail/wind__struct.h
[9.953s] -- Symlinking: /home/prathamkelkar/ros2_ws/install/px4_msgs/include/px4_msgs/px4_msgs/msg/detail/wind__type_support.h
[9.964s] -- Symlinking: /home/prathamkelkar/ros2_ws/install/px4_msgs/include/px4_msgs/px4_msgs/msg/detail/yaw_estimator_status__functions.h
[9.972s] -- Symlinking: /home/prathamkelkar/ros2_ws/install/px4_msgs/include/px4_msgs/px4_msgs/msg/detail/yaw_estimator_status__struct.h
[9.986s] -- Symlinking: /home/prathamkelkar/ros2_ws/install/px4_msgs/include/px4_msgs/px4_msgs/msg/detail/yaw_estimator_status__type_support.h
[10.000s] -- Symlinking: /home/prathamkelkar/ros2_ws/install/px4_msgs/include/px4_msgs/px4_msgs/msg/differential_drive_setpoint.h
[10.015s] -- Symlinking: /home/prathamkelkar/ros2_ws/install/px4_msgs/include/px4_msgs/px4_msgs/msg/differential_pressure.h
[10.029s] -- Symlinking: /home/prathamkelkar/ros2_ws/install/px4_msgs/include/px4_msgs/px4_msgs/msg/distance_sensor.h
[10.042s] -- Symlinking: /home/prathamkelkar/ros2_ws/install/px4_msgs/include/px4_msgs/px4_msgs/msg/ekf2_timestamps.h
[10.051s] -- Symlinking: /home/prathamkelkar/ros2_ws/install/px4_msgs/include/px4_msgs/px4_msgs/msg/esc_report.h
[10.065s] -- Symlinking: /home/prathamkelkar/ros2_ws/install/px4_msgs/include/px4_msgs/px4_msgs/msg/esc_status.h
[10.079s] -- Symlinking: /home/prathamkelkar/ros2_ws/install/px4_msgs/include/px4_msgs/px4_msgs/msg/estimator_aid_source1d.h
[10.089s] -- Symlinking: /home/prathamkelkar/ros2_ws/install/px4_msgs/include/px4_msgs/px4_msgs/msg/estimator_aid_source2d.h
[10.105s] -- Symlinking: /home/prathamkelkar/ros2_ws/install/px4_msgs/include/px4_msgs/px4_msgs/msg/estimator_aid_source3d.h
[10.121s] -- Symlinking: /home/prathamkelkar/ros2_ws/install/px4_msgs/include/px4_msgs/px4_msgs/msg/estimator_bias.h
[10.136s] -- Symlinking: /home/prathamkelkar/ros2_ws/install/px4_msgs/include/px4_msgs/px4_msgs/msg/estimator_bias3d.h
[10.149s] -- Symlinking: /home/prathamkelkar/ros2_ws/install/px4_msgs/include/px4_msgs/px4_msgs/msg/estimator_event_flags.h
[10.158s] -- Symlinking: /home/prathamkelkar/ros2_ws/install/px4_msgs/include/px4_msgs/px4_msgs/msg/estimator_gps_status.h
[10.166s] -- Symlinking: /home/prathamkelkar/ros2_ws/install/px4_msgs/include/px4_msgs/px4_msgs/msg/estimator_innovations.h
[10.173s] -- Symlinking: /home/prathamkelkar/ros2_ws/install/px4_msgs/include/px4_msgs/px4_msgs/msg/estimator_selector_status.h
[10.179s] -- Symlinking: /home/prathamkelkar/ros2_ws/install/px4_msgs/include/px4_msgs/px4_msgs/msg/estimator_sensor_bias.h
[10.186s] -- Symlinking: /home/prathamkelkar/ros2_ws/install/px4_msgs/include/px4_msgs/px4_msgs/msg/estimator_states.h
[10.192s] -- Symlinking: /home/prathamkelkar/ros2_ws/install/px4_msgs/include/px4_msgs/px4_msgs/msg/estimator_status.h
[10.199s] -- Symlinking: /home/prathamkelkar/ros2_ws/install/px4_msgs/include/px4_msgs/px4_msgs/msg/estimator_status_flags.h
[10.205s] -- Symlinking: /home/prathamkelkar/ros2_ws/install/px4_msgs/include/px4_msgs/px4_msgs/msg/event.h
[10.211s] -- Symlinking: /home/prathamkelkar/ros2_ws/install/px4_msgs/include/px4_msgs/px4_msgs/msg/failsafe_flags.h
[10.227s] -- Symlinking: /home/prathamkelkar/ros2_ws/install/px4_msgs/include/px4_msgs/px4_msgs/msg/failure_detector_status.h
[10.238s] -- Symlinking: /home/prathamkelkar/ros2_ws/install/px4_msgs/include/px4_msgs/px4_msgs/msg/figure_eight_status.h
[10.249s] -- Symlinking: /home/prathamkelkar/ros2_ws/install/px4_msgs/include/px4_msgs/px4_msgs/msg/flight_phase_estimation.h
[10.265s] -- Symlinking: /home/prathamkelkar/ros2_ws/install/px4_msgs/include/px4_msgs/px4_msgs/msg/follow_target.h
[10.276s] -- Symlinking: /home/prathamkelkar/ros2_ws/install/px4_msgs/include/px4_msgs/px4_msgs/msg/follow_target_estimator.h
[10.290s] -- Symlinking: /home/prathamkelkar/ros2_ws/install/px4_msgs/include/px4_msgs/px4_msgs/msg/follow_target_status.h
[10.303s] -- Symlinking: /home/prathamkelkar/ros2_ws/install/px4_msgs/include/px4_msgs/px4_msgs/msg/generator_status.h
[10.318s] -- Symlinking: /home/prathamkelkar/ros2_ws/install/px4_msgs/include/px4_msgs/px4_msgs/msg/geofence_result.h
[10.333s] -- Symlinking: /home/prathamkelkar/ros2_ws/install/px4_msgs/include/px4_msgs/px4_msgs/msg/geofence_status.h
[10.344s] -- Symlinking: /home/prathamkelkar/ros2_ws/install/px4_msgs/include/px4_msgs/px4_msgs/msg/gimbal_controls.h
[10.352s] -- Symlinking: /home/prathamkelkar/ros2_ws/install/px4_msgs/include/px4_msgs/px4_msgs/msg/gimbal_device_attitude_status.h
[10.360s] -- Symlinking: /home/prathamkelkar/ros2_ws/install/px4_msgs/include/px4_msgs/px4_msgs/msg/gimbal_device_information.h
[10.367s] -- Symlinking: /home/prathamkelkar/ros2_ws/install/px4_msgs/include/px4_msgs/px4_msgs/msg/gimbal_device_set_attitude.h
[10.374s] -- Symlinking: /home/prathamkelkar/ros2_ws/install/px4_msgs/include/px4_msgs/px4_msgs/msg/gimbal_manager_information.h
[10.380s] -- Symlinking: /home/prathamkelkar/ros2_ws/install/px4_msgs/include/px4_msgs/px4_msgs/msg/gimbal_manager_set_attitude.h
[10.386s] -- Symlinking: /home/prathamkelkar/ros2_ws/install/px4_msgs/include/px4_msgs/px4_msgs/msg/gimbal_manager_set_manual_control.h
[10.393s] -- Symlinking: /home/prathamkelkar/ros2_ws/install/px4_msgs/include/px4_msgs/px4_msgs/msg/gimbal_manager_status.h
[10.399s] -- Symlinking: /home/prathamkelkar/ros2_ws/install/px4_msgs/include/px4_msgs/px4_msgs/msg/goto_setpoint.h
[10.405s] -- Symlinking: /home/prathamkelkar/ros2_ws/install/px4_msgs/include/px4_msgs/px4_msgs/msg/gpio_config.h
[10.412s] -- Symlinking: /home/prathamkelkar/ros2_ws/install/px4_msgs/include/px4_msgs/px4_msgs/msg/gpio_in.h
[10.418s] -- Symlinking: /home/prathamkelkar/ros2_ws/install/px4_msgs/include/px4_msgs/px4_msgs/msg/gpio_out.h
[10.425s] -- Symlinking: /home/prathamkelkar/ros2_ws/install/px4_msgs/include/px4_msgs/px4_msgs/msg/gpio_request.h
[10.431s] -- Symlinking: /home/prathamkelkar/ros2_ws/install/px4_msgs/include/px4_msgs/px4_msgs/msg/gps_dump.h
[10.437s] -- Symlinking: /home/prathamkelkar/ros2_ws/install/px4_msgs/include/px4_msgs/px4_msgs/msg/gps_inject_data.h
[10.444s] -- Symlinking: /home/prathamkelkar/ros2_ws/install/px4_msgs/include/px4_msgs/px4_msgs/msg/gripper.h
[10.459s] -- Symlinking: /home/prathamkelkar/ros2_ws/install/px4_msgs/include/px4_msgs/px4_msgs/msg/health_report.h
[10.473s] -- Symlinking: /home/prathamkelkar/ros2_ws/install/px4_msgs/include/px4_msgs/px4_msgs/msg/heater_status.h
[10.488s] -- Symlinking: /home/prathamkelkar/ros2_ws/install/px4_msgs/include/px4_msgs/px4_msgs/msg/home_position.h
[10.503s] -- Symlinking: /home/prathamkelkar/ros2_ws/install/px4_msgs/include/px4_msgs/px4_msgs/msg/hover_thrust_estimate.h
[10.515s] -- Symlinking: /home/prathamkelkar/ros2_ws/install/px4_msgs/include/px4_msgs/px4_msgs/msg/input_rc.h
[10.531s] -- Symlinking: /home/prathamkelkar/ros2_ws/install/px4_msgs/include/px4_msgs/px4_msgs/msg/internal_combustion_engine_status.h
[10.545s] -- Symlinking: /home/prathamkelkar/ros2_ws/install/px4_msgs/include/px4_msgs/px4_msgs/msg/iridiumsbd_status.h
[10.557s] -- Symlinking: /home/prathamkelkar/ros2_ws/install/px4_msgs/include/px4_msgs/px4_msgs/msg/irlock_report.h
[10.565s] -- Symlinking: /home/prathamkelkar/ros2_ws/install/px4_msgs/include/px4_msgs/px4_msgs/msg/landing_gear.h
[10.580s] -- Symlinking: /home/prathamkelkar/ros2_ws/install/px4_msgs/include/px4_msgs/px4_msgs/msg/landing_gear_wheel.h
[10.593s] -- Symlinking: /home/prathamkelkar/ros2_ws/install/px4_msgs/include/px4_msgs/px4_msgs/msg/landing_target_innovations.h
[10.609s] -- Symlinking: /home/prathamkelkar/ros2_ws/install/px4_msgs/include/px4_msgs/px4_msgs/msg/landing_target_pose.h
[10.624s] -- Symlinking: /home/prathamkelkar/ros2_ws/install/px4_msgs/include/px4_msgs/px4_msgs/msg/launch_detection_status.h
[10.636s] -- Symlinking: /home/prathamkelkar/ros2_ws/install/px4_msgs/include/px4_msgs/px4_msgs/msg/led_control.h
[10.644s] -- Symlinking: /home/prathamkelkar/ros2_ws/install/px4_msgs/include/px4_msgs/px4_msgs/msg/log_message.h
[10.659s] -- Symlinking: /home/prathamkelkar/ros2_ws/install/px4_msgs/include/px4_msgs/px4_msgs/msg/logger_status.h
[10.673s] -- Symlinking: /home/prathamkelkar/ros2_ws/install/px4_msgs/include/px4_msgs/px4_msgs/msg/mag_worker_data.h
[10.683s] -- Symlinking: /home/prathamkelkar/ros2_ws/install/px4_msgs/include/px4_msgs/px4_msgs/msg/magnetometer_bias_estimate.h
[10.691s] -- Symlinking: /home/prathamkelkar/ros2_ws/install/px4_msgs/include/px4_msgs/px4_msgs/msg/manual_control_setpoint.h
[10.698s] -- Symlinking: /home/prathamkelkar/ros2_ws/install/px4_msgs/include/px4_msgs/px4_msgs/msg/manual_control_switches.h
[10.705s] -- Symlinking: /home/prathamkelkar/ros2_ws/install/px4_msgs/include/px4_msgs/px4_msgs/msg/mavlink_log.h
[10.720s] -- Symlinking: /home/prathamkelkar/ros2_ws/install/px4_msgs/include/px4_msgs/px4_msgs/msg/mavlink_tunnel.h
[10.736s] -- Symlinking: /home/prathamkelkar/ros2_ws/install/px4_msgs/include/px4_msgs/px4_msgs/msg/message_format_request.h
[10.750s] -- Symlinking: /home/prathamkelkar/ros2_ws/install/px4_msgs/include/px4_msgs/px4_msgs/msg/message_format_response.h
[10.761s] -- Symlinking: /home/prathamkelkar/ros2_ws/install/px4_msgs/include/px4_msgs/px4_msgs/msg/mission.h
[10.777s] -- Symlinking: /home/prathamkelkar/ros2_ws/install/px4_msgs/include/px4_msgs/px4_msgs/msg/mission_result.h
[10.791s] -- Symlinking: /home/prathamkelkar/ros2_ws/install/px4_msgs/include/px4_msgs/px4_msgs/msg/mode_completed.h
[10.802s] -- Symlinking: /home/prathamkelkar/ros2_ws/install/px4_msgs/include/px4_msgs/px4_msgs/msg/mount_orientation.h
[10.810s] -- Symlinking: /home/prathamkelkar/ros2_ws/install/px4_msgs/include/px4_msgs/px4_msgs/msg/navigator_mission_item.h
[10.818s] -- Symlinking: /home/prathamkelkar/ros2_ws/install/px4_msgs/include/px4_msgs/px4_msgs/msg/normalized_unsigned_setpoint.h
[10.825s] -- Symlinking: /home/prathamkelkar/ros2_ws/install/px4_msgs/include/px4_msgs/px4_msgs/msg/npfg_status.h
[10.840s] -- Symlinking: /home/prathamkelkar/ros2_ws/install/px4_msgs/include/px4_msgs/px4_msgs/msg/obstacle_distance.h
[10.852s] -- Symlinking: /home/prathamkelkar/ros2_ws/install/px4_msgs/include/px4_msgs/px4_msgs/msg/offboard_control_mode.h
[10.867s] -- Symlinking: /home/prathamkelkar/ros2_ws/install/px4_msgs/include/px4_msgs/px4_msgs/msg/onboard_computer_status.h
[10.880s] -- Symlinking: /home/prathamkelkar/ros2_ws/install/px4_msgs/include/px4_msgs/px4_msgs/msg/orb_test.h
[10.890s] -- Symlinking: /home/prathamkelkar/ros2_ws/install/px4_msgs/include/px4_msgs/px4_msgs/msg/orb_test_large.h
[10.898s] -- Symlinking: /home/prathamkelkar/ros2_ws/install/px4_msgs/include/px4_msgs/px4_msgs/msg/orb_test_medium.h
[10.913s] -- Symlinking: /home/prathamkelkar/ros2_ws/install/px4_msgs/include/px4_msgs/px4_msgs/msg/orbit_status.h
[10.928s] -- Symlinking: /home/prathamkelkar/ros2_ws/install/px4_msgs/include/px4_msgs/px4_msgs/msg/parameter_reset_request.h
[10.943s] -- Symlinking: /home/prathamkelkar/ros2_ws/install/px4_msgs/include/px4_msgs/px4_msgs/msg/parameter_set_used_request.h
[10.958s] -- Symlinking: /home/prathamkelkar/ros2_ws/install/px4_msgs/include/px4_msgs/px4_msgs/msg/parameter_set_value_request.h
[10.970s] -- Symlinking: /home/prathamkelkar/ros2_ws/install/px4_msgs/include/px4_msgs/px4_msgs/msg/parameter_set_value_response.h
[10.979s] -- Symlinking: /home/prathamkelkar/ros2_ws/install/px4_msgs/include/px4_msgs/px4_msgs/msg/parameter_update.h
[10.986s] -- Symlinking: /home/prathamkelkar/ros2_ws/install/px4_msgs/include/px4_msgs/px4_msgs/msg/ping.h
[10.993s] -- Symlinking: /home/prathamkelkar/ros2_ws/install/px4_msgs/include/px4_msgs/px4_msgs/msg/position_controller_landing_status.h
[11.000s] -- Symlinking: /home/prathamkelkar/ros2_ws/install/px4_msgs/include/px4_msgs/px4_msgs/msg/position_controller_status.h
[11.006s] -- Symlinking: /home/prathamkelkar/ros2_ws/install/px4_msgs/include/px4_msgs/px4_msgs/msg/position_setpoint.h
[11.012s] -- Symlinking: /home/prathamkelkar/ros2_ws/install/px4_msgs/include/px4_msgs/px4_msgs/msg/position_setpoint_triplet.h
[11.019s] -- Symlinking: /home/prathamkelkar/ros2_ws/install/px4_msgs/include/px4_msgs/px4_msgs/msg/power_button_state.h
[11.034s] -- Symlinking: /home/prathamkelkar/ros2_ws/install/px4_msgs/include/px4_msgs/px4_msgs/msg/power_monitor.h
[11.048s] -- Symlinking: /home/prathamkelkar/ros2_ws/install/px4_msgs/include/px4_msgs/px4_msgs/msg/pps_capture.h
[11.059s] -- Symlinking: /home/prathamkelkar/ros2_ws/install/px4_msgs/include/px4_msgs/px4_msgs/msg/pwm_input.h
[11.068s] -- Symlinking: /home/prathamkelkar/ros2_ws/install/px4_msgs/include/px4_msgs/px4_msgs/msg/px4io_status.h
[11.075s] -- Symlinking: /home/prathamkelkar/ros2_ws/install/px4_msgs/include/px4_msgs/px4_msgs/msg/qshell_req.h
[11.082s] -- Symlinking: /home/prathamkelkar/ros2_ws/install/px4_msgs/include/px4_msgs/px4_msgs/msg/qshell_retval.h
[11.088s] -- Symlinking: /home/prathamkelkar/ros2_ws/install/px4_msgs/include/px4_msgs/px4_msgs/msg/radio_status.h
[11.095s] -- Symlinking: /home/prathamkelkar/ros2_ws/install/px4_msgs/include/px4_msgs/px4_msgs/msg/rate_ctrl_status.h
[11.102s] -- Symlinking: /home/prathamkelkar/ros2_ws/install/px4_msgs/include/px4_msgs/px4_msgs/msg/rc_channels.h
[11.118s] -- Symlinking: /home/prathamkelkar/ros2_ws/install/px4_msgs/include/px4_msgs/px4_msgs/msg/rc_parameter_map.h
[11.135s] -- Symlinking: /home/prathamkelkar/ros2_ws/install/px4_msgs/include/px4_msgs/px4_msgs/msg/register_ext_component_reply.h
[11.145s] -- Symlinking: /home/prathamkelkar/ros2_ws/install/px4_msgs/include/px4_msgs/px4_msgs/msg/register_ext_component_request.h
[11.153s] -- Symlinking: /home/prathamkelkar/ros2_ws/install/px4_msgs/include/px4_msgs/px4_msgs/msg/rosidl_generator_c__visibility_control.h
[11.160s] -- Symlinking: /home/prathamkelkar/ros2_ws/install/px4_msgs/include/px4_msgs/px4_msgs/msg/rpm.h
[11.176s] -- Symlinking: /home/prathamkelkar/ros2_ws/install/px4_msgs/include/px4_msgs/px4_msgs/msg/rtl_status.h
[11.191s] -- Symlinking: /home/prathamkelkar/ros2_ws/install/px4_msgs/include/px4_msgs/px4_msgs/msg/rtl_time_estimate.h
[11.201s] -- Symlinking: /home/prathamkelkar/ros2_ws/install/px4_msgs/include/px4_msgs/px4_msgs/msg/satellite_info.h
[11.216s] -- Symlinking: /home/prathamkelkar/ros2_ws/install/px4_msgs/include/px4_msgs/px4_msgs/msg/sensor_accel.h
[11.231s] -- Symlinking: /home/prathamkelkar/ros2_ws/install/px4_msgs/include/px4_msgs/px4_msgs/msg/sensor_accel_fifo.h
[11.244s] -- Symlinking: /home/prathamkelkar/ros2_ws/install/px4_msgs/include/px4_msgs/px4_msgs/msg/sensor_airflow.h
[11.262s] -- Symlinking: /home/prathamkelkar/ros2_ws/install/px4_msgs/include/px4_msgs/px4_msgs/msg/sensor_baro.h
[11.279s] -- Symlinking: /home/prathamkelkar/ros2_ws/install/px4_msgs/include/px4_msgs/px4_msgs/msg/sensor_combined.h
[11.294s] -- Symlinking: /home/prathamkelkar/ros2_ws/install/px4_msgs/include/px4_msgs/px4_msgs/msg/sensor_correction.h
[11.306s] -- Symlinking: /home/prathamkelkar/ros2_ws/install/px4_msgs/include/px4_msgs/px4_msgs/msg/sensor_gnss_relative.h
[11.315s] -- Symlinking: /home/prathamkelkar/ros2_ws/install/px4_msgs/include/px4_msgs/px4_msgs/msg/sensor_gps.h
[11.323s] -- Symlinking: /home/prathamkelkar/ros2_ws/install/px4_msgs/include/px4_msgs/px4_msgs/msg/sensor_gyro.h
[11.331s] -- Symlinking: /home/prathamkelkar/ros2_ws/install/px4_msgs/include/px4_msgs/px4_msgs/msg/sensor_gyro_fft.h
[11.338s] -- Symlinking: /home/prathamkelkar/ros2_ws/install/px4_msgs/include/px4_msgs/px4_msgs/msg/sensor_gyro_fifo.h
[11.345s] -- Symlinking: /home/prathamkelkar/ros2_ws/install/px4_msgs/include/px4_msgs/px4_msgs/msg/sensor_hygrometer.h
[11.352s] -- Symlinking: /home/prathamkelkar/ros2_ws/install/px4_msgs/include/px4_msgs/px4_msgs/msg/sensor_mag.h
[11.359s] -- Symlinking: /home/prathamkelkar/ros2_ws/install/px4_msgs/include/px4_msgs/px4_msgs/msg/sensor_optical_flow.h
[11.365s] -- Symlinking: /home/prathamkelkar/ros2_ws/install/px4_msgs/include/px4_msgs/px4_msgs/msg/sensor_preflight_mag.h
[11.371s] -- Symlinking: /home/prathamkelkar/ros2_ws/install/px4_msgs/include/px4_msgs/px4_msgs/msg/sensor_selection.h
[11.377s] -- Symlinking: /home/prathamkelkar/ros2_ws/install/px4_msgs/include/px4_msgs/px4_msgs/msg/sensor_uwb.h
[11.383s] -- Symlinking: /home/prathamkelkar/ros2_ws/install/px4_msgs/include/px4_msgs/px4_msgs/msg/sensors_status.h
[11.390s] -- Symlinking: /home/prathamkelkar/ros2_ws/install/px4_msgs/include/px4_msgs/px4_msgs/msg/sensors_status_imu.h
[11.396s] -- Symlinking: /home/prathamkelkar/ros2_ws/install/px4_msgs/include/px4_msgs/px4_msgs/msg/system_power.h
[11.402s] -- Symlinking: /home/prathamkelkar/ros2_ws/install/px4_msgs/include/px4_msgs/px4_msgs/msg/takeoff_status.h
[11.408s] -- Symlinking: /home/prathamkelkar/ros2_ws/install/px4_msgs/include/px4_msgs/px4_msgs/msg/task_stack_info.h
[11.414s] -- Symlinking: /home/prathamkelkar/ros2_ws/install/px4_msgs/include/px4_msgs/px4_msgs/msg/tecs_status.h
[11.429s] -- Symlinking: /home/prathamkelkar/ros2_ws/install/px4_msgs/include/px4_msgs/px4_msgs/msg/telemetry_status.h
[11.444s] -- Symlinking: /home/prathamkelkar/ros2_ws/install/px4_msgs/include/px4_msgs/px4_msgs/msg/tiltrotor_extra_controls.h
[11.455s] -- Symlinking: /home/prathamkelkar/ros2_ws/install/px4_msgs/include/px4_msgs/px4_msgs/msg/timesync_status.h
[11.464s] -- Symlinking: /home/prathamkelkar/ros2_ws/install/px4_msgs/include/px4_msgs/px4_msgs/msg/trajectory_bezier.h
[11.471s] -- Symlinking: /home/prathamkelkar/ros2_ws/install/px4_msgs/include/px4_msgs/px4_msgs/msg/trajectory_setpoint.h
[11.486s] -- Symlinking: /home/prathamkelkar/ros2_ws/install/px4_msgs/include/px4_msgs/px4_msgs/msg/trajectory_waypoint.h
[11.500s] -- Symlinking: /home/prathamkelkar/ros2_ws/install/px4_msgs/include/px4_msgs/px4_msgs/msg/transponder_report.h
[11.510s] -- Symlinking: /home/prathamkelkar/ros2_ws/install/px4_msgs/include/px4_msgs/px4_msgs/msg/tune_control.h
[11.519s] -- Symlinking: /home/prathamkelkar/ros2_ws/install/px4_msgs/include/px4_msgs/px4_msgs/msg/uavcan_parameter_request.h
[11.526s] -- Symlinking: /home/prathamkelkar/ros2_ws/install/px4_msgs/include/px4_msgs/px4_msgs/msg/uavcan_parameter_value.h
[11.542s] -- Symlinking: /home/prathamkelkar/ros2_ws/install/px4_msgs/include/px4_msgs/px4_msgs/msg/ulog_stream.h
[11.556s] -- Symlinking: /home/prathamkelkar/ros2_ws/install/px4_msgs/include/px4_msgs/px4_msgs/msg/ulog_stream_ack.h
[11.566s] -- Symlinking: /home/prathamkelkar/ros2_ws/install/px4_msgs/include/px4_msgs/px4_msgs/msg/unregister_ext_component.h
[11.574s] -- Symlinking: /home/prathamkelkar/ros2_ws/install/px4_msgs/include/px4_msgs/px4_msgs/msg/vehicle_acceleration.h
[11.581s] -- Symlinking: /home/prathamkelkar/ros2_ws/install/px4_msgs/include/px4_msgs/px4_msgs/msg/vehicle_air_data.h
[11.587s] -- Symlinking: /home/prathamkelkar/ros2_ws/install/px4_msgs/include/px4_msgs/px4_msgs/msg/vehicle_angular_acceleration_setpoint.h
[11.593s] -- Symlinking: /home/prathamkelkar/ros2_ws/install/px4_msgs/include/px4_msgs/px4_msgs/msg/vehicle_angular_velocity.h
[11.600s] -- Symlinking: /home/prathamkelkar/ros2_ws/install/px4_msgs/include/px4_msgs/px4_msgs/msg/vehicle_attitude.h
[11.607s] -- Symlinking: /home/prathamkelkar/ros2_ws/install/px4_msgs/include/px4_msgs/px4_msgs/msg/vehicle_attitude_setpoint.h
[11.613s] -- Symlinking: /home/prathamkelkar/ros2_ws/install/px4_msgs/include/px4_msgs/px4_msgs/msg/vehicle_command.h
[11.628s] -- Symlinking: /home/prathamkelkar/ros2_ws/install/px4_msgs/include/px4_msgs/px4_msgs/msg/vehicle_command_ack.h
[11.642s] -- Symlinking: /home/prathamkelkar/ros2_ws/install/px4_msgs/include/px4_msgs/px4_msgs/msg/vehicle_constraints.h
[11.658s] -- Symlinking: /home/prathamkelkar/ros2_ws/install/px4_msgs/include/px4_msgs/px4_msgs/msg/vehicle_control_mode.h
[11.672s] -- Symlinking: /home/prathamkelkar/ros2_ws/install/px4_msgs/include/px4_msgs/px4_msgs/msg/vehicle_global_position.h
[11.682s] -- Symlinking: /home/prathamkelkar/ros2_ws/install/px4_msgs/include/px4_msgs/px4_msgs/msg/vehicle_imu.h
[11.698s] -- Symlinking: /home/prathamkelkar/ros2_ws/install/px4_msgs/include/px4_msgs/px4_msgs/msg/vehicle_imu_status.h
[11.712s] -- Symlinking: /home/prathamkelkar/ros2_ws/install/px4_msgs/include/px4_msgs/px4_msgs/msg/vehicle_land_detected.h
[11.723s] -- Symlinking: /home/prathamkelkar/ros2_ws/install/px4_msgs/include/px4_msgs/px4_msgs/msg/vehicle_local_position.h
[11.740s] -- Symlinking: /home/prathamkelkar/ros2_ws/install/px4_msgs/include/px4_msgs/px4_msgs/msg/vehicle_local_position_setpoint.h
[11.755s] -- Symlinking: /home/prathamkelkar/ros2_ws/install/px4_msgs/include/px4_msgs/px4_msgs/msg/vehicle_magnetometer.h
[11.766s] -- Symlinking: /home/prathamkelkar/ros2_ws/install/px4_msgs/include/px4_msgs/px4_msgs/msg/vehicle_odometry.h
[11.774s] -- Symlinking: /home/prathamkelkar/ros2_ws/install/px4_msgs/include/px4_msgs/px4_msgs/msg/vehicle_optical_flow.h
[11.781s] -- Symlinking: /home/prathamkelkar/ros2_ws/install/px4_msgs/include/px4_msgs/px4_msgs/msg/vehicle_optical_flow_vel.h
[11.787s] -- Symlinking: /home/prathamkelkar/ros2_ws/install/px4_msgs/include/px4_msgs/px4_msgs/msg/vehicle_rates_setpoint.h
[11.794s] -- Symlinking: /home/prathamkelkar/ros2_ws/install/px4_msgs/include/px4_msgs/px4_msgs/msg/vehicle_roi.h
[11.800s] -- Symlinking: /home/prathamkelkar/ros2_ws/install/px4_msgs/include/px4_msgs/px4_msgs/msg/vehicle_status.h
[11.806s] -- Symlinking: /home/prathamkelkar/ros2_ws/install/px4_msgs/include/px4_msgs/px4_msgs/msg/vehicle_thrust_setpoint.h
[11.812s] -- Symlinking: /home/prathamkelkar/ros2_ws/install/px4_msgs/include/px4_msgs/px4_msgs/msg/vehicle_torque_setpoint.h
[11.818s] -- Symlinking: /home/prathamkelkar/ros2_ws/install/px4_msgs/include/px4_msgs/px4_msgs/msg/vehicle_trajectory_bezier.h
[11.825s] -- Symlinking: /home/prathamkelkar/ros2_ws/install/px4_msgs/include/px4_msgs/px4_msgs/msg/vehicle_trajectory_waypoint.h
[11.832s] -- Symlinking: /home/prathamkelkar/ros2_ws/install/px4_msgs/include/px4_msgs/px4_msgs/msg/velocity_limits.h
[11.838s] -- Symlinking: /home/prathamkelkar/ros2_ws/install/px4_msgs/include/px4_msgs/px4_msgs/msg/vtol_vehicle_status.h
[11.845s] -- Symlinking: /home/prathamkelkar/ros2_ws/install/px4_msgs/include/px4_msgs/px4_msgs/msg/wheel_encoders.h
[11.852s] -- Symlinking: /home/prathamkelkar/ros2_ws/install/px4_msgs/include/px4_msgs/px4_msgs/msg/wind.h
[11.859s] -- Symlinking: /home/prathamkelkar/ros2_ws/install/px4_msgs/include/px4_msgs/px4_msgs/msg/yaw_estimator_status.h
[11.866s] -- Symlinking: /home/prathamkelkar/ros2_ws/install/px4_msgs/include/px4_msgs/px4_msgs/srv/detail/vehicle_command__functions.h
[11.872s] -- Symlinking: /home/prathamkelkar/ros2_ws/install/px4_msgs/include/px4_msgs/px4_msgs/srv/detail/vehicle_command__struct.h
[11.878s] -- Symlinking: /home/prathamkelkar/ros2_ws/install/px4_msgs/include/px4_msgs/px4_msgs/srv/detail/vehicle_command__type_support.h
[11.884s] -- Symlinking: /home/prathamkelkar/ros2_ws/install/px4_msgs/include/px4_msgs/px4_msgs/srv/vehicle_command.h
[11.891s] -- Symlinking: /home/prathamkelkar/ros2_ws/install/px4_msgs/share/px4_msgs/environment/library_path.sh
[11.897s] -- Symlinking: /home/prathamkelkar/ros2_ws/install/px4_msgs/share/px4_msgs/environment/library_path.dsv
[11.910s] -- Symlinking: /home/prathamkelkar/ros2_ws/install/px4_msgs/include/px4_msgs/px4_msgs/msg/detail/action_request__rosidl_typesupport_fastrtps_c.h
[11.917s] -- Symlinking: /home/prathamkelkar/ros2_ws/install/px4_msgs/include/px4_msgs/px4_msgs/msg/detail/actuator_armed__rosidl_typesupport_fastrtps_c.h
[11.923s] -- Symlinking: /home/prathamkelkar/ros2_ws/install/px4_msgs/include/px4_msgs/px4_msgs/msg/detail/actuator_controls_status__rosidl_typesupport_fastrtps_c.h
[11.939s] -- Symlinking: /home/prathamkelkar/ros2_ws/install/px4_msgs/include/px4_msgs/px4_msgs/msg/detail/actuator_motors__rosidl_typesupport_fastrtps_c.h
[11.952s] -- Symlinking: /home/prathamkelkar/ros2_ws/install/px4_msgs/include/px4_msgs/px4_msgs/msg/detail/actuator_outputs__rosidl_typesupport_fastrtps_c.h
[11.967s] -- Symlinking: /home/prathamkelkar/ros2_ws/install/px4_msgs/include/px4_msgs/px4_msgs/msg/detail/actuator_servos__rosidl_typesupport_fastrtps_c.h
[11.980s] -- Symlinking: /home/prathamkelkar/ros2_ws/install/px4_msgs/include/px4_msgs/px4_msgs/msg/detail/actuator_servos_trim__rosidl_typesupport_fastrtps_c.h
[11.990s] -- Symlinking: /home/prathamkelkar/ros2_ws/install/px4_msgs/include/px4_msgs/px4_msgs/msg/detail/actuator_test__rosidl_typesupport_fastrtps_c.h
[12.003s] -- Symlinking: /home/prathamkelkar/ros2_ws/install/px4_msgs/include/px4_msgs/px4_msgs/msg/detail/adc_report__rosidl_typesupport_fastrtps_c.h
[12.016s] -- Symlinking: /home/prathamkelkar/ros2_ws/install/px4_msgs/include/px4_msgs/px4_msgs/msg/detail/airspeed__rosidl_typesupport_fastrtps_c.h
[12.027s] -- Symlinking: /home/prathamkelkar/ros2_ws/install/px4_msgs/include/px4_msgs/px4_msgs/msg/detail/airspeed_validated__rosidl_typesupport_fastrtps_c.h
[12.035s] -- Symlinking: /home/prathamkelkar/ros2_ws/install/px4_msgs/include/px4_msgs/px4_msgs/msg/detail/airspeed_wind__rosidl_typesupport_fastrtps_c.h
[12.050s] -- Symlinking: /home/prathamkelkar/ros2_ws/install/px4_msgs/include/px4_msgs/px4_msgs/msg/detail/arming_check_reply__rosidl_typesupport_fastrtps_c.h
[12.064s] -- Symlinking: /home/prathamkelkar/ros2_ws/install/px4_msgs/include/px4_msgs/px4_msgs/msg/detail/arming_check_request__rosidl_typesupport_fastrtps_c.h
[12.078s] -- Symlinking: /home/prathamkelkar/ros2_ws/install/px4_msgs/include/px4_msgs/px4_msgs/msg/detail/autotune_attitude_control_status__rosidl_typesupport_fastrtps_c.h
[12.090s] -- Symlinking: /home/prathamkelkar/ros2_ws/install/px4_msgs/include/px4_msgs/px4_msgs/msg/detail/battery_status__rosidl_typesupport_fastrtps_c.h
[12.098s] -- Symlinking: /home/prathamkelkar/ros2_ws/install/px4_msgs/include/px4_msgs/px4_msgs/msg/detail/buffer128__rosidl_typesupport_fastrtps_c.h
[12.113s] -- Symlinking: /home/prathamkelkar/ros2_ws/install/px4_msgs/include/px4_msgs/px4_msgs/msg/detail/button_event__rosidl_typesupport_fastrtps_c.h
[12.126s] -- Symlinking: /home/prathamkelkar/ros2_ws/install/px4_msgs/include/px4_msgs/px4_msgs/msg/detail/camera_capture__rosidl_typesupport_fastrtps_c.h
[12.135s] -- Symlinking: /home/prathamkelkar/ros2_ws/install/px4_msgs/include/px4_msgs/px4_msgs/msg/detail/camera_status__rosidl_typesupport_fastrtps_c.h
[12.142s] -- Symlinking: /home/prathamkelkar/ros2_ws/install/px4_msgs/include/px4_msgs/px4_msgs/msg/detail/camera_trigger__rosidl_typesupport_fastrtps_c.h
[12.156s] -- Symlinking: /home/prathamkelkar/ros2_ws/install/px4_msgs/include/px4_msgs/px4_msgs/msg/detail/can_interface_status__rosidl_typesupport_fastrtps_c.h
[12.170s] -- Symlinking: /home/prathamkelkar/ros2_ws/install/px4_msgs/include/px4_msgs/px4_msgs/msg/detail/cellular_status__rosidl_typesupport_fastrtps_c.h
[12.180s] -- Symlinking: /home/prathamkelkar/ros2_ws/install/px4_msgs/include/px4_msgs/px4_msgs/msg/detail/collision_constraints__rosidl_typesupport_fastrtps_c.h
[12.188s] -- Symlinking: /home/prathamkelkar/ros2_ws/install/px4_msgs/include/px4_msgs/px4_msgs/msg/detail/collision_report__rosidl_typesupport_fastrtps_c.h
[12.201s] -- Symlinking: /home/prathamkelkar/ros2_ws/install/px4_msgs/include/px4_msgs/px4_msgs/msg/detail/config_overrides__rosidl_typesupport_fastrtps_c.h
[12.213s] -- Symlinking: /home/prathamkelkar/ros2_ws/install/px4_msgs/include/px4_msgs/px4_msgs/msg/detail/control_allocator_status__rosidl_typesupport_fastrtps_c.h
[12.221s] -- Symlinking: /home/prathamkelkar/ros2_ws/install/px4_msgs/include/px4_msgs/px4_msgs/msg/detail/cpuload__rosidl_typesupport_fastrtps_c.h
[12.237s] -- Symlinking: /home/prathamkelkar/ros2_ws/install/px4_msgs/include/px4_msgs/px4_msgs/msg/detail/dataman_request__rosidl_typesupport_fastrtps_c.h
[12.255s] -- Symlinking: /home/prathamkelkar/ros2_ws/install/px4_msgs/include/px4_msgs/px4_msgs/msg/detail/dataman_response__rosidl_typesupport_fastrtps_c.h
[12.271s] -- Symlinking: /home/prathamkelkar/ros2_ws/install/px4_msgs/include/px4_msgs/px4_msgs/msg/detail/debug_array__rosidl_typesupport_fastrtps_c.h
[12.284s] -- Symlinking: /home/prathamkelkar/ros2_ws/install/px4_msgs/include/px4_msgs/px4_msgs/msg/detail/debug_key_value__rosidl_typesupport_fastrtps_c.h
[12.293s] -- Symlinking: /home/prathamkelkar/ros2_ws/install/px4_msgs/include/px4_msgs/px4_msgs/msg/detail/debug_value__rosidl_typesupport_fastrtps_c.h
[12.307s] -- Symlinking: /home/prathamkelkar/ros2_ws/install/px4_msgs/include/px4_msgs/px4_msgs/msg/detail/debug_vect__rosidl_typesupport_fastrtps_c.h
[12.320s] -- Symlinking: /home/prathamkelkar/ros2_ws/install/px4_msgs/include/px4_msgs/px4_msgs/msg/detail/differential_drive_setpoint__rosidl_typesupport_fastrtps_c.h
[12.330s] -- Symlinking: /home/prathamkelkar/ros2_ws/install/px4_msgs/include/px4_msgs/px4_msgs/msg/detail/differential_pressure__rosidl_typesupport_fastrtps_c.h
[12.345s] -- Symlinking: /home/prathamkelkar/ros2_ws/install/px4_msgs/include/px4_msgs/px4_msgs/msg/detail/distance_sensor__rosidl_typesupport_fastrtps_c.h
[12.360s] -- Symlinking: /home/prathamkelkar/ros2_ws/install/px4_msgs/include/px4_msgs/px4_msgs/msg/detail/ekf2_timestamps__rosidl_typesupport_fastrtps_c.h
[12.370s] -- Symlinking: /home/prathamkelkar/ros2_ws/install/px4_msgs/include/px4_msgs/px4_msgs/msg/detail/esc_report__rosidl_typesupport_fastrtps_c.h
[12.377s] -- Symlinking: /home/prathamkelkar/ros2_ws/install/px4_msgs/include/px4_msgs/px4_msgs/msg/detail/esc_status__rosidl_typesupport_fastrtps_c.h
[12.384s] -- Symlinking: /home/prathamkelkar/ros2_ws/install/px4_msgs/include/px4_msgs/px4_msgs/msg/detail/estimator_aid_source1d__rosidl_typesupport_fastrtps_c.h
[12.399s] -- Symlinking: /home/prathamkelkar/ros2_ws/install/px4_msgs/include/px4_msgs/px4_msgs/msg/detail/estimator_aid_source2d__rosidl_typesupport_fastrtps_c.h
[12.412s] -- Symlinking: /home/prathamkelkar/ros2_ws/install/px4_msgs/include/px4_msgs/px4_msgs/msg/detail/estimator_aid_source3d__rosidl_typesupport_fastrtps_c.h
[12.421s] -- Symlinking: /home/prathamkelkar/ros2_ws/install/px4_msgs/include/px4_msgs/px4_msgs/msg/detail/estimator_bias3d__rosidl_typesupport_fastrtps_c.h
[12.435s] -- Symlinking: /home/prathamkelkar/ros2_ws/install/px4_msgs/include/px4_msgs/px4_msgs/msg/detail/estimator_bias__rosidl_typesupport_fastrtps_c.h
[12.449s] -- Symlinking: /home/prathamkelkar/ros2_ws/install/px4_msgs/include/px4_msgs/px4_msgs/msg/detail/estimator_event_flags__rosidl_typesupport_fastrtps_c.h
[12.464s] -- Symlinking: /home/prathamkelkar/ros2_ws/install/px4_msgs/include/px4_msgs/px4_msgs/msg/detail/estimator_gps_status__rosidl_typesupport_fastrtps_c.h
[12.477s] -- Symlinking: /home/prathamkelkar/ros2_ws/install/px4_msgs/include/px4_msgs/px4_msgs/msg/detail/estimator_innovations__rosidl_typesupport_fastrtps_c.h
[12.487s] -- Symlinking: /home/prathamkelkar/ros2_ws/install/px4_msgs/include/px4_msgs/px4_msgs/msg/detail/estimator_selector_status__rosidl_typesupport_fastrtps_c.h
[12.494s] -- Symlinking: /home/prathamkelkar/ros2_ws/install/px4_msgs/include/px4_msgs/px4_msgs/msg/detail/estimator_sensor_bias__rosidl_typesupport_fastrtps_c.h
[12.501s] -- Symlinking: /home/prathamkelkar/ros2_ws/install/px4_msgs/include/px4_msgs/px4_msgs/msg/detail/estimator_states__rosidl_typesupport_fastrtps_c.h
[12.507s] -- Symlinking: /home/prathamkelkar/ros2_ws/install/px4_msgs/include/px4_msgs/px4_msgs/msg/detail/estimator_status__rosidl_typesupport_fastrtps_c.h
[12.513s] -- Symlinking: /home/prathamkelkar/ros2_ws/install/px4_msgs/include/px4_msgs/px4_msgs/msg/detail/estimator_status_flags__rosidl_typesupport_fastrtps_c.h
[12.527s] -- Symlinking: /home/prathamkelkar/ros2_ws/install/px4_msgs/include/px4_msgs/px4_msgs/msg/detail/event__rosidl_typesupport_fastrtps_c.h
[12.538s] -- Symlinking: /home/prathamkelkar/ros2_ws/install/px4_msgs/include/px4_msgs/px4_msgs/msg/detail/failsafe_flags__rosidl_typesupport_fastrtps_c.h
[12.546s] -- Symlinking: /home/prathamkelkar/ros2_ws/install/px4_msgs/include/px4_msgs/px4_msgs/msg/detail/failure_detector_status__rosidl_typesupport_fastrtps_c.h
[12.560s] -- Symlinking: /home/prathamkelkar/ros2_ws/install/px4_msgs/include/px4_msgs/px4_msgs/msg/detail/figure_eight_status__rosidl_typesupport_fastrtps_c.h
[12.573s] -- Symlinking: /home/prathamkelkar/ros2_ws/install/px4_msgs/include/px4_msgs/px4_msgs/msg/detail/flight_phase_estimation__rosidl_typesupport_fastrtps_c.h
[12.582s] -- Symlinking: /home/prathamkelkar/ros2_ws/install/px4_msgs/include/px4_msgs/px4_msgs/msg/detail/follow_target__rosidl_typesupport_fastrtps_c.h
[12.595s] -- Symlinking: /home/prathamkelkar/ros2_ws/install/px4_msgs/include/px4_msgs/px4_msgs/msg/detail/follow_target_estimator__rosidl_typesupport_fastrtps_c.h
[12.609s] -- Symlinking: /home/prathamkelkar/ros2_ws/install/px4_msgs/include/px4_msgs/px4_msgs/msg/detail/follow_target_status__rosidl_typesupport_fastrtps_c.h
[12.618s] -- Symlinking: /home/prathamkelkar/ros2_ws/install/px4_msgs/include/px4_msgs/px4_msgs/msg/detail/generator_status__rosidl_typesupport_fastrtps_c.h
[12.626s] -- Symlinking: /home/prathamkelkar/ros2_ws/install/px4_msgs/include/px4_msgs/px4_msgs/msg/detail/geofence_result__rosidl_typesupport_fastrtps_c.h
[12.633s] -- Symlinking: /home/prathamkelkar/ros2_ws/install/px4_msgs/include/px4_msgs/px4_msgs/msg/detail/geofence_status__rosidl_typesupport_fastrtps_c.h
[12.639s] -- Symlinking: /home/prathamkelkar/ros2_ws/install/px4_msgs/include/px4_msgs/px4_msgs/msg/detail/gimbal_controls__rosidl_typesupport_fastrtps_c.h
[12.645s] -- Symlinking: /home/prathamkelkar/ros2_ws/install/px4_msgs/include/px4_msgs/px4_msgs/msg/detail/gimbal_device_attitude_status__rosidl_typesupport_fastrtps_c.h
[12.660s] -- Symlinking: /home/prathamkelkar/ros2_ws/install/px4_msgs/include/px4_msgs/px4_msgs/msg/detail/gimbal_device_information__rosidl_typesupport_fastrtps_c.h
[12.674s] -- Symlinking: /home/prathamkelkar/ros2_ws/install/px4_msgs/include/px4_msgs/px4_msgs/msg/detail/gimbal_device_set_attitude__rosidl_typesupport_fastrtps_c.h
[12.683s] -- Symlinking: /home/prathamkelkar/ros2_ws/install/px4_msgs/include/px4_msgs/px4_msgs/msg/detail/gimbal_manager_information__rosidl_typesupport_fastrtps_c.h
[12.690s] -- Symlinking: /home/prathamkelkar/ros2_ws/install/px4_msgs/include/px4_msgs/px4_msgs/msg/detail/gimbal_manager_set_attitude__rosidl_typesupport_fastrtps_c.h
[12.696s] -- Symlinking: /home/prathamkelkar/ros2_ws/install/px4_msgs/include/px4_msgs/px4_msgs/msg/detail/gimbal_manager_set_manual_control__rosidl_typesupport_fastrtps_c.h
[12.709s] -- Symlinking: /home/prathamkelkar/ros2_ws/install/px4_msgs/include/px4_msgs/px4_msgs/msg/detail/gimbal_manager_status__rosidl_typesupport_fastrtps_c.h
[12.721s] -- Symlinking: /home/prathamkelkar/ros2_ws/install/px4_msgs/include/px4_msgs/px4_msgs/msg/detail/goto_setpoint__rosidl_typesupport_fastrtps_c.h
[12.737s] -- Symlinking: /home/prathamkelkar/ros2_ws/install/px4_msgs/include/px4_msgs/px4_msgs/msg/detail/gpio_config__rosidl_typesupport_fastrtps_c.h
[12.753s] -- Symlinking: /home/prathamkelkar/ros2_ws/install/px4_msgs/include/px4_msgs/px4_msgs/msg/detail/gpio_in__rosidl_typesupport_fastrtps_c.h
[12.768s] -- Symlinking: /home/prathamkelkar/ros2_ws/install/px4_msgs/include/px4_msgs/px4_msgs/msg/detail/gpio_out__rosidl_typesupport_fastrtps_c.h
[12.778s] -- Symlinking: /home/prathamkelkar/ros2_ws/install/px4_msgs/include/px4_msgs/px4_msgs/msg/detail/gpio_request__rosidl_typesupport_fastrtps_c.h
[12.786s] -- Symlinking: /home/prathamkelkar/ros2_ws/install/px4_msgs/include/px4_msgs/px4_msgs/msg/detail/gps_dump__rosidl_typesupport_fastrtps_c.h
[12.792s] -- Symlinking: /home/prathamkelkar/ros2_ws/install/px4_msgs/include/px4_msgs/px4_msgs/msg/detail/gps_inject_data__rosidl_typesupport_fastrtps_c.h
[12.805s] -- Symlinking: /home/prathamkelkar/ros2_ws/install/px4_msgs/include/px4_msgs/px4_msgs/msg/detail/gripper__rosidl_typesupport_fastrtps_c.h
[12.816s] -- Symlinking: /home/prathamkelkar/ros2_ws/install/px4_msgs/include/px4_msgs/px4_msgs/msg/detail/health_report__rosidl_typesupport_fastrtps_c.h
[12.825s] -- Symlinking: /home/prathamkelkar/ros2_ws/install/px4_msgs/include/px4_msgs/px4_msgs/msg/detail/heater_status__rosidl_typesupport_fastrtps_c.h
[12.838s] -- Symlinking: /home/prathamkelkar/ros2_ws/install/px4_msgs/include/px4_msgs/px4_msgs/msg/detail/home_position__rosidl_typesupport_fastrtps_c.h
[12.853s] -- Symlinking: /home/prathamkelkar/ros2_ws/install/px4_msgs/include/px4_msgs/px4_msgs/msg/detail/hover_thrust_estimate__rosidl_typesupport_fastrtps_c.h
[12.868s] -- Symlinking: /home/prathamkelkar/ros2_ws/install/px4_msgs/include/px4_msgs/px4_msgs/msg/detail/input_rc__rosidl_typesupport_fastrtps_c.h
[12.878s] -- Symlinking: /home/prathamkelkar/ros2_ws/install/px4_msgs/include/px4_msgs/px4_msgs/msg/detail/internal_combustion_engine_status__rosidl_typesupport_fastrtps_c.h
[12.885s] -- Symlinking: /home/prathamkelkar/ros2_ws/install/px4_msgs/include/px4_msgs/px4_msgs/msg/detail/iridiumsbd_status__rosidl_typesupport_fastrtps_c.h
[12.900s] -- Symlinking: /home/prathamkelkar/ros2_ws/install/px4_msgs/include/px4_msgs/px4_msgs/msg/detail/irlock_report__rosidl_typesupport_fastrtps_c.h
[12.913s] -- Symlinking: /home/prathamkelkar/ros2_ws/install/px4_msgs/include/px4_msgs/px4_msgs/msg/detail/landing_gear__rosidl_typesupport_fastrtps_c.h
[12.926s] -- Symlinking: /home/prathamkelkar/ros2_ws/install/px4_msgs/include/px4_msgs/px4_msgs/msg/detail/landing_gear_wheel__rosidl_typesupport_fastrtps_c.h
[12.942s] -- Symlinking: /home/prathamkelkar/ros2_ws/install/px4_msgs/include/px4_msgs/px4_msgs/msg/detail/landing_target_innovations__rosidl_typesupport_fastrtps_c.h
[12.955s] -- Symlinking: /home/prathamkelkar/ros2_ws/install/px4_msgs/include/px4_msgs/px4_msgs/msg/detail/landing_target_pose__rosidl_typesupport_fastrtps_c.h
[12.969s] -- Symlinking: /home/prathamkelkar/ros2_ws/install/px4_msgs/include/px4_msgs/px4_msgs/msg/detail/launch_detection_status__rosidl_typesupport_fastrtps_c.h
[12.984s] -- Symlinking: /home/prathamkelkar/ros2_ws/install/px4_msgs/include/px4_msgs/px4_msgs/msg/detail/led_control__rosidl_typesupport_fastrtps_c.h
[12.997s] -- Symlinking: /home/prathamkelkar/ros2_ws/install/px4_msgs/include/px4_msgs/px4_msgs/msg/detail/log_message__rosidl_typesupport_fastrtps_c.h
[13.011s] -- Symlinking: /home/prathamkelkar/ros2_ws/install/px4_msgs/include/px4_msgs/px4_msgs/msg/detail/logger_status__rosidl_typesupport_fastrtps_c.h
[13.025s] -- Symlinking: /home/prathamkelkar/ros2_ws/install/px4_msgs/include/px4_msgs/px4_msgs/msg/detail/mag_worker_data__rosidl_typesupport_fastrtps_c.h
[13.036s] -- Symlinking: /home/prathamkelkar/ros2_ws/install/px4_msgs/include/px4_msgs/px4_msgs/msg/detail/magnetometer_bias_estimate__rosidl_typesupport_fastrtps_c.h
[13.051s] -- Symlinking: /home/prathamkelkar/ros2_ws/install/px4_msgs/include/px4_msgs/px4_msgs/msg/detail/manual_control_setpoint__rosidl_typesupport_fastrtps_c.h
[13.065s] -- Symlinking: /home/prathamkelkar/ros2_ws/install/px4_msgs/include/px4_msgs/px4_msgs/msg/detail/manual_control_switches__rosidl_typesupport_fastrtps_c.h
[13.079s] -- Symlinking: /home/prathamkelkar/ros2_ws/install/px4_msgs/include/px4_msgs/px4_msgs/msg/detail/mavlink_log__rosidl_typesupport_fastrtps_c.h
[13.092s] -- Symlinking: /home/prathamkelkar/ros2_ws/install/px4_msgs/include/px4_msgs/px4_msgs/msg/detail/mavlink_tunnel__rosidl_typesupport_fastrtps_c.h
[13.103s] -- Symlinking: /home/prathamkelkar/ros2_ws/install/px4_msgs/include/px4_msgs/px4_msgs/msg/detail/message_format_request__rosidl_typesupport_fastrtps_c.h
[13.111s] -- Symlinking: /home/prathamkelkar/ros2_ws/install/px4_msgs/include/px4_msgs/px4_msgs/msg/detail/message_format_response__rosidl_typesupport_fastrtps_c.h
[13.118s] -- Symlinking: /home/prathamkelkar/ros2_ws/install/px4_msgs/include/px4_msgs/px4_msgs/msg/detail/mission__rosidl_typesupport_fastrtps_c.h
[13.133s] -- Symlinking: /home/prathamkelkar/ros2_ws/install/px4_msgs/include/px4_msgs/px4_msgs/msg/detail/mission_result__rosidl_typesupport_fastrtps_c.h
[13.149s] -- Symlinking: /home/prathamkelkar/ros2_ws/install/px4_msgs/include/px4_msgs/px4_msgs/msg/detail/mode_completed__rosidl_typesupport_fastrtps_c.h
[13.163s] -- Symlinking: /home/prathamkelkar/ros2_ws/install/px4_msgs/include/px4_msgs/px4_msgs/msg/detail/mount_orientation__rosidl_typesupport_fastrtps_c.h
[13.172s] -- Symlinking: /home/prathamkelkar/ros2_ws/install/px4_msgs/include/px4_msgs/px4_msgs/msg/detail/navigator_mission_item__rosidl_typesupport_fastrtps_c.h
[13.180s] -- Symlinking: /home/prathamkelkar/ros2_ws/install/px4_msgs/include/px4_msgs/px4_msgs/msg/detail/normalized_unsigned_setpoint__rosidl_typesupport_fastrtps_c.h
[13.186s] -- Symlinking: /home/prathamkelkar/ros2_ws/install/px4_msgs/include/px4_msgs/px4_msgs/msg/detail/npfg_status__rosidl_typesupport_fastrtps_c.h
[13.192s] -- Symlinking: /home/prathamkelkar/ros2_ws/install/px4_msgs/include/px4_msgs/px4_msgs/msg/detail/obstacle_distance__rosidl_typesupport_fastrtps_c.h
[13.197s] -- Symlinking: /home/prathamkelkar/ros2_ws/install/px4_msgs/include/px4_msgs/px4_msgs/msg/detail/offboard_control_mode__rosidl_typesupport_fastrtps_c.h
[13.203s] -- Symlinking: /home/prathamkelkar/ros2_ws/install/px4_msgs/include/px4_msgs/px4_msgs/msg/detail/onboard_computer_status__rosidl_typesupport_fastrtps_c.h
[13.208s] -- Symlinking: /home/prathamkelkar/ros2_ws/install/px4_msgs/include/px4_msgs/px4_msgs/msg/detail/orb_test__rosidl_typesupport_fastrtps_c.h
[13.214s] -- Symlinking: /home/prathamkelkar/ros2_ws/install/px4_msgs/include/px4_msgs/px4_msgs/msg/detail/orb_test_large__rosidl_typesupport_fastrtps_c.h
[13.220s] -- Symlinking: /home/prathamkelkar/ros2_ws/install/px4_msgs/include/px4_msgs/px4_msgs/msg/detail/orb_test_medium__rosidl_typesupport_fastrtps_c.h
[13.225s] -- Symlinking: /home/prathamkelkar/ros2_ws/install/px4_msgs/include/px4_msgs/px4_msgs/msg/detail/orbit_status__rosidl_typesupport_fastrtps_c.h
[13.231s] -- Symlinking: /home/prathamkelkar/ros2_ws/install/px4_msgs/include/px4_msgs/px4_msgs/msg/detail/parameter_reset_request__rosidl_typesupport_fastrtps_c.h
[13.238s] -- Symlinking: /home/prathamkelkar/ros2_ws/install/px4_msgs/include/px4_msgs/px4_msgs/msg/detail/parameter_set_used_request__rosidl_typesupport_fastrtps_c.h
[13.256s] -- Symlinking: /home/prathamkelkar/ros2_ws/install/px4_msgs/include/px4_msgs/px4_msgs/msg/detail/parameter_set_value_request__rosidl_typesupport_fastrtps_c.h
[13.271s] -- Symlinking: /home/prathamkelkar/ros2_ws/install/px4_msgs/include/px4_msgs/px4_msgs/msg/detail/parameter_set_value_response__rosidl_typesupport_fastrtps_c.h
[13.282s] -- Symlinking: /home/prathamkelkar/ros2_ws/install/px4_msgs/include/px4_msgs/px4_msgs/msg/detail/parameter_update__rosidl_typesupport_fastrtps_c.h
[13.290s] -- Symlinking: /home/prathamkelkar/ros2_ws/install/px4_msgs/include/px4_msgs/px4_msgs/msg/detail/ping__rosidl_typesupport_fastrtps_c.h
[13.297s] -- Symlinking: /home/prathamkelkar/ros2_ws/install/px4_msgs/include/px4_msgs/px4_msgs/msg/detail/position_controller_landing_status__rosidl_typesupport_fastrtps_c.h
[13.303s] -- Symlinking: /home/prathamkelkar/ros2_ws/install/px4_msgs/include/px4_msgs/px4_msgs/msg/detail/position_controller_status__rosidl_typesupport_fastrtps_c.h
[13.317s] -- Symlinking: /home/prathamkelkar/ros2_ws/install/px4_msgs/include/px4_msgs/px4_msgs/msg/detail/position_setpoint__rosidl_typesupport_fastrtps_c.h
[13.332s] -- Symlinking: /home/prathamkelkar/ros2_ws/install/px4_msgs/include/px4_msgs/px4_msgs/msg/detail/position_setpoint_triplet__rosidl_typesupport_fastrtps_c.h
[13.348s] -- Symlinking: /home/prathamkelkar/ros2_ws/install/px4_msgs/include/px4_msgs/px4_msgs/msg/detail/power_button_state__rosidl_typesupport_fastrtps_c.h
[13.363s] -- Symlinking: /home/prathamkelkar/ros2_ws/install/px4_msgs/include/px4_msgs/px4_msgs/msg/detail/power_monitor__rosidl_typesupport_fastrtps_c.h
[13.377s] -- Symlinking: /home/prathamkelkar/ros2_ws/install/px4_msgs/include/px4_msgs/px4_msgs/msg/detail/pps_capture__rosidl_typesupport_fastrtps_c.h
[13.390s] -- Symlinking: /home/prathamkelkar/ros2_ws/install/px4_msgs/include/px4_msgs/px4_msgs/msg/detail/pwm_input__rosidl_typesupport_fastrtps_c.h
[13.399s] -- Symlinking: /home/prathamkelkar/ros2_ws/install/px4_msgs/include/px4_msgs/px4_msgs/msg/detail/px4io_status__rosidl_typesupport_fastrtps_c.h
[13.413s] -- Symlinking: /home/prathamkelkar/ros2_ws/install/px4_msgs/include/px4_msgs/px4_msgs/msg/detail/qshell_req__rosidl_typesupport_fastrtps_c.h
[13.427s] -- Symlinking: /home/prathamkelkar/ros2_ws/install/px4_msgs/include/px4_msgs/px4_msgs/msg/detail/qshell_retval__rosidl_typesupport_fastrtps_c.h
[13.441s] -- Symlinking: /home/prathamkelkar/ros2_ws/install/px4_msgs/include/px4_msgs/px4_msgs/msg/detail/radio_status__rosidl_typesupport_fastrtps_c.h
[13.455s] -- Symlinking: /home/prathamkelkar/ros2_ws/install/px4_msgs/include/px4_msgs/px4_msgs/msg/detail/rate_ctrl_status__rosidl_typesupport_fastrtps_c.h
[13.469s] -- Symlinking: /home/prathamkelkar/ros2_ws/install/px4_msgs/include/px4_msgs/px4_msgs/msg/detail/rc_channels__rosidl_typesupport_fastrtps_c.h
[13.483s] -- Symlinking: /home/prathamkelkar/ros2_ws/install/px4_msgs/include/px4_msgs/px4_msgs/msg/detail/rc_parameter_map__rosidl_typesupport_fastrtps_c.h
[13.495s] -- Symlinking: /home/prathamkelkar/ros2_ws/install/px4_msgs/include/px4_msgs/px4_msgs/msg/detail/register_ext_component_reply__rosidl_typesupport_fastrtps_c.h
[13.503s] -- Symlinking: /home/prathamkelkar/ros2_ws/install/px4_msgs/include/px4_msgs/px4_msgs/msg/detail/register_ext_component_request__rosidl_typesupport_fastrtps_c.h
[13.509s] -- Symlinking: /home/prathamkelkar/ros2_ws/install/px4_msgs/include/px4_msgs/px4_msgs/msg/detail/rpm__rosidl_typesupport_fastrtps_c.h
[13.515s] -- Symlinking: /home/prathamkelkar/ros2_ws/install/px4_msgs/include/px4_msgs/px4_msgs/msg/detail/rtl_status__rosidl_typesupport_fastrtps_c.h
[13.521s] -- Symlinking: /home/prathamkelkar/ros2_ws/install/px4_msgs/include/px4_msgs/px4_msgs/msg/detail/rtl_time_estimate__rosidl_typesupport_fastrtps_c.h
[13.535s] -- Symlinking: /home/prathamkelkar/ros2_ws/install/px4_msgs/include/px4_msgs/px4_msgs/msg/detail/satellite_info__rosidl_typesupport_fastrtps_c.h
[13.546s] -- Symlinking: /home/prathamkelkar/ros2_ws/install/px4_msgs/include/px4_msgs/px4_msgs/msg/detail/sensor_accel__rosidl_typesupport_fastrtps_c.h
[13.553s] -- Symlinking: /home/prathamkelkar/ros2_ws/install/px4_msgs/include/px4_msgs/px4_msgs/msg/detail/sensor_accel_fifo__rosidl_typesupport_fastrtps_c.h
[13.559s] -- Symlinking: /home/prathamkelkar/ros2_ws/install/px4_msgs/include/px4_msgs/px4_msgs/msg/detail/sensor_airflow__rosidl_typesupport_fastrtps_c.h
[13.573s] -- Symlinking: /home/prathamkelkar/ros2_ws/install/px4_msgs/include/px4_msgs/px4_msgs/msg/detail/sensor_baro__rosidl_typesupport_fastrtps_c.h
[13.583s] -- Symlinking: /home/prathamkelkar/ros2_ws/install/px4_msgs/include/px4_msgs/px4_msgs/msg/detail/sensor_combined__rosidl_typesupport_fastrtps_c.h
[13.592s] -- Symlinking: /home/prathamkelkar/ros2_ws/install/px4_msgs/include/px4_msgs/px4_msgs/msg/detail/sensor_correction__rosidl_typesupport_fastrtps_c.h
[13.606s] -- Symlinking: /home/prathamkelkar/ros2_ws/install/px4_msgs/include/px4_msgs/px4_msgs/msg/detail/sensor_gnss_relative__rosidl_typesupport_fastrtps_c.h
[13.619s] -- Symlinking: /home/prathamkelkar/ros2_ws/install/px4_msgs/include/px4_msgs/px4_msgs/msg/detail/sensor_gps__rosidl_typesupport_fastrtps_c.h
[13.629s] -- Symlinking: /home/prathamkelkar/ros2_ws/install/px4_msgs/include/px4_msgs/px4_msgs/msg/detail/sensor_gyro__rosidl_typesupport_fastrtps_c.h
[13.637s] -- Symlinking: /home/prathamkelkar/ros2_ws/install/px4_msgs/include/px4_msgs/px4_msgs/msg/detail/sensor_gyro_fft__rosidl_typesupport_fastrtps_c.h
[13.643s] -- Symlinking: /home/prathamkelkar/ros2_ws/install/px4_msgs/include/px4_msgs/px4_msgs/msg/detail/sensor_gyro_fifo__rosidl_typesupport_fastrtps_c.h
[13.649s] -- Symlinking: /home/prathamkelkar/ros2_ws/install/px4_msgs/include/px4_msgs/px4_msgs/msg/detail/sensor_hygrometer__rosidl_typesupport_fastrtps_c.h
[13.655s] -- Symlinking: /home/prathamkelkar/ros2_ws/install/px4_msgs/include/px4_msgs/px4_msgs/msg/detail/sensor_mag__rosidl_typesupport_fastrtps_c.h
[13.661s] -- Symlinking: /home/prathamkelkar/ros2_ws/install/px4_msgs/include/px4_msgs/px4_msgs/msg/detail/sensor_optical_flow__rosidl_typesupport_fastrtps_c.h
[13.667s] -- Symlinking: /home/prathamkelkar/ros2_ws/install/px4_msgs/include/px4_msgs/px4_msgs/msg/detail/sensor_preflight_mag__rosidl_typesupport_fastrtps_c.h
[13.672s] -- Symlinking: /home/prathamkelkar/ros2_ws/install/px4_msgs/include/px4_msgs/px4_msgs/msg/detail/sensor_selection__rosidl_typesupport_fastrtps_c.h
[13.678s] -- Symlinking: /home/prathamkelkar/ros2_ws/install/px4_msgs/include/px4_msgs/px4_msgs/msg/detail/sensor_uwb__rosidl_typesupport_fastrtps_c.h
[13.684s] -- Symlinking: /home/prathamkelkar/ros2_ws/install/px4_msgs/include/px4_msgs/px4_msgs/msg/detail/sensors_status__rosidl_typesupport_fastrtps_c.h
[13.691s] -- Symlinking: /home/prathamkelkar/ros2_ws/install/px4_msgs/include/px4_msgs/px4_msgs/msg/detail/sensors_status_imu__rosidl_typesupport_fastrtps_c.h
[13.697s] -- Symlinking: /home/prathamkelkar/ros2_ws/install/px4_msgs/include/px4_msgs/px4_msgs/msg/detail/system_power__rosidl_typesupport_fastrtps_c.h
[13.703s] -- Symlinking: /home/prathamkelkar/ros2_ws/install/px4_msgs/include/px4_msgs/px4_msgs/msg/detail/takeoff_status__rosidl_typesupport_fastrtps_c.h
[13.709s] -- Symlinking: /home/prathamkelkar/ros2_ws/install/px4_msgs/include/px4_msgs/px4_msgs/msg/detail/task_stack_info__rosidl_typesupport_fastrtps_c.h
[13.725s] -- Symlinking: /home/prathamkelkar/ros2_ws/install/px4_msgs/include/px4_msgs/px4_msgs/msg/detail/tecs_status__rosidl_typesupport_fastrtps_c.h
[13.736s] -- Symlinking: /home/prathamkelkar/ros2_ws/install/px4_msgs/include/px4_msgs/px4_msgs/msg/detail/telemetry_status__rosidl_typesupport_fastrtps_c.h
[13.751s] -- Symlinking: /home/prathamkelkar/ros2_ws/install/px4_msgs/include/px4_msgs/px4_msgs/msg/detail/tiltrotor_extra_controls__rosidl_typesupport_fastrtps_c.h
[13.765s] -- Symlinking: /home/prathamkelkar/ros2_ws/install/px4_msgs/include/px4_msgs/px4_msgs/msg/detail/timesync_status__rosidl_typesupport_fastrtps_c.h
[13.775s] -- Symlinking: /home/prathamkelkar/ros2_ws/install/px4_msgs/include/px4_msgs/px4_msgs/msg/detail/trajectory_bezier__rosidl_typesupport_fastrtps_c.h
[13.784s] -- Symlinking: /home/prathamkelkar/ros2_ws/install/px4_msgs/include/px4_msgs/px4_msgs/msg/detail/trajectory_setpoint__rosidl_typesupport_fastrtps_c.h
[13.791s] -- Symlinking: /home/prathamkelkar/ros2_ws/install/px4_msgs/include/px4_msgs/px4_msgs/msg/detail/trajectory_waypoint__rosidl_typesupport_fastrtps_c.h
[13.805s] -- Symlinking: /home/prathamkelkar/ros2_ws/install/px4_msgs/include/px4_msgs/px4_msgs/msg/detail/transponder_report__rosidl_typesupport_fastrtps_c.h
[13.819s] -- Symlinking: /home/prathamkelkar/ros2_ws/install/px4_msgs/include/px4_msgs/px4_msgs/msg/detail/tune_control__rosidl_typesupport_fastrtps_c.h
[13.830s] -- Symlinking: /home/prathamkelkar/ros2_ws/install/px4_msgs/include/px4_msgs/px4_msgs/msg/detail/uavcan_parameter_request__rosidl_typesupport_fastrtps_c.h
[13.847s] -- Symlinking: /home/prathamkelkar/ros2_ws/install/px4_msgs/include/px4_msgs/px4_msgs/msg/detail/uavcan_parameter_value__rosidl_typesupport_fastrtps_c.h
[13.863s] -- Symlinking: /home/prathamkelkar/ros2_ws/install/px4_msgs/include/px4_msgs/px4_msgs/msg/detail/ulog_stream__rosidl_typesupport_fastrtps_c.h
[13.873s] -- Symlinking: /home/prathamkelkar/ros2_ws/install/px4_msgs/include/px4_msgs/px4_msgs/msg/detail/ulog_stream_ack__rosidl_typesupport_fastrtps_c.h
[13.881s] -- Symlinking: /home/prathamkelkar/ros2_ws/install/px4_msgs/include/px4_msgs/px4_msgs/msg/detail/unregister_ext_component__rosidl_typesupport_fastrtps_c.h
[13.896s] -- Symlinking: /home/prathamkelkar/ros2_ws/install/px4_msgs/include/px4_msgs/px4_msgs/msg/detail/vehicle_acceleration__rosidl_typesupport_fastrtps_c.h
[13.910s] -- Symlinking: /home/prathamkelkar/ros2_ws/install/px4_msgs/include/px4_msgs/px4_msgs/msg/detail/vehicle_air_data__rosidl_typesupport_fastrtps_c.h
[13.925s] -- Symlinking: /home/prathamkelkar/ros2_ws/install/px4_msgs/include/px4_msgs/px4_msgs/msg/detail/vehicle_angular_acceleration_setpoint__rosidl_typesupport_fastrtps_c.h
[13.940s] -- Symlinking: /home/prathamkelkar/ros2_ws/install/px4_msgs/include/px4_msgs/px4_msgs/msg/detail/vehicle_angular_velocity__rosidl_typesupport_fastrtps_c.h
[13.955s] -- Symlinking: /home/prathamkelkar/ros2_ws/install/px4_msgs/include/px4_msgs/px4_msgs/msg/detail/vehicle_attitude__rosidl_typesupport_fastrtps_c.h
[13.970s] -- Symlinking: /home/prathamkelkar/ros2_ws/install/px4_msgs/include/px4_msgs/px4_msgs/msg/detail/vehicle_attitude_setpoint__rosidl_typesupport_fastrtps_c.h
[13.985s] -- Symlinking: /home/prathamkelkar/ros2_ws/install/px4_msgs/include/px4_msgs/px4_msgs/msg/detail/vehicle_command__rosidl_typesupport_fastrtps_c.h
[14.001s] -- Symlinking: /home/prathamkelkar/ros2_ws/install/px4_msgs/include/px4_msgs/px4_msgs/msg/detail/vehicle_command_ack__rosidl_typesupport_fastrtps_c.h
[14.014s] -- Symlinking: /home/prathamkelkar/ros2_ws/install/px4_msgs/include/px4_msgs/px4_msgs/msg/detail/vehicle_constraints__rosidl_typesupport_fastrtps_c.h
[14.024s] -- Symlinking: /home/prathamkelkar/ros2_ws/install/px4_msgs/include/px4_msgs/px4_msgs/msg/detail/vehicle_control_mode__rosidl_typesupport_fastrtps_c.h
[14.039s] -- Symlinking: /home/prathamkelkar/ros2_ws/install/px4_msgs/include/px4_msgs/px4_msgs/msg/detail/vehicle_global_position__rosidl_typesupport_fastrtps_c.h
[14.054s] -- Symlinking: /home/prathamkelkar/ros2_ws/install/px4_msgs/include/px4_msgs/px4_msgs/msg/detail/vehicle_imu__rosidl_typesupport_fastrtps_c.h
[14.065s] -- Symlinking: /home/prathamkelkar/ros2_ws/install/px4_msgs/include/px4_msgs/px4_msgs/msg/detail/vehicle_imu_status__rosidl_typesupport_fastrtps_c.h
[14.074s] -- Symlinking: /home/prathamkelkar/ros2_ws/install/px4_msgs/include/px4_msgs/px4_msgs/msg/detail/vehicle_land_detected__rosidl_typesupport_fastrtps_c.h
[14.081s] -- Symlinking: /home/prathamkelkar/ros2_ws/install/px4_msgs/include/px4_msgs/px4_msgs/msg/detail/vehicle_local_position__rosidl_typesupport_fastrtps_c.h
[14.096s] -- Symlinking: /home/prathamkelkar/ros2_ws/install/px4_msgs/include/px4_msgs/px4_msgs/msg/detail/vehicle_local_position_setpoint__rosidl_typesupport_fastrtps_c.h
[14.112s] -- Symlinking: /home/prathamkelkar/ros2_ws/install/px4_msgs/include/px4_msgs/px4_msgs/msg/detail/vehicle_magnetometer__rosidl_typesupport_fastrtps_c.h
[14.127s] -- Symlinking: /home/prathamkelkar/ros2_ws/install/px4_msgs/include/px4_msgs/px4_msgs/msg/detail/vehicle_odometry__rosidl_typesupport_fastrtps_c.h
[14.139s] -- Symlinking: /home/prathamkelkar/ros2_ws/install/px4_msgs/include/px4_msgs/px4_msgs/msg/detail/vehicle_optical_flow__rosidl_typesupport_fastrtps_c.h
[14.148s] -- Symlinking: /home/prathamkelkar/ros2_ws/install/px4_msgs/include/px4_msgs/px4_msgs/msg/detail/vehicle_optical_flow_vel__rosidl_typesupport_fastrtps_c.h
[14.164s] -- Symlinking: /home/prathamkelkar/ros2_ws/install/px4_msgs/include/px4_msgs/px4_msgs/msg/detail/vehicle_rates_setpoint__rosidl_typesupport_fastrtps_c.h
[14.178s] -- Symlinking: /home/prathamkelkar/ros2_ws/install/px4_msgs/include/px4_msgs/px4_msgs/msg/detail/vehicle_roi__rosidl_typesupport_fastrtps_c.h
[14.188s] -- Symlinking: /home/prathamkelkar/ros2_ws/install/px4_msgs/include/px4_msgs/px4_msgs/msg/detail/vehicle_status__rosidl_typesupport_fastrtps_c.h
[14.196s] -- Symlinking: /home/prathamkelkar/ros2_ws/install/px4_msgs/include/px4_msgs/px4_msgs/msg/detail/vehicle_thrust_setpoint__rosidl_typesupport_fastrtps_c.h
[14.203s] -- Symlinking: /home/prathamkelkar/ros2_ws/install/px4_msgs/include/px4_msgs/px4_msgs/msg/detail/vehicle_torque_setpoint__rosidl_typesupport_fastrtps_c.h
[14.209s] -- Symlinking: /home/prathamkelkar/ros2_ws/install/px4_msgs/include/px4_msgs/px4_msgs/msg/detail/vehicle_trajectory_bezier__rosidl_typesupport_fastrtps_c.h
[14.215s] -- Symlinking: /home/prathamkelkar/ros2_ws/install/px4_msgs/include/px4_msgs/px4_msgs/msg/detail/vehicle_trajectory_waypoint__rosidl_typesupport_fastrtps_c.h
[14.222s] -- Symlinking: /home/prathamkelkar/ros2_ws/install/px4_msgs/include/px4_msgs/px4_msgs/msg/detail/velocity_limits__rosidl_typesupport_fastrtps_c.h
[14.228s] -- Symlinking: /home/prathamkelkar/ros2_ws/install/px4_msgs/include/px4_msgs/px4_msgs/msg/detail/vtol_vehicle_status__rosidl_typesupport_fastrtps_c.h
[14.244s] -- Symlinking: /home/prathamkelkar/ros2_ws/install/px4_msgs/include/px4_msgs/px4_msgs/msg/detail/wheel_encoders__rosidl_typesupport_fastrtps_c.h
[14.259s] -- Symlinking: /home/prathamkelkar/ros2_ws/install/px4_msgs/include/px4_msgs/px4_msgs/msg/detail/wind__rosidl_typesupport_fastrtps_c.h
[14.271s] -- Symlinking: /home/prathamkelkar/ros2_ws/install/px4_msgs/include/px4_msgs/px4_msgs/msg/detail/yaw_estimator_status__rosidl_typesupport_fastrtps_c.h
[14.286s] -- Symlinking: /home/prathamkelkar/ros2_ws/install/px4_msgs/include/px4_msgs/px4_msgs/msg/rosidl_typesupport_fastrtps_c__visibility_control.h
[14.301s] -- Symlinking: /home/prathamkelkar/ros2_ws/install/px4_msgs/include/px4_msgs/px4_msgs/srv/detail/vehicle_command__rosidl_typesupport_fastrtps_c.h
[14.334s] -- Symlinking: /home/prathamkelkar/ros2_ws/install/px4_msgs/include/px4_msgs/px4_msgs/msg/action_request.hpp
[14.351s] -- Symlinking: /home/prathamkelkar/ros2_ws/install/px4_msgs/include/px4_msgs/px4_msgs/msg/actuator_armed.hpp
[14.368s] -- Symlinking: /home/prathamkelkar/ros2_ws/install/px4_msgs/include/px4_msgs/px4_msgs/msg/actuator_controls_status.hpp
[14.383s] -- Symlinking: /home/prathamkelkar/ros2_ws/install/px4_msgs/include/px4_msgs/px4_msgs/msg/actuator_motors.hpp
[14.400s] -- Symlinking: /home/prathamkelkar/ros2_ws/install/px4_msgs/include/px4_msgs/px4_msgs/msg/actuator_outputs.hpp
[14.415s] -- Symlinking: /home/prathamkelkar/ros2_ws/install/px4_msgs/include/px4_msgs/px4_msgs/msg/actuator_servos.hpp
[14.429s] -- Symlinking: /home/prathamkelkar/ros2_ws/install/px4_msgs/include/px4_msgs/px4_msgs/msg/actuator_servos_trim.hpp
[14.439s] -- Symlinking: /home/prathamkelkar/ros2_ws/install/px4_msgs/include/px4_msgs/px4_msgs/msg/actuator_test.hpp
[14.455s] -- Symlinking: /home/prathamkelkar/ros2_ws/install/px4_msgs/include/px4_msgs/px4_msgs/msg/adc_report.hpp
[14.469s] -- Symlinking: /home/prathamkelkar/ros2_ws/install/px4_msgs/include/px4_msgs/px4_msgs/msg/airspeed.hpp
[14.483s] -- Symlinking: /home/prathamkelkar/ros2_ws/install/px4_msgs/include/px4_msgs/px4_msgs/msg/airspeed_validated.hpp
[14.494s] -- Symlinking: /home/prathamkelkar/ros2_ws/install/px4_msgs/include/px4_msgs/px4_msgs/msg/airspeed_wind.hpp
[14.502s] -- Symlinking: /home/prathamkelkar/ros2_ws/install/px4_msgs/include/px4_msgs/px4_msgs/msg/arming_check_reply.hpp
[14.510s] -- Symlinking: /home/prathamkelkar/ros2_ws/install/px4_msgs/include/px4_msgs/px4_msgs/msg/arming_check_request.hpp
[14.516s] -- Symlinking: /home/prathamkelkar/ros2_ws/install/px4_msgs/include/px4_msgs/px4_msgs/msg/autotune_attitude_control_status.hpp
[14.522s] -- Symlinking: /home/prathamkelkar/ros2_ws/install/px4_msgs/include/px4_msgs/px4_msgs/msg/battery_status.hpp
[14.538s] -- Symlinking: /home/prathamkelkar/ros2_ws/install/px4_msgs/include/px4_msgs/px4_msgs/msg/buffer128.hpp
[14.552s] -- Symlinking: /home/prathamkelkar/ros2_ws/install/px4_msgs/include/px4_msgs/px4_msgs/msg/button_event.hpp
[14.562s] -- Symlinking: /home/prathamkelkar/ros2_ws/install/px4_msgs/include/px4_msgs/px4_msgs/msg/camera_capture.hpp
[14.570s] -- Symlinking: /home/prathamkelkar/ros2_ws/install/px4_msgs/include/px4_msgs/px4_msgs/msg/camera_status.hpp
[14.577s] -- Symlinking: /home/prathamkelkar/ros2_ws/install/px4_msgs/include/px4_msgs/px4_msgs/msg/camera_trigger.hpp
[14.584s] -- Symlinking: /home/prathamkelkar/ros2_ws/install/px4_msgs/include/px4_msgs/px4_msgs/msg/can_interface_status.hpp
[14.590s] -- Symlinking: /home/prathamkelkar/ros2_ws/install/px4_msgs/include/px4_msgs/px4_msgs/msg/cellular_status.hpp
[14.596s] -- Symlinking: /home/prathamkelkar/ros2_ws/install/px4_msgs/include/px4_msgs/px4_msgs/msg/collision_constraints.hpp
[14.602s] -- Symlinking: /home/prathamkelkar/ros2_ws/install/px4_msgs/include/px4_msgs/px4_msgs/msg/collision_report.hpp
[14.609s] -- Symlinking: /home/prathamkelkar/ros2_ws/install/px4_msgs/include/px4_msgs/px4_msgs/msg/config_overrides.hpp
[14.623s] -- Symlinking: /home/prathamkelkar/ros2_ws/install/px4_msgs/include/px4_msgs/px4_msgs/msg/control_allocator_status.hpp
[14.639s] -- Symlinking: /home/prathamkelkar/ros2_ws/install/px4_msgs/include/px4_msgs/px4_msgs/msg/cpuload.hpp
[14.654s] -- Symlinking: /home/prathamkelkar/ros2_ws/install/px4_msgs/include/px4_msgs/px4_msgs/msg/dataman_request.hpp
[14.664s] -- Symlinking: /home/prathamkelkar/ros2_ws/install/px4_msgs/include/px4_msgs/px4_msgs/msg/dataman_response.hpp
[14.673s] -- Symlinking: /home/prathamkelkar/ros2_ws/install/px4_msgs/include/px4_msgs/px4_msgs/msg/debug_array.hpp
[14.680s] -- Symlinking: /home/prathamkelkar/ros2_ws/install/px4_msgs/include/px4_msgs/px4_msgs/msg/debug_key_value.hpp
[14.694s] -- Symlinking: /home/prathamkelkar/ros2_ws/install/px4_msgs/include/px4_msgs/px4_msgs/msg/debug_value.hpp
[14.708s] -- Symlinking: /home/prathamkelkar/ros2_ws/install/px4_msgs/include/px4_msgs/px4_msgs/msg/debug_vect.hpp
[14.723s] -- Symlinking: /home/prathamkelkar/ros2_ws/install/px4_msgs/include/px4_msgs/px4_msgs/msg/detail/action_request__builder.hpp
[14.735s] -- Symlinking: /home/prathamkelkar/ros2_ws/install/px4_msgs/include/px4_msgs/px4_msgs/msg/detail/action_request__struct.hpp
[14.744s] -- Symlinking: /home/prathamkelkar/ros2_ws/install/px4_msgs/include/px4_msgs/px4_msgs/msg/detail/action_request__traits.hpp
[14.751s] -- Symlinking: /home/prathamkelkar/ros2_ws/install/px4_msgs/include/px4_msgs/px4_msgs/msg/detail/action_request__type_support.hpp
[14.758s] -- Symlinking: /home/prathamkelkar/ros2_ws/install/px4_msgs/include/px4_msgs/px4_msgs/msg/detail/actuator_armed__builder.hpp
[14.764s] -- Symlinking: /home/prathamkelkar/ros2_ws/install/px4_msgs/include/px4_msgs/px4_msgs/msg/detail/actuator_armed__struct.hpp
[14.770s] -- Symlinking: /home/prathamkelkar/ros2_ws/install/px4_msgs/include/px4_msgs/px4_msgs/msg/detail/actuator_armed__traits.hpp
[14.776s] -- Symlinking: /home/prathamkelkar/ros2_ws/install/px4_msgs/include/px4_msgs/px4_msgs/msg/detail/actuator_armed__type_support.hpp
[14.791s] -- Symlinking: /home/prathamkelkar/ros2_ws/install/px4_msgs/include/px4_msgs/px4_msgs/msg/detail/actuator_controls_status__builder.hpp
[14.804s] -- Symlinking: /home/prathamkelkar/ros2_ws/install/px4_msgs/include/px4_msgs/px4_msgs/msg/detail/actuator_controls_status__struct.hpp
[14.816s] -- Symlinking: /home/prathamkelkar/ros2_ws/install/px4_msgs/include/px4_msgs/px4_msgs/msg/detail/actuator_controls_status__traits.hpp
[14.832s] -- Symlinking: /home/prathamkelkar/ros2_ws/install/px4_msgs/include/px4_msgs/px4_msgs/msg/detail/actuator_controls_status__type_support.hpp
[14.847s] -- Symlinking: /home/prathamkelkar/ros2_ws/install/px4_msgs/include/px4_msgs/px4_msgs/msg/detail/actuator_motors__builder.hpp
[14.864s] -- Symlinking: /home/prathamkelkar/ros2_ws/install/px4_msgs/include/px4_msgs/px4_msgs/msg/detail/actuator_motors__struct.hpp
[14.879s] -- Symlinking: /home/prathamkelkar/ros2_ws/install/px4_msgs/include/px4_msgs/px4_msgs/msg/detail/actuator_motors__traits.hpp
[14.890s] -- Symlinking: /home/prathamkelkar/ros2_ws/install/px4_msgs/include/px4_msgs/px4_msgs/msg/detail/actuator_motors__type_support.hpp
[14.899s] -- Symlinking: /home/prathamkelkar/ros2_ws/install/px4_msgs/include/px4_msgs/px4_msgs/msg/detail/actuator_outputs__builder.hpp
[14.907s] -- Symlinking: /home/prathamkelkar/ros2_ws/install/px4_msgs/include/px4_msgs/px4_msgs/msg/detail/actuator_outputs__struct.hpp
[14.923s] -- Symlinking: /home/prathamkelkar/ros2_ws/install/px4_msgs/include/px4_msgs/px4_msgs/msg/detail/actuator_outputs__traits.hpp
[14.941s] -- Symlinking: /home/prathamkelkar/ros2_ws/install/px4_msgs/include/px4_msgs/px4_msgs/msg/detail/actuator_outputs__type_support.hpp
[14.956s] -- Symlinking: /home/prathamkelkar/ros2_ws/install/px4_msgs/include/px4_msgs/px4_msgs/msg/detail/actuator_servos__builder.hpp
[14.967s] -- Symlinking: /home/prathamkelkar/ros2_ws/install/px4_msgs/include/px4_msgs/px4_msgs/msg/detail/actuator_servos__struct.hpp
[14.975s] -- Symlinking: /home/prathamkelkar/ros2_ws/install/px4_msgs/include/px4_msgs/px4_msgs/msg/detail/actuator_servos__traits.hpp
[14.982s] -- Symlinking: /home/prathamkelkar/ros2_ws/install/px4_msgs/include/px4_msgs/px4_msgs/msg/detail/actuator_servos__type_support.hpp
[14.988s] -- Symlinking: /home/prathamkelkar/ros2_ws/install/px4_msgs/include/px4_msgs/px4_msgs/msg/detail/actuator_servos_trim__builder.hpp
[14.994s] -- Symlinking: /home/prathamkelkar/ros2_ws/install/px4_msgs/include/px4_msgs/px4_msgs/msg/detail/actuator_servos_trim__struct.hpp
[15.000s] -- Symlinking: /home/prathamkelkar/ros2_ws/install/px4_msgs/include/px4_msgs/px4_msgs/msg/detail/actuator_servos_trim__traits.hpp
[15.007s] -- Symlinking: /home/prathamkelkar/ros2_ws/install/px4_msgs/include/px4_msgs/px4_msgs/msg/detail/actuator_servos_trim__type_support.hpp
[15.013s] -- Symlinking: /home/prathamkelkar/ros2_ws/install/px4_msgs/include/px4_msgs/px4_msgs/msg/detail/actuator_test__builder.hpp
[15.019s] -- Symlinking: /home/prathamkelkar/ros2_ws/install/px4_msgs/include/px4_msgs/px4_msgs/msg/detail/actuator_test__struct.hpp
[15.025s] -- Symlinking: /home/prathamkelkar/ros2_ws/install/px4_msgs/include/px4_msgs/px4_msgs/msg/detail/actuator_test__traits.hpp
[15.041s] -- Symlinking: /home/prathamkelkar/ros2_ws/install/px4_msgs/include/px4_msgs/px4_msgs/msg/detail/actuator_test__type_support.hpp
[15.054s] -- Symlinking: /home/prathamkelkar/ros2_ws/install/px4_msgs/include/px4_msgs/px4_msgs/msg/detail/adc_report__builder.hpp
[15.065s] -- Symlinking: /home/prathamkelkar/ros2_ws/install/px4_msgs/include/px4_msgs/px4_msgs/msg/detail/adc_report__struct.hpp
[15.073s] -- Symlinking: /home/prathamkelkar/ros2_ws/install/px4_msgs/include/px4_msgs/px4_msgs/msg/detail/adc_report__traits.hpp
[15.081s] -- Symlinking: /home/prathamkelkar/ros2_ws/install/px4_msgs/include/px4_msgs/px4_msgs/msg/detail/adc_report__type_support.hpp
[15.087s] -- Symlinking: /home/prathamkelkar/ros2_ws/install/px4_msgs/include/px4_msgs/px4_msgs/msg/detail/airspeed__builder.hpp
[15.103s] -- Symlinking: /home/prathamkelkar/ros2_ws/install/px4_msgs/include/px4_msgs/px4_msgs/msg/detail/airspeed__struct.hpp
[15.119s] -- Symlinking: /home/prathamkelkar/ros2_ws/install/px4_msgs/include/px4_msgs/px4_msgs/msg/detail/airspeed__traits.hpp
[15.130s] -- Symlinking: /home/prathamkelkar/ros2_ws/install/px4_msgs/include/px4_msgs/px4_msgs/msg/detail/airspeed__type_support.hpp
[15.139s] -- Symlinking: /home/prathamkelkar/ros2_ws/install/px4_msgs/include/px4_msgs/px4_msgs/msg/detail/airspeed_validated__builder.hpp
[15.147s] -- Symlinking: /home/prathamkelkar/ros2_ws/install/px4_msgs/include/px4_msgs/px4_msgs/msg/detail/airspeed_validated__struct.hpp
[15.154s] -- Symlinking: /home/prathamkelkar/ros2_ws/install/px4_msgs/include/px4_msgs/px4_msgs/msg/detail/airspeed_validated__traits.hpp
[15.160s] -- Symlinking: /home/prathamkelkar/ros2_ws/install/px4_msgs/include/px4_msgs/px4_msgs/msg/detail/airspeed_validated__type_support.hpp
[15.175s] -- Symlinking: /home/prathamkelkar/ros2_ws/install/px4_msgs/include/px4_msgs/px4_msgs/msg/detail/airspeed_wind__builder.hpp
[15.188s] -- Symlinking: /home/prathamkelkar/ros2_ws/install/px4_msgs/include/px4_msgs/px4_msgs/msg/detail/airspeed_wind__struct.hpp
[15.199s] -- Symlinking: /home/prathamkelkar/ros2_ws/install/px4_msgs/include/px4_msgs/px4_msgs/msg/detail/airspeed_wind__traits.hpp
[15.207s] -- Symlinking: /home/prathamkelkar/ros2_ws/install/px4_msgs/include/px4_msgs/px4_msgs/msg/detail/airspeed_wind__type_support.hpp
[15.222s] -- Symlinking: /home/prathamkelkar/ros2_ws/install/px4_msgs/include/px4_msgs/px4_msgs/msg/detail/arming_check_reply__builder.hpp
[15.237s] -- Symlinking: /home/prathamkelkar/ros2_ws/install/px4_msgs/include/px4_msgs/px4_msgs/msg/detail/arming_check_reply__struct.hpp
[15.256s] -- Symlinking: /home/prathamkelkar/ros2_ws/install/px4_msgs/include/px4_msgs/px4_msgs/msg/detail/arming_check_reply__traits.hpp
[15.270s] -- Symlinking: /home/prathamkelkar/ros2_ws/install/px4_msgs/include/px4_msgs/px4_msgs/msg/detail/arming_check_reply__type_support.hpp
[15.281s] -- Symlinking: /home/prathamkelkar/ros2_ws/install/px4_msgs/include/px4_msgs/px4_msgs/msg/detail/arming_check_request__builder.hpp
[15.289s] -- Symlinking: /home/prathamkelkar/ros2_ws/install/px4_msgs/include/px4_msgs/px4_msgs/msg/detail/arming_check_request__struct.hpp
[15.296s] -- Symlinking: /home/prathamkelkar/ros2_ws/install/px4_msgs/include/px4_msgs/px4_msgs/msg/detail/arming_check_request__traits.hpp
[15.303s] -- Symlinking: /home/prathamkelkar/ros2_ws/install/px4_msgs/include/px4_msgs/px4_msgs/msg/detail/arming_check_request__type_support.hpp
[15.309s] -- Symlinking: /home/prathamkelkar/ros2_ws/install/px4_msgs/include/px4_msgs/px4_msgs/msg/detail/autotune_attitude_control_status__builder.hpp
[15.315s] -- Symlinking: /home/prathamkelkar/ros2_ws/install/px4_msgs/include/px4_msgs/px4_msgs/msg/detail/autotune_attitude_control_status__struct.hpp
[15.322s] -- Symlinking: /home/prathamkelkar/ros2_ws/install/px4_msgs/include/px4_msgs/px4_msgs/msg/detail/autotune_attitude_control_status__traits.hpp
[15.337s] -- Symlinking: /home/prathamkelkar/ros2_ws/install/px4_msgs/include/px4_msgs/px4_msgs/msg/detail/autotune_attitude_control_status__type_support.hpp
[15.353s] -- Symlinking: /home/prathamkelkar/ros2_ws/install/px4_msgs/include/px4_msgs/px4_msgs/msg/detail/battery_status__builder.hpp
[15.370s] -- Symlinking: /home/prathamkelkar/ros2_ws/install/px4_msgs/include/px4_msgs/px4_msgs/msg/detail/battery_status__struct.hpp
[15.384s] -- Symlinking: /home/prathamkelkar/ros2_ws/install/px4_msgs/include/px4_msgs/px4_msgs/msg/detail/battery_status__traits.hpp
[15.396s] -- Symlinking: /home/prathamkelkar/ros2_ws/install/px4_msgs/include/px4_msgs/px4_msgs/msg/detail/battery_status__type_support.hpp
[15.404s] -- Symlinking: /home/prathamkelkar/ros2_ws/install/px4_msgs/include/px4_msgs/px4_msgs/msg/detail/buffer128__builder.hpp
[15.411s] -- Symlinking: /home/prathamkelkar/ros2_ws/install/px4_msgs/include/px4_msgs/px4_msgs/msg/detail/buffer128__struct.hpp
[15.426s] -- Symlinking: /home/prathamkelkar/ros2_ws/install/px4_msgs/include/px4_msgs/px4_msgs/msg/detail/buffer128__traits.hpp
[15.440s] -- Symlinking: /home/prathamkelkar/ros2_ws/install/px4_msgs/include/px4_msgs/px4_msgs/msg/detail/buffer128__type_support.hpp
[15.455s] -- Symlinking: /home/prathamkelkar/ros2_ws/install/px4_msgs/include/px4_msgs/px4_msgs/msg/detail/button_event__builder.hpp
[15.468s] -- Symlinking: /home/prathamkelkar/ros2_ws/install/px4_msgs/include/px4_msgs/px4_msgs/msg/detail/button_event__struct.hpp
[15.477s] -- Symlinking: /home/prathamkelkar/ros2_ws/install/px4_msgs/include/px4_msgs/px4_msgs/msg/detail/button_event__traits.hpp
[15.485s] -- Symlinking: /home/prathamkelkar/ros2_ws/install/px4_msgs/include/px4_msgs/px4_msgs/msg/detail/button_event__type_support.hpp
[15.500s] -- Symlinking: /home/prathamkelkar/ros2_ws/install/px4_msgs/include/px4_msgs/px4_msgs/msg/detail/camera_capture__builder.hpp
[15.513s] -- Symlinking: /home/prathamkelkar/ros2_ws/install/px4_msgs/include/px4_msgs/px4_msgs/msg/detail/camera_capture__struct.hpp
[15.525s] -- Symlinking: /home/prathamkelkar/ros2_ws/install/px4_msgs/include/px4_msgs/px4_msgs/msg/detail/camera_capture__traits.hpp
[15.541s] -- Symlinking: /home/prathamkelkar/ros2_ws/install/px4_msgs/include/px4_msgs/px4_msgs/msg/detail/camera_capture__type_support.hpp
[15.555s] -- Symlinking: /home/prathamkelkar/ros2_ws/install/px4_msgs/include/px4_msgs/px4_msgs/msg/detail/camera_status__builder.hpp
[15.566s] -- Symlinking: /home/prathamkelkar/ros2_ws/install/px4_msgs/include/px4_msgs/px4_msgs/msg/detail/camera_status__struct.hpp
[15.575s] -- Symlinking: /home/prathamkelkar/ros2_ws/install/px4_msgs/include/px4_msgs/px4_msgs/msg/detail/camera_status__traits.hpp
[15.582s] -- Symlinking: /home/prathamkelkar/ros2_ws/install/px4_msgs/include/px4_msgs/px4_msgs/msg/detail/camera_status__type_support.hpp
[15.589s] -- Symlinking: /home/prathamkelkar/ros2_ws/install/px4_msgs/include/px4_msgs/px4_msgs/msg/detail/camera_trigger__builder.hpp
[15.595s] -- Symlinking: /home/prathamkelkar/ros2_ws/install/px4_msgs/include/px4_msgs/px4_msgs/msg/detail/camera_trigger__struct.hpp
[15.601s] -- Symlinking: /home/prathamkelkar/ros2_ws/install/px4_msgs/include/px4_msgs/px4_msgs/msg/detail/camera_trigger__traits.hpp
[15.608s] -- Symlinking: /home/prathamkelkar/ros2_ws/install/px4_msgs/include/px4_msgs/px4_msgs/msg/detail/camera_trigger__type_support.hpp
[15.614s] -- Symlinking: /home/prathamkelkar/ros2_ws/install/px4_msgs/include/px4_msgs/px4_msgs/msg/detail/can_interface_status__builder.hpp
[15.620s] -- Symlinking: /home/prathamkelkar/ros2_ws/install/px4_msgs/include/px4_msgs/px4_msgs/msg/detail/can_interface_status__struct.hpp
[15.627s] -- Symlinking: /home/prathamkelkar/ros2_ws/install/px4_msgs/include/px4_msgs/px4_msgs/msg/detail/can_interface_status__traits.hpp
[15.642s] -- Symlinking: /home/prathamkelkar/ros2_ws/install/px4_msgs/include/px4_msgs/px4_msgs/msg/detail/can_interface_status__type_support.hpp
[15.653s] -- Symlinking: /home/prathamkelkar/ros2_ws/install/px4_msgs/include/px4_msgs/px4_msgs/msg/detail/cellular_status__builder.hpp
[15.668s] -- Symlinking: /home/prathamkelkar/ros2_ws/install/px4_msgs/include/px4_msgs/px4_msgs/msg/detail/cellular_status__struct.hpp
[15.682s] -- Symlinking: /home/prathamkelkar/ros2_ws/install/px4_msgs/include/px4_msgs/px4_msgs/msg/detail/cellular_status__traits.hpp
[15.698s] -- Symlinking: /home/prathamkelkar/ros2_ws/install/px4_msgs/include/px4_msgs/px4_msgs/msg/detail/cellular_status__type_support.hpp
[15.712s] -- Symlinking: /home/prathamkelkar/ros2_ws/install/px4_msgs/include/px4_msgs/px4_msgs/msg/detail/collision_constraints__builder.hpp
[15.728s] -- Symlinking: /home/prathamkelkar/ros2_ws/install/px4_msgs/include/px4_msgs/px4_msgs/msg/detail/collision_constraints__struct.hpp
[15.743s] -- Symlinking: /home/prathamkelkar/ros2_ws/install/px4_msgs/include/px4_msgs/px4_msgs/msg/detail/collision_constraints__traits.hpp
[15.759s] -- Symlinking: /home/prathamkelkar/ros2_ws/install/px4_msgs/include/px4_msgs/px4_msgs/msg/detail/collision_constraints__type_support.hpp
[15.774s] -- Symlinking: /home/prathamkelkar/ros2_ws/install/px4_msgs/include/px4_msgs/px4_msgs/msg/detail/collision_report__builder.hpp
[15.784s] -- Symlinking: /home/prathamkelkar/ros2_ws/install/px4_msgs/include/px4_msgs/px4_msgs/msg/detail/collision_report__struct.hpp
[15.793s] -- Symlinking: /home/prathamkelkar/ros2_ws/install/px4_msgs/include/px4_msgs/px4_msgs/msg/detail/collision_report__traits.hpp
[15.807s] -- Symlinking: /home/prathamkelkar/ros2_ws/install/px4_msgs/include/px4_msgs/px4_msgs/msg/detail/collision_report__type_support.hpp
[15.822s] -- Symlinking: /home/prathamkelkar/ros2_ws/install/px4_msgs/include/px4_msgs/px4_msgs/msg/detail/config_overrides__builder.hpp
[15.838s] -- Symlinking: /home/prathamkelkar/ros2_ws/install/px4_msgs/include/px4_msgs/px4_msgs/msg/detail/config_overrides__struct.hpp
[15.853s] -- Symlinking: /home/prathamkelkar/ros2_ws/install/px4_msgs/include/px4_msgs/px4_msgs/msg/detail/config_overrides__traits.hpp
[15.869s] -- Symlinking: /home/prathamkelkar/ros2_ws/install/px4_msgs/include/px4_msgs/px4_msgs/msg/detail/config_overrides__type_support.hpp
[15.881s] -- Symlinking: /home/prathamkelkar/ros2_ws/install/px4_msgs/include/px4_msgs/px4_msgs/msg/detail/control_allocator_status__builder.hpp
[15.890s] -- Symlinking: /home/prathamkelkar/ros2_ws/install/px4_msgs/include/px4_msgs/px4_msgs/msg/detail/control_allocator_status__struct.hpp
[15.905s] -- Symlinking: /home/prathamkelkar/ros2_ws/install/px4_msgs/include/px4_msgs/px4_msgs/msg/detail/control_allocator_status__traits.hpp
[15.919s] -- Symlinking: /home/prathamkelkar/ros2_ws/install/px4_msgs/include/px4_msgs/px4_msgs/msg/detail/control_allocator_status__type_support.hpp
[15.930s] -- Symlinking: /home/prathamkelkar/ros2_ws/install/px4_msgs/include/px4_msgs/px4_msgs/msg/detail/cpuload__builder.hpp
[15.939s] -- Symlinking: /home/prathamkelkar/ros2_ws/install/px4_msgs/include/px4_msgs/px4_msgs/msg/detail/cpuload__struct.hpp
[15.955s] -- Symlinking: /home/prathamkelkar/ros2_ws/install/px4_msgs/include/px4_msgs/px4_msgs/msg/detail/cpuload__traits.hpp
[15.969s] -- Symlinking: /home/prathamkelkar/ros2_ws/install/px4_msgs/include/px4_msgs/px4_msgs/msg/detail/cpuload__type_support.hpp
[15.979s] -- Symlinking: /home/prathamkelkar/ros2_ws/install/px4_msgs/include/px4_msgs/px4_msgs/msg/detail/dataman_request__builder.hpp
[15.987s] -- Symlinking: /home/prathamkelkar/ros2_ws/install/px4_msgs/include/px4_msgs/px4_msgs/msg/detail/dataman_request__struct.hpp
[15.994s] -- Symlinking: /home/prathamkelkar/ros2_ws/install/px4_msgs/include/px4_msgs/px4_msgs/msg/detail/dataman_request__traits.hpp
[16.000s] -- Symlinking: /home/prathamkelkar/ros2_ws/install/px4_msgs/include/px4_msgs/px4_msgs/msg/detail/dataman_request__type_support.hpp
[16.007s] -- Symlinking: /home/prathamkelkar/ros2_ws/install/px4_msgs/include/px4_msgs/px4_msgs/msg/detail/dataman_response__builder.hpp
[16.014s] -- Symlinking: /home/prathamkelkar/ros2_ws/install/px4_msgs/include/px4_msgs/px4_msgs/msg/detail/dataman_response__struct.hpp
[16.021s] -- Symlinking: /home/prathamkelkar/ros2_ws/install/px4_msgs/include/px4_msgs/px4_msgs/msg/detail/dataman_response__traits.hpp
[16.028s] -- Symlinking: /home/prathamkelkar/ros2_ws/install/px4_msgs/include/px4_msgs/px4_msgs/msg/detail/dataman_response__type_support.hpp
[16.044s] -- Symlinking: /home/prathamkelkar/ros2_ws/install/px4_msgs/include/px4_msgs/px4_msgs/msg/detail/debug_array__builder.hpp
[16.062s] -- Symlinking: /home/prathamkelkar/ros2_ws/install/px4_msgs/include/px4_msgs/px4_msgs/msg/detail/debug_array__struct.hpp
[16.076s] -- Symlinking: /home/prathamkelkar/ros2_ws/install/px4_msgs/include/px4_msgs/px4_msgs/msg/detail/debug_array__traits.hpp
[16.086s] -- Symlinking: /home/prathamkelkar/ros2_ws/install/px4_msgs/include/px4_msgs/px4_msgs/msg/detail/debug_array__type_support.hpp
[16.100s] -- Symlinking: /home/prathamkelkar/ros2_ws/install/px4_msgs/include/px4_msgs/px4_msgs/msg/detail/debug_key_value__builder.hpp
[16.114s] -- Symlinking: /home/prathamkelkar/ros2_ws/install/px4_msgs/include/px4_msgs/px4_msgs/msg/detail/debug_key_value__struct.hpp
[16.123s] -- Symlinking: /home/prathamkelkar/ros2_ws/install/px4_msgs/include/px4_msgs/px4_msgs/msg/detail/debug_key_value__traits.hpp
[16.139s] -- Symlinking: /home/prathamkelkar/ros2_ws/install/px4_msgs/include/px4_msgs/px4_msgs/msg/detail/debug_key_value__type_support.hpp
[16.156s] -- Symlinking: /home/prathamkelkar/ros2_ws/install/px4_msgs/include/px4_msgs/px4_msgs/msg/detail/debug_value__builder.hpp
[16.171s] -- Symlinking: /home/prathamkelkar/ros2_ws/install/px4_msgs/include/px4_msgs/px4_msgs/msg/detail/debug_value__struct.hpp
[16.181s] -- Symlinking: /home/prathamkelkar/ros2_ws/install/px4_msgs/include/px4_msgs/px4_msgs/msg/detail/debug_value__traits.hpp
[16.188s] -- Symlinking: /home/prathamkelkar/ros2_ws/install/px4_msgs/include/px4_msgs/px4_msgs/msg/detail/debug_value__type_support.hpp
[16.195s] -- Symlinking: /home/prathamkelkar/ros2_ws/install/px4_msgs/include/px4_msgs/px4_msgs/msg/detail/debug_vect__builder.hpp
[16.201s] -- Symlinking: /home/prathamkelkar/ros2_ws/install/px4_msgs/include/px4_msgs/px4_msgs/msg/detail/debug_vect__struct.hpp
[16.207s] -- Symlinking: /home/prathamkelkar/ros2_ws/install/px4_msgs/include/px4_msgs/px4_msgs/msg/detail/debug_vect__traits.hpp
[16.213s] -- Symlinking: /home/prathamkelkar/ros2_ws/install/px4_msgs/include/px4_msgs/px4_msgs/msg/detail/debug_vect__type_support.hpp
[16.218s] -- Symlinking: /home/prathamkelkar/ros2_ws/install/px4_msgs/include/px4_msgs/px4_msgs/msg/detail/differential_drive_setpoint__builder.hpp
[16.224s] -- Symlinking: /home/prathamkelkar/ros2_ws/install/px4_msgs/include/px4_msgs/px4_msgs/msg/detail/differential_drive_setpoint__struct.hpp
[16.240s] -- Symlinking: /home/prathamkelkar/ros2_ws/install/px4_msgs/include/px4_msgs/px4_msgs/msg/detail/differential_drive_setpoint__traits.hpp
[16.254s] -- Symlinking: /home/prathamkelkar/ros2_ws/install/px4_msgs/include/px4_msgs/px4_msgs/msg/detail/differential_drive_setpoint__type_support.hpp
[16.264s] -- Symlinking: /home/prathamkelkar/ros2_ws/install/px4_msgs/include/px4_msgs/px4_msgs/msg/detail/differential_pressure__builder.hpp
[16.272s] -- Symlinking: /home/prathamkelkar/ros2_ws/install/px4_msgs/include/px4_msgs/px4_msgs/msg/detail/differential_pressure__struct.hpp
[16.279s] -- Symlinking: /home/prathamkelkar/ros2_ws/install/px4_msgs/include/px4_msgs/px4_msgs/msg/detail/differential_pressure__traits.hpp
[16.292s] -- Symlinking: /home/prathamkelkar/ros2_ws/install/px4_msgs/include/px4_msgs/px4_msgs/msg/detail/differential_pressure__type_support.hpp
[16.305s] -- Symlinking: /home/prathamkelkar/ros2_ws/install/px4_msgs/include/px4_msgs/px4_msgs/msg/detail/distance_sensor__builder.hpp
[16.315s] -- Symlinking: /home/prathamkelkar/ros2_ws/install/px4_msgs/include/px4_msgs/px4_msgs/msg/detail/distance_sensor__struct.hpp
[16.322s] -- Symlinking: /home/prathamkelkar/ros2_ws/install/px4_msgs/include/px4_msgs/px4_msgs/msg/detail/distance_sensor__traits.hpp
[16.337s] -- Symlinking: /home/prathamkelkar/ros2_ws/install/px4_msgs/include/px4_msgs/px4_msgs/msg/detail/distance_sensor__type_support.hpp
[16.350s] -- Symlinking: /home/prathamkelkar/ros2_ws/install/px4_msgs/include/px4_msgs/px4_msgs/msg/detail/ekf2_timestamps__builder.hpp
[16.360s] -- Symlinking: /home/prathamkelkar/ros2_ws/install/px4_msgs/include/px4_msgs/px4_msgs/msg/detail/ekf2_timestamps__struct.hpp
[16.367s] -- Symlinking: /home/prathamkelkar/ros2_ws/install/px4_msgs/include/px4_msgs/px4_msgs/msg/detail/ekf2_timestamps__traits.hpp
[16.373s] -- Symlinking: /home/prathamkelkar/ros2_ws/install/px4_msgs/include/px4_msgs/px4_msgs/msg/detail/ekf2_timestamps__type_support.hpp
[16.379s] -- Symlinking: /home/prathamkelkar/ros2_ws/install/px4_msgs/include/px4_msgs/px4_msgs/msg/detail/esc_report__builder.hpp
[16.385s] -- Symlinking: /home/prathamkelkar/ros2_ws/install/px4_msgs/include/px4_msgs/px4_msgs/msg/detail/esc_report__struct.hpp
[16.390s] -- Symlinking: /home/prathamkelkar/ros2_ws/install/px4_msgs/include/px4_msgs/px4_msgs/msg/detail/esc_report__traits.hpp
[16.396s] -- Symlinking: /home/prathamkelkar/ros2_ws/install/px4_msgs/include/px4_msgs/px4_msgs/msg/detail/esc_report__type_support.hpp
[16.401s] -- Symlinking: /home/prathamkelkar/ros2_ws/install/px4_msgs/include/px4_msgs/px4_msgs/msg/detail/esc_status__builder.hpp
[16.407s] -- Symlinking: /home/prathamkelkar/ros2_ws/install/px4_msgs/include/px4_msgs/px4_msgs/msg/detail/esc_status__struct.hpp
[16.421s] -- Symlinking: /home/prathamkelkar/ros2_ws/install/px4_msgs/include/px4_msgs/px4_msgs/msg/detail/esc_status__traits.hpp
[16.430s] -- Symlinking: /home/prathamkelkar/ros2_ws/install/px4_msgs/include/px4_msgs/px4_msgs/msg/detail/esc_status__type_support.hpp
[16.437s] -- Symlinking: /home/prathamkelkar/ros2_ws/install/px4_msgs/include/px4_msgs/px4_msgs/msg/detail/estimator_aid_source1d__builder.hpp
[16.444s] -- Symlinking: /home/prathamkelkar/ros2_ws/install/px4_msgs/include/px4_msgs/px4_msgs/msg/detail/estimator_aid_source1d__struct.hpp
[16.460s] -- Symlinking: /home/prathamkelkar/ros2_ws/install/px4_msgs/include/px4_msgs/px4_msgs/msg/detail/estimator_aid_source1d__traits.hpp
[16.474s] -- Symlinking: /home/prathamkelkar/ros2_ws/install/px4_msgs/include/px4_msgs/px4_msgs/msg/detail/estimator_aid_source1d__type_support.hpp
[16.484s] -- Symlinking: /home/prathamkelkar/ros2_ws/install/px4_msgs/include/px4_msgs/px4_msgs/msg/detail/estimator_aid_source2d__builder.hpp
[16.497s] -- Symlinking: /home/prathamkelkar/ros2_ws/install/px4_msgs/include/px4_msgs/px4_msgs/msg/detail/estimator_aid_source2d__struct.hpp
[16.510s] -- Symlinking: /home/prathamkelkar/ros2_ws/install/px4_msgs/include/px4_msgs/px4_msgs/msg/detail/estimator_aid_source2d__traits.hpp
[16.523s] -- Symlinking: /home/prathamkelkar/ros2_ws/install/px4_msgs/include/px4_msgs/px4_msgs/msg/detail/estimator_aid_source2d__type_support.hpp
[16.535s] -- Symlinking: /home/prathamkelkar/ros2_ws/install/px4_msgs/include/px4_msgs/px4_msgs/msg/detail/estimator_aid_source3d__builder.hpp
[16.543s] -- Symlinking: /home/prathamkelkar/ros2_ws/install/px4_msgs/include/px4_msgs/px4_msgs/msg/detail/estimator_aid_source3d__struct.hpp
[16.559s] -- Symlinking: /home/prathamkelkar/ros2_ws/install/px4_msgs/include/px4_msgs/px4_msgs/msg/detail/estimator_aid_source3d__traits.hpp
[16.572s] -- Symlinking: /home/prathamkelkar/ros2_ws/install/px4_msgs/include/px4_msgs/px4_msgs/msg/detail/estimator_aid_source3d__type_support.hpp
[16.581s] -- Symlinking: /home/prathamkelkar/ros2_ws/install/px4_msgs/include/px4_msgs/px4_msgs/msg/detail/estimator_bias3d__builder.hpp
[16.594s] -- Symlinking: /home/prathamkelkar/ros2_ws/install/px4_msgs/include/px4_msgs/px4_msgs/msg/detail/estimator_bias3d__struct.hpp
[16.607s] -- Symlinking: /home/prathamkelkar/ros2_ws/install/px4_msgs/include/px4_msgs/px4_msgs/msg/detail/estimator_bias3d__traits.hpp
[16.621s] -- Symlinking: /home/prathamkelkar/ros2_ws/install/px4_msgs/include/px4_msgs/px4_msgs/msg/detail/estimator_bias3d__type_support.hpp
[16.634s] -- Symlinking: /home/prathamkelkar/ros2_ws/install/px4_msgs/include/px4_msgs/px4_msgs/msg/detail/estimator_bias__builder.hpp
[16.649s] -- Symlinking: /home/prathamkelkar/ros2_ws/install/px4_msgs/include/px4_msgs/px4_msgs/msg/detail/estimator_bias__struct.hpp
[16.662s] -- Symlinking: /home/prathamkelkar/ros2_ws/install/px4_msgs/include/px4_msgs/px4_msgs/msg/detail/estimator_bias__traits.hpp
[16.676s] -- Symlinking: /home/prathamkelkar/ros2_ws/install/px4_msgs/include/px4_msgs/px4_msgs/msg/detail/estimator_bias__type_support.hpp
[16.690s] -- Symlinking: /home/prathamkelkar/ros2_ws/install/px4_msgs/include/px4_msgs/px4_msgs/msg/detail/estimator_event_flags__builder.hpp
[16.703s] -- Symlinking: /home/prathamkelkar/ros2_ws/install/px4_msgs/include/px4_msgs/px4_msgs/msg/detail/estimator_event_flags__struct.hpp
[16.715s] -- Symlinking: /home/prathamkelkar/ros2_ws/install/px4_msgs/include/px4_msgs/px4_msgs/msg/detail/estimator_event_flags__traits.hpp
[16.724s] -- Symlinking: /home/prathamkelkar/ros2_ws/install/px4_msgs/include/px4_msgs/px4_msgs/msg/detail/estimator_event_flags__type_support.hpp
[16.738s] -- Symlinking: /home/prathamkelkar/ros2_ws/install/px4_msgs/include/px4_msgs/px4_msgs/msg/detail/estimator_gps_status__builder.hpp
[16.750s] -- Symlinking: /home/prathamkelkar/ros2_ws/install/px4_msgs/include/px4_msgs/px4_msgs/msg/detail/estimator_gps_status__struct.hpp
[16.759s] -- Symlinking: /home/prathamkelkar/ros2_ws/install/px4_msgs/include/px4_msgs/px4_msgs/msg/detail/estimator_gps_status__traits.hpp
[16.766s] -- Symlinking: /home/prathamkelkar/ros2_ws/install/px4_msgs/include/px4_msgs/px4_msgs/msg/detail/estimator_gps_status__type_support.hpp
[16.772s] -- Symlinking: /home/prathamkelkar/ros2_ws/install/px4_msgs/include/px4_msgs/px4_msgs/msg/detail/estimator_innovations__builder.hpp
[16.786s] -- Symlinking: /home/prathamkelkar/ros2_ws/install/px4_msgs/include/px4_msgs/px4_msgs/msg/detail/estimator_innovations__struct.hpp
[16.799s] -- Symlinking: /home/prathamkelkar/ros2_ws/install/px4_msgs/include/px4_msgs/px4_msgs/msg/detail/estimator_innovations__traits.hpp
[16.809s] -- Symlinking: /home/prathamkelkar/ros2_ws/install/px4_msgs/include/px4_msgs/px4_msgs/msg/detail/estimator_innovations__type_support.hpp
[16.816s] -- Symlinking: /home/prathamkelkar/ros2_ws/install/px4_msgs/include/px4_msgs/px4_msgs/msg/detail/estimator_selector_status__builder.hpp
[16.830s] -- Symlinking: /home/prathamkelkar/ros2_ws/install/px4_msgs/include/px4_msgs/px4_msgs/msg/detail/estimator_selector_status__struct.hpp
[16.843s] -- Symlinking: /home/prathamkelkar/ros2_ws/install/px4_msgs/include/px4_msgs/px4_msgs/msg/detail/estimator_selector_status__traits.hpp
[16.859s] -- Symlinking: /home/prathamkelkar/ros2_ws/install/px4_msgs/include/px4_msgs/px4_msgs/msg/detail/estimator_selector_status__type_support.hpp
[16.873s] -- Symlinking: /home/prathamkelkar/ros2_ws/install/px4_msgs/include/px4_msgs/px4_msgs/msg/detail/estimator_sensor_bias__builder.hpp
[16.884s] -- Symlinking: /home/prathamkelkar/ros2_ws/install/px4_msgs/include/px4_msgs/px4_msgs/msg/detail/estimator_sensor_bias__struct.hpp
[16.891s] -- Symlinking: /home/prathamkelkar/ros2_ws/install/px4_msgs/include/px4_msgs/px4_msgs/msg/detail/estimator_sensor_bias__traits.hpp
[16.898s] -- Symlinking: /home/prathamkelkar/ros2_ws/install/px4_msgs/include/px4_msgs/px4_msgs/msg/detail/estimator_sensor_bias__type_support.hpp
[16.912s] -- Symlinking: /home/prathamkelkar/ros2_ws/install/px4_msgs/include/px4_msgs/px4_msgs/msg/detail/estimator_states__builder.hpp
[16.924s] -- Symlinking: /home/prathamkelkar/ros2_ws/install/px4_msgs/include/px4_msgs/px4_msgs/msg/detail/estimator_states__struct.hpp
[16.934s] -- Symlinking: /home/prathamkelkar/ros2_ws/install/px4_msgs/include/px4_msgs/px4_msgs/msg/detail/estimator_states__traits.hpp
[16.948s] -- Symlinking: /home/prathamkelkar/ros2_ws/install/px4_msgs/include/px4_msgs/px4_msgs/msg/detail/estimator_states__type_support.hpp
[16.961s] -- Symlinking: /home/prathamkelkar/ros2_ws/install/px4_msgs/include/px4_msgs/px4_msgs/msg/detail/estimator_status__builder.hpp
[16.970s] -- Symlinking: /home/prathamkelkar/ros2_ws/install/px4_msgs/include/px4_msgs/px4_msgs/msg/detail/estimator_status__struct.hpp
[16.977s] -- Symlinking: /home/prathamkelkar/ros2_ws/install/px4_msgs/include/px4_msgs/px4_msgs/msg/detail/estimator_status__traits.hpp
[16.983s] -- Symlinking: /home/prathamkelkar/ros2_ws/install/px4_msgs/include/px4_msgs/px4_msgs/msg/detail/estimator_status__type_support.hpp
[16.989s] -- Symlinking: /home/prathamkelkar/ros2_ws/install/px4_msgs/include/px4_msgs/px4_msgs/msg/detail/estimator_status_flags__builder.hpp
[17.002s] -- Symlinking: /home/prathamkelkar/ros2_ws/install/px4_msgs/include/px4_msgs/px4_msgs/msg/detail/estimator_status_flags__struct.hpp
[17.015s] -- Symlinking: /home/prathamkelkar/ros2_ws/install/px4_msgs/include/px4_msgs/px4_msgs/msg/detail/estimator_status_flags__traits.hpp
[17.024s] -- Symlinking: /home/prathamkelkar/ros2_ws/install/px4_msgs/include/px4_msgs/px4_msgs/msg/detail/estimator_status_flags__type_support.hpp
[17.032s] -- Symlinking: /home/prathamkelkar/ros2_ws/install/px4_msgs/include/px4_msgs/px4_msgs/msg/detail/event__builder.hpp
[17.038s] -- Symlinking: /home/prathamkelkar/ros2_ws/install/px4_msgs/include/px4_msgs/px4_msgs/msg/detail/event__struct.hpp
[17.044s] -- Symlinking: /home/prathamkelkar/ros2_ws/install/px4_msgs/include/px4_msgs/px4_msgs/msg/detail/event__traits.hpp
[17.058s] -- Symlinking: /home/prathamkelkar/ros2_ws/install/px4_msgs/include/px4_msgs/px4_msgs/msg/detail/event__type_support.hpp
[17.071s] -- Symlinking: /home/prathamkelkar/ros2_ws/install/px4_msgs/include/px4_msgs/px4_msgs/msg/detail/failsafe_flags__builder.hpp
[17.081s] -- Symlinking: /home/prathamkelkar/ros2_ws/install/px4_msgs/include/px4_msgs/px4_msgs/msg/detail/failsafe_flags__struct.hpp
[17.088s] -- Symlinking: /home/prathamkelkar/ros2_ws/install/px4_msgs/include/px4_msgs/px4_msgs/msg/detail/failsafe_flags__traits.hpp
[17.101s] -- Symlinking: /home/prathamkelkar/ros2_ws/install/px4_msgs/include/px4_msgs/px4_msgs/msg/detail/failsafe_flags__type_support.hpp
[17.114s] -- Symlinking: /home/prathamkelkar/ros2_ws/install/px4_msgs/include/px4_msgs/px4_msgs/msg/detail/failure_detector_status__builder.hpp
[17.123s] -- Symlinking: /home/prathamkelkar/ros2_ws/install/px4_msgs/include/px4_msgs/px4_msgs/msg/detail/failure_detector_status__struct.hpp
[17.131s] -- Symlinking: /home/prathamkelkar/ros2_ws/install/px4_msgs/include/px4_msgs/px4_msgs/msg/detail/failure_detector_status__traits.hpp
[17.145s] -- Symlinking: /home/prathamkelkar/ros2_ws/install/px4_msgs/include/px4_msgs/px4_msgs/msg/detail/failure_detector_status__type_support.hpp
[17.158s] -- Symlinking: /home/prathamkelkar/ros2_ws/install/px4_msgs/include/px4_msgs/px4_msgs/msg/detail/figure_eight_status__builder.hpp
[17.167s] -- Symlinking: /home/prathamkelkar/ros2_ws/install/px4_msgs/include/px4_msgs/px4_msgs/msg/detail/figure_eight_status__struct.hpp
[17.174s] -- Symlinking: /home/prathamkelkar/ros2_ws/install/px4_msgs/include/px4_msgs/px4_msgs/msg/detail/figure_eight_status__traits.hpp
[17.181s] -- Symlinking: /home/prathamkelkar/ros2_ws/install/px4_msgs/include/px4_msgs/px4_msgs/msg/detail/figure_eight_status__type_support.hpp
[17.195s] -- Symlinking: /home/prathamkelkar/ros2_ws/install/px4_msgs/include/px4_msgs/px4_msgs/msg/detail/flight_phase_estimation__builder.hpp
[17.206s] -- Symlinking: /home/prathamkelkar/ros2_ws/install/px4_msgs/include/px4_msgs/px4_msgs/msg/detail/flight_phase_estimation__struct.hpp
[17.214s] -- Symlinking: /home/prathamkelkar/ros2_ws/install/px4_msgs/include/px4_msgs/px4_msgs/msg/detail/flight_phase_estimation__traits.hpp
[17.221s] -- Symlinking: /home/prathamkelkar/ros2_ws/install/px4_msgs/include/px4_msgs/px4_msgs/msg/detail/flight_phase_estimation__type_support.hpp
[17.227s] -- Symlinking: /home/prathamkelkar/ros2_ws/install/px4_msgs/include/px4_msgs/px4_msgs/msg/detail/follow_target__builder.hpp
[17.233s] -- Symlinking: /home/prathamkelkar/ros2_ws/install/px4_msgs/include/px4_msgs/px4_msgs/msg/detail/follow_target__struct.hpp
[17.253s] -- Symlinking: /home/prathamkelkar/ros2_ws/install/px4_msgs/include/px4_msgs/px4_msgs/msg/detail/follow_target__traits.hpp
[17.272s] -- Symlinking: /home/prathamkelkar/ros2_ws/install/px4_msgs/include/px4_msgs/px4_msgs/msg/detail/follow_target__type_support.hpp
[17.287s] -- Symlinking: /home/prathamkelkar/ros2_ws/install/px4_msgs/include/px4_msgs/px4_msgs/msg/detail/follow_target_estimator__builder.hpp
[17.302s] -- Symlinking: /home/prathamkelkar/ros2_ws/install/px4_msgs/include/px4_msgs/px4_msgs/msg/detail/follow_target_estimator__struct.hpp
[17.316s] -- Symlinking: /home/prathamkelkar/ros2_ws/install/px4_msgs/include/px4_msgs/px4_msgs/msg/detail/follow_target_estimator__traits.hpp
[17.326s] -- Symlinking: /home/prathamkelkar/ros2_ws/install/px4_msgs/include/px4_msgs/px4_msgs/msg/detail/follow_target_estimator__type_support.hpp
[17.335s] -- Symlinking: /home/prathamkelkar/ros2_ws/install/px4_msgs/include/px4_msgs/px4_msgs/msg/detail/follow_target_status__builder.hpp
[17.351s] -- Symlinking: /home/prathamkelkar/ros2_ws/install/px4_msgs/include/px4_msgs/px4_msgs/msg/detail/follow_target_status__struct.hpp
[17.367s] -- Symlinking: /home/prathamkelkar/ros2_ws/install/px4_msgs/include/px4_msgs/px4_msgs/msg/detail/follow_target_status__traits.hpp
[17.377s] -- Symlinking: /home/prathamkelkar/ros2_ws/install/px4_msgs/include/px4_msgs/px4_msgs/msg/detail/follow_target_status__type_support.hpp
[17.385s] -- Symlinking: /home/prathamkelkar/ros2_ws/install/px4_msgs/include/px4_msgs/px4_msgs/msg/detail/generator_status__builder.hpp
[17.391s] -- Symlinking: /home/prathamkelkar/ros2_ws/install/px4_msgs/include/px4_msgs/px4_msgs/msg/detail/generator_status__struct.hpp
[17.406s] -- Symlinking: /home/prathamkelkar/ros2_ws/install/px4_msgs/include/px4_msgs/px4_msgs/msg/detail/generator_status__traits.hpp
[17.419s] -- Symlinking: /home/prathamkelkar/ros2_ws/install/px4_msgs/include/px4_msgs/px4_msgs/msg/detail/generator_status__type_support.hpp
[17.428s] -- Symlinking: /home/prathamkelkar/ros2_ws/install/px4_msgs/include/px4_msgs/px4_msgs/msg/detail/geofence_result__builder.hpp
[17.436s] -- Symlinking: /home/prathamkelkar/ros2_ws/install/px4_msgs/include/px4_msgs/px4_msgs/msg/detail/geofence_result__struct.hpp
[17.443s] -- Symlinking: /home/prathamkelkar/ros2_ws/install/px4_msgs/include/px4_msgs/px4_msgs/msg/detail/geofence_result__traits.hpp
[17.449s] -- Symlinking: /home/prathamkelkar/ros2_ws/install/px4_msgs/include/px4_msgs/px4_msgs/msg/detail/geofence_result__type_support.hpp
[17.464s] -- Symlinking: /home/prathamkelkar/ros2_ws/install/px4_msgs/include/px4_msgs/px4_msgs/msg/detail/geofence_status__builder.hpp
[17.479s] -- Symlinking: /home/prathamkelkar/ros2_ws/install/px4_msgs/include/px4_msgs/px4_msgs/msg/detail/geofence_status__struct.hpp
[17.492s] -- Symlinking: /home/prathamkelkar/ros2_ws/install/px4_msgs/include/px4_msgs/px4_msgs/msg/detail/geofence_status__traits.hpp
[17.502s] -- Symlinking: /home/prathamkelkar/ros2_ws/install/px4_msgs/include/px4_msgs/px4_msgs/msg/detail/geofence_status__type_support.hpp
[17.509s] -- Symlinking: /home/prathamkelkar/ros2_ws/install/px4_msgs/include/px4_msgs/px4_msgs/msg/detail/gimbal_controls__builder.hpp
[17.515s] -- Symlinking: /home/prathamkelkar/ros2_ws/install/px4_msgs/include/px4_msgs/px4_msgs/msg/detail/gimbal_controls__struct.hpp
[17.529s] -- Symlinking: /home/prathamkelkar/ros2_ws/install/px4_msgs/include/px4_msgs/px4_msgs/msg/detail/gimbal_controls__traits.hpp
[17.543s] -- Symlinking: /home/prathamkelkar/ros2_ws/install/px4_msgs/include/px4_msgs/px4_msgs/msg/detail/gimbal_controls__type_support.hpp
[17.559s] -- Symlinking: /home/prathamkelkar/ros2_ws/install/px4_msgs/include/px4_msgs/px4_msgs/msg/detail/gimbal_device_attitude_status__builder.hpp
[17.573s] -- Symlinking: /home/prathamkelkar/ros2_ws/install/px4_msgs/include/px4_msgs/px4_msgs/msg/detail/gimbal_device_attitude_status__struct.hpp
[17.584s] -- Symlinking: /home/prathamkelkar/ros2_ws/install/px4_msgs/include/px4_msgs/px4_msgs/msg/detail/gimbal_device_attitude_status__traits.hpp
[17.598s] -- Symlinking: /home/prathamkelkar/ros2_ws/install/px4_msgs/include/px4_msgs/px4_msgs/msg/detail/gimbal_device_attitude_status__type_support.hpp
[17.612s] -- Symlinking: /home/prathamkelkar/ros2_ws/install/px4_msgs/include/px4_msgs/px4_msgs/msg/detail/gimbal_device_information__builder.hpp
[17.626s] -- Symlinking: /home/prathamkelkar/ros2_ws/install/px4_msgs/include/px4_msgs/px4_msgs/msg/detail/gimbal_device_information__struct.hpp
[17.640s] -- Symlinking: /home/prathamkelkar/ros2_ws/install/px4_msgs/include/px4_msgs/px4_msgs/msg/detail/gimbal_device_information__traits.hpp
[17.651s] -- Symlinking: /home/prathamkelkar/ros2_ws/install/px4_msgs/include/px4_msgs/px4_msgs/msg/detail/gimbal_device_information__type_support.hpp
[17.659s] -- Symlinking: /home/prathamkelkar/ros2_ws/install/px4_msgs/include/px4_msgs/px4_msgs/msg/detail/gimbal_device_set_attitude__builder.hpp
[17.666s] -- Symlinking: /home/prathamkelkar/ros2_ws/install/px4_msgs/include/px4_msgs/px4_msgs/msg/detail/gimbal_device_set_attitude__struct.hpp
[17.672s] -- Symlinking: /home/prathamkelkar/ros2_ws/install/px4_msgs/include/px4_msgs/px4_msgs/msg/detail/gimbal_device_set_attitude__traits.hpp
[17.686s] -- Symlinking: /home/prathamkelkar/ros2_ws/install/px4_msgs/include/px4_msgs/px4_msgs/msg/detail/gimbal_device_set_attitude__type_support.hpp
[17.699s] -- Symlinking: /home/prathamkelkar/ros2_ws/install/px4_msgs/include/px4_msgs/px4_msgs/msg/detail/gimbal_manager_information__builder.hpp
[17.709s] -- Symlinking: /home/prathamkelkar/ros2_ws/install/px4_msgs/include/px4_msgs/px4_msgs/msg/detail/gimbal_manager_information__struct.hpp
[17.716s] -- Symlinking: /home/prathamkelkar/ros2_ws/install/px4_msgs/include/px4_msgs/px4_msgs/msg/detail/gimbal_manager_information__traits.hpp
[17.730s] -- Symlinking: /home/prathamkelkar/ros2_ws/install/px4_msgs/include/px4_msgs/px4_msgs/msg/detail/gimbal_manager_information__type_support.hpp
[17.744s] -- Symlinking: /home/prathamkelkar/ros2_ws/install/px4_msgs/include/px4_msgs/px4_msgs/msg/detail/gimbal_manager_set_attitude__builder.hpp
[17.759s] -- Symlinking: /home/prathamkelkar/ros2_ws/install/px4_msgs/include/px4_msgs/px4_msgs/msg/detail/gimbal_manager_set_attitude__struct.hpp
[17.772s] -- Symlinking: /home/prathamkelkar/ros2_ws/install/px4_msgs/include/px4_msgs/px4_msgs/msg/detail/gimbal_manager_set_attitude__traits.hpp
[17.782s] -- Symlinking: /home/prathamkelkar/ros2_ws/install/px4_msgs/include/px4_msgs/px4_msgs/msg/detail/gimbal_manager_set_attitude__type_support.hpp
[17.790s] -- Symlinking: /home/prathamkelkar/ros2_ws/install/px4_msgs/include/px4_msgs/px4_msgs/msg/detail/gimbal_manager_set_manual_control__builder.hpp
[17.797s] -- Symlinking: /home/prathamkelkar/ros2_ws/install/px4_msgs/include/px4_msgs/px4_msgs/msg/detail/gimbal_manager_set_manual_control__struct.hpp
[17.803s] -- Symlinking: /home/prathamkelkar/ros2_ws/install/px4_msgs/include/px4_msgs/px4_msgs/msg/detail/gimbal_manager_set_manual_control__traits.hpp
[17.808s] -- Symlinking: /home/prathamkelkar/ros2_ws/install/px4_msgs/include/px4_msgs/px4_msgs/msg/detail/gimbal_manager_set_manual_control__type_support.hpp
[17.814s] -- Symlinking: /home/prathamkelkar/ros2_ws/install/px4_msgs/include/px4_msgs/px4_msgs/msg/detail/gimbal_manager_status__builder.hpp
[17.828s] -- Symlinking: /home/prathamkelkar/ros2_ws/install/px4_msgs/include/px4_msgs/px4_msgs/msg/detail/gimbal_manager_status__struct.hpp
[17.841s] -- Symlinking: /home/prathamkelkar/ros2_ws/install/px4_msgs/include/px4_msgs/px4_msgs/msg/detail/gimbal_manager_status__traits.hpp
[17.851s] -- Symlinking: /home/prathamkelkar/ros2_ws/install/px4_msgs/include/px4_msgs/px4_msgs/msg/detail/gimbal_manager_status__type_support.hpp
[17.866s] -- Symlinking: /home/prathamkelkar/ros2_ws/install/px4_msgs/include/px4_msgs/px4_msgs/msg/detail/goto_setpoint__builder.hpp
[17.880s] -- Symlinking: /home/prathamkelkar/ros2_ws/install/px4_msgs/include/px4_msgs/px4_msgs/msg/detail/goto_setpoint__struct.hpp
[17.891s] -- Symlinking: /home/prathamkelkar/ros2_ws/install/px4_msgs/include/px4_msgs/px4_msgs/msg/detail/goto_setpoint__traits.hpp
[17.899s] -- Symlinking: /home/prathamkelkar/ros2_ws/install/px4_msgs/include/px4_msgs/px4_msgs/msg/detail/goto_setpoint__type_support.hpp
[17.905s] -- Symlinking: /home/prathamkelkar/ros2_ws/install/px4_msgs/include/px4_msgs/px4_msgs/msg/detail/gpio_config__builder.hpp
[17.911s] -- Symlinking: /home/prathamkelkar/ros2_ws/install/px4_msgs/include/px4_msgs/px4_msgs/msg/detail/gpio_config__struct.hpp
[17.926s] -- Symlinking: /home/prathamkelkar/ros2_ws/install/px4_msgs/include/px4_msgs/px4_msgs/msg/detail/gpio_config__traits.hpp
[17.939s] -- Symlinking: /home/prathamkelkar/ros2_ws/install/px4_msgs/include/px4_msgs/px4_msgs/msg/detail/gpio_config__type_support.hpp
[17.949s] -- Symlinking: /home/prathamkelkar/ros2_ws/install/px4_msgs/include/px4_msgs/px4_msgs/msg/detail/gpio_in__builder.hpp
[17.956s] -- Symlinking: /home/prathamkelkar/ros2_ws/install/px4_msgs/include/px4_msgs/px4_msgs/msg/detail/gpio_in__struct.hpp
[17.962s] -- Symlinking: /home/prathamkelkar/ros2_ws/install/px4_msgs/include/px4_msgs/px4_msgs/msg/detail/gpio_in__traits.hpp
[17.968s] -- Symlinking: /home/prathamkelkar/ros2_ws/install/px4_msgs/include/px4_msgs/px4_msgs/msg/detail/gpio_in__type_support.hpp
[17.974s] -- Symlinking: /home/prathamkelkar/ros2_ws/install/px4_msgs/include/px4_msgs/px4_msgs/msg/detail/gpio_out__builder.hpp
[17.980s] -- Symlinking: /home/prathamkelkar/ros2_ws/install/px4_msgs/include/px4_msgs/px4_msgs/msg/detail/gpio_out__struct.hpp
[17.994s] -- Symlinking: /home/prathamkelkar/ros2_ws/install/px4_msgs/include/px4_msgs/px4_msgs/msg/detail/gpio_out__traits.hpp
[18.007s] -- Symlinking: /home/prathamkelkar/ros2_ws/install/px4_msgs/include/px4_msgs/px4_msgs/msg/detail/gpio_out__type_support.hpp
[18.017s] -- Symlinking: /home/prathamkelkar/ros2_ws/install/px4_msgs/include/px4_msgs/px4_msgs/msg/detail/gpio_request__builder.hpp
[18.024s] -- Symlinking: /home/prathamkelkar/ros2_ws/install/px4_msgs/include/px4_msgs/px4_msgs/msg/detail/gpio_request__struct.hpp
[18.038s] -- Symlinking: /home/prathamkelkar/ros2_ws/install/px4_msgs/include/px4_msgs/px4_msgs/msg/detail/gpio_request__traits.hpp
[18.051s] -- Symlinking: /home/prathamkelkar/ros2_ws/install/px4_msgs/include/px4_msgs/px4_msgs/msg/detail/gpio_request__type_support.hpp
[18.061s] -- Symlinking: /home/prathamkelkar/ros2_ws/install/px4_msgs/include/px4_msgs/px4_msgs/msg/detail/gps_dump__builder.hpp
[18.068s] -- Symlinking: /home/prathamkelkar/ros2_ws/install/px4_msgs/include/px4_msgs/px4_msgs/msg/detail/gps_dump__struct.hpp
[18.074s] -- Symlinking: /home/prathamkelkar/ros2_ws/install/px4_msgs/include/px4_msgs/px4_msgs/msg/detail/gps_dump__traits.hpp
[18.080s] -- Symlinking: /home/prathamkelkar/ros2_ws/install/px4_msgs/include/px4_msgs/px4_msgs/msg/detail/gps_dump__type_support.hpp
[18.085s] -- Symlinking: /home/prathamkelkar/ros2_ws/install/px4_msgs/include/px4_msgs/px4_msgs/msg/detail/gps_inject_data__builder.hpp
[18.091s] -- Symlinking: /home/prathamkelkar/ros2_ws/install/px4_msgs/include/px4_msgs/px4_msgs/msg/detail/gps_inject_data__struct.hpp
[18.105s] -- Symlinking: /home/prathamkelkar/ros2_ws/install/px4_msgs/include/px4_msgs/px4_msgs/msg/detail/gps_inject_data__traits.hpp
[18.118s] -- Symlinking: /home/prathamkelkar/ros2_ws/install/px4_msgs/include/px4_msgs/px4_msgs/msg/detail/gps_inject_data__type_support.hpp
[18.128s] -- Symlinking: /home/prathamkelkar/ros2_ws/install/px4_msgs/include/px4_msgs/px4_msgs/msg/detail/gripper__builder.hpp
[18.143s] -- Symlinking: /home/prathamkelkar/ros2_ws/install/px4_msgs/include/px4_msgs/px4_msgs/msg/detail/gripper__struct.hpp
[18.158s] -- Symlinking: /home/prathamkelkar/ros2_ws/install/px4_msgs/include/px4_msgs/px4_msgs/msg/detail/gripper__traits.hpp
[18.172s] -- Symlinking: /home/prathamkelkar/ros2_ws/install/px4_msgs/include/px4_msgs/px4_msgs/msg/detail/gripper__type_support.hpp
[18.182s] -- Symlinking: /home/prathamkelkar/ros2_ws/install/px4_msgs/include/px4_msgs/px4_msgs/msg/detail/health_report__builder.hpp
[18.196s] -- Symlinking: /home/prathamkelkar/ros2_ws/install/px4_msgs/include/px4_msgs/px4_msgs/msg/detail/health_report__struct.hpp
[18.209s] -- Symlinking: /home/prathamkelkar/ros2_ws/install/px4_msgs/include/px4_msgs/px4_msgs/msg/detail/health_report__traits.hpp
[18.218s] -- Symlinking: /home/prathamkelkar/ros2_ws/install/px4_msgs/include/px4_msgs/px4_msgs/msg/detail/health_report__type_support.hpp
[18.225s] -- Symlinking: /home/prathamkelkar/ros2_ws/install/px4_msgs/include/px4_msgs/px4_msgs/msg/detail/heater_status__builder.hpp
[18.241s] -- Symlinking: /home/prathamkelkar/ros2_ws/install/px4_msgs/include/px4_msgs/px4_msgs/msg/detail/heater_status__struct.hpp
[18.257s] -- Symlinking: /home/prathamkelkar/ros2_ws/install/px4_msgs/include/px4_msgs/px4_msgs/msg/detail/heater_status__traits.hpp
[18.271s] -- Symlinking: /home/prathamkelkar/ros2_ws/install/px4_msgs/include/px4_msgs/px4_msgs/msg/detail/heater_status__type_support.hpp
[18.282s] -- Symlinking: /home/prathamkelkar/ros2_ws/install/px4_msgs/include/px4_msgs/px4_msgs/msg/detail/home_position__builder.hpp
[18.289s] -- Symlinking: /home/prathamkelkar/ros2_ws/install/px4_msgs/include/px4_msgs/px4_msgs/msg/detail/home_position__struct.hpp
[18.303s] -- Symlinking: /home/prathamkelkar/ros2_ws/install/px4_msgs/include/px4_msgs/px4_msgs/msg/detail/home_position__traits.hpp
[18.317s] -- Symlinking: /home/prathamkelkar/ros2_ws/install/px4_msgs/include/px4_msgs/px4_msgs/msg/detail/home_position__type_support.hpp
[18.330s] -- Symlinking: /home/prathamkelkar/ros2_ws/install/px4_msgs/include/px4_msgs/px4_msgs/msg/detail/hover_thrust_estimate__builder.hpp
[18.344s] -- Symlinking: /home/prathamkelkar/ros2_ws/install/px4_msgs/include/px4_msgs/px4_msgs/msg/detail/hover_thrust_estimate__struct.hpp
[18.356s] -- Symlinking: /home/prathamkelkar/ros2_ws/install/px4_msgs/include/px4_msgs/px4_msgs/msg/detail/hover_thrust_estimate__traits.hpp
[18.370s] -- Symlinking: /home/prathamkelkar/ros2_ws/install/px4_msgs/include/px4_msgs/px4_msgs/msg/detail/hover_thrust_estimate__type_support.hpp
[18.383s] -- Symlinking: /home/prathamkelkar/ros2_ws/install/px4_msgs/include/px4_msgs/px4_msgs/msg/detail/input_rc__builder.hpp
[18.394s] -- Symlinking: /home/prathamkelkar/ros2_ws/install/px4_msgs/include/px4_msgs/px4_msgs/msg/detail/input_rc__struct.hpp
[18.401s] -- Symlinking: /home/prathamkelkar/ros2_ws/install/px4_msgs/include/px4_msgs/px4_msgs/msg/detail/input_rc__traits.hpp
[18.415s] -- Symlinking: /home/prathamkelkar/ros2_ws/install/px4_msgs/include/px4_msgs/px4_msgs/msg/detail/input_rc__type_support.hpp
[18.427s] -- Symlinking: /home/prathamkelkar/ros2_ws/install/px4_msgs/include/px4_msgs/px4_msgs/msg/detail/internal_combustion_engine_status__builder.hpp
[18.442s] -- Symlinking: /home/prathamkelkar/ros2_ws/install/px4_msgs/include/px4_msgs/px4_msgs/msg/detail/internal_combustion_engine_status__struct.hpp
[18.455s] -- Symlinking: /home/prathamkelkar/ros2_ws/install/px4_msgs/include/px4_msgs/px4_msgs/msg/detail/internal_combustion_engine_status__traits.hpp
[18.465s] -- Symlinking: /home/prathamkelkar/ros2_ws/install/px4_msgs/include/px4_msgs/px4_msgs/msg/detail/internal_combustion_engine_status__type_support.hpp
[18.479s] -- Symlinking: /home/prathamkelkar/ros2_ws/install/px4_msgs/include/px4_msgs/px4_msgs/msg/detail/iridiumsbd_status__builder.hpp
[18.493s] -- Symlinking: /home/prathamkelkar/ros2_ws/install/px4_msgs/include/px4_msgs/px4_msgs/msg/detail/iridiumsbd_status__struct.hpp
[18.507s] -- Symlinking: /home/prathamkelkar/ros2_ws/install/px4_msgs/include/px4_msgs/px4_msgs/msg/detail/iridiumsbd_status__traits.hpp
[18.517s] -- Symlinking: /home/prathamkelkar/ros2_ws/install/px4_msgs/include/px4_msgs/px4_msgs/msg/detail/iridiumsbd_status__type_support.hpp
[18.524s] -- Symlinking: /home/prathamkelkar/ros2_ws/install/px4_msgs/include/px4_msgs/px4_msgs/msg/detail/irlock_report__builder.hpp
[18.538s] -- Symlinking: /home/prathamkelkar/ros2_ws/install/px4_msgs/include/px4_msgs/px4_msgs/msg/detail/irlock_report__struct.hpp
[18.553s] -- Symlinking: /home/prathamkelkar/ros2_ws/install/px4_msgs/include/px4_msgs/px4_msgs/msg/detail/irlock_report__traits.hpp
[18.568s] -- Symlinking: /home/prathamkelkar/ros2_ws/install/px4_msgs/include/px4_msgs/px4_msgs/msg/detail/irlock_report__type_support.hpp
[18.577s] -- Symlinking: /home/prathamkelkar/ros2_ws/install/px4_msgs/include/px4_msgs/px4_msgs/msg/detail/landing_gear__builder.hpp
[18.591s] -- Symlinking: /home/prathamkelkar/ros2_ws/install/px4_msgs/include/px4_msgs/px4_msgs/msg/detail/landing_gear__struct.hpp
[18.604s] -- Symlinking: /home/prathamkelkar/ros2_ws/install/px4_msgs/include/px4_msgs/px4_msgs/msg/detail/landing_gear__traits.hpp
[18.614s] -- Symlinking: /home/prathamkelkar/ros2_ws/install/px4_msgs/include/px4_msgs/px4_msgs/msg/detail/landing_gear__type_support.hpp
[18.621s] -- Symlinking: /home/prathamkelkar/ros2_ws/install/px4_msgs/include/px4_msgs/px4_msgs/msg/detail/landing_gear_wheel__builder.hpp
[18.628s] -- Symlinking: /home/prathamkelkar/ros2_ws/install/px4_msgs/include/px4_msgs/px4_msgs/msg/detail/landing_gear_wheel__struct.hpp
[18.634s] -- Symlinking: /home/prathamkelkar/ros2_ws/install/px4_msgs/include/px4_msgs/px4_msgs/msg/detail/landing_gear_wheel__traits.hpp
[18.649s] -- Symlinking: /home/prathamkelkar/ros2_ws/install/px4_msgs/include/px4_msgs/px4_msgs/msg/detail/landing_gear_wheel__type_support.hpp
[18.663s] -- Symlinking: /home/prathamkelkar/ros2_ws/install/px4_msgs/include/px4_msgs/px4_msgs/msg/detail/landing_target_innovations__builder.hpp
[18.671s] -- Symlinking: /home/prathamkelkar/ros2_ws/install/px4_msgs/include/px4_msgs/px4_msgs/msg/detail/landing_target_innovations__struct.hpp
[18.678s] -- Symlinking: /home/prathamkelkar/ros2_ws/install/px4_msgs/include/px4_msgs/px4_msgs/msg/detail/landing_target_innovations__traits.hpp
[18.684s] -- Symlinking: /home/prathamkelkar/ros2_ws/install/px4_msgs/include/px4_msgs/px4_msgs/msg/detail/landing_target_innovations__type_support.hpp
[18.690s] -- Symlinking: /home/prathamkelkar/ros2_ws/install/px4_msgs/include/px4_msgs/px4_msgs/msg/detail/landing_target_pose__builder.hpp
[18.695s] -- Symlinking: /home/prathamkelkar/ros2_ws/install/px4_msgs/include/px4_msgs/px4_msgs/msg/detail/landing_target_pose__struct.hpp
[18.701s] -- Symlinking: /home/prathamkelkar/ros2_ws/install/px4_msgs/include/px4_msgs/px4_msgs/msg/detail/landing_target_pose__traits.hpp
[18.707s] -- Symlinking: /home/prathamkelkar/ros2_ws/install/px4_msgs/include/px4_msgs/px4_msgs/msg/detail/landing_target_pose__type_support.hpp
[18.716s] -- Symlinking: /home/prathamkelkar/ros2_ws/install/px4_msgs/include/px4_msgs/px4_msgs/msg/detail/launch_detection_status__builder.hpp
[18.730s] -- Symlinking: /home/prathamkelkar/ros2_ws/install/px4_msgs/include/px4_msgs/px4_msgs/msg/detail/launch_detection_status__struct.hpp
[18.744s] -- Symlinking: /home/prathamkelkar/ros2_ws/install/px4_msgs/include/px4_msgs/px4_msgs/msg/detail/launch_detection_status__traits.hpp
[18.759s] -- Symlinking: /home/prathamkelkar/ros2_ws/install/px4_msgs/include/px4_msgs/px4_msgs/msg/detail/launch_detection_status__type_support.hpp
[18.773s] -- Symlinking: /home/prathamkelkar/ros2_ws/install/px4_msgs/include/px4_msgs/px4_msgs/msg/detail/led_control__builder.hpp
[18.783s] -- Symlinking: /home/prathamkelkar/ros2_ws/install/px4_msgs/include/px4_msgs/px4_msgs/msg/detail/led_control__struct.hpp
[18.790s] -- Symlinking: /home/prathamkelkar/ros2_ws/install/px4_msgs/include/px4_msgs/px4_msgs/msg/detail/led_control__traits.hpp
[18.797s] -- Symlinking: /home/prathamkelkar/ros2_ws/install/px4_msgs/include/px4_msgs/px4_msgs/msg/detail/led_control__type_support.hpp
[18.803s] -- Symlinking: /home/prathamkelkar/ros2_ws/install/px4_msgs/include/px4_msgs/px4_msgs/msg/detail/log_message__builder.hpp
[18.809s] -- Symlinking: /home/prathamkelkar/ros2_ws/install/px4_msgs/include/px4_msgs/px4_msgs/msg/detail/log_message__struct.hpp
[18.814s] -- Symlinking: /home/prathamkelkar/ros2_ws/install/px4_msgs/include/px4_msgs/px4_msgs/msg/detail/log_message__traits.hpp
[18.820s] -- Symlinking: /home/prathamkelkar/ros2_ws/install/px4_msgs/include/px4_msgs/px4_msgs/msg/detail/log_message__type_support.hpp
[18.834s] -- Symlinking: /home/prathamkelkar/ros2_ws/install/px4_msgs/include/px4_msgs/px4_msgs/msg/detail/logger_status__builder.hpp
[18.850s] -- Symlinking: /home/prathamkelkar/ros2_ws/install/px4_msgs/include/px4_msgs/px4_msgs/msg/detail/logger_status__struct.hpp
[18.865s] -- Symlinking: /home/prathamkelkar/ros2_ws/install/px4_msgs/include/px4_msgs/px4_msgs/msg/detail/logger_status__traits.hpp
[18.879s] -- Symlinking: /home/prathamkelkar/ros2_ws/install/px4_msgs/include/px4_msgs/px4_msgs/msg/detail/logger_status__type_support.hpp
[18.888s] -- Symlinking: /home/prathamkelkar/ros2_ws/install/px4_msgs/include/px4_msgs/px4_msgs/msg/detail/mag_worker_data__builder.hpp
[18.896s] -- Symlinking: /home/prathamkelkar/ros2_ws/install/px4_msgs/include/px4_msgs/px4_msgs/msg/detail/mag_worker_data__struct.hpp
[18.902s] -- Symlinking: /home/prathamkelkar/ros2_ws/install/px4_msgs/include/px4_msgs/px4_msgs/msg/detail/mag_worker_data__traits.hpp
[18.908s] -- Symlinking: /home/prathamkelkar/ros2_ws/install/px4_msgs/include/px4_msgs/px4_msgs/msg/detail/mag_worker_data__type_support.hpp
[18.922s] -- Symlinking: /home/prathamkelkar/ros2_ws/install/px4_msgs/include/px4_msgs/px4_msgs/msg/detail/magnetometer_bias_estimate__builder.hpp
[18.932s] -- Symlinking: /home/prathamkelkar/ros2_ws/install/px4_msgs/include/px4_msgs/px4_msgs/msg/detail/magnetometer_bias_estimate__struct.hpp
[18.940s] -- Symlinking: /home/prathamkelkar/ros2_ws/install/px4_msgs/include/px4_msgs/px4_msgs/msg/detail/magnetometer_bias_estimate__traits.hpp
[18.956s] -- Symlinking: /home/prathamkelkar/ros2_ws/install/px4_msgs/include/px4_msgs/px4_msgs/msg/detail/magnetometer_bias_estimate__type_support.hpp
[18.970s] -- Symlinking: /home/prathamkelkar/ros2_ws/install/px4_msgs/include/px4_msgs/px4_msgs/msg/detail/manual_control_setpoint__builder.hpp
[18.983s] -- Symlinking: /home/prathamkelkar/ros2_ws/install/px4_msgs/include/px4_msgs/px4_msgs/msg/detail/manual_control_setpoint__struct.hpp
[18.997s] -- Symlinking: /home/prathamkelkar/ros2_ws/install/px4_msgs/include/px4_msgs/px4_msgs/msg/detail/manual_control_setpoint__traits.hpp
[19.007s] -- Symlinking: /home/prathamkelkar/ros2_ws/install/px4_msgs/include/px4_msgs/px4_msgs/msg/detail/manual_control_setpoint__type_support.hpp
[19.021s] -- Symlinking: /home/prathamkelkar/ros2_ws/install/px4_msgs/include/px4_msgs/px4_msgs/msg/detail/manual_control_switches__builder.hpp
[19.036s] -- Symlinking: /home/prathamkelkar/ros2_ws/install/px4_msgs/include/px4_msgs/px4_msgs/msg/detail/manual_control_switches__struct.hpp
[19.051s] -- Symlinking: /home/prathamkelkar/ros2_ws/install/px4_msgs/include/px4_msgs/px4_msgs/msg/detail/manual_control_switches__traits.hpp
[19.061s] -- Symlinking: /home/prathamkelkar/ros2_ws/install/px4_msgs/include/px4_msgs/px4_msgs/msg/detail/manual_control_switches__type_support.hpp
[19.076s] -- Symlinking: /home/prathamkelkar/ros2_ws/install/px4_msgs/include/px4_msgs/px4_msgs/msg/detail/mavlink_log__builder.hpp
[19.089s] -- Symlinking: /home/prathamkelkar/ros2_ws/install/px4_msgs/include/px4_msgs/px4_msgs/msg/detail/mavlink_log__struct.hpp
[19.099s] -- Symlinking: /home/prathamkelkar/ros2_ws/install/px4_msgs/include/px4_msgs/px4_msgs/msg/detail/mavlink_log__traits.hpp
[19.106s] -- Symlinking: /home/prathamkelkar/ros2_ws/install/px4_msgs/include/px4_msgs/px4_msgs/msg/detail/mavlink_log__type_support.hpp
[19.113s] -- Symlinking: /home/prathamkelkar/ros2_ws/install/px4_msgs/include/px4_msgs/px4_msgs/msg/detail/mavlink_tunnel__builder.hpp
[19.119s] -- Symlinking: /home/prathamkelkar/ros2_ws/install/px4_msgs/include/px4_msgs/px4_msgs/msg/detail/mavlink_tunnel__struct.hpp
[19.125s] -- Symlinking: /home/prathamkelkar/ros2_ws/install/px4_msgs/include/px4_msgs/px4_msgs/msg/detail/mavlink_tunnel__traits.hpp
[19.131s] -- Symlinking: /home/prathamkelkar/ros2_ws/install/px4_msgs/include/px4_msgs/px4_msgs/msg/detail/mavlink_tunnel__type_support.hpp
[19.137s] -- Symlinking: /home/prathamkelkar/ros2_ws/install/px4_msgs/include/px4_msgs/px4_msgs/msg/detail/message_format_request__builder.hpp
[19.152s] -- Symlinking: /home/prathamkelkar/ros2_ws/install/px4_msgs/include/px4_msgs/px4_msgs/msg/detail/message_format_request__struct.hpp
[19.166s] -- Symlinking: /home/prathamkelkar/ros2_ws/install/px4_msgs/include/px4_msgs/px4_msgs/msg/detail/message_format_request__traits.hpp
[19.175s] -- Symlinking: /home/prathamkelkar/ros2_ws/install/px4_msgs/include/px4_msgs/px4_msgs/msg/detail/message_format_request__type_support.hpp
[19.183s] -- Symlinking: /home/prathamkelkar/ros2_ws/install/px4_msgs/include/px4_msgs/px4_msgs/msg/detail/message_format_response__builder.hpp
[19.190s] -- Symlinking: /home/prathamkelkar/ros2_ws/install/px4_msgs/include/px4_msgs/px4_msgs/msg/detail/message_format_response__struct.hpp
[19.195s] -- Symlinking: /home/prathamkelkar/ros2_ws/install/px4_msgs/include/px4_msgs/px4_msgs/msg/detail/message_format_response__traits.hpp
[19.201s] -- Symlinking: /home/prathamkelkar/ros2_ws/install/px4_msgs/include/px4_msgs/px4_msgs/msg/detail/message_format_response__type_support.hpp
[19.206s] -- Symlinking: /home/prathamkelkar/ros2_ws/install/px4_msgs/include/px4_msgs/px4_msgs/msg/detail/mission__builder.hpp
[19.212s] -- Symlinking: /home/prathamkelkar/ros2_ws/install/px4_msgs/include/px4_msgs/px4_msgs/msg/detail/mission__struct.hpp
[19.218s] -- Symlinking: /home/prathamkelkar/ros2_ws/install/px4_msgs/include/px4_msgs/px4_msgs/msg/detail/mission__traits.hpp
[19.224s] -- Symlinking: /home/prathamkelkar/ros2_ws/install/px4_msgs/include/px4_msgs/px4_msgs/msg/detail/mission__type_support.hpp
[19.238s] -- Symlinking: /home/prathamkelkar/ros2_ws/install/px4_msgs/include/px4_msgs/px4_msgs/msg/detail/mission_result__builder.hpp
[19.256s] -- Symlinking: /home/prathamkelkar/ros2_ws/install/px4_msgs/include/px4_msgs/px4_msgs/msg/detail/mission_result__struct.hpp
[19.268s] -- Symlinking: /home/prathamkelkar/ros2_ws/install/px4_msgs/include/px4_msgs/px4_msgs/msg/detail/mission_result__traits.hpp
[19.278s] -- Symlinking: /home/prathamkelkar/ros2_ws/install/px4_msgs/include/px4_msgs/px4_msgs/msg/detail/mission_result__type_support.hpp
[19.286s] -- Symlinking: /home/prathamkelkar/ros2_ws/install/px4_msgs/include/px4_msgs/px4_msgs/msg/detail/mode_completed__builder.hpp
[19.293s] -- Symlinking: /home/prathamkelkar/ros2_ws/install/px4_msgs/include/px4_msgs/px4_msgs/msg/detail/mode_completed__struct.hpp
[19.307s] -- Symlinking: /home/prathamkelkar/ros2_ws/install/px4_msgs/include/px4_msgs/px4_msgs/msg/detail/mode_completed__traits.hpp
[19.321s] -- Symlinking: /home/prathamkelkar/ros2_ws/install/px4_msgs/include/px4_msgs/px4_msgs/msg/detail/mode_completed__type_support.hpp
[19.330s] -- Symlinking: /home/prathamkelkar/ros2_ws/install/px4_msgs/include/px4_msgs/px4_msgs/msg/detail/mount_orientation__builder.hpp
[19.338s] -- Symlinking: /home/prathamkelkar/ros2_ws/install/px4_msgs/include/px4_msgs/px4_msgs/msg/detail/mount_orientation__struct.hpp
[19.344s] -- Symlinking: /home/prathamkelkar/ros2_ws/install/px4_msgs/include/px4_msgs/px4_msgs/msg/detail/mount_orientation__traits.hpp
[19.351s] -- Symlinking: /home/prathamkelkar/ros2_ws/install/px4_msgs/include/px4_msgs/px4_msgs/msg/detail/mount_orientation__type_support.hpp
[19.357s] -- Symlinking: /home/prathamkelkar/ros2_ws/install/px4_msgs/include/px4_msgs/px4_msgs/msg/detail/navigator_mission_item__builder.hpp
[19.363s] -- Symlinking: /home/prathamkelkar/ros2_ws/install/px4_msgs/include/px4_msgs/px4_msgs/msg/detail/navigator_mission_item__struct.hpp
[19.369s] -- Symlinking: /home/prathamkelkar/ros2_ws/install/px4_msgs/include/px4_msgs/px4_msgs/msg/detail/navigator_mission_item__traits.hpp
[19.383s] -- Symlinking: /home/prathamkelkar/ros2_ws/install/px4_msgs/include/px4_msgs/px4_msgs/msg/detail/navigator_mission_item__type_support.hpp
[19.396s] -- Symlinking: /home/prathamkelkar/ros2_ws/install/px4_msgs/include/px4_msgs/px4_msgs/msg/detail/normalized_unsigned_setpoint__builder.hpp
[19.406s] -- Symlinking: /home/prathamkelkar/ros2_ws/install/px4_msgs/include/px4_msgs/px4_msgs/msg/detail/normalized_unsigned_setpoint__struct.hpp
[19.413s] -- Symlinking: /home/prathamkelkar/ros2_ws/install/px4_msgs/include/px4_msgs/px4_msgs/msg/detail/normalized_unsigned_setpoint__traits.hpp
[19.427s] -- Symlinking: /home/prathamkelkar/ros2_ws/install/px4_msgs/include/px4_msgs/px4_msgs/msg/detail/normalized_unsigned_setpoint__type_support.hpp
[19.439s] -- Symlinking: /home/prathamkelkar/ros2_ws/install/px4_msgs/include/px4_msgs/px4_msgs/msg/detail/npfg_status__builder.hpp
[19.454s] -- Symlinking: /home/prathamkelkar/ros2_ws/install/px4_msgs/include/px4_msgs/px4_msgs/msg/detail/npfg_status__struct.hpp
[19.468s] -- Symlinking: /home/prathamkelkar/ros2_ws/install/px4_msgs/include/px4_msgs/px4_msgs/msg/detail/npfg_status__traits.hpp
[19.478s] -- Symlinking: /home/prathamkelkar/ros2_ws/install/px4_msgs/include/px4_msgs/px4_msgs/msg/detail/npfg_status__type_support.hpp
[19.492s] -- Symlinking: /home/prathamkelkar/ros2_ws/install/px4_msgs/include/px4_msgs/px4_msgs/msg/detail/obstacle_distance__builder.hpp
[19.505s] -- Symlinking: /home/prathamkelkar/ros2_ws/install/px4_msgs/include/px4_msgs/px4_msgs/msg/detail/obstacle_distance__struct.hpp
[19.515s] -- Symlinking: /home/prathamkelkar/ros2_ws/install/px4_msgs/include/px4_msgs/px4_msgs/msg/detail/obstacle_distance__traits.hpp
[19.523s] -- Symlinking: /home/prathamkelkar/ros2_ws/install/px4_msgs/include/px4_msgs/px4_msgs/msg/detail/obstacle_distance__type_support.hpp
[19.528s] -- Symlinking: /home/prathamkelkar/ros2_ws/install/px4_msgs/include/px4_msgs/px4_msgs/msg/detail/offboard_control_mode__builder.hpp
[19.535s] -- Symlinking: /home/prathamkelkar/ros2_ws/install/px4_msgs/include/px4_msgs/px4_msgs/msg/detail/offboard_control_mode__struct.hpp
[19.551s] -- Symlinking: /home/prathamkelkar/ros2_ws/install/px4_msgs/include/px4_msgs/px4_msgs/msg/detail/offboard_control_mode__traits.hpp
[19.563s] -- Symlinking: /home/prathamkelkar/ros2_ws/install/px4_msgs/include/px4_msgs/px4_msgs/msg/detail/offboard_control_mode__type_support.hpp
[19.572s] -- Symlinking: /home/prathamkelkar/ros2_ws/install/px4_msgs/include/px4_msgs/px4_msgs/msg/detail/onboard_computer_status__builder.hpp
[19.580s] -- Symlinking: /home/prathamkelkar/ros2_ws/install/px4_msgs/include/px4_msgs/px4_msgs/msg/detail/onboard_computer_status__struct.hpp
[19.587s] -- Symlinking: /home/prathamkelkar/ros2_ws/install/px4_msgs/include/px4_msgs/px4_msgs/msg/detail/onboard_computer_status__traits.hpp
[19.601s] -- Symlinking: /home/prathamkelkar/ros2_ws/install/px4_msgs/include/px4_msgs/px4_msgs/msg/detail/onboard_computer_status__type_support.hpp
[19.616s] -- Symlinking: /home/prathamkelkar/ros2_ws/install/px4_msgs/include/px4_msgs/px4_msgs/msg/detail/orb_test__builder.hpp
[19.632s] -- Symlinking: /home/prathamkelkar/ros2_ws/install/px4_msgs/include/px4_msgs/px4_msgs/msg/detail/orb_test__struct.hpp
[19.647s] -- Symlinking: /home/prathamkelkar/ros2_ws/install/px4_msgs/include/px4_msgs/px4_msgs/msg/detail/orb_test__traits.hpp
[19.663s] -- Symlinking: /home/prathamkelkar/ros2_ws/install/px4_msgs/include/px4_msgs/px4_msgs/msg/detail/orb_test__type_support.hpp
[19.677s] -- Symlinking: /home/prathamkelkar/ros2_ws/install/px4_msgs/include/px4_msgs/px4_msgs/msg/detail/orb_test_large__builder.hpp
[19.688s] -- Symlinking: /home/prathamkelkar/ros2_ws/install/px4_msgs/include/px4_msgs/px4_msgs/msg/detail/orb_test_large__struct.hpp
[19.697s] -- Symlinking: /home/prathamkelkar/ros2_ws/install/px4_msgs/include/px4_msgs/px4_msgs/msg/detail/orb_test_large__traits.hpp
[19.711s] -- Symlinking: /home/prathamkelkar/ros2_ws/install/px4_msgs/include/px4_msgs/px4_msgs/msg/detail/orb_test_large__type_support.hpp
[19.725s] -- Symlinking: /home/prathamkelkar/ros2_ws/install/px4_msgs/include/px4_msgs/px4_msgs/msg/detail/orb_test_medium__builder.hpp
[19.736s] -- Symlinking: /home/prathamkelkar/ros2_ws/install/px4_msgs/include/px4_msgs/px4_msgs/msg/detail/orb_test_medium__struct.hpp
[19.752s] -- Symlinking: /home/prathamkelkar/ros2_ws/install/px4_msgs/include/px4_msgs/px4_msgs/msg/detail/orb_test_medium__traits.hpp
[19.767s] -- Symlinking: /home/prathamkelkar/ros2_ws/install/px4_msgs/include/px4_msgs/px4_msgs/msg/detail/orb_test_medium__type_support.hpp
[19.778s] -- Symlinking: /home/prathamkelkar/ros2_ws/install/px4_msgs/include/px4_msgs/px4_msgs/msg/detail/orbit_status__builder.hpp
[19.786s] -- Symlinking: /home/prathamkelkar/ros2_ws/install/px4_msgs/include/px4_msgs/px4_msgs/msg/detail/orbit_status__struct.hpp
[19.793s] -- Symlinking: /home/prathamkelkar/ros2_ws/install/px4_msgs/include/px4_msgs/px4_msgs/msg/detail/orbit_status__traits.hpp
[19.799s] -- Symlinking: /home/prathamkelkar/ros2_ws/install/px4_msgs/include/px4_msgs/px4_msgs/msg/detail/orbit_status__type_support.hpp
[19.806s] -- Symlinking: /home/prathamkelkar/ros2_ws/install/px4_msgs/include/px4_msgs/px4_msgs/msg/detail/parameter_reset_request__builder.hpp
[19.812s] -- Symlinking: /home/prathamkelkar/ros2_ws/install/px4_msgs/include/px4_msgs/px4_msgs/msg/detail/parameter_reset_request__struct.hpp
[19.818s] -- Symlinking: /home/prathamkelkar/ros2_ws/install/px4_msgs/include/px4_msgs/px4_msgs/msg/detail/parameter_reset_request__traits.hpp
[19.824s] -- Symlinking: /home/prathamkelkar/ros2_ws/install/px4_msgs/include/px4_msgs/px4_msgs/msg/detail/parameter_reset_request__type_support.hpp
[19.830s] -- Symlinking: /home/prathamkelkar/ros2_ws/install/px4_msgs/include/px4_msgs/px4_msgs/msg/detail/parameter_set_used_request__builder.hpp
[19.837s] -- Symlinking: /home/prathamkelkar/ros2_ws/install/px4_msgs/include/px4_msgs/px4_msgs/msg/detail/parameter_set_used_request__struct.hpp
[19.851s] -- Symlinking: /home/prathamkelkar/ros2_ws/install/px4_msgs/include/px4_msgs/px4_msgs/msg/detail/parameter_set_used_request__traits.hpp
[19.867s] -- Symlinking: /home/prathamkelkar/ros2_ws/install/px4_msgs/include/px4_msgs/px4_msgs/msg/detail/parameter_set_used_request__type_support.hpp
[19.881s] -- Symlinking: /home/prathamkelkar/ros2_ws/install/px4_msgs/include/px4_msgs/px4_msgs/msg/detail/parameter_set_value_request__builder.hpp
[19.892s] -- Symlinking: /home/prathamkelkar/ros2_ws/install/px4_msgs/include/px4_msgs/px4_msgs/msg/detail/parameter_set_value_request__struct.hpp
[19.900s] -- Symlinking: /home/prathamkelkar/ros2_ws/install/px4_msgs/include/px4_msgs/px4_msgs/msg/detail/parameter_set_value_request__traits.hpp
[19.907s] -- Symlinking: /home/prathamkelkar/ros2_ws/install/px4_msgs/include/px4_msgs/px4_msgs/msg/detail/parameter_set_value_request__type_support.hpp
[19.913s] -- Symlinking: /home/prathamkelkar/ros2_ws/install/px4_msgs/include/px4_msgs/px4_msgs/msg/detail/parameter_set_value_response__builder.hpp
[19.919s] -- Symlinking: /home/prathamkelkar/ros2_ws/install/px4_msgs/include/px4_msgs/px4_msgs/msg/detail/parameter_set_value_response__struct.hpp
[19.925s] -- Symlinking: /home/prathamkelkar/ros2_ws/install/px4_msgs/include/px4_msgs/px4_msgs/msg/detail/parameter_set_value_response__traits.hpp
[19.940s] -- Symlinking: /home/prathamkelkar/ros2_ws/install/px4_msgs/include/px4_msgs/px4_msgs/msg/detail/parameter_set_value_response__type_support.hpp
[19.955s] -- Symlinking: /home/prathamkelkar/ros2_ws/install/px4_msgs/include/px4_msgs/px4_msgs/msg/detail/parameter_update__builder.hpp
[19.966s] -- Symlinking: /home/prathamkelkar/ros2_ws/install/px4_msgs/include/px4_msgs/px4_msgs/msg/detail/parameter_update__struct.hpp
[19.975s] -- Symlinking: /home/prathamkelkar/ros2_ws/install/px4_msgs/include/px4_msgs/px4_msgs/msg/detail/parameter_update__traits.hpp
[19.982s] -- Symlinking: /home/prathamkelkar/ros2_ws/install/px4_msgs/include/px4_msgs/px4_msgs/msg/detail/parameter_update__type_support.hpp
[19.989s] -- Symlinking: /home/prathamkelkar/ros2_ws/install/px4_msgs/include/px4_msgs/px4_msgs/msg/detail/ping__builder.hpp
[19.995s] -- Symlinking: /home/prathamkelkar/ros2_ws/install/px4_msgs/include/px4_msgs/px4_msgs/msg/detail/ping__struct.hpp
[20.012s] -- Symlinking: /home/prathamkelkar/ros2_ws/install/px4_msgs/include/px4_msgs/px4_msgs/msg/detail/ping__traits.hpp
[20.028s] -- Symlinking: /home/prathamkelkar/ros2_ws/install/px4_msgs/include/px4_msgs/px4_msgs/msg/detail/ping__type_support.hpp
[20.042s] -- Symlinking: /home/prathamkelkar/ros2_ws/install/px4_msgs/include/px4_msgs/px4_msgs/msg/detail/position_controller_landing_status__builder.hpp
[20.058s] -- Symlinking: /home/prathamkelkar/ros2_ws/install/px4_msgs/include/px4_msgs/px4_msgs/msg/detail/position_controller_landing_status__struct.hpp
[20.072s] -- Symlinking: /home/prathamkelkar/ros2_ws/install/px4_msgs/include/px4_msgs/px4_msgs/msg/detail/position_controller_landing_status__traits.hpp
[20.086s] -- Symlinking: /home/prathamkelkar/ros2_ws/install/px4_msgs/include/px4_msgs/px4_msgs/msg/detail/position_controller_landing_status__type_support.hpp
[20.099s] -- Symlinking: /home/prathamkelkar/ros2_ws/install/px4_msgs/include/px4_msgs/px4_msgs/msg/detail/position_controller_status__builder.hpp
[20.109s] -- Symlinking: /home/prathamkelkar/ros2_ws/install/px4_msgs/include/px4_msgs/px4_msgs/msg/detail/position_controller_status__struct.hpp
[20.117s] -- Symlinking: /home/prathamkelkar/ros2_ws/install/px4_msgs/include/px4_msgs/px4_msgs/msg/detail/position_controller_status__traits.hpp
[20.125s] -- Symlinking: /home/prathamkelkar/ros2_ws/install/px4_msgs/include/px4_msgs/px4_msgs/msg/detail/position_controller_status__type_support.hpp
[20.132s] -- Symlinking: /home/prathamkelkar/ros2_ws/install/px4_msgs/include/px4_msgs/px4_msgs/msg/detail/position_setpoint__builder.hpp
[20.149s] -- Symlinking: /home/prathamkelkar/ros2_ws/install/px4_msgs/include/px4_msgs/px4_msgs/msg/detail/position_setpoint__struct.hpp
[20.164s] -- Symlinking: /home/prathamkelkar/ros2_ws/install/px4_msgs/include/px4_msgs/px4_msgs/msg/detail/position_setpoint__traits.hpp
[20.175s] -- Symlinking: /home/prathamkelkar/ros2_ws/install/px4_msgs/include/px4_msgs/px4_msgs/msg/detail/position_setpoint__type_support.hpp
[20.184s] -- Symlinking: /home/prathamkelkar/ros2_ws/install/px4_msgs/include/px4_msgs/px4_msgs/msg/detail/position_setpoint_triplet__builder.hpp
[20.191s] -- Symlinking: /home/prathamkelkar/ros2_ws/install/px4_msgs/include/px4_msgs/px4_msgs/msg/detail/position_setpoint_triplet__struct.hpp
[20.197s] -- Symlinking: /home/prathamkelkar/ros2_ws/install/px4_msgs/include/px4_msgs/px4_msgs/msg/detail/position_setpoint_triplet__traits.hpp
[20.204s] -- Symlinking: /home/prathamkelkar/ros2_ws/install/px4_msgs/include/px4_msgs/px4_msgs/msg/detail/position_setpoint_triplet__type_support.hpp
[20.210s] -- Symlinking: /home/prathamkelkar/ros2_ws/install/px4_msgs/include/px4_msgs/px4_msgs/msg/detail/power_button_state__builder.hpp
[20.216s] -- Symlinking: /home/prathamkelkar/ros2_ws/install/px4_msgs/include/px4_msgs/px4_msgs/msg/detail/power_button_state__struct.hpp
[20.222s] -- Symlinking: /home/prathamkelkar/ros2_ws/install/px4_msgs/include/px4_msgs/px4_msgs/msg/detail/power_button_state__traits.hpp
[20.228s] -- Symlinking: /home/prathamkelkar/ros2_ws/install/px4_msgs/include/px4_msgs/px4_msgs/msg/detail/power_button_state__type_support.hpp
[20.234s] -- Symlinking: /home/prathamkelkar/ros2_ws/install/px4_msgs/include/px4_msgs/px4_msgs/msg/detail/power_monitor__builder.hpp
[20.251s] -- Symlinking: /home/prathamkelkar/ros2_ws/install/px4_msgs/include/px4_msgs/px4_msgs/msg/detail/power_monitor__struct.hpp
[20.267s] -- Symlinking: /home/prathamkelkar/ros2_ws/install/px4_msgs/include/px4_msgs/px4_msgs/msg/detail/power_monitor__traits.hpp
[20.281s] -- Symlinking: /home/prathamkelkar/ros2_ws/install/px4_msgs/include/px4_msgs/px4_msgs/msg/detail/power_monitor__type_support.hpp
[20.291s] -- Symlinking: /home/prathamkelkar/ros2_ws/install/px4_msgs/include/px4_msgs/px4_msgs/msg/detail/pps_capture__builder.hpp
[20.298s] -- Symlinking: /home/prathamkelkar/ros2_ws/install/px4_msgs/include/px4_msgs/px4_msgs/msg/detail/pps_capture__struct.hpp
[20.313s] -- Symlinking: /home/prathamkelkar/ros2_ws/install/px4_msgs/include/px4_msgs/px4_msgs/msg/detail/pps_capture__traits.hpp
[20.326s] -- Symlinking: /home/prathamkelkar/ros2_ws/install/px4_msgs/include/px4_msgs/px4_msgs/msg/detail/pps_capture__type_support.hpp
[20.341s] -- Symlinking: /home/prathamkelkar/ros2_ws/install/px4_msgs/include/px4_msgs/px4_msgs/msg/detail/pwm_input__builder.hpp
[20.352s] -- Symlinking: /home/prathamkelkar/ros2_ws/install/px4_msgs/include/px4_msgs/px4_msgs/msg/detail/pwm_input__struct.hpp
[20.361s] -- Symlinking: /home/prathamkelkar/ros2_ws/install/px4_msgs/include/px4_msgs/px4_msgs/msg/detail/pwm_input__traits.hpp
[20.368s] -- Symlinking: /home/prathamkelkar/ros2_ws/install/px4_msgs/include/px4_msgs/px4_msgs/msg/detail/pwm_input__type_support.hpp
[20.375s] -- Symlinking: /home/prathamkelkar/ros2_ws/install/px4_msgs/include/px4_msgs/px4_msgs/msg/detail/px4io_status__builder.hpp
[20.380s] -- Symlinking: /home/prathamkelkar/ros2_ws/install/px4_msgs/include/px4_msgs/px4_msgs/msg/detail/px4io_status__struct.hpp
[20.386s] -- Symlinking: /home/prathamkelkar/ros2_ws/install/px4_msgs/include/px4_msgs/px4_msgs/msg/detail/px4io_status__traits.hpp
[20.392s] -- Symlinking: /home/prathamkelkar/ros2_ws/install/px4_msgs/include/px4_msgs/px4_msgs/msg/detail/px4io_status__type_support.hpp
[20.406s] -- Symlinking: /home/prathamkelkar/ros2_ws/install/px4_msgs/include/px4_msgs/px4_msgs/msg/detail/qshell_req__builder.hpp
[20.418s] -- Symlinking: /home/prathamkelkar/ros2_ws/install/px4_msgs/include/px4_msgs/px4_msgs/msg/detail/qshell_req__struct.hpp
[20.427s] -- Symlinking: /home/prathamkelkar/ros2_ws/install/px4_msgs/include/px4_msgs/px4_msgs/msg/detail/qshell_req__traits.hpp
[20.435s] -- Symlinking: /home/prathamkelkar/ros2_ws/install/px4_msgs/include/px4_msgs/px4_msgs/msg/detail/qshell_req__type_support.hpp
[20.451s] -- Symlinking: /home/prathamkelkar/ros2_ws/install/px4_msgs/include/px4_msgs/px4_msgs/msg/detail/qshell_retval__builder.hpp
[20.465s] -- Symlinking: /home/prathamkelkar/ros2_ws/install/px4_msgs/include/px4_msgs/px4_msgs/msg/detail/qshell_retval__struct.hpp
[20.479s] -- Symlinking: /home/prathamkelkar/ros2_ws/install/px4_msgs/include/px4_msgs/px4_msgs/msg/detail/qshell_retval__traits.hpp
[20.489s] -- Symlinking: /home/prathamkelkar/ros2_ws/install/px4_msgs/include/px4_msgs/px4_msgs/msg/detail/qshell_retval__type_support.hpp
[20.496s] -- Symlinking: /home/prathamkelkar/ros2_ws/install/px4_msgs/include/px4_msgs/px4_msgs/msg/detail/radio_status__builder.hpp
[20.502s] -- Symlinking: /home/prathamkelkar/ros2_ws/install/px4_msgs/include/px4_msgs/px4_msgs/msg/detail/radio_status__struct.hpp
[20.508s] -- Symlinking: /home/prathamkelkar/ros2_ws/install/px4_msgs/include/px4_msgs/px4_msgs/msg/detail/radio_status__traits.hpp
[20.514s] -- Symlinking: /home/prathamkelkar/ros2_ws/install/px4_msgs/include/px4_msgs/px4_msgs/msg/detail/radio_status__type_support.hpp
[20.528s] -- Symlinking: /home/prathamkelkar/ros2_ws/install/px4_msgs/include/px4_msgs/px4_msgs/msg/detail/rate_ctrl_status__builder.hpp
[20.543s] -- Symlinking: /home/prathamkelkar/ros2_ws/install/px4_msgs/include/px4_msgs/px4_msgs/msg/detail/rate_ctrl_status__struct.hpp
[20.558s] -- Symlinking: /home/prathamkelkar/ros2_ws/install/px4_msgs/include/px4_msgs/px4_msgs/msg/detail/rate_ctrl_status__traits.hpp
[20.571s] -- Symlinking: /home/prathamkelkar/ros2_ws/install/px4_msgs/include/px4_msgs/px4_msgs/msg/detail/rate_ctrl_status__type_support.hpp
[20.581s] -- Symlinking: /home/prathamkelkar/ros2_ws/install/px4_msgs/include/px4_msgs/px4_msgs/msg/detail/rc_channels__builder.hpp
[20.589s] -- Symlinking: /home/prathamkelkar/ros2_ws/install/px4_msgs/include/px4_msgs/px4_msgs/msg/detail/rc_channels__struct.hpp
[20.603s] -- Symlinking: /home/prathamkelkar/ros2_ws/install/px4_msgs/include/px4_msgs/px4_msgs/msg/detail/rc_channels__traits.hpp
[20.616s] -- Symlinking: /home/prathamkelkar/ros2_ws/install/px4_msgs/include/px4_msgs/px4_msgs/msg/detail/rc_channels__type_support.hpp
[20.626s] -- Symlinking: /home/prathamkelkar/ros2_ws/install/px4_msgs/include/px4_msgs/px4_msgs/msg/detail/rc_parameter_map__builder.hpp
[20.634s] -- Symlinking: /home/prathamkelkar/ros2_ws/install/px4_msgs/include/px4_msgs/px4_msgs/msg/detail/rc_parameter_map__struct.hpp
[20.650s] -- Symlinking: /home/prathamkelkar/ros2_ws/install/px4_msgs/include/px4_msgs/px4_msgs/msg/detail/rc_parameter_map__traits.hpp
[20.664s] -- Symlinking: /home/prathamkelkar/ros2_ws/install/px4_msgs/include/px4_msgs/px4_msgs/msg/detail/rc_parameter_map__type_support.hpp
[20.678s] -- Symlinking: /home/prathamkelkar/ros2_ws/install/px4_msgs/include/px4_msgs/px4_msgs/msg/detail/register_ext_component_reply__builder.hpp
[20.688s] -- Symlinking: /home/prathamkelkar/ros2_ws/install/px4_msgs/include/px4_msgs/px4_msgs/msg/detail/register_ext_component_reply__struct.hpp
[20.695s] -- Symlinking: /home/prathamkelkar/ros2_ws/install/px4_msgs/include/px4_msgs/px4_msgs/msg/detail/register_ext_component_reply__traits.hpp
[20.701s] -- Symlinking: /home/prathamkelkar/ros2_ws/install/px4_msgs/include/px4_msgs/px4_msgs/msg/detail/register_ext_component_reply__type_support.hpp
[20.715s] -- Symlinking: /home/prathamkelkar/ros2_ws/install/px4_msgs/include/px4_msgs/px4_msgs/msg/detail/register_ext_component_request__builder.hpp
[20.730s] -- Symlinking: /home/prathamkelkar/ros2_ws/install/px4_msgs/include/px4_msgs/px4_msgs/msg/detail/register_ext_component_request__struct.hpp
[20.745s] -- Symlinking: /home/prathamkelkar/ros2_ws/install/px4_msgs/include/px4_msgs/px4_msgs/msg/detail/register_ext_component_request__traits.hpp
[20.760s] -- Symlinking: /home/prathamkelkar/ros2_ws/install/px4_msgs/include/px4_msgs/px4_msgs/msg/detail/register_ext_component_request__type_support.hpp
[20.774s] -- Symlinking: /home/prathamkelkar/ros2_ws/install/px4_msgs/include/px4_msgs/px4_msgs/msg/detail/rpm__builder.hpp
[20.789s] -- Symlinking: /home/prathamkelkar/ros2_ws/install/px4_msgs/include/px4_msgs/px4_msgs/msg/detail/rpm__struct.hpp
[20.803s] -- Symlinking: /home/prathamkelkar/ros2_ws/install/px4_msgs/include/px4_msgs/px4_msgs/msg/detail/rpm__traits.hpp
[20.816s] -- Symlinking: /home/prathamkelkar/ros2_ws/install/px4_msgs/include/px4_msgs/px4_msgs/msg/detail/rpm__type_support.hpp
[20.826s] -- Symlinking: /home/prathamkelkar/ros2_ws/install/px4_msgs/include/px4_msgs/px4_msgs/msg/detail/rtl_status__builder.hpp
[20.840s] -- Symlinking: /home/prathamkelkar/ros2_ws/install/px4_msgs/include/px4_msgs/px4_msgs/msg/detail/rtl_status__struct.hpp
[20.855s] -- Symlinking: /home/prathamkelkar/ros2_ws/install/px4_msgs/include/px4_msgs/px4_msgs/msg/detail/rtl_status__traits.hpp
[20.869s] -- Symlinking: /home/prathamkelkar/ros2_ws/install/px4_msgs/include/px4_msgs/px4_msgs/msg/detail/rtl_status__type_support.hpp
[20.879s] -- Symlinking: /home/prathamkelkar/ros2_ws/install/px4_msgs/include/px4_msgs/px4_msgs/msg/detail/rtl_time_estimate__builder.hpp
[20.886s] -- Symlinking: /home/prathamkelkar/ros2_ws/install/px4_msgs/include/px4_msgs/px4_msgs/msg/detail/rtl_time_estimate__struct.hpp
[20.892s] -- Symlinking: /home/prathamkelkar/ros2_ws/install/px4_msgs/include/px4_msgs/px4_msgs/msg/detail/rtl_time_estimate__traits.hpp
[20.897s] -- Symlinking: /home/prathamkelkar/ros2_ws/install/px4_msgs/include/px4_msgs/px4_msgs/msg/detail/rtl_time_estimate__type_support.hpp
[20.913s] -- Symlinking: /home/prathamkelkar/ros2_ws/install/px4_msgs/include/px4_msgs/px4_msgs/msg/detail/satellite_info__builder.hpp
[20.926s] -- Symlinking: /home/prathamkelkar/ros2_ws/install/px4_msgs/include/px4_msgs/px4_msgs/msg/detail/satellite_info__struct.hpp
[20.935s] -- Symlinking: /home/prathamkelkar/ros2_ws/install/px4_msgs/include/px4_msgs/px4_msgs/msg/detail/satellite_info__traits.hpp
[20.943s] -- Symlinking: /home/prathamkelkar/ros2_ws/install/px4_msgs/include/px4_msgs/px4_msgs/msg/detail/satellite_info__type_support.hpp
[20.958s] -- Symlinking: /home/prathamkelkar/ros2_ws/install/px4_msgs/include/px4_msgs/px4_msgs/msg/detail/sensor_accel__builder.hpp
[20.972s] -- Symlinking: /home/prathamkelkar/ros2_ws/install/px4_msgs/include/px4_msgs/px4_msgs/msg/detail/sensor_accel__struct.hpp
[20.982s] -- Symlinking: /home/prathamkelkar/ros2_ws/install/px4_msgs/include/px4_msgs/px4_msgs/msg/detail/sensor_accel__traits.hpp
[20.989s] -- Symlinking: /home/prathamkelkar/ros2_ws/install/px4_msgs/include/px4_msgs/px4_msgs/msg/detail/sensor_accel__type_support.hpp
[21.003s] -- Symlinking: /home/prathamkelkar/ros2_ws/install/px4_msgs/include/px4_msgs/px4_msgs/msg/detail/sensor_accel_fifo__builder.hpp
[21.016s] -- Symlinking: /home/prathamkelkar/ros2_ws/install/px4_msgs/include/px4_msgs/px4_msgs/msg/detail/sensor_accel_fifo__struct.hpp
[21.025s] -- Symlinking: /home/prathamkelkar/ros2_ws/install/px4_msgs/include/px4_msgs/px4_msgs/msg/detail/sensor_accel_fifo__traits.hpp
[21.032s] -- Symlinking: /home/prathamkelkar/ros2_ws/install/px4_msgs/include/px4_msgs/px4_msgs/msg/detail/sensor_accel_fifo__type_support.hpp
[21.046s] -- Symlinking: /home/prathamkelkar/ros2_ws/install/px4_msgs/include/px4_msgs/px4_msgs/msg/detail/sensor_airflow__builder.hpp
[21.059s] -- Symlinking: /home/prathamkelkar/ros2_ws/install/px4_msgs/include/px4_msgs/px4_msgs/msg/detail/sensor_airflow__struct.hpp
[21.068s] -- Symlinking: /home/prathamkelkar/ros2_ws/install/px4_msgs/include/px4_msgs/px4_msgs/msg/detail/sensor_airflow__traits.hpp
[21.076s] -- Symlinking: /home/prathamkelkar/ros2_ws/install/px4_msgs/include/px4_msgs/px4_msgs/msg/detail/sensor_airflow__type_support.hpp
[21.089s] -- Symlinking: /home/prathamkelkar/ros2_ws/install/px4_msgs/include/px4_msgs/px4_msgs/msg/detail/sensor_baro__builder.hpp
[21.101s] -- Symlinking: /home/prathamkelkar/ros2_ws/install/px4_msgs/include/px4_msgs/px4_msgs/msg/detail/sensor_baro__struct.hpp
[21.110s] -- Symlinking: /home/prathamkelkar/ros2_ws/install/px4_msgs/include/px4_msgs/px4_msgs/msg/detail/sensor_baro__traits.hpp
[21.118s] -- Symlinking: /home/prathamkelkar/ros2_ws/install/px4_msgs/include/px4_msgs/px4_msgs/msg/detail/sensor_baro__type_support.hpp
[21.132s] -- Symlinking: /home/prathamkelkar/ros2_ws/install/px4_msgs/include/px4_msgs/px4_msgs/msg/detail/sensor_combined__builder.hpp
[21.145s] -- Symlinking: /home/prathamkelkar/ros2_ws/install/px4_msgs/include/px4_msgs/px4_msgs/msg/detail/sensor_combined__struct.hpp
[21.154s] -- Symlinking: /home/prathamkelkar/ros2_ws/install/px4_msgs/include/px4_msgs/px4_msgs/msg/detail/sensor_combined__traits.hpp
[21.169s] -- Symlinking: /home/prathamkelkar/ros2_ws/install/px4_msgs/include/px4_msgs/px4_msgs/msg/detail/sensor_combined__type_support.hpp
[21.183s] -- Symlinking: /home/prathamkelkar/ros2_ws/install/px4_msgs/include/px4_msgs/px4_msgs/msg/detail/sensor_correction__builder.hpp
[21.192s] -- Symlinking: /home/prathamkelkar/ros2_ws/install/px4_msgs/include/px4_msgs/px4_msgs/msg/detail/sensor_correction__struct.hpp
[21.199s] -- Symlinking: /home/prathamkelkar/ros2_ws/install/px4_msgs/include/px4_msgs/px4_msgs/msg/detail/sensor_correction__traits.hpp
[21.214s] -- Symlinking: /home/prathamkelkar/ros2_ws/install/px4_msgs/include/px4_msgs/px4_msgs/msg/detail/sensor_correction__type_support.hpp
[21.227s] -- Symlinking: /home/prathamkelkar/ros2_ws/install/px4_msgs/include/px4_msgs/px4_msgs/msg/detail/sensor_gnss_relative__builder.hpp
[21.245s] -- Symlinking: /home/prathamkelkar/ros2_ws/install/px4_msgs/include/px4_msgs/px4_msgs/msg/detail/sensor_gnss_relative__struct.hpp
[21.264s] -- Symlinking: /home/prathamkelkar/ros2_ws/install/px4_msgs/include/px4_msgs/px4_msgs/msg/detail/sensor_gnss_relative__traits.hpp
[21.282s] -- Symlinking: /home/prathamkelkar/ros2_ws/install/px4_msgs/include/px4_msgs/px4_msgs/msg/detail/sensor_gnss_relative__type_support.hpp
[21.296s] -- Symlinking: /home/prathamkelkar/ros2_ws/install/px4_msgs/include/px4_msgs/px4_msgs/msg/detail/sensor_gps__builder.hpp
[21.307s] -- Symlinking: /home/prathamkelkar/ros2_ws/install/px4_msgs/include/px4_msgs/px4_msgs/msg/detail/sensor_gps__struct.hpp
[21.314s] -- Symlinking: /home/prathamkelkar/ros2_ws/install/px4_msgs/include/px4_msgs/px4_msgs/msg/detail/sensor_gps__traits.hpp
[21.321s] -- Symlinking: /home/prathamkelkar/ros2_ws/install/px4_msgs/include/px4_msgs/px4_msgs/msg/detail/sensor_gps__type_support.hpp
[21.327s] -- Symlinking: /home/prathamkelkar/ros2_ws/install/px4_msgs/include/px4_msgs/px4_msgs/msg/detail/sensor_gyro__builder.hpp
[21.342s] -- Symlinking: /home/prathamkelkar/ros2_ws/install/px4_msgs/include/px4_msgs/px4_msgs/msg/detail/sensor_gyro__struct.hpp
[21.357s] -- Symlinking: /home/prathamkelkar/ros2_ws/install/px4_msgs/include/px4_msgs/px4_msgs/msg/detail/sensor_gyro__traits.hpp
[21.372s] -- Symlinking: /home/prathamkelkar/ros2_ws/install/px4_msgs/include/px4_msgs/px4_msgs/msg/detail/sensor_gyro__type_support.hpp
[21.384s] -- Symlinking: /home/prathamkelkar/ros2_ws/install/px4_msgs/include/px4_msgs/px4_msgs/msg/detail/sensor_gyro_fft__builder.hpp
[21.392s] -- Symlinking: /home/prathamkelkar/ros2_ws/install/px4_msgs/include/px4_msgs/px4_msgs/msg/detail/sensor_gyro_fft__struct.hpp
[21.399s] -- Symlinking: /home/prathamkelkar/ros2_ws/install/px4_msgs/include/px4_msgs/px4_msgs/msg/detail/sensor_gyro_fft__traits.hpp
[21.404s] -- Symlinking: /home/prathamkelkar/ros2_ws/install/px4_msgs/include/px4_msgs/px4_msgs/msg/detail/sensor_gyro_fft__type_support.hpp
[21.410s] -- Symlinking: /home/prathamkelkar/ros2_ws/install/px4_msgs/include/px4_msgs/px4_msgs/msg/detail/sensor_gyro_fifo__builder.hpp
[21.424s] -- Symlinking: /home/prathamkelkar/ros2_ws/install/px4_msgs/include/px4_msgs/px4_msgs/msg/detail/sensor_gyro_fifo__struct.hpp
[21.434s] -- Symlinking: /home/prathamkelkar/ros2_ws/install/px4_msgs/include/px4_msgs/px4_msgs/msg/detail/sensor_gyro_fifo__traits.hpp
[21.448s] -- Symlinking: /home/prathamkelkar/ros2_ws/install/px4_msgs/include/px4_msgs/px4_msgs/msg/detail/sensor_gyro_fifo__type_support.hpp
[21.462s] -- Symlinking: /home/prathamkelkar/ros2_ws/install/px4_msgs/include/px4_msgs/px4_msgs/msg/detail/sensor_hygrometer__builder.hpp
[21.476s] -- Symlinking: /home/prathamkelkar/ros2_ws/install/px4_msgs/include/px4_msgs/px4_msgs/msg/detail/sensor_hygrometer__struct.hpp
[21.486s] -- Symlinking: /home/prathamkelkar/ros2_ws/install/px4_msgs/include/px4_msgs/px4_msgs/msg/detail/sensor_hygrometer__traits.hpp
[21.493s] -- Symlinking: /home/prathamkelkar/ros2_ws/install/px4_msgs/include/px4_msgs/px4_msgs/msg/detail/sensor_hygrometer__type_support.hpp
[21.500s] -- Symlinking: /home/prathamkelkar/ros2_ws/install/px4_msgs/include/px4_msgs/px4_msgs/msg/detail/sensor_mag__builder.hpp
[21.506s] -- Symlinking: /home/prathamkelkar/ros2_ws/install/px4_msgs/include/px4_msgs/px4_msgs/msg/detail/sensor_mag__struct.hpp
[21.520s] -- Symlinking: /home/prathamkelkar/ros2_ws/install/px4_msgs/include/px4_msgs/px4_msgs/msg/detail/sensor_mag__traits.hpp
[21.530s] -- Symlinking: /home/prathamkelkar/ros2_ws/install/px4_msgs/include/px4_msgs/px4_msgs/msg/detail/sensor_mag__type_support.hpp
[21.537s] -- Symlinking: /home/prathamkelkar/ros2_ws/install/px4_msgs/include/px4_msgs/px4_msgs/msg/detail/sensor_optical_flow__builder.hpp
[21.552s] -- Symlinking: /home/prathamkelkar/ros2_ws/install/px4_msgs/include/px4_msgs/px4_msgs/msg/detail/sensor_optical_flow__struct.hpp
[21.565s] -- Symlinking: /home/prathamkelkar/ros2_ws/install/px4_msgs/include/px4_msgs/px4_msgs/msg/detail/sensor_optical_flow__traits.hpp
[21.575s] -- Symlinking: /home/prathamkelkar/ros2_ws/install/px4_msgs/include/px4_msgs/px4_msgs/msg/detail/sensor_optical_flow__type_support.hpp
[21.588s] -- Symlinking: /home/prathamkelkar/ros2_ws/install/px4_msgs/include/px4_msgs/px4_msgs/msg/detail/sensor_preflight_mag__builder.hpp
[21.599s] -- Symlinking: /home/prathamkelkar/ros2_ws/install/px4_msgs/include/px4_msgs/px4_msgs/msg/detail/sensor_preflight_mag__struct.hpp
[21.607s] -- Symlinking: /home/prathamkelkar/ros2_ws/install/px4_msgs/include/px4_msgs/px4_msgs/msg/detail/sensor_preflight_mag__traits.hpp
[21.622s] -- Symlinking: /home/prathamkelkar/ros2_ws/install/px4_msgs/include/px4_msgs/px4_msgs/msg/detail/sensor_preflight_mag__type_support.hpp
[21.637s] -- Symlinking: /home/prathamkelkar/ros2_ws/install/px4_msgs/include/px4_msgs/px4_msgs/msg/detail/sensor_selection__builder.hpp
[21.651s] -- Symlinking: /home/prathamkelkar/ros2_ws/install/px4_msgs/include/px4_msgs/px4_msgs/msg/detail/sensor_selection__struct.hpp
[21.661s] -- Symlinking: /home/prathamkelkar/ros2_ws/install/px4_msgs/include/px4_msgs/px4_msgs/msg/detail/sensor_selection__traits.hpp
[21.675s] -- Symlinking: /home/prathamkelkar/ros2_ws/install/px4_msgs/include/px4_msgs/px4_msgs/msg/detail/sensor_selection__type_support.hpp
[21.688s] -- Symlinking: /home/prathamkelkar/ros2_ws/install/px4_msgs/include/px4_msgs/px4_msgs/msg/detail/sensor_uwb__builder.hpp
[21.702s] -- Symlinking: /home/prathamkelkar/ros2_ws/install/px4_msgs/include/px4_msgs/px4_msgs/msg/detail/sensor_uwb__struct.hpp
[21.716s] -- Symlinking: /home/prathamkelkar/ros2_ws/install/px4_msgs/include/px4_msgs/px4_msgs/msg/detail/sensor_uwb__traits.hpp
[21.725s] -- Symlinking: /home/prathamkelkar/ros2_ws/install/px4_msgs/include/px4_msgs/px4_msgs/msg/detail/sensor_uwb__type_support.hpp
[21.740s] -- Symlinking: /home/prathamkelkar/ros2_ws/install/px4_msgs/include/px4_msgs/px4_msgs/msg/detail/sensors_status__builder.hpp
[21.756s] -- Symlinking: /home/prathamkelkar/ros2_ws/install/px4_msgs/include/px4_msgs/px4_msgs/msg/detail/sensors_status__struct.hpp
[21.770s] -- Symlinking: /home/prathamkelkar/ros2_ws/install/px4_msgs/include/px4_msgs/px4_msgs/msg/detail/sensors_status__traits.hpp
[21.779s] -- Symlinking: /home/prathamkelkar/ros2_ws/install/px4_msgs/include/px4_msgs/px4_msgs/msg/detail/sensors_status__type_support.hpp
[21.786s] -- Symlinking: /home/prathamkelkar/ros2_ws/install/px4_msgs/include/px4_msgs/px4_msgs/msg/detail/sensors_status_imu__builder.hpp
[21.793s] -- Symlinking: /home/prathamkelkar/ros2_ws/install/px4_msgs/include/px4_msgs/px4_msgs/msg/detail/sensors_status_imu__struct.hpp
[21.807s] -- Symlinking: /home/prathamkelkar/ros2_ws/install/px4_msgs/include/px4_msgs/px4_msgs/msg/detail/sensors_status_imu__traits.hpp
[21.820s] -- Symlinking: /home/prathamkelkar/ros2_ws/install/px4_msgs/include/px4_msgs/px4_msgs/msg/detail/sensors_status_imu__type_support.hpp
[21.833s] -- Symlinking: /home/prathamkelkar/ros2_ws/install/px4_msgs/include/px4_msgs/px4_msgs/msg/detail/system_power__builder.hpp
[21.848s] -- Symlinking: /home/prathamkelkar/ros2_ws/install/px4_msgs/include/px4_msgs/px4_msgs/msg/detail/system_power__struct.hpp
[21.858s] -- Symlinking: /home/prathamkelkar/ros2_ws/install/px4_msgs/include/px4_msgs/px4_msgs/msg/detail/system_power__traits.hpp
[21.866s] -- Symlinking: /home/prathamkelkar/ros2_ws/install/px4_msgs/include/px4_msgs/px4_msgs/msg/detail/system_power__type_support.hpp
[21.873s] -- Symlinking: /home/prathamkelkar/ros2_ws/install/px4_msgs/include/px4_msgs/px4_msgs/msg/detail/takeoff_status__builder.hpp
[21.888s] -- Symlinking: /home/prathamkelkar/ros2_ws/install/px4_msgs/include/px4_msgs/px4_msgs/msg/detail/takeoff_status__struct.hpp
[21.902s] -- Symlinking: /home/prathamkelkar/ros2_ws/install/px4_msgs/include/px4_msgs/px4_msgs/msg/detail/takeoff_status__traits.hpp
[21.911s] -- Symlinking: /home/prathamkelkar/ros2_ws/install/px4_msgs/include/px4_msgs/px4_msgs/msg/detail/takeoff_status__type_support.hpp
[21.925s] -- Symlinking: /home/prathamkelkar/ros2_ws/install/px4_msgs/include/px4_msgs/px4_msgs/msg/detail/task_stack_info__builder.hpp
[21.938s] -- Symlinking: /home/prathamkelkar/ros2_ws/install/px4_msgs/include/px4_msgs/px4_msgs/msg/detail/task_stack_info__struct.hpp
[21.954s] -- Symlinking: /home/prathamkelkar/ros2_ws/install/px4_msgs/include/px4_msgs/px4_msgs/msg/detail/task_stack_info__traits.hpp
[21.968s] -- Symlinking: /home/prathamkelkar/ros2_ws/install/px4_msgs/include/px4_msgs/px4_msgs/msg/detail/task_stack_info__type_support.hpp
[21.978s] -- Symlinking: /home/prathamkelkar/ros2_ws/install/px4_msgs/include/px4_msgs/px4_msgs/msg/detail/tecs_status__builder.hpp
[21.985s] -- Symlinking: /home/prathamkelkar/ros2_ws/install/px4_msgs/include/px4_msgs/px4_msgs/msg/detail/tecs_status__struct.hpp
[21.991s] -- Symlinking: /home/prathamkelkar/ros2_ws/install/px4_msgs/include/px4_msgs/px4_msgs/msg/detail/tecs_status__traits.hpp
[21.997s] -- Symlinking: /home/prathamkelkar/ros2_ws/install/px4_msgs/include/px4_msgs/px4_msgs/msg/detail/tecs_status__type_support.hpp
[22.002s] -- Symlinking: /home/prathamkelkar/ros2_ws/install/px4_msgs/include/px4_msgs/px4_msgs/msg/detail/telemetry_status__builder.hpp
[22.016s] -- Symlinking: /home/prathamkelkar/ros2_ws/install/px4_msgs/include/px4_msgs/px4_msgs/msg/detail/telemetry_status__struct.hpp
[22.029s] -- Symlinking: /home/prathamkelkar/ros2_ws/install/px4_msgs/include/px4_msgs/px4_msgs/msg/detail/telemetry_status__traits.hpp
[22.039s] -- Symlinking: /home/prathamkelkar/ros2_ws/install/px4_msgs/include/px4_msgs/px4_msgs/msg/detail/telemetry_status__type_support.hpp
[22.047s] -- Symlinking: /home/prathamkelkar/ros2_ws/install/px4_msgs/include/px4_msgs/px4_msgs/msg/detail/tiltrotor_extra_controls__builder.hpp
[22.061s] -- Symlinking: /home/prathamkelkar/ros2_ws/install/px4_msgs/include/px4_msgs/px4_msgs/msg/detail/tiltrotor_extra_controls__struct.hpp
[22.075s] -- Symlinking: /home/prathamkelkar/ros2_ws/install/px4_msgs/include/px4_msgs/px4_msgs/msg/detail/tiltrotor_extra_controls__traits.hpp
[22.089s] -- Symlinking: /home/prathamkelkar/ros2_ws/install/px4_msgs/include/px4_msgs/px4_msgs/msg/detail/tiltrotor_extra_controls__type_support.hpp
[22.103s] -- Symlinking: /home/prathamkelkar/ros2_ws/install/px4_msgs/include/px4_msgs/px4_msgs/msg/detail/timesync_status__builder.hpp
[22.112s] -- Symlinking: /home/prathamkelkar/ros2_ws/install/px4_msgs/include/px4_msgs/px4_msgs/msg/detail/timesync_status__struct.hpp
[22.127s] -- Symlinking: /home/prathamkelkar/ros2_ws/install/px4_msgs/include/px4_msgs/px4_msgs/msg/detail/timesync_status__traits.hpp
[22.143s] -- Symlinking: /home/prathamkelkar/ros2_ws/install/px4_msgs/include/px4_msgs/px4_msgs/msg/detail/timesync_status__type_support.hpp
[22.158s] -- Symlinking: /home/prathamkelkar/ros2_ws/install/px4_msgs/include/px4_msgs/px4_msgs/msg/detail/trajectory_bezier__builder.hpp
[22.170s] -- Symlinking: /home/prathamkelkar/ros2_ws/install/px4_msgs/include/px4_msgs/px4_msgs/msg/detail/trajectory_bezier__struct.hpp
[22.184s] -- Symlinking: /home/prathamkelkar/ros2_ws/install/px4_msgs/include/px4_msgs/px4_msgs/msg/detail/trajectory_bezier__traits.hpp
[22.197s] -- Symlinking: /home/prathamkelkar/ros2_ws/install/px4_msgs/include/px4_msgs/px4_msgs/msg/detail/trajectory_bezier__type_support.hpp
[22.207s] -- Symlinking: /home/prathamkelkar/ros2_ws/install/px4_msgs/include/px4_msgs/px4_msgs/msg/detail/trajectory_setpoint__builder.hpp
[22.214s] -- Symlinking: /home/prathamkelkar/ros2_ws/install/px4_msgs/include/px4_msgs/px4_msgs/msg/detail/trajectory_setpoint__struct.hpp
[22.227s] -- Symlinking: /home/prathamkelkar/ros2_ws/install/px4_msgs/include/px4_msgs/px4_msgs/msg/detail/trajectory_setpoint__traits.hpp
[22.241s] -- Symlinking: /home/prathamkelkar/ros2_ws/install/px4_msgs/include/px4_msgs/px4_msgs/msg/detail/trajectory_setpoint__type_support.hpp
[22.250s] -- Symlinking: /home/prathamkelkar/ros2_ws/install/px4_msgs/include/px4_msgs/px4_msgs/msg/detail/trajectory_waypoint__builder.hpp
[22.266s] -- Symlinking: /home/prathamkelkar/ros2_ws/install/px4_msgs/include/px4_msgs/px4_msgs/msg/detail/trajectory_waypoint__struct.hpp
[22.281s] -- Symlinking: /home/prathamkelkar/ros2_ws/install/px4_msgs/include/px4_msgs/px4_msgs/msg/detail/trajectory_waypoint__traits.hpp
[22.295s] -- Symlinking: /home/prathamkelkar/ros2_ws/install/px4_msgs/include/px4_msgs/px4_msgs/msg/detail/trajectory_waypoint__type_support.hpp
[22.309s] -- Symlinking: /home/prathamkelkar/ros2_ws/install/px4_msgs/include/px4_msgs/px4_msgs/msg/detail/transponder_report__builder.hpp
[22.323s] -- Symlinking: /home/prathamkelkar/ros2_ws/install/px4_msgs/include/px4_msgs/px4_msgs/msg/detail/transponder_report__struct.hpp
[22.337s] -- Symlinking: /home/prathamkelkar/ros2_ws/install/px4_msgs/include/px4_msgs/px4_msgs/msg/detail/transponder_report__traits.hpp
[22.352s] -- Symlinking: /home/prathamkelkar/ros2_ws/install/px4_msgs/include/px4_msgs/px4_msgs/msg/detail/transponder_report__type_support.hpp
[22.366s] -- Symlinking: /home/prathamkelkar/ros2_ws/install/px4_msgs/include/px4_msgs/px4_msgs/msg/detail/tune_control__builder.hpp
[22.376s] -- Symlinking: /home/prathamkelkar/ros2_ws/install/px4_msgs/include/px4_msgs/px4_msgs/msg/detail/tune_control__struct.hpp
[22.391s] -- Symlinking: /home/prathamkelkar/ros2_ws/install/px4_msgs/include/px4_msgs/px4_msgs/msg/detail/tune_control__traits.hpp
[22.404s] -- Symlinking: /home/prathamkelkar/ros2_ws/install/px4_msgs/include/px4_msgs/px4_msgs/msg/detail/tune_control__type_support.hpp
[22.418s] -- Symlinking: /home/prathamkelkar/ros2_ws/install/px4_msgs/include/px4_msgs/px4_msgs/msg/detail/uavcan_parameter_request__builder.hpp
[22.432s] -- Symlinking: /home/prathamkelkar/ros2_ws/install/px4_msgs/include/px4_msgs/px4_msgs/msg/detail/uavcan_parameter_request__struct.hpp
[22.448s] -- Symlinking: /home/prathamkelkar/ros2_ws/install/px4_msgs/include/px4_msgs/px4_msgs/msg/detail/uavcan_parameter_request__traits.hpp
[22.462s] -- Symlinking: /home/prathamkelkar/ros2_ws/install/px4_msgs/include/px4_msgs/px4_msgs/msg/detail/uavcan_parameter_request__type_support.hpp
[22.476s] -- Symlinking: /home/prathamkelkar/ros2_ws/install/px4_msgs/include/px4_msgs/px4_msgs/msg/detail/uavcan_parameter_value__builder.hpp
[22.486s] -- Symlinking: /home/prathamkelkar/ros2_ws/install/px4_msgs/include/px4_msgs/px4_msgs/msg/detail/uavcan_parameter_value__struct.hpp
[22.493s] -- Symlinking: /home/prathamkelkar/ros2_ws/install/px4_msgs/include/px4_msgs/px4_msgs/msg/detail/uavcan_parameter_value__traits.hpp
[22.499s] -- Symlinking: /home/prathamkelkar/ros2_ws/install/px4_msgs/include/px4_msgs/px4_msgs/msg/detail/uavcan_parameter_value__type_support.hpp
[22.505s] -- Symlinking: /home/prathamkelkar/ros2_ws/install/px4_msgs/include/px4_msgs/px4_msgs/msg/detail/ulog_stream__builder.hpp
[22.511s] -- Symlinking: /home/prathamkelkar/ros2_ws/install/px4_msgs/include/px4_msgs/px4_msgs/msg/detail/ulog_stream__struct.hpp
[22.517s] -- Symlinking: /home/prathamkelkar/ros2_ws/install/px4_msgs/include/px4_msgs/px4_msgs/msg/detail/ulog_stream__traits.hpp
[22.530s] -- Symlinking: /home/prathamkelkar/ros2_ws/install/px4_msgs/include/px4_msgs/px4_msgs/msg/detail/ulog_stream__type_support.hpp
[22.539s] -- Symlinking: /home/prathamkelkar/ros2_ws/install/px4_msgs/include/px4_msgs/px4_msgs/msg/detail/ulog_stream_ack__builder.hpp
[22.554s] -- Symlinking: /home/prathamkelkar/ros2_ws/install/px4_msgs/include/px4_msgs/px4_msgs/msg/detail/ulog_stream_ack__struct.hpp
[22.568s] -- Symlinking: /home/prathamkelkar/ros2_ws/install/px4_msgs/include/px4_msgs/px4_msgs/msg/detail/ulog_stream_ack__traits.hpp
[22.581s] -- Symlinking: /home/prathamkelkar/ros2_ws/install/px4_msgs/include/px4_msgs/px4_msgs/msg/detail/ulog_stream_ack__type_support.hpp
[22.592s] -- Symlinking: /home/prathamkelkar/ros2_ws/install/px4_msgs/include/px4_msgs/px4_msgs/msg/detail/unregister_ext_component__builder.hpp
[22.607s] -- Symlinking: /home/prathamkelkar/ros2_ws/install/px4_msgs/include/px4_msgs/px4_msgs/msg/detail/unregister_ext_component__struct.hpp
[22.622s] -- Symlinking: /home/prathamkelkar/ros2_ws/install/px4_msgs/include/px4_msgs/px4_msgs/msg/detail/unregister_ext_component__traits.hpp
[22.636s] -- Symlinking: /home/prathamkelkar/ros2_ws/install/px4_msgs/include/px4_msgs/px4_msgs/msg/detail/unregister_ext_component__type_support.hpp
[22.652s] -- Symlinking: /home/prathamkelkar/ros2_ws/install/px4_msgs/include/px4_msgs/px4_msgs/msg/detail/vehicle_acceleration__builder.hpp
[22.665s] -- Symlinking: /home/prathamkelkar/ros2_ws/install/px4_msgs/include/px4_msgs/px4_msgs/msg/detail/vehicle_acceleration__struct.hpp
[22.674s] -- Symlinking: /home/prathamkelkar/ros2_ws/install/px4_msgs/include/px4_msgs/px4_msgs/msg/detail/vehicle_acceleration__traits.hpp
[22.681s] -- Symlinking: /home/prathamkelkar/ros2_ws/install/px4_msgs/include/px4_msgs/px4_msgs/msg/detail/vehicle_acceleration__type_support.hpp
[22.687s] -- Symlinking: /home/prathamkelkar/ros2_ws/install/px4_msgs/include/px4_msgs/px4_msgs/msg/detail/vehicle_air_data__builder.hpp
[22.693s] -- Symlinking: /home/prathamkelkar/ros2_ws/install/px4_msgs/include/px4_msgs/px4_msgs/msg/detail/vehicle_air_data__struct.hpp
[22.698s] -- Symlinking: /home/prathamkelkar/ros2_ws/install/px4_msgs/include/px4_msgs/px4_msgs/msg/detail/vehicle_air_data__traits.hpp
[22.704s] -- Symlinking: /home/prathamkelkar/ros2_ws/install/px4_msgs/include/px4_msgs/px4_msgs/msg/detail/vehicle_air_data__type_support.hpp
[22.709s] -- Symlinking: /home/prathamkelkar/ros2_ws/install/px4_msgs/include/px4_msgs/px4_msgs/msg/detail/vehicle_angular_acceleration_setpoint__builder.hpp
[22.715s] -- Symlinking: /home/prathamkelkar/ros2_ws/install/px4_msgs/include/px4_msgs/px4_msgs/msg/detail/vehicle_angular_acceleration_setpoint__struct.hpp
[22.729s] -- Symlinking: /home/prathamkelkar/ros2_ws/install/px4_msgs/include/px4_msgs/px4_msgs/msg/detail/vehicle_angular_acceleration_setpoint__traits.hpp
[22.742s] -- Symlinking: /home/prathamkelkar/ros2_ws/install/px4_msgs/include/px4_msgs/px4_msgs/msg/detail/vehicle_angular_acceleration_setpoint__type_support.hpp
[22.757s] -- Symlinking: /home/prathamkelkar/ros2_ws/install/px4_msgs/include/px4_msgs/px4_msgs/msg/detail/vehicle_angular_velocity__builder.hpp
[22.770s] -- Symlinking: /home/prathamkelkar/ros2_ws/install/px4_msgs/include/px4_msgs/px4_msgs/msg/detail/vehicle_angular_velocity__struct.hpp
[22.780s] -- Symlinking: /home/prathamkelkar/ros2_ws/install/px4_msgs/include/px4_msgs/px4_msgs/msg/detail/vehicle_angular_velocity__traits.hpp
[22.794s] -- Symlinking: /home/prathamkelkar/ros2_ws/install/px4_msgs/include/px4_msgs/px4_msgs/msg/detail/vehicle_angular_velocity__type_support.hpp
[22.807s] -- Symlinking: /home/prathamkelkar/ros2_ws/install/px4_msgs/include/px4_msgs/px4_msgs/msg/detail/vehicle_attitude__builder.hpp
[22.821s] -- Symlinking: /home/prathamkelkar/ros2_ws/install/px4_msgs/include/px4_msgs/px4_msgs/msg/detail/vehicle_attitude__struct.hpp
[22.834s] -- Symlinking: /home/prathamkelkar/ros2_ws/install/px4_msgs/include/px4_msgs/px4_msgs/msg/detail/vehicle_attitude__traits.hpp
[22.844s] -- Symlinking: /home/prathamkelkar/ros2_ws/install/px4_msgs/include/px4_msgs/px4_msgs/msg/detail/vehicle_attitude__type_support.hpp
[22.858s] -- Symlinking: /home/prathamkelkar/ros2_ws/install/px4_msgs/include/px4_msgs/px4_msgs/msg/detail/vehicle_attitude_setpoint__builder.hpp
[22.871s] -- Symlinking: /home/prathamkelkar/ros2_ws/install/px4_msgs/include/px4_msgs/px4_msgs/msg/detail/vehicle_attitude_setpoint__struct.hpp
[22.881s] -- Symlinking: /home/prathamkelkar/ros2_ws/install/px4_msgs/include/px4_msgs/px4_msgs/msg/detail/vehicle_attitude_setpoint__traits.hpp
[22.888s] -- Symlinking: /home/prathamkelkar/ros2_ws/install/px4_msgs/include/px4_msgs/px4_msgs/msg/detail/vehicle_attitude_setpoint__type_support.hpp
[22.894s] -- Symlinking: /home/prathamkelkar/ros2_ws/install/px4_msgs/include/px4_msgs/px4_msgs/msg/detail/vehicle_command__builder.hpp
[22.900s] -- Symlinking: /home/prathamkelkar/ros2_ws/install/px4_msgs/include/px4_msgs/px4_msgs/msg/detail/vehicle_command__struct.hpp
[22.906s] -- Symlinking: /home/prathamkelkar/ros2_ws/install/px4_msgs/include/px4_msgs/px4_msgs/msg/detail/vehicle_command__traits.hpp
[22.911s] -- Symlinking: /home/prathamkelkar/ros2_ws/install/px4_msgs/include/px4_msgs/px4_msgs/msg/detail/vehicle_command__type_support.hpp
[22.917s] -- Symlinking: /home/prathamkelkar/ros2_ws/install/px4_msgs/include/px4_msgs/px4_msgs/msg/detail/vehicle_command_ack__builder.hpp
[22.922s] -- Symlinking: /home/prathamkelkar/ros2_ws/install/px4_msgs/include/px4_msgs/px4_msgs/msg/detail/vehicle_command_ack__struct.hpp
[22.928s] -- Symlinking: /home/prathamkelkar/ros2_ws/install/px4_msgs/include/px4_msgs/px4_msgs/msg/detail/vehicle_command_ack__traits.hpp
[22.942s] -- Symlinking: /home/prathamkelkar/ros2_ws/install/px4_msgs/include/px4_msgs/px4_msgs/msg/detail/vehicle_command_ack__type_support.hpp
[22.955s] -- Symlinking: /home/prathamkelkar/ros2_ws/install/px4_msgs/include/px4_msgs/px4_msgs/msg/detail/vehicle_constraints__builder.hpp
[22.966s] -- Symlinking: /home/prathamkelkar/ros2_ws/install/px4_msgs/include/px4_msgs/px4_msgs/msg/detail/vehicle_constraints__struct.hpp
[22.973s] -- Symlinking: /home/prathamkelkar/ros2_ws/install/px4_msgs/include/px4_msgs/px4_msgs/msg/detail/vehicle_constraints__traits.hpp
[22.979s] -- Symlinking: /home/prathamkelkar/ros2_ws/install/px4_msgs/include/px4_msgs/px4_msgs/msg/detail/vehicle_constraints__type_support.hpp
[22.985s] -- Symlinking: /home/prathamkelkar/ros2_ws/install/px4_msgs/include/px4_msgs/px4_msgs/msg/detail/vehicle_control_mode__builder.hpp
[22.999s] -- Symlinking: /home/prathamkelkar/ros2_ws/install/px4_msgs/include/px4_msgs/px4_msgs/msg/detail/vehicle_control_mode__struct.hpp
[23.009s] -- Symlinking: /home/prathamkelkar/ros2_ws/install/px4_msgs/include/px4_msgs/px4_msgs/msg/detail/vehicle_control_mode__traits.hpp
[23.022s] -- Symlinking: /home/prathamkelkar/ros2_ws/install/px4_msgs/include/px4_msgs/px4_msgs/msg/detail/vehicle_control_mode__type_support.hpp
[23.035s] -- Symlinking: /home/prathamkelkar/ros2_ws/install/px4_msgs/include/px4_msgs/px4_msgs/msg/detail/vehicle_global_position__builder.hpp
[23.045s] -- Symlinking: /home/prathamkelkar/ros2_ws/install/px4_msgs/include/px4_msgs/px4_msgs/msg/detail/vehicle_global_position__struct.hpp
[23.052s] -- Symlinking: /home/prathamkelkar/ros2_ws/install/px4_msgs/include/px4_msgs/px4_msgs/msg/detail/vehicle_global_position__traits.hpp
[23.066s] -- Symlinking: /home/prathamkelkar/ros2_ws/install/px4_msgs/include/px4_msgs/px4_msgs/msg/detail/vehicle_global_position__type_support.hpp
[23.078s] -- Symlinking: /home/prathamkelkar/ros2_ws/install/px4_msgs/include/px4_msgs/px4_msgs/msg/detail/vehicle_imu__builder.hpp
[23.086s] -- Symlinking: /home/prathamkelkar/ros2_ws/install/px4_msgs/include/px4_msgs/px4_msgs/msg/detail/vehicle_imu__struct.hpp
[23.093s] -- Symlinking: /home/prathamkelkar/ros2_ws/install/px4_msgs/include/px4_msgs/px4_msgs/msg/detail/vehicle_imu__traits.hpp
[23.107s] -- Symlinking: /home/prathamkelkar/ros2_ws/install/px4_msgs/include/px4_msgs/px4_msgs/msg/detail/vehicle_imu__type_support.hpp
[23.121s] -- Symlinking: /home/prathamkelkar/ros2_ws/install/px4_msgs/include/px4_msgs/px4_msgs/msg/detail/vehicle_imu_status__builder.hpp
[23.135s] -- Symlinking: /home/prathamkelkar/ros2_ws/install/px4_msgs/include/px4_msgs/px4_msgs/msg/detail/vehicle_imu_status__struct.hpp
[23.148s] -- Symlinking: /home/prathamkelkar/ros2_ws/install/px4_msgs/include/px4_msgs/px4_msgs/msg/detail/vehicle_imu_status__traits.hpp
[23.163s] -- Symlinking: /home/prathamkelkar/ros2_ws/install/px4_msgs/include/px4_msgs/px4_msgs/msg/detail/vehicle_imu_status__type_support.hpp
[23.173s] -- Symlinking: /home/prathamkelkar/ros2_ws/install/px4_msgs/include/px4_msgs/px4_msgs/msg/detail/vehicle_land_detected__builder.hpp
[23.187s] -- Symlinking: /home/prathamkelkar/ros2_ws/install/px4_msgs/include/px4_msgs/px4_msgs/msg/detail/vehicle_land_detected__struct.hpp
[23.201s] -- Symlinking: /home/prathamkelkar/ros2_ws/install/px4_msgs/include/px4_msgs/px4_msgs/msg/detail/vehicle_land_detected__traits.hpp
[23.215s] -- Symlinking: /home/prathamkelkar/ros2_ws/install/px4_msgs/include/px4_msgs/px4_msgs/msg/detail/vehicle_land_detected__type_support.hpp
[23.225s] -- Symlinking: /home/prathamkelkar/ros2_ws/install/px4_msgs/include/px4_msgs/px4_msgs/msg/detail/vehicle_local_position__builder.hpp
[23.239s] -- Symlinking: /home/prathamkelkar/ros2_ws/install/px4_msgs/include/px4_msgs/px4_msgs/msg/detail/vehicle_local_position__struct.hpp
[23.258s] -- Symlinking: /home/prathamkelkar/ros2_ws/install/px4_msgs/include/px4_msgs/px4_msgs/msg/detail/vehicle_local_position__traits.hpp
[23.270s] -- Symlinking: /home/prathamkelkar/ros2_ws/install/px4_msgs/include/px4_msgs/px4_msgs/msg/detail/vehicle_local_position__type_support.hpp
[23.279s] -- Symlinking: /home/prathamkelkar/ros2_ws/install/px4_msgs/include/px4_msgs/px4_msgs/msg/detail/vehicle_local_position_setpoint__builder.hpp
[23.286s] -- Symlinking: /home/prathamkelkar/ros2_ws/install/px4_msgs/include/px4_msgs/px4_msgs/msg/detail/vehicle_local_position_setpoint__struct.hpp
[23.292s] -- Symlinking: /home/prathamkelkar/ros2_ws/install/px4_msgs/include/px4_msgs/px4_msgs/msg/detail/vehicle_local_position_setpoint__traits.hpp
[23.307s] -- Symlinking: /home/prathamkelkar/ros2_ws/install/px4_msgs/include/px4_msgs/px4_msgs/msg/detail/vehicle_local_position_setpoint__type_support.hpp
[23.323s] -- Symlinking: /home/prathamkelkar/ros2_ws/install/px4_msgs/include/px4_msgs/px4_msgs/msg/detail/vehicle_magnetometer__builder.hpp
[23.336s] -- Symlinking: /home/prathamkelkar/ros2_ws/install/px4_msgs/include/px4_msgs/px4_msgs/msg/detail/vehicle_magnetometer__struct.hpp
[23.346s] -- Symlinking: /home/prathamkelkar/ros2_ws/install/px4_msgs/include/px4_msgs/px4_msgs/msg/detail/vehicle_magnetometer__traits.hpp
[23.362s] -- Symlinking: /home/prathamkelkar/ros2_ws/install/px4_msgs/include/px4_msgs/px4_msgs/msg/detail/vehicle_magnetometer__type_support.hpp
[23.375s] -- Symlinking: /home/prathamkelkar/ros2_ws/install/px4_msgs/include/px4_msgs/px4_msgs/msg/detail/vehicle_odometry__builder.hpp
[23.384s] -- Symlinking: /home/prathamkelkar/ros2_ws/install/px4_msgs/include/px4_msgs/px4_msgs/msg/detail/vehicle_odometry__struct.hpp
[23.392s] -- Symlinking: /home/prathamkelkar/ros2_ws/install/px4_msgs/include/px4_msgs/px4_msgs/msg/detail/vehicle_odometry__traits.hpp
[23.398s] -- Symlinking: /home/prathamkelkar/ros2_ws/install/px4_msgs/include/px4_msgs/px4_msgs/msg/detail/vehicle_odometry__type_support.hpp
[23.404s] -- Symlinking: /home/prathamkelkar/ros2_ws/install/px4_msgs/include/px4_msgs/px4_msgs/msg/detail/vehicle_optical_flow__builder.hpp
[23.418s] -- Symlinking: /home/prathamkelkar/ros2_ws/install/px4_msgs/include/px4_msgs/px4_msgs/msg/detail/vehicle_optical_flow__struct.hpp
[23.431s] -- Symlinking: /home/prathamkelkar/ros2_ws/install/px4_msgs/include/px4_msgs/px4_msgs/msg/detail/vehicle_optical_flow__traits.hpp
[23.441s] -- Symlinking: /home/prathamkelkar/ros2_ws/install/px4_msgs/include/px4_msgs/px4_msgs/msg/detail/vehicle_optical_flow__type_support.hpp
[23.449s] -- Symlinking: /home/prathamkelkar/ros2_ws/install/px4_msgs/include/px4_msgs/px4_msgs/msg/detail/vehicle_optical_flow_vel__builder.hpp
[23.463s] -- Symlinking: /home/prathamkelkar/ros2_ws/install/px4_msgs/include/px4_msgs/px4_msgs/msg/detail/vehicle_optical_flow_vel__struct.hpp
[23.475s] -- Symlinking: /home/prathamkelkar/ros2_ws/install/px4_msgs/include/px4_msgs/px4_msgs/msg/detail/vehicle_optical_flow_vel__traits.hpp
[23.484s] -- Symlinking: /home/prathamkelkar/ros2_ws/install/px4_msgs/include/px4_msgs/px4_msgs/msg/detail/vehicle_optical_flow_vel__type_support.hpp
[23.492s] -- Symlinking: /home/prathamkelkar/ros2_ws/install/px4_msgs/include/px4_msgs/px4_msgs/msg/detail/vehicle_rates_setpoint__builder.hpp
[23.498s] -- Symlinking: /home/prathamkelkar/ros2_ws/install/px4_msgs/include/px4_msgs/px4_msgs/msg/detail/vehicle_rates_setpoint__struct.hpp
[23.512s] -- Symlinking: /home/prathamkelkar/ros2_ws/install/px4_msgs/include/px4_msgs/px4_msgs/msg/detail/vehicle_rates_setpoint__traits.hpp
[23.522s] -- Symlinking: /home/prathamkelkar/ros2_ws/install/px4_msgs/include/px4_msgs/px4_msgs/msg/detail/vehicle_rates_setpoint__type_support.hpp
[23.531s] -- Symlinking: /home/prathamkelkar/ros2_ws/install/px4_msgs/include/px4_msgs/px4_msgs/msg/detail/vehicle_roi__builder.hpp
[23.537s] -- Symlinking: /home/prathamkelkar/ros2_ws/install/px4_msgs/include/px4_msgs/px4_msgs/msg/detail/vehicle_roi__struct.hpp
[23.543s] -- Symlinking: /home/prathamkelkar/ros2_ws/install/px4_msgs/include/px4_msgs/px4_msgs/msg/detail/vehicle_roi__traits.hpp
[23.558s] -- Symlinking: /home/prathamkelkar/ros2_ws/install/px4_msgs/include/px4_msgs/px4_msgs/msg/detail/vehicle_roi__type_support.hpp
[23.571s] -- Symlinking: /home/prathamkelkar/ros2_ws/install/px4_msgs/include/px4_msgs/px4_msgs/msg/detail/vehicle_status__builder.hpp
[23.580s] -- Symlinking: /home/prathamkelkar/ros2_ws/install/px4_msgs/include/px4_msgs/px4_msgs/msg/detail/vehicle_status__struct.hpp
[23.587s] -- Symlinking: /home/prathamkelkar/ros2_ws/install/px4_msgs/include/px4_msgs/px4_msgs/msg/detail/vehicle_status__traits.hpp
[23.601s] -- Symlinking: /home/prathamkelkar/ros2_ws/install/px4_msgs/include/px4_msgs/px4_msgs/msg/detail/vehicle_status__type_support.hpp
[23.613s] -- Symlinking: /home/prathamkelkar/ros2_ws/install/px4_msgs/include/px4_msgs/px4_msgs/msg/detail/vehicle_thrust_setpoint__builder.hpp
[23.628s] -- Symlinking: /home/prathamkelkar/ros2_ws/install/px4_msgs/include/px4_msgs/px4_msgs/msg/detail/vehicle_thrust_setpoint__struct.hpp
[23.642s] -- Symlinking: /home/prathamkelkar/ros2_ws/install/px4_msgs/include/px4_msgs/px4_msgs/msg/detail/vehicle_thrust_setpoint__traits.hpp
[23.656s] -- Symlinking: /home/prathamkelkar/ros2_ws/install/px4_msgs/include/px4_msgs/px4_msgs/msg/detail/vehicle_thrust_setpoint__type_support.hpp
[23.670s] -- Symlinking: /home/prathamkelkar/ros2_ws/install/px4_msgs/include/px4_msgs/px4_msgs/msg/detail/vehicle_torque_setpoint__builder.hpp
[23.679s] -- Symlinking: /home/prathamkelkar/ros2_ws/install/px4_msgs/include/px4_msgs/px4_msgs/msg/detail/vehicle_torque_setpoint__struct.hpp
[23.686s] -- Symlinking: /home/prathamkelkar/ros2_ws/install/px4_msgs/include/px4_msgs/px4_msgs/msg/detail/vehicle_torque_setpoint__traits.hpp
[23.692s] -- Symlinking: /home/prathamkelkar/ros2_ws/install/px4_msgs/include/px4_msgs/px4_msgs/msg/detail/vehicle_torque_setpoint__type_support.hpp
[23.698s] -- Symlinking: /home/prathamkelkar/ros2_ws/install/px4_msgs/include/px4_msgs/px4_msgs/msg/detail/vehicle_trajectory_bezier__builder.hpp
[23.703s] -- Symlinking: /home/prathamkelkar/ros2_ws/install/px4_msgs/include/px4_msgs/px4_msgs/msg/detail/vehicle_trajectory_bezier__struct.hpp
[23.709s] -- Symlinking: /home/prathamkelkar/ros2_ws/install/px4_msgs/include/px4_msgs/px4_msgs/msg/detail/vehicle_trajectory_bezier__traits.hpp
[23.715s] -- Symlinking: /home/prathamkelkar/ros2_ws/install/px4_msgs/include/px4_msgs/px4_msgs/msg/detail/vehicle_trajectory_bezier__type_support.hpp
[23.721s] -- Symlinking: /home/prathamkelkar/ros2_ws/install/px4_msgs/include/px4_msgs/px4_msgs/msg/detail/vehicle_trajectory_waypoint__builder.hpp
[23.726s] -- Symlinking: /home/prathamkelkar/ros2_ws/install/px4_msgs/include/px4_msgs/px4_msgs/msg/detail/vehicle_trajectory_waypoint__struct.hpp
[23.732s] -- Symlinking: /home/prathamkelkar/ros2_ws/install/px4_msgs/include/px4_msgs/px4_msgs/msg/detail/vehicle_trajectory_waypoint__traits.hpp
[23.738s] -- Symlinking: /home/prathamkelkar/ros2_ws/install/px4_msgs/include/px4_msgs/px4_msgs/msg/detail/vehicle_trajectory_waypoint__type_support.hpp
[23.743s] -- Symlinking: /home/prathamkelkar/ros2_ws/install/px4_msgs/include/px4_msgs/px4_msgs/msg/detail/velocity_limits__builder.hpp
[23.750s] -- Symlinking: /home/prathamkelkar/ros2_ws/install/px4_msgs/include/px4_msgs/px4_msgs/msg/detail/velocity_limits__struct.hpp
[23.755s] -- Symlinking: /home/prathamkelkar/ros2_ws/install/px4_msgs/include/px4_msgs/px4_msgs/msg/detail/velocity_limits__traits.hpp
[23.761s] -- Symlinking: /home/prathamkelkar/ros2_ws/install/px4_msgs/include/px4_msgs/px4_msgs/msg/detail/velocity_limits__type_support.hpp
[23.767s] -- Symlinking: /home/prathamkelkar/ros2_ws/install/px4_msgs/include/px4_msgs/px4_msgs/msg/detail/vtol_vehicle_status__builder.hpp
[23.773s] -- Symlinking: /home/prathamkelkar/ros2_ws/install/px4_msgs/include/px4_msgs/px4_msgs/msg/detail/vtol_vehicle_status__struct.hpp
[23.787s] -- Symlinking: /home/prathamkelkar/ros2_ws/install/px4_msgs/include/px4_msgs/px4_msgs/msg/detail/vtol_vehicle_status__traits.hpp
[23.801s] -- Symlinking: /home/prathamkelkar/ros2_ws/install/px4_msgs/include/px4_msgs/px4_msgs/msg/detail/vtol_vehicle_status__type_support.hpp
[23.816s] -- Symlinking: /home/prathamkelkar/ros2_ws/install/px4_msgs/include/px4_msgs/px4_msgs/msg/detail/wheel_encoders__builder.hpp
[23.830s] -- Symlinking: /home/prathamkelkar/ros2_ws/install/px4_msgs/include/px4_msgs/px4_msgs/msg/detail/wheel_encoders__struct.hpp
[23.843s] -- Symlinking: /home/prathamkelkar/ros2_ws/install/px4_msgs/include/px4_msgs/px4_msgs/msg/detail/wheel_encoders__traits.hpp
[23.853s] -- Symlinking: /home/prathamkelkar/ros2_ws/install/px4_msgs/include/px4_msgs/px4_msgs/msg/detail/wheel_encoders__type_support.hpp
[23.861s] -- Symlinking: /home/prathamkelkar/ros2_ws/install/px4_msgs/include/px4_msgs/px4_msgs/msg/detail/wind__builder.hpp
[23.867s] -- Symlinking: /home/prathamkelkar/ros2_ws/install/px4_msgs/include/px4_msgs/px4_msgs/msg/detail/wind__struct.hpp
[23.874s] -- Symlinking: /home/prathamkelkar/ros2_ws/install/px4_msgs/include/px4_msgs/px4_msgs/msg/detail/wind__traits.hpp
[23.880s] -- Symlinking: /home/prathamkelkar/ros2_ws/install/px4_msgs/include/px4_msgs/px4_msgs/msg/detail/wind__type_support.hpp
[23.893s] -- Symlinking: /home/prathamkelkar/ros2_ws/install/px4_msgs/include/px4_msgs/px4_msgs/msg/detail/yaw_estimator_status__builder.hpp
[23.907s] -- Symlinking: /home/prathamkelkar/ros2_ws/install/px4_msgs/include/px4_msgs/px4_msgs/msg/detail/yaw_estimator_status__struct.hpp
[23.916s] -- Symlinking: /home/prathamkelkar/ros2_ws/install/px4_msgs/include/px4_msgs/px4_msgs/msg/detail/yaw_estimator_status__traits.hpp
[23.931s] -- Symlinking: /home/prathamkelkar/ros2_ws/install/px4_msgs/include/px4_msgs/px4_msgs/msg/detail/yaw_estimator_status__type_support.hpp
[23.944s] -- Symlinking: /home/prathamkelkar/ros2_ws/install/px4_msgs/include/px4_msgs/px4_msgs/msg/differential_drive_setpoint.hpp
[23.959s] -- Symlinking: /home/prathamkelkar/ros2_ws/install/px4_msgs/include/px4_msgs/px4_msgs/msg/differential_pressure.hpp
[23.971s] -- Symlinking: /home/prathamkelkar/ros2_ws/install/px4_msgs/include/px4_msgs/px4_msgs/msg/distance_sensor.hpp
[23.985s] -- Symlinking: /home/prathamkelkar/ros2_ws/install/px4_msgs/include/px4_msgs/px4_msgs/msg/ekf2_timestamps.hpp
[23.998s] -- Symlinking: /home/prathamkelkar/ros2_ws/install/px4_msgs/include/px4_msgs/px4_msgs/msg/esc_report.hpp
[24.007s] -- Symlinking: /home/prathamkelkar/ros2_ws/install/px4_msgs/include/px4_msgs/px4_msgs/msg/esc_status.hpp
[24.021s] -- Symlinking: /home/prathamkelkar/ros2_ws/install/px4_msgs/include/px4_msgs/px4_msgs/msg/estimator_aid_source1d.hpp
[24.035s] -- Symlinking: /home/prathamkelkar/ros2_ws/install/px4_msgs/include/px4_msgs/px4_msgs/msg/estimator_aid_source2d.hpp
[24.051s] -- Symlinking: /home/prathamkelkar/ros2_ws/install/px4_msgs/include/px4_msgs/px4_msgs/msg/estimator_aid_source3d.hpp
[24.064s] -- Symlinking: /home/prathamkelkar/ros2_ws/install/px4_msgs/include/px4_msgs/px4_msgs/msg/estimator_bias.hpp
[24.075s] -- Symlinking: /home/prathamkelkar/ros2_ws/install/px4_msgs/include/px4_msgs/px4_msgs/msg/estimator_bias3d.hpp
[24.089s] -- Symlinking: /home/prathamkelkar/ros2_ws/install/px4_msgs/include/px4_msgs/px4_msgs/msg/estimator_event_flags.hpp
[24.103s] -- Symlinking: /home/prathamkelkar/ros2_ws/install/px4_msgs/include/px4_msgs/px4_msgs/msg/estimator_gps_status.hpp
[24.112s] -- Symlinking: /home/prathamkelkar/ros2_ws/install/px4_msgs/include/px4_msgs/px4_msgs/msg/estimator_innovations.hpp
[24.122s] -- Symlinking: /home/prathamkelkar/ros2_ws/install/px4_msgs/include/px4_msgs/px4_msgs/msg/estimator_selector_status.hpp
[24.137s] -- Symlinking: /home/prathamkelkar/ros2_ws/install/px4_msgs/include/px4_msgs/px4_msgs/msg/estimator_sensor_bias.hpp
[24.150s] -- Symlinking: /home/prathamkelkar/ros2_ws/install/px4_msgs/include/px4_msgs/px4_msgs/msg/estimator_states.hpp
[24.160s] -- Symlinking: /home/prathamkelkar/ros2_ws/install/px4_msgs/include/px4_msgs/px4_msgs/msg/estimator_status.hpp
[24.167s] -- Symlinking: /home/prathamkelkar/ros2_ws/install/px4_msgs/include/px4_msgs/px4_msgs/msg/estimator_status_flags.hpp
[24.181s] -- Symlinking: /home/prathamkelkar/ros2_ws/install/px4_msgs/include/px4_msgs/px4_msgs/msg/event.hpp
[24.194s] -- Symlinking: /home/prathamkelkar/ros2_ws/install/px4_msgs/include/px4_msgs/px4_msgs/msg/failsafe_flags.hpp
[24.204s] -- Symlinking: /home/prathamkelkar/ros2_ws/install/px4_msgs/include/px4_msgs/px4_msgs/msg/failure_detector_status.hpp
[24.211s] -- Symlinking: /home/prathamkelkar/ros2_ws/install/px4_msgs/include/px4_msgs/px4_msgs/msg/figure_eight_status.hpp
[24.217s] -- Symlinking: /home/prathamkelkar/ros2_ws/install/px4_msgs/include/px4_msgs/px4_msgs/msg/flight_phase_estimation.hpp
[24.232s] -- Symlinking: /home/prathamkelkar/ros2_ws/install/px4_msgs/include/px4_msgs/px4_msgs/msg/follow_target.hpp
[24.251s] -- Symlinking: /home/prathamkelkar/ros2_ws/install/px4_msgs/include/px4_msgs/px4_msgs/msg/follow_target_estimator.hpp
[24.268s] -- Symlinking: /home/prathamkelkar/ros2_ws/install/px4_msgs/include/px4_msgs/px4_msgs/msg/follow_target_status.hpp
[24.282s] -- Symlinking: /home/prathamkelkar/ros2_ws/install/px4_msgs/include/px4_msgs/px4_msgs/msg/generator_status.hpp
[24.291s] -- Symlinking: /home/prathamkelkar/ros2_ws/install/px4_msgs/include/px4_msgs/px4_msgs/msg/geofence_result.hpp
[24.298s] -- Symlinking: /home/prathamkelkar/ros2_ws/install/px4_msgs/include/px4_msgs/px4_msgs/msg/geofence_status.hpp
[24.312s] -- Symlinking: /home/prathamkelkar/ros2_ws/install/px4_msgs/include/px4_msgs/px4_msgs/msg/gimbal_controls.hpp
[24.327s] -- Symlinking: /home/prathamkelkar/ros2_ws/install/px4_msgs/include/px4_msgs/px4_msgs/msg/gimbal_device_attitude_status.hpp
[24.341s] -- Symlinking: /home/prathamkelkar/ros2_ws/install/px4_msgs/include/px4_msgs/px4_msgs/msg/gimbal_device_information.hpp
[24.352s] -- Symlinking: /home/prathamkelkar/ros2_ws/install/px4_msgs/include/px4_msgs/px4_msgs/msg/gimbal_device_set_attitude.hpp
[24.366s] -- Symlinking: /home/prathamkelkar/ros2_ws/install/px4_msgs/include/px4_msgs/px4_msgs/msg/gimbal_manager_information.hpp
[24.380s] -- Symlinking: /home/prathamkelkar/ros2_ws/install/px4_msgs/include/px4_msgs/px4_msgs/msg/gimbal_manager_set_attitude.hpp
[24.396s] -- Symlinking: /home/prathamkelkar/ros2_ws/install/px4_msgs/include/px4_msgs/px4_msgs/msg/gimbal_manager_set_manual_control.hpp
[24.409s] -- Symlinking: /home/prathamkelkar/ros2_ws/install/px4_msgs/include/px4_msgs/px4_msgs/msg/gimbal_manager_status.hpp
[24.419s] -- Symlinking: /home/prathamkelkar/ros2_ws/install/px4_msgs/include/px4_msgs/px4_msgs/msg/goto_setpoint.hpp
[24.433s] -- Symlinking: /home/prathamkelkar/ros2_ws/install/px4_msgs/include/px4_msgs/px4_msgs/msg/gpio_config.hpp
[24.447s] -- Symlinking: /home/prathamkelkar/ros2_ws/install/px4_msgs/include/px4_msgs/px4_msgs/msg/gpio_in.hpp
[24.456s] -- Symlinking: /home/prathamkelkar/ros2_ws/install/px4_msgs/include/px4_msgs/px4_msgs/msg/gpio_out.hpp
[24.464s] -- Symlinking: /home/prathamkelkar/ros2_ws/install/px4_msgs/include/px4_msgs/px4_msgs/msg/gpio_request.hpp
[24.478s] -- Symlinking: /home/prathamkelkar/ros2_ws/install/px4_msgs/include/px4_msgs/px4_msgs/msg/gps_dump.hpp
[24.492s] -- Symlinking: /home/prathamkelkar/ros2_ws/install/px4_msgs/include/px4_msgs/px4_msgs/msg/gps_inject_data.hpp
[24.505s] -- Symlinking: /home/prathamkelkar/ros2_ws/install/px4_msgs/include/px4_msgs/px4_msgs/msg/gripper.hpp
[24.515s] -- Symlinking: /home/prathamkelkar/ros2_ws/install/px4_msgs/include/px4_msgs/px4_msgs/msg/health_report.hpp
[24.522s] -- Symlinking: /home/prathamkelkar/ros2_ws/install/px4_msgs/include/px4_msgs/px4_msgs/msg/heater_status.hpp
[24.528s] -- Symlinking: /home/prathamkelkar/ros2_ws/install/px4_msgs/include/px4_msgs/px4_msgs/msg/home_position.hpp
[24.543s] -- Symlinking: /home/prathamkelkar/ros2_ws/install/px4_msgs/include/px4_msgs/px4_msgs/msg/hover_thrust_estimate.hpp
[24.558s] -- Symlinking: /home/prathamkelkar/ros2_ws/install/px4_msgs/include/px4_msgs/px4_msgs/msg/input_rc.hpp
[24.572s] -- Symlinking: /home/prathamkelkar/ros2_ws/install/px4_msgs/include/px4_msgs/px4_msgs/msg/internal_combustion_engine_status.hpp
[24.584s] -- Symlinking: /home/prathamkelkar/ros2_ws/install/px4_msgs/include/px4_msgs/px4_msgs/msg/iridiumsbd_status.hpp
[24.598s] -- Symlinking: /home/prathamkelkar/ros2_ws/install/px4_msgs/include/px4_msgs/px4_msgs/msg/irlock_report.hpp
[24.611s] -- Symlinking: /home/prathamkelkar/ros2_ws/install/px4_msgs/include/px4_msgs/px4_msgs/msg/landing_gear.hpp
[24.621s] -- Symlinking: /home/prathamkelkar/ros2_ws/install/px4_msgs/include/px4_msgs/px4_msgs/msg/landing_gear_wheel.hpp
[24.629s] -- Symlinking: /home/prathamkelkar/ros2_ws/install/px4_msgs/include/px4_msgs/px4_msgs/msg/landing_target_innovations.hpp
[24.635s] -- Symlinking: /home/prathamkelkar/ros2_ws/install/px4_msgs/include/px4_msgs/px4_msgs/msg/landing_target_pose.hpp
[24.652s] -- Symlinking: /home/prathamkelkar/ros2_ws/install/px4_msgs/include/px4_msgs/px4_msgs/msg/launch_detection_status.hpp
[24.666s] -- Symlinking: /home/prathamkelkar/ros2_ws/install/px4_msgs/include/px4_msgs/px4_msgs/msg/led_control.hpp
[24.679s] -- Symlinking: /home/prathamkelkar/ros2_ws/install/px4_msgs/include/px4_msgs/px4_msgs/msg/log_message.hpp
[24.689s] -- Symlinking: /home/prathamkelkar/ros2_ws/install/px4_msgs/include/px4_msgs/px4_msgs/msg/logger_status.hpp
[24.704s] -- Symlinking: /home/prathamkelkar/ros2_ws/install/px4_msgs/include/px4_msgs/px4_msgs/msg/mag_worker_data.hpp
[24.717s] -- Symlinking: /home/prathamkelkar/ros2_ws/install/px4_msgs/include/px4_msgs/px4_msgs/msg/magnetometer_bias_estimate.hpp
[24.731s] -- Symlinking: /home/prathamkelkar/ros2_ws/install/px4_msgs/include/px4_msgs/px4_msgs/msg/manual_control_setpoint.hpp
[24.745s] -- Symlinking: /home/prathamkelkar/ros2_ws/install/px4_msgs/include/px4_msgs/px4_msgs/msg/manual_control_switches.hpp
[24.760s] -- Symlinking: /home/prathamkelkar/ros2_ws/install/px4_msgs/include/px4_msgs/px4_msgs/msg/mavlink_log.hpp
[24.774s] -- Symlinking: /home/prathamkelkar/ros2_ws/install/px4_msgs/include/px4_msgs/px4_msgs/msg/mavlink_tunnel.hpp
[24.784s] -- Symlinking: /home/prathamkelkar/ros2_ws/install/px4_msgs/include/px4_msgs/px4_msgs/msg/message_format_request.hpp
[24.791s] -- Symlinking: /home/prathamkelkar/ros2_ws/install/px4_msgs/include/px4_msgs/px4_msgs/msg/message_format_response.hpp
[24.806s] -- Symlinking: /home/prathamkelkar/ros2_ws/install/px4_msgs/include/px4_msgs/px4_msgs/msg/mission.hpp
[24.818s] -- Symlinking: /home/prathamkelkar/ros2_ws/install/px4_msgs/include/px4_msgs/px4_msgs/msg/mission_result.hpp
[24.832s] -- Symlinking: /home/prathamkelkar/ros2_ws/install/px4_msgs/include/px4_msgs/px4_msgs/msg/mode_completed.hpp
[24.844s] -- Symlinking: /home/prathamkelkar/ros2_ws/install/px4_msgs/include/px4_msgs/px4_msgs/msg/mount_orientation.hpp
[24.859s] -- Symlinking: /home/prathamkelkar/ros2_ws/install/px4_msgs/include/px4_msgs/px4_msgs/msg/navigator_mission_item.hpp
[24.874s] -- Symlinking: /home/prathamkelkar/ros2_ws/install/px4_msgs/include/px4_msgs/px4_msgs/msg/normalized_unsigned_setpoint.hpp
[24.884s] -- Symlinking: /home/prathamkelkar/ros2_ws/install/px4_msgs/include/px4_msgs/px4_msgs/msg/npfg_status.hpp
[24.899s] -- Symlinking: /home/prathamkelkar/ros2_ws/install/px4_msgs/include/px4_msgs/px4_msgs/msg/obstacle_distance.hpp
[24.913s] -- Symlinking: /home/prathamkelkar/ros2_ws/install/px4_msgs/include/px4_msgs/px4_msgs/msg/offboard_control_mode.hpp
[24.927s] -- Symlinking: /home/prathamkelkar/ros2_ws/install/px4_msgs/include/px4_msgs/px4_msgs/msg/onboard_computer_status.hpp
[24.941s] -- Symlinking: /home/prathamkelkar/ros2_ws/install/px4_msgs/include/px4_msgs/px4_msgs/msg/orb_test.hpp
[24.960s] -- Symlinking: /home/prathamkelkar/ros2_ws/install/px4_msgs/include/px4_msgs/px4_msgs/msg/orb_test_large.hpp
[24.976s] -- Symlinking: /home/prathamkelkar/ros2_ws/install/px4_msgs/include/px4_msgs/px4_msgs/msg/orb_test_medium.hpp
[24.990s] -- Symlinking: /home/prathamkelkar/ros2_ws/install/px4_msgs/include/px4_msgs/px4_msgs/msg/orbit_status.hpp
[24.999s] -- Symlinking: /home/prathamkelkar/ros2_ws/install/px4_msgs/include/px4_msgs/px4_msgs/msg/parameter_reset_request.hpp
[25.008s] -- Symlinking: /home/prathamkelkar/ros2_ws/install/px4_msgs/include/px4_msgs/px4_msgs/msg/parameter_set_used_request.hpp
[25.015s] -- Symlinking: /home/prathamkelkar/ros2_ws/install/px4_msgs/include/px4_msgs/px4_msgs/msg/parameter_set_value_request.hpp
[25.029s] -- Symlinking: /home/prathamkelkar/ros2_ws/install/px4_msgs/include/px4_msgs/px4_msgs/msg/parameter_set_value_response.hpp
[25.045s] -- Symlinking: /home/prathamkelkar/ros2_ws/install/px4_msgs/include/px4_msgs/px4_msgs/msg/parameter_update.hpp
[25.062s] -- Symlinking: /home/prathamkelkar/ros2_ws/install/px4_msgs/include/px4_msgs/px4_msgs/msg/ping.hpp
[25.077s] -- Symlinking: /home/prathamkelkar/ros2_ws/install/px4_msgs/include/px4_msgs/px4_msgs/msg/position_controller_landing_status.hpp
[25.088s] -- Symlinking: /home/prathamkelkar/ros2_ws/install/px4_msgs/include/px4_msgs/px4_msgs/msg/position_controller_status.hpp
[25.096s] -- Symlinking: /home/prathamkelkar/ros2_ws/install/px4_msgs/include/px4_msgs/px4_msgs/msg/position_setpoint.hpp
[25.104s] -- Symlinking: /home/prathamkelkar/ros2_ws/install/px4_msgs/include/px4_msgs/px4_msgs/msg/position_setpoint_triplet.hpp
[25.111s] -- Symlinking: /home/prathamkelkar/ros2_ws/install/px4_msgs/include/px4_msgs/px4_msgs/msg/power_button_state.hpp
[25.117s] -- Symlinking: /home/prathamkelkar/ros2_ws/install/px4_msgs/include/px4_msgs/px4_msgs/msg/power_monitor.hpp
[25.124s] -- Symlinking: /home/prathamkelkar/ros2_ws/install/px4_msgs/include/px4_msgs/px4_msgs/msg/pps_capture.hpp
[25.130s] -- Symlinking: /home/prathamkelkar/ros2_ws/install/px4_msgs/include/px4_msgs/px4_msgs/msg/pwm_input.hpp
[25.146s] -- Symlinking: /home/prathamkelkar/ros2_ws/install/px4_msgs/include/px4_msgs/px4_msgs/msg/px4io_status.hpp
[25.161s] -- Symlinking: /home/prathamkelkar/ros2_ws/install/px4_msgs/include/px4_msgs/px4_msgs/msg/qshell_req.hpp
[25.173s] -- Symlinking: /home/prathamkelkar/ros2_ws/install/px4_msgs/include/px4_msgs/px4_msgs/msg/qshell_retval.hpp
[25.182s] -- Symlinking: /home/prathamkelkar/ros2_ws/install/px4_msgs/include/px4_msgs/px4_msgs/msg/radio_status.hpp
[25.190s] -- Symlinking: /home/prathamkelkar/ros2_ws/install/px4_msgs/include/px4_msgs/px4_msgs/msg/rate_ctrl_status.hpp
[25.196s] -- Symlinking: /home/prathamkelkar/ros2_ws/install/px4_msgs/include/px4_msgs/px4_msgs/msg/rc_channels.hpp
[25.203s] -- Symlinking: /home/prathamkelkar/ros2_ws/install/px4_msgs/include/px4_msgs/px4_msgs/msg/rc_parameter_map.hpp
[25.217s] -- Symlinking: /home/prathamkelkar/ros2_ws/install/px4_msgs/include/px4_msgs/px4_msgs/msg/register_ext_component_reply.hpp
[25.230s] -- Symlinking: /home/prathamkelkar/ros2_ws/install/px4_msgs/include/px4_msgs/px4_msgs/msg/register_ext_component_request.hpp
[25.242s] -- Symlinking: /home/prathamkelkar/ros2_ws/install/px4_msgs/include/px4_msgs/px4_msgs/msg/rosidl_generator_cpp__visibility_control.hpp
[25.253s] -- Symlinking: /home/prathamkelkar/ros2_ws/install/px4_msgs/include/px4_msgs/px4_msgs/msg/rpm.hpp
[25.269s] -- Symlinking: /home/prathamkelkar/ros2_ws/install/px4_msgs/include/px4_msgs/px4_msgs/msg/rtl_status.hpp
[25.285s] -- Symlinking: /home/prathamkelkar/ros2_ws/install/px4_msgs/include/px4_msgs/px4_msgs/msg/rtl_time_estimate.hpp
[25.296s] -- Symlinking: /home/prathamkelkar/ros2_ws/install/px4_msgs/include/px4_msgs/px4_msgs/msg/satellite_info.hpp
[25.304s] -- Symlinking: /home/prathamkelkar/ros2_ws/install/px4_msgs/include/px4_msgs/px4_msgs/msg/sensor_accel.hpp
[25.318s] -- Symlinking: /home/prathamkelkar/ros2_ws/install/px4_msgs/include/px4_msgs/px4_msgs/msg/sensor_accel_fifo.hpp
[25.331s] -- Symlinking: /home/prathamkelkar/ros2_ws/install/px4_msgs/include/px4_msgs/px4_msgs/msg/sensor_airflow.hpp
[25.340s] -- Symlinking: /home/prathamkelkar/ros2_ws/install/px4_msgs/include/px4_msgs/px4_msgs/msg/sensor_baro.hpp
[25.355s] -- Symlinking: /home/prathamkelkar/ros2_ws/install/px4_msgs/include/px4_msgs/px4_msgs/msg/sensor_combined.hpp
[25.368s] -- Symlinking: /home/prathamkelkar/ros2_ws/install/px4_msgs/include/px4_msgs/px4_msgs/msg/sensor_correction.hpp
[25.384s] -- Symlinking: /home/prathamkelkar/ros2_ws/install/px4_msgs/include/px4_msgs/px4_msgs/msg/sensor_gnss_relative.hpp
[25.398s] -- Symlinking: /home/prathamkelkar/ros2_ws/install/px4_msgs/include/px4_msgs/px4_msgs/msg/sensor_gps.hpp
[25.411s] -- Symlinking: /home/prathamkelkar/ros2_ws/install/px4_msgs/include/px4_msgs/px4_msgs/msg/sensor_gyro.hpp
[25.421s] -- Symlinking: /home/prathamkelkar/ros2_ws/install/px4_msgs/include/px4_msgs/px4_msgs/msg/sensor_gyro_fft.hpp
[25.429s] -- Symlinking: /home/prathamkelkar/ros2_ws/install/px4_msgs/include/px4_msgs/px4_msgs/msg/sensor_gyro_fifo.hpp
[25.435s] -- Symlinking: /home/prathamkelkar/ros2_ws/install/px4_msgs/include/px4_msgs/px4_msgs/msg/sensor_hygrometer.hpp
[25.440s] -- Symlinking: /home/prathamkelkar/ros2_ws/install/px4_msgs/include/px4_msgs/px4_msgs/msg/sensor_mag.hpp
[25.455s] -- Symlinking: /home/prathamkelkar/ros2_ws/install/px4_msgs/include/px4_msgs/px4_msgs/msg/sensor_optical_flow.hpp
[25.469s] -- Symlinking: /home/prathamkelkar/ros2_ws/install/px4_msgs/include/px4_msgs/px4_msgs/msg/sensor_preflight_mag.hpp
[25.479s] -- Symlinking: /home/prathamkelkar/ros2_ws/install/px4_msgs/include/px4_msgs/px4_msgs/msg/sensor_selection.hpp
[25.486s] -- Symlinking: /home/prathamkelkar/ros2_ws/install/px4_msgs/include/px4_msgs/px4_msgs/msg/sensor_uwb.hpp
[25.492s] -- Symlinking: /home/prathamkelkar/ros2_ws/install/px4_msgs/include/px4_msgs/px4_msgs/msg/sensors_status.hpp
[25.506s] -- Symlinking: /home/prathamkelkar/ros2_ws/install/px4_msgs/include/px4_msgs/px4_msgs/msg/sensors_status_imu.hpp
[25.518s] -- Symlinking: /home/prathamkelkar/ros2_ws/install/px4_msgs/include/px4_msgs/px4_msgs/msg/system_power.hpp
[25.528s] -- Symlinking: /home/prathamkelkar/ros2_ws/install/px4_msgs/include/px4_msgs/px4_msgs/msg/takeoff_status.hpp
[25.535s] -- Symlinking: /home/prathamkelkar/ros2_ws/install/px4_msgs/include/px4_msgs/px4_msgs/msg/task_stack_info.hpp
[25.550s] -- Symlinking: /home/prathamkelkar/ros2_ws/install/px4_msgs/include/px4_msgs/px4_msgs/msg/tecs_status.hpp
[25.563s] -- Symlinking: /home/prathamkelkar/ros2_ws/install/px4_msgs/include/px4_msgs/px4_msgs/msg/telemetry_status.hpp
[25.578s] -- Symlinking: /home/prathamkelkar/ros2_ws/install/px4_msgs/include/px4_msgs/px4_msgs/msg/tiltrotor_extra_controls.hpp
[25.593s] -- Symlinking: /home/prathamkelkar/ros2_ws/install/px4_msgs/include/px4_msgs/px4_msgs/msg/timesync_status.hpp
[25.607s] -- Symlinking: /home/prathamkelkar/ros2_ws/install/px4_msgs/include/px4_msgs/px4_msgs/msg/trajectory_bezier.hpp
[25.617s] -- Symlinking: /home/prathamkelkar/ros2_ws/install/px4_msgs/include/px4_msgs/px4_msgs/msg/trajectory_setpoint.hpp
[25.632s] -- Symlinking: /home/prathamkelkar/ros2_ws/install/px4_msgs/include/px4_msgs/px4_msgs/msg/trajectory_waypoint.hpp
[25.647s] -- Symlinking: /home/prathamkelkar/ros2_ws/install/px4_msgs/include/px4_msgs/px4_msgs/msg/transponder_report.hpp
[25.665s] -- Symlinking: /home/prathamkelkar/ros2_ws/install/px4_msgs/include/px4_msgs/px4_msgs/msg/tune_control.hpp
[25.681s] -- Symlinking: /home/prathamkelkar/ros2_ws/install/px4_msgs/include/px4_msgs/px4_msgs/msg/uavcan_parameter_request.hpp
[25.696s] -- Symlinking: /home/prathamkelkar/ros2_ws/install/px4_msgs/include/px4_msgs/px4_msgs/msg/uavcan_parameter_value.hpp
[25.711s] -- Symlinking: /home/prathamkelkar/ros2_ws/install/px4_msgs/include/px4_msgs/px4_msgs/msg/ulog_stream.hpp
[25.724s] -- Symlinking: /home/prathamkelkar/ros2_ws/install/px4_msgs/include/px4_msgs/px4_msgs/msg/ulog_stream_ack.hpp
[25.739s] -- Symlinking: /home/prathamkelkar/ros2_ws/install/px4_msgs/include/px4_msgs/px4_msgs/msg/unregister_ext_component.hpp
[25.754s] -- Symlinking: /home/prathamkelkar/ros2_ws/install/px4_msgs/include/px4_msgs/px4_msgs/msg/vehicle_acceleration.hpp
[25.766s] -- Symlinking: /home/prathamkelkar/ros2_ws/install/px4_msgs/include/px4_msgs/px4_msgs/msg/vehicle_air_data.hpp
[25.775s] -- Symlinking: /home/prathamkelkar/ros2_ws/install/px4_msgs/include/px4_msgs/px4_msgs/msg/vehicle_angular_acceleration_setpoint.hpp
[25.783s] -- Symlinking: /home/prathamkelkar/ros2_ws/install/px4_msgs/include/px4_msgs/px4_msgs/msg/vehicle_angular_velocity.hpp
[25.790s] -- Symlinking: /home/prathamkelkar/ros2_ws/install/px4_msgs/include/px4_msgs/px4_msgs/msg/vehicle_attitude.hpp
[25.796s] -- Symlinking: /home/prathamkelkar/ros2_ws/install/px4_msgs/include/px4_msgs/px4_msgs/msg/vehicle_attitude_setpoint.hpp
[25.803s] -- Symlinking: /home/prathamkelkar/ros2_ws/install/px4_msgs/include/px4_msgs/px4_msgs/msg/vehicle_command.hpp
[25.809s] -- Symlinking: /home/prathamkelkar/ros2_ws/install/px4_msgs/include/px4_msgs/px4_msgs/msg/vehicle_command_ack.hpp
[25.815s] -- Symlinking: /home/prathamkelkar/ros2_ws/install/px4_msgs/include/px4_msgs/px4_msgs/msg/vehicle_constraints.hpp
[25.821s] -- Symlinking: /home/prathamkelkar/ros2_ws/install/px4_msgs/include/px4_msgs/px4_msgs/msg/vehicle_control_mode.hpp
[25.827s] -- Symlinking: /home/prathamkelkar/ros2_ws/install/px4_msgs/include/px4_msgs/px4_msgs/msg/vehicle_global_position.hpp
[25.833s] -- Symlinking: /home/prathamkelkar/ros2_ws/install/px4_msgs/include/px4_msgs/px4_msgs/msg/vehicle_imu.hpp
[25.839s] -- Symlinking: /home/prathamkelkar/ros2_ws/install/px4_msgs/include/px4_msgs/px4_msgs/msg/vehicle_imu_status.hpp
[25.845s] -- Symlinking: /home/prathamkelkar/ros2_ws/install/px4_msgs/include/px4_msgs/px4_msgs/msg/vehicle_land_detected.hpp
[25.860s] -- Symlinking: /home/prathamkelkar/ros2_ws/install/px4_msgs/include/px4_msgs/px4_msgs/msg/vehicle_local_position.hpp
[25.876s] -- Symlinking: /home/prathamkelkar/ros2_ws/install/px4_msgs/include/px4_msgs/px4_msgs/msg/vehicle_local_position_setpoint.hpp
[25.890s] -- Symlinking: /home/prathamkelkar/ros2_ws/install/px4_msgs/include/px4_msgs/px4_msgs/msg/vehicle_magnetometer.hpp
[25.901s] -- Symlinking: /home/prathamkelkar/ros2_ws/install/px4_msgs/include/px4_msgs/px4_msgs/msg/vehicle_odometry.hpp
[25.910s] -- Symlinking: /home/prathamkelkar/ros2_ws/install/px4_msgs/include/px4_msgs/px4_msgs/msg/vehicle_optical_flow.hpp
[25.917s] -- Symlinking: /home/prathamkelkar/ros2_ws/install/px4_msgs/include/px4_msgs/px4_msgs/msg/vehicle_optical_flow_vel.hpp
[25.923s] -- Symlinking: /home/prathamkelkar/ros2_ws/install/px4_msgs/include/px4_msgs/px4_msgs/msg/vehicle_rates_setpoint.hpp
[25.938s] -- Symlinking: /home/prathamkelkar/ros2_ws/install/px4_msgs/include/px4_msgs/px4_msgs/msg/vehicle_roi.hpp
[25.951s] -- Symlinking: /home/prathamkelkar/ros2_ws/install/px4_msgs/include/px4_msgs/px4_msgs/msg/vehicle_status.hpp
[25.961s] -- Symlinking: /home/prathamkelkar/ros2_ws/install/px4_msgs/include/px4_msgs/px4_msgs/msg/vehicle_thrust_setpoint.hpp
[25.970s] -- Symlinking: /home/prathamkelkar/ros2_ws/install/px4_msgs/include/px4_msgs/px4_msgs/msg/vehicle_torque_setpoint.hpp
[25.978s] -- Symlinking: /home/prathamkelkar/ros2_ws/install/px4_msgs/include/px4_msgs/px4_msgs/msg/vehicle_trajectory_bezier.hpp
[25.985s] -- Symlinking: /home/prathamkelkar/ros2_ws/install/px4_msgs/include/px4_msgs/px4_msgs/msg/vehicle_trajectory_waypoint.hpp
[25.991s] -- Symlinking: /home/prathamkelkar/ros2_ws/install/px4_msgs/include/px4_msgs/px4_msgs/msg/velocity_limits.hpp
[25.997s] -- Symlinking: /home/prathamkelkar/ros2_ws/install/px4_msgs/include/px4_msgs/px4_msgs/msg/vtol_vehicle_status.hpp
[26.003s] -- Symlinking: /home/prathamkelkar/ros2_ws/install/px4_msgs/include/px4_msgs/px4_msgs/msg/wheel_encoders.hpp
[26.009s] -- Symlinking: /home/prathamkelkar/ros2_ws/install/px4_msgs/include/px4_msgs/px4_msgs/msg/wind.hpp
[26.015s] -- Symlinking: /home/prathamkelkar/ros2_ws/install/px4_msgs/include/px4_msgs/px4_msgs/msg/yaw_estimator_status.hpp
[26.021s] -- Symlinking: /home/prathamkelkar/ros2_ws/install/px4_msgs/include/px4_msgs/px4_msgs/srv/detail/vehicle_command__builder.hpp
[26.026s] -- Symlinking: /home/prathamkelkar/ros2_ws/install/px4_msgs/include/px4_msgs/px4_msgs/srv/detail/vehicle_command__struct.hpp
[26.032s] -- Symlinking: /home/prathamkelkar/ros2_ws/install/px4_msgs/include/px4_msgs/px4_msgs/srv/detail/vehicle_command__traits.hpp
[26.037s] -- Symlinking: /home/prathamkelkar/ros2_ws/install/px4_msgs/include/px4_msgs/px4_msgs/srv/detail/vehicle_command__type_support.hpp
[26.044s] -- Symlinking: /home/prathamkelkar/ros2_ws/install/px4_msgs/include/px4_msgs/px4_msgs/srv/vehicle_command.hpp
[26.058s] -- Symlinking: /home/prathamkelkar/ros2_ws/install/px4_msgs/include/px4_msgs/px4_msgs/msg/detail/action_request__rosidl_typesupport_fastrtps_cpp.hpp
[26.065s] -- Symlinking: /home/prathamkelkar/ros2_ws/install/px4_msgs/include/px4_msgs/px4_msgs/msg/detail/actuator_armed__rosidl_typesupport_fastrtps_cpp.hpp
[26.072s] -- Symlinking: /home/prathamkelkar/ros2_ws/install/px4_msgs/include/px4_msgs/px4_msgs/msg/detail/actuator_controls_status__rosidl_typesupport_fastrtps_cpp.hpp
[26.086s] -- Symlinking: /home/prathamkelkar/ros2_ws/install/px4_msgs/include/px4_msgs/px4_msgs/msg/detail/actuator_motors__rosidl_typesupport_fastrtps_cpp.hpp
[26.096s] -- Symlinking: /home/prathamkelkar/ros2_ws/install/px4_msgs/include/px4_msgs/px4_msgs/msg/detail/actuator_outputs__rosidl_typesupport_fastrtps_cpp.hpp
[26.104s] -- Symlinking: /home/prathamkelkar/ros2_ws/install/px4_msgs/include/px4_msgs/px4_msgs/msg/detail/actuator_servos__rosidl_typesupport_fastrtps_cpp.hpp
[26.117s] -- Symlinking: /home/prathamkelkar/ros2_ws/install/px4_msgs/include/px4_msgs/px4_msgs/msg/detail/actuator_servos_trim__rosidl_typesupport_fastrtps_cpp.hpp
[26.128s] -- Symlinking: /home/prathamkelkar/ros2_ws/install/px4_msgs/include/px4_msgs/px4_msgs/msg/detail/actuator_test__rosidl_typesupport_fastrtps_cpp.hpp
[26.136s] -- Symlinking: /home/prathamkelkar/ros2_ws/install/px4_msgs/include/px4_msgs/px4_msgs/msg/detail/adc_report__rosidl_typesupport_fastrtps_cpp.hpp
[26.150s] -- Symlinking: /home/prathamkelkar/ros2_ws/install/px4_msgs/include/px4_msgs/px4_msgs/msg/detail/airspeed__rosidl_typesupport_fastrtps_cpp.hpp
[26.163s] -- Symlinking: /home/prathamkelkar/ros2_ws/install/px4_msgs/include/px4_msgs/px4_msgs/msg/detail/airspeed_validated__rosidl_typesupport_fastrtps_cpp.hpp
[26.172s] -- Symlinking: /home/prathamkelkar/ros2_ws/install/px4_msgs/include/px4_msgs/px4_msgs/msg/detail/airspeed_wind__rosidl_typesupport_fastrtps_cpp.hpp
[26.185s] -- Symlinking: /home/prathamkelkar/ros2_ws/install/px4_msgs/include/px4_msgs/px4_msgs/msg/detail/arming_check_reply__rosidl_typesupport_fastrtps_cpp.hpp
[26.196s] -- Symlinking: /home/prathamkelkar/ros2_ws/install/px4_msgs/include/px4_msgs/px4_msgs/msg/detail/arming_check_request__rosidl_typesupport_fastrtps_cpp.hpp
[26.204s] -- Symlinking: /home/prathamkelkar/ros2_ws/install/px4_msgs/include/px4_msgs/px4_msgs/msg/detail/autotune_attitude_control_status__rosidl_typesupport_fastrtps_cpp.hpp
[26.209s] -- Symlinking: /home/prathamkelkar/ros2_ws/install/px4_msgs/include/px4_msgs/px4_msgs/msg/detail/battery_status__rosidl_typesupport_fastrtps_cpp.hpp
[26.214s] -- Symlinking: /home/prathamkelkar/ros2_ws/install/px4_msgs/include/px4_msgs/px4_msgs/msg/detail/buffer128__rosidl_typesupport_fastrtps_cpp.hpp
[26.227s] -- Symlinking: /home/prathamkelkar/ros2_ws/install/px4_msgs/include/px4_msgs/px4_msgs/msg/detail/button_event__rosidl_typesupport_fastrtps_cpp.hpp
[26.235s] -- Symlinking: /home/prathamkelkar/ros2_ws/install/px4_msgs/include/px4_msgs/px4_msgs/msg/detail/camera_capture__rosidl_typesupport_fastrtps_cpp.hpp
[26.242s] -- Symlinking: /home/prathamkelkar/ros2_ws/install/px4_msgs/include/px4_msgs/px4_msgs/msg/detail/camera_status__rosidl_typesupport_fastrtps_cpp.hpp
[26.250s] -- Symlinking: /home/prathamkelkar/ros2_ws/install/px4_msgs/include/px4_msgs/px4_msgs/msg/detail/camera_trigger__rosidl_typesupport_fastrtps_cpp.hpp
[26.256s] -- Symlinking: /home/prathamkelkar/ros2_ws/install/px4_msgs/include/px4_msgs/px4_msgs/msg/detail/can_interface_status__rosidl_typesupport_fastrtps_cpp.hpp
[26.262s] -- Symlinking: /home/prathamkelkar/ros2_ws/install/px4_msgs/include/px4_msgs/px4_msgs/msg/detail/cellular_status__rosidl_typesupport_fastrtps_cpp.hpp
[26.267s] -- Symlinking: /home/prathamkelkar/ros2_ws/install/px4_msgs/include/px4_msgs/px4_msgs/msg/detail/collision_constraints__rosidl_typesupport_fastrtps_cpp.hpp
[26.272s] -- Symlinking: /home/prathamkelkar/ros2_ws/install/px4_msgs/include/px4_msgs/px4_msgs/msg/detail/collision_report__rosidl_typesupport_fastrtps_cpp.hpp
[26.277s] -- Symlinking: /home/prathamkelkar/ros2_ws/install/px4_msgs/include/px4_msgs/px4_msgs/msg/detail/config_overrides__rosidl_typesupport_fastrtps_cpp.hpp
[26.283s] -- Symlinking: /home/prathamkelkar/ros2_ws/install/px4_msgs/include/px4_msgs/px4_msgs/msg/detail/control_allocator_status__rosidl_typesupport_fastrtps_cpp.hpp
[26.288s] -- Symlinking: /home/prathamkelkar/ros2_ws/install/px4_msgs/include/px4_msgs/px4_msgs/msg/detail/cpuload__rosidl_typesupport_fastrtps_cpp.hpp
[26.292s] -- Symlinking: /home/prathamkelkar/ros2_ws/install/px4_msgs/include/px4_msgs/px4_msgs/msg/detail/dataman_request__rosidl_typesupport_fastrtps_cpp.hpp
[26.297s] -- Symlinking: /home/prathamkelkar/ros2_ws/install/px4_msgs/include/px4_msgs/px4_msgs/msg/detail/dataman_response__rosidl_typesupport_fastrtps_cpp.hpp
[26.302s] -- Symlinking: /home/prathamkelkar/ros2_ws/install/px4_msgs/include/px4_msgs/px4_msgs/msg/detail/debug_array__rosidl_typesupport_fastrtps_cpp.hpp
[26.307s] -- Symlinking: /home/prathamkelkar/ros2_ws/install/px4_msgs/include/px4_msgs/px4_msgs/msg/detail/debug_key_value__rosidl_typesupport_fastrtps_cpp.hpp
[26.312s] -- Symlinking: /home/prathamkelkar/ros2_ws/install/px4_msgs/include/px4_msgs/px4_msgs/msg/detail/debug_value__rosidl_typesupport_fastrtps_cpp.hpp
[26.317s] -- Symlinking: /home/prathamkelkar/ros2_ws/install/px4_msgs/include/px4_msgs/px4_msgs/msg/detail/debug_vect__rosidl_typesupport_fastrtps_cpp.hpp
[26.322s] -- Symlinking: /home/prathamkelkar/ros2_ws/install/px4_msgs/include/px4_msgs/px4_msgs/msg/detail/differential_drive_setpoint__rosidl_typesupport_fastrtps_cpp.hpp
[26.326s] -- Symlinking: /home/prathamkelkar/ros2_ws/install/px4_msgs/include/px4_msgs/px4_msgs/msg/detail/differential_pressure__rosidl_typesupport_fastrtps_cpp.hpp
[26.339s] -- Symlinking: /home/prathamkelkar/ros2_ws/install/px4_msgs/include/px4_msgs/px4_msgs/msg/detail/distance_sensor__rosidl_typesupport_fastrtps_cpp.hpp
[26.353s] -- Symlinking: /home/prathamkelkar/ros2_ws/install/px4_msgs/include/px4_msgs/px4_msgs/msg/detail/ekf2_timestamps__rosidl_typesupport_fastrtps_cpp.hpp
[26.364s] -- Symlinking: /home/prathamkelkar/ros2_ws/install/px4_msgs/include/px4_msgs/px4_msgs/msg/detail/esc_report__rosidl_typesupport_fastrtps_cpp.hpp
[26.372s] -- Symlinking: /home/prathamkelkar/ros2_ws/install/px4_msgs/include/px4_msgs/px4_msgs/msg/detail/esc_status__rosidl_typesupport_fastrtps_cpp.hpp
[26.387s] -- Symlinking: /home/prathamkelkar/ros2_ws/install/px4_msgs/include/px4_msgs/px4_msgs/msg/detail/estimator_aid_source1d__rosidl_typesupport_fastrtps_cpp.hpp
[26.399s] -- Symlinking: /home/prathamkelkar/ros2_ws/install/px4_msgs/include/px4_msgs/px4_msgs/msg/detail/estimator_aid_source2d__rosidl_typesupport_fastrtps_cpp.hpp
[26.408s] -- Symlinking: /home/prathamkelkar/ros2_ws/install/px4_msgs/include/px4_msgs/px4_msgs/msg/detail/estimator_aid_source3d__rosidl_typesupport_fastrtps_cpp.hpp
[26.414s] -- Symlinking: /home/prathamkelkar/ros2_ws/install/px4_msgs/include/px4_msgs/px4_msgs/msg/detail/estimator_bias3d__rosidl_typesupport_fastrtps_cpp.hpp
[26.419s] -- Symlinking: /home/prathamkelkar/ros2_ws/install/px4_msgs/include/px4_msgs/px4_msgs/msg/detail/estimator_bias__rosidl_typesupport_fastrtps_cpp.hpp
[26.432s] -- Symlinking: /home/prathamkelkar/ros2_ws/install/px4_msgs/include/px4_msgs/px4_msgs/msg/detail/estimator_event_flags__rosidl_typesupport_fastrtps_cpp.hpp
[26.443s] -- Symlinking: /home/prathamkelkar/ros2_ws/install/px4_msgs/include/px4_msgs/px4_msgs/msg/detail/estimator_gps_status__rosidl_typesupport_fastrtps_cpp.hpp
[26.456s] -- Symlinking: /home/prathamkelkar/ros2_ws/install/px4_msgs/include/px4_msgs/px4_msgs/msg/detail/estimator_innovations__rosidl_typesupport_fastrtps_cpp.hpp
[26.466s] -- Symlinking: /home/prathamkelkar/ros2_ws/install/px4_msgs/include/px4_msgs/px4_msgs/msg/detail/estimator_selector_status__rosidl_typesupport_fastrtps_cpp.hpp
[26.474s] -- Symlinking: /home/prathamkelkar/ros2_ws/install/px4_msgs/include/px4_msgs/px4_msgs/msg/detail/estimator_sensor_bias__rosidl_typesupport_fastrtps_cpp.hpp
[26.480s] -- Symlinking: /home/prathamkelkar/ros2_ws/install/px4_msgs/include/px4_msgs/px4_msgs/msg/detail/estimator_states__rosidl_typesupport_fastrtps_cpp.hpp
[26.486s] -- Symlinking: /home/prathamkelkar/ros2_ws/install/px4_msgs/include/px4_msgs/px4_msgs/msg/detail/estimator_status__rosidl_typesupport_fastrtps_cpp.hpp
[26.491s] -- Symlinking: /home/prathamkelkar/ros2_ws/install/px4_msgs/include/px4_msgs/px4_msgs/msg/detail/estimator_status_flags__rosidl_typesupport_fastrtps_cpp.hpp
[26.496s] -- Symlinking: /home/prathamkelkar/ros2_ws/install/px4_msgs/include/px4_msgs/px4_msgs/msg/detail/event__rosidl_typesupport_fastrtps_cpp.hpp
[26.501s] -- Symlinking: /home/prathamkelkar/ros2_ws/install/px4_msgs/include/px4_msgs/px4_msgs/msg/detail/failsafe_flags__rosidl_typesupport_fastrtps_cpp.hpp
[26.506s] -- Symlinking: /home/prathamkelkar/ros2_ws/install/px4_msgs/include/px4_msgs/px4_msgs/msg/detail/failure_detector_status__rosidl_typesupport_fastrtps_cpp.hpp
[26.511s] -- Symlinking: /home/prathamkelkar/ros2_ws/install/px4_msgs/include/px4_msgs/px4_msgs/msg/detail/figure_eight_status__rosidl_typesupport_fastrtps_cpp.hpp
[26.516s] -- Symlinking: /home/prathamkelkar/ros2_ws/install/px4_msgs/include/px4_msgs/px4_msgs/msg/detail/flight_phase_estimation__rosidl_typesupport_fastrtps_cpp.hpp
[26.521s] -- Symlinking: /home/prathamkelkar/ros2_ws/install/px4_msgs/include/px4_msgs/px4_msgs/msg/detail/follow_target__rosidl_typesupport_fastrtps_cpp.hpp
[26.526s] -- Symlinking: /home/prathamkelkar/ros2_ws/install/px4_msgs/include/px4_msgs/px4_msgs/msg/detail/follow_target_estimator__rosidl_typesupport_fastrtps_cpp.hpp
[26.531s] -- Symlinking: /home/prathamkelkar/ros2_ws/install/px4_msgs/include/px4_msgs/px4_msgs/msg/detail/follow_target_status__rosidl_typesupport_fastrtps_cpp.hpp
[26.535s] -- Symlinking: /home/prathamkelkar/ros2_ws/install/px4_msgs/include/px4_msgs/px4_msgs/msg/detail/generator_status__rosidl_typesupport_fastrtps_cpp.hpp
[26.540s] -- Symlinking: /home/prathamkelkar/ros2_ws/install/px4_msgs/include/px4_msgs/px4_msgs/msg/detail/geofence_result__rosidl_typesupport_fastrtps_cpp.hpp
[26.545s] -- Symlinking: /home/prathamkelkar/ros2_ws/install/px4_msgs/include/px4_msgs/px4_msgs/msg/detail/geofence_status__rosidl_typesupport_fastrtps_cpp.hpp
[26.550s] -- Symlinking: /home/prathamkelkar/ros2_ws/install/px4_msgs/include/px4_msgs/px4_msgs/msg/detail/gimbal_controls__rosidl_typesupport_fastrtps_cpp.hpp
[26.555s] -- Symlinking: /home/prathamkelkar/ros2_ws/install/px4_msgs/include/px4_msgs/px4_msgs/msg/detail/gimbal_device_attitude_status__rosidl_typesupport_fastrtps_cpp.hpp
[26.560s] -- Symlinking: /home/prathamkelkar/ros2_ws/install/px4_msgs/include/px4_msgs/px4_msgs/msg/detail/gimbal_device_information__rosidl_typesupport_fastrtps_cpp.hpp
[26.574s] -- Symlinking: /home/prathamkelkar/ros2_ws/install/px4_msgs/include/px4_msgs/px4_msgs/msg/detail/gimbal_device_set_attitude__rosidl_typesupport_fastrtps_cpp.hpp
[26.580s] -- Symlinking: /home/prathamkelkar/ros2_ws/install/px4_msgs/include/px4_msgs/px4_msgs/msg/detail/gimbal_manager_information__rosidl_typesupport_fastrtps_cpp.hpp
[26.585s] -- Symlinking: /home/prathamkelkar/ros2_ws/install/px4_msgs/include/px4_msgs/px4_msgs/msg/detail/gimbal_manager_set_attitude__rosidl_typesupport_fastrtps_cpp.hpp
[26.591s] -- Symlinking: /home/prathamkelkar/ros2_ws/install/px4_msgs/include/px4_msgs/px4_msgs/msg/detail/gimbal_manager_set_manual_control__rosidl_typesupport_fastrtps_cpp.hpp
[26.595s] -- Symlinking: /home/prathamkelkar/ros2_ws/install/px4_msgs/include/px4_msgs/px4_msgs/msg/detail/gimbal_manager_status__rosidl_typesupport_fastrtps_cpp.hpp
[26.601s] -- Symlinking: /home/prathamkelkar/ros2_ws/install/px4_msgs/include/px4_msgs/px4_msgs/msg/detail/goto_setpoint__rosidl_typesupport_fastrtps_cpp.hpp
[26.605s] -- Symlinking: /home/prathamkelkar/ros2_ws/install/px4_msgs/include/px4_msgs/px4_msgs/msg/detail/gpio_config__rosidl_typesupport_fastrtps_cpp.hpp
[26.610s] -- Symlinking: /home/prathamkelkar/ros2_ws/install/px4_msgs/include/px4_msgs/px4_msgs/msg/detail/gpio_in__rosidl_typesupport_fastrtps_cpp.hpp
[26.615s] -- Symlinking: /home/prathamkelkar/ros2_ws/install/px4_msgs/include/px4_msgs/px4_msgs/msg/detail/gpio_out__rosidl_typesupport_fastrtps_cpp.hpp
[26.630s] -- Symlinking: /home/prathamkelkar/ros2_ws/install/px4_msgs/include/px4_msgs/px4_msgs/msg/detail/gpio_request__rosidl_typesupport_fastrtps_cpp.hpp
[26.638s] -- Symlinking: /home/prathamkelkar/ros2_ws/install/px4_msgs/include/px4_msgs/px4_msgs/msg/detail/gps_dump__rosidl_typesupport_fastrtps_cpp.hpp
[26.653s] -- Symlinking: /home/prathamkelkar/ros2_ws/install/px4_msgs/include/px4_msgs/px4_msgs/msg/detail/gps_inject_data__rosidl_typesupport_fastrtps_cpp.hpp
[26.666s] -- Symlinking: /home/prathamkelkar/ros2_ws/install/px4_msgs/include/px4_msgs/px4_msgs/msg/detail/gripper__rosidl_typesupport_fastrtps_cpp.hpp
[26.675s] -- Symlinking: /home/prathamkelkar/ros2_ws/install/px4_msgs/include/px4_msgs/px4_msgs/msg/detail/health_report__rosidl_typesupport_fastrtps_cpp.hpp
[26.689s] -- Symlinking: /home/prathamkelkar/ros2_ws/install/px4_msgs/include/px4_msgs/px4_msgs/msg/detail/heater_status__rosidl_typesupport_fastrtps_cpp.hpp
[26.701s] -- Symlinking: /home/prathamkelkar/ros2_ws/install/px4_msgs/include/px4_msgs/px4_msgs/msg/detail/home_position__rosidl_typesupport_fastrtps_cpp.hpp
[26.710s] -- Symlinking: /home/prathamkelkar/ros2_ws/install/px4_msgs/include/px4_msgs/px4_msgs/msg/detail/hover_thrust_estimate__rosidl_typesupport_fastrtps_cpp.hpp
[26.723s] -- Symlinking: /home/prathamkelkar/ros2_ws/install/px4_msgs/include/px4_msgs/px4_msgs/msg/detail/input_rc__rosidl_typesupport_fastrtps_cpp.hpp
[26.736s] -- Symlinking: /home/prathamkelkar/ros2_ws/install/px4_msgs/include/px4_msgs/px4_msgs/msg/detail/internal_combustion_engine_status__rosidl_typesupport_fastrtps_cpp.hpp
[26.750s] -- Symlinking: /home/prathamkelkar/ros2_ws/install/px4_msgs/include/px4_msgs/px4_msgs/msg/detail/iridiumsbd_status__rosidl_typesupport_fastrtps_cpp.hpp
[26.763s] -- Symlinking: /home/prathamkelkar/ros2_ws/install/px4_msgs/include/px4_msgs/px4_msgs/msg/detail/irlock_report__rosidl_typesupport_fastrtps_cpp.hpp
[26.777s] -- Symlinking: /home/prathamkelkar/ros2_ws/install/px4_msgs/include/px4_msgs/px4_msgs/msg/detail/landing_gear__rosidl_typesupport_fastrtps_cpp.hpp
[26.790s] -- Symlinking: /home/prathamkelkar/ros2_ws/install/px4_msgs/include/px4_msgs/px4_msgs/msg/detail/landing_gear_wheel__rosidl_typesupport_fastrtps_cpp.hpp
[26.803s] -- Symlinking: /home/prathamkelkar/ros2_ws/install/px4_msgs/include/px4_msgs/px4_msgs/msg/detail/landing_target_innovations__rosidl_typesupport_fastrtps_cpp.hpp
[26.816s] -- Symlinking: /home/prathamkelkar/ros2_ws/install/px4_msgs/include/px4_msgs/px4_msgs/msg/detail/landing_target_pose__rosidl_typesupport_fastrtps_cpp.hpp
[26.826s] -- Symlinking: /home/prathamkelkar/ros2_ws/install/px4_msgs/include/px4_msgs/px4_msgs/msg/detail/launch_detection_status__rosidl_typesupport_fastrtps_cpp.hpp
[26.833s] -- Symlinking: /home/prathamkelkar/ros2_ws/install/px4_msgs/include/px4_msgs/px4_msgs/msg/detail/led_control__rosidl_typesupport_fastrtps_cpp.hpp
[26.838s] -- Symlinking: /home/prathamkelkar/ros2_ws/install/px4_msgs/include/px4_msgs/px4_msgs/msg/detail/log_message__rosidl_typesupport_fastrtps_cpp.hpp
[26.852s] -- Symlinking: /home/prathamkelkar/ros2_ws/install/px4_msgs/include/px4_msgs/px4_msgs/msg/detail/logger_status__rosidl_typesupport_fastrtps_cpp.hpp
[26.865s] -- Symlinking: /home/prathamkelkar/ros2_ws/install/px4_msgs/include/px4_msgs/px4_msgs/msg/detail/mag_worker_data__rosidl_typesupport_fastrtps_cpp.hpp
[26.874s] -- Symlinking: /home/prathamkelkar/ros2_ws/install/px4_msgs/include/px4_msgs/px4_msgs/msg/detail/magnetometer_bias_estimate__rosidl_typesupport_fastrtps_cpp.hpp
[26.888s] -- Symlinking: /home/prathamkelkar/ros2_ws/install/px4_msgs/include/px4_msgs/px4_msgs/msg/detail/manual_control_setpoint__rosidl_typesupport_fastrtps_cpp.hpp
[26.901s] -- Symlinking: /home/prathamkelkar/ros2_ws/install/px4_msgs/include/px4_msgs/px4_msgs/msg/detail/manual_control_switches__rosidl_typesupport_fastrtps_cpp.hpp
[26.910s] -- Symlinking: /home/prathamkelkar/ros2_ws/install/px4_msgs/include/px4_msgs/px4_msgs/msg/detail/mavlink_log__rosidl_typesupport_fastrtps_cpp.hpp
[26.924s] -- Symlinking: /home/prathamkelkar/ros2_ws/install/px4_msgs/include/px4_msgs/px4_msgs/msg/detail/mavlink_tunnel__rosidl_typesupport_fastrtps_cpp.hpp
[26.935s] -- Symlinking: /home/prathamkelkar/ros2_ws/install/px4_msgs/include/px4_msgs/px4_msgs/msg/detail/message_format_request__rosidl_typesupport_fastrtps_cpp.hpp
[26.948s] -- Symlinking: /home/prathamkelkar/ros2_ws/install/px4_msgs/include/px4_msgs/px4_msgs/msg/detail/message_format_response__rosidl_typesupport_fastrtps_cpp.hpp
[26.959s] -- Symlinking: /home/prathamkelkar/ros2_ws/install/px4_msgs/include/px4_msgs/px4_msgs/msg/detail/mission__rosidl_typesupport_fastrtps_cpp.hpp
[26.967s] -- Symlinking: /home/prathamkelkar/ros2_ws/install/px4_msgs/include/px4_msgs/px4_msgs/msg/detail/mission_result__rosidl_typesupport_fastrtps_cpp.hpp
[26.973s] -- Symlinking: /home/prathamkelkar/ros2_ws/install/px4_msgs/include/px4_msgs/px4_msgs/msg/detail/mode_completed__rosidl_typesupport_fastrtps_cpp.hpp
[26.979s] -- Symlinking: /home/prathamkelkar/ros2_ws/install/px4_msgs/include/px4_msgs/px4_msgs/msg/detail/mount_orientation__rosidl_typesupport_fastrtps_cpp.hpp
[26.992s] -- Symlinking: /home/prathamkelkar/ros2_ws/install/px4_msgs/include/px4_msgs/px4_msgs/msg/detail/navigator_mission_item__rosidl_typesupport_fastrtps_cpp.hpp
[27.001s] -- Symlinking: /home/prathamkelkar/ros2_ws/install/px4_msgs/include/px4_msgs/px4_msgs/msg/detail/normalized_unsigned_setpoint__rosidl_typesupport_fastrtps_cpp.hpp
[27.009s] -- Symlinking: /home/prathamkelkar/ros2_ws/install/px4_msgs/include/px4_msgs/px4_msgs/msg/detail/npfg_status__rosidl_typesupport_fastrtps_cpp.hpp
[27.015s] -- Symlinking: /home/prathamkelkar/ros2_ws/install/px4_msgs/include/px4_msgs/px4_msgs/msg/detail/obstacle_distance__rosidl_typesupport_fastrtps_cpp.hpp
[27.020s] -- Symlinking: /home/prathamkelkar/ros2_ws/install/px4_msgs/include/px4_msgs/px4_msgs/msg/detail/offboard_control_mode__rosidl_typesupport_fastrtps_cpp.hpp
[27.032s] -- Symlinking: /home/prathamkelkar/ros2_ws/install/px4_msgs/include/px4_msgs/px4_msgs/msg/detail/onboard_computer_status__rosidl_typesupport_fastrtps_cpp.hpp
[27.045s] -- Symlinking: /home/prathamkelkar/ros2_ws/install/px4_msgs/include/px4_msgs/px4_msgs/msg/detail/orb_test__rosidl_typesupport_fastrtps_cpp.hpp
[27.054s] -- Symlinking: /home/prathamkelkar/ros2_ws/install/px4_msgs/include/px4_msgs/px4_msgs/msg/detail/orb_test_large__rosidl_typesupport_fastrtps_cpp.hpp
[27.068s] -- Symlinking: /home/prathamkelkar/ros2_ws/install/px4_msgs/include/px4_msgs/px4_msgs/msg/detail/orb_test_medium__rosidl_typesupport_fastrtps_cpp.hpp
[27.080s] -- Symlinking: /home/prathamkelkar/ros2_ws/install/px4_msgs/include/px4_msgs/px4_msgs/msg/detail/orbit_status__rosidl_typesupport_fastrtps_cpp.hpp
[27.089s] -- Symlinking: /home/prathamkelkar/ros2_ws/install/px4_msgs/include/px4_msgs/px4_msgs/msg/detail/parameter_reset_request__rosidl_typesupport_fastrtps_cpp.hpp
[27.095s] -- Symlinking: /home/prathamkelkar/ros2_ws/install/px4_msgs/include/px4_msgs/px4_msgs/msg/detail/parameter_set_used_request__rosidl_typesupport_fastrtps_cpp.hpp
[27.108s] -- Symlinking: /home/prathamkelkar/ros2_ws/install/px4_msgs/include/px4_msgs/px4_msgs/msg/detail/parameter_set_value_request__rosidl_typesupport_fastrtps_cpp.hpp
[27.118s] -- Symlinking: /home/prathamkelkar/ros2_ws/install/px4_msgs/include/px4_msgs/px4_msgs/msg/detail/parameter_set_value_response__rosidl_typesupport_fastrtps_cpp.hpp
[27.132s] -- Symlinking: /home/prathamkelkar/ros2_ws/install/px4_msgs/include/px4_msgs/px4_msgs/msg/detail/parameter_update__rosidl_typesupport_fastrtps_cpp.hpp
[27.146s] -- Symlinking: /home/prathamkelkar/ros2_ws/install/px4_msgs/include/px4_msgs/px4_msgs/msg/detail/ping__rosidl_typesupport_fastrtps_cpp.hpp
[27.155s] -- Symlinking: /home/prathamkelkar/ros2_ws/install/px4_msgs/include/px4_msgs/px4_msgs/msg/detail/position_controller_landing_status__rosidl_typesupport_fastrtps_cpp.hpp
[27.169s] -- Symlinking: /home/prathamkelkar/ros2_ws/install/px4_msgs/include/px4_msgs/px4_msgs/msg/detail/position_controller_status__rosidl_typesupport_fastrtps_cpp.hpp
[27.181s] -- Symlinking: /home/prathamkelkar/ros2_ws/install/px4_msgs/include/px4_msgs/px4_msgs/msg/detail/position_setpoint__rosidl_typesupport_fastrtps_cpp.hpp
[27.190s] -- Symlinking: /home/prathamkelkar/ros2_ws/install/px4_msgs/include/px4_msgs/px4_msgs/msg/detail/position_setpoint_triplet__rosidl_typesupport_fastrtps_cpp.hpp
[27.196s] -- Symlinking: /home/prathamkelkar/ros2_ws/install/px4_msgs/include/px4_msgs/px4_msgs/msg/detail/power_button_state__rosidl_typesupport_fastrtps_cpp.hpp
[27.209s] -- Symlinking: /home/prathamkelkar/ros2_ws/install/px4_msgs/include/px4_msgs/px4_msgs/msg/detail/power_monitor__rosidl_typesupport_fastrtps_cpp.hpp
[27.223s] -- Symlinking: /home/prathamkelkar/ros2_ws/install/px4_msgs/include/px4_msgs/px4_msgs/msg/detail/pps_capture__rosidl_typesupport_fastrtps_cpp.hpp
[27.236s] -- Symlinking: /home/prathamkelkar/ros2_ws/install/px4_msgs/include/px4_msgs/px4_msgs/msg/detail/pwm_input__rosidl_typesupport_fastrtps_cpp.hpp
[27.249s] -- Symlinking: /home/prathamkelkar/ros2_ws/install/px4_msgs/include/px4_msgs/px4_msgs/msg/detail/px4io_status__rosidl_typesupport_fastrtps_cpp.hpp
[27.266s] -- Symlinking: /home/prathamkelkar/ros2_ws/install/px4_msgs/include/px4_msgs/px4_msgs/msg/detail/qshell_req__rosidl_typesupport_fastrtps_cpp.hpp
[27.281s] -- Symlinking: /home/prathamkelkar/ros2_ws/install/px4_msgs/include/px4_msgs/px4_msgs/msg/detail/qshell_retval__rosidl_typesupport_fastrtps_cpp.hpp
[27.294s] -- Symlinking: /home/prathamkelkar/ros2_ws/install/px4_msgs/include/px4_msgs/px4_msgs/msg/detail/radio_status__rosidl_typesupport_fastrtps_cpp.hpp
[27.304s] -- Symlinking: /home/prathamkelkar/ros2_ws/install/px4_msgs/include/px4_msgs/px4_msgs/msg/detail/rate_ctrl_status__rosidl_typesupport_fastrtps_cpp.hpp
[27.310s] -- Symlinking: /home/prathamkelkar/ros2_ws/install/px4_msgs/include/px4_msgs/px4_msgs/msg/detail/rc_channels__rosidl_typesupport_fastrtps_cpp.hpp
[27.316s] -- Symlinking: /home/prathamkelkar/ros2_ws/install/px4_msgs/include/px4_msgs/px4_msgs/msg/detail/rc_parameter_map__rosidl_typesupport_fastrtps_cpp.hpp
[27.321s] -- Symlinking: /home/prathamkelkar/ros2_ws/install/px4_msgs/include/px4_msgs/px4_msgs/msg/detail/register_ext_component_reply__rosidl_typesupport_fastrtps_cpp.hpp
[27.334s] -- Symlinking: /home/prathamkelkar/ros2_ws/install/px4_msgs/include/px4_msgs/px4_msgs/msg/detail/register_ext_component_request__rosidl_typesupport_fastrtps_cpp.hpp
[27.347s] -- Symlinking: /home/prathamkelkar/ros2_ws/install/px4_msgs/include/px4_msgs/px4_msgs/msg/detail/rpm__rosidl_typesupport_fastrtps_cpp.hpp
[27.361s] -- Symlinking: /home/prathamkelkar/ros2_ws/install/px4_msgs/include/px4_msgs/px4_msgs/msg/detail/rtl_status__rosidl_typesupport_fastrtps_cpp.hpp
[27.375s] -- Symlinking: /home/prathamkelkar/ros2_ws/install/px4_msgs/include/px4_msgs/px4_msgs/msg/detail/rtl_time_estimate__rosidl_typesupport_fastrtps_cpp.hpp
[27.389s] -- Symlinking: /home/prathamkelkar/ros2_ws/install/px4_msgs/include/px4_msgs/px4_msgs/msg/detail/satellite_info__rosidl_typesupport_fastrtps_cpp.hpp
[27.399s] -- Symlinking: /home/prathamkelkar/ros2_ws/install/px4_msgs/include/px4_msgs/px4_msgs/msg/detail/sensor_accel__rosidl_typesupport_fastrtps_cpp.hpp
[27.412s] -- Symlinking: /home/prathamkelkar/ros2_ws/install/px4_msgs/include/px4_msgs/px4_msgs/msg/detail/sensor_accel_fifo__rosidl_typesupport_fastrtps_cpp.hpp
[27.424s] -- Symlinking: /home/prathamkelkar/ros2_ws/install/px4_msgs/include/px4_msgs/px4_msgs/msg/detail/sensor_airflow__rosidl_typesupport_fastrtps_cpp.hpp
[27.437s] -- Symlinking: /home/prathamkelkar/ros2_ws/install/px4_msgs/include/px4_msgs/px4_msgs/msg/detail/sensor_baro__rosidl_typesupport_fastrtps_cpp.hpp
[27.448s] -- Symlinking: /home/prathamkelkar/ros2_ws/install/px4_msgs/include/px4_msgs/px4_msgs/msg/detail/sensor_combined__rosidl_typesupport_fastrtps_cpp.hpp
[27.461s] -- Symlinking: /home/prathamkelkar/ros2_ws/install/px4_msgs/include/px4_msgs/px4_msgs/msg/detail/sensor_correction__rosidl_typesupport_fastrtps_cpp.hpp
[27.476s] -- Symlinking: /home/prathamkelkar/ros2_ws/install/px4_msgs/include/px4_msgs/px4_msgs/msg/detail/sensor_gnss_relative__rosidl_typesupport_fastrtps_cpp.hpp
[27.489s] -- Symlinking: /home/prathamkelkar/ros2_ws/install/px4_msgs/include/px4_msgs/px4_msgs/msg/detail/sensor_gps__rosidl_typesupport_fastrtps_cpp.hpp
[27.503s] -- Symlinking: /home/prathamkelkar/ros2_ws/install/px4_msgs/include/px4_msgs/px4_msgs/msg/detail/sensor_gyro__rosidl_typesupport_fastrtps_cpp.hpp
[27.515s] -- Symlinking: /home/prathamkelkar/ros2_ws/install/px4_msgs/include/px4_msgs/px4_msgs/msg/detail/sensor_gyro_fft__rosidl_typesupport_fastrtps_cpp.hpp
[27.528s] -- Symlinking: /home/prathamkelkar/ros2_ws/install/px4_msgs/include/px4_msgs/px4_msgs/msg/detail/sensor_gyro_fifo__rosidl_typesupport_fastrtps_cpp.hpp
[27.541s] -- Symlinking: /home/prathamkelkar/ros2_ws/install/px4_msgs/include/px4_msgs/px4_msgs/msg/detail/sensor_hygrometer__rosidl_typesupport_fastrtps_cpp.hpp
[27.555s] -- Symlinking: /home/prathamkelkar/ros2_ws/install/px4_msgs/include/px4_msgs/px4_msgs/msg/detail/sensor_mag__rosidl_typesupport_fastrtps_cpp.hpp
[27.565s] -- Symlinking: /home/prathamkelkar/ros2_ws/install/px4_msgs/include/px4_msgs/px4_msgs/msg/detail/sensor_optical_flow__rosidl_typesupport_fastrtps_cpp.hpp
[27.578s] -- Symlinking: /home/prathamkelkar/ros2_ws/install/px4_msgs/include/px4_msgs/px4_msgs/msg/detail/sensor_preflight_mag__rosidl_typesupport_fastrtps_cpp.hpp
[27.591s] -- Symlinking: /home/prathamkelkar/ros2_ws/install/px4_msgs/include/px4_msgs/px4_msgs/msg/detail/sensor_selection__rosidl_typesupport_fastrtps_cpp.hpp
[27.604s] -- Symlinking: /home/prathamkelkar/ros2_ws/install/px4_msgs/include/px4_msgs/px4_msgs/msg/detail/sensor_uwb__rosidl_typesupport_fastrtps_cpp.hpp
[27.614s] -- Symlinking: /home/prathamkelkar/ros2_ws/install/px4_msgs/include/px4_msgs/px4_msgs/msg/detail/sensors_status__rosidl_typesupport_fastrtps_cpp.hpp
[27.622s] -- Symlinking: /home/prathamkelkar/ros2_ws/install/px4_msgs/include/px4_msgs/px4_msgs/msg/detail/sensors_status_imu__rosidl_typesupport_fastrtps_cpp.hpp
[27.637s] -- Symlinking: /home/prathamkelkar/ros2_ws/install/px4_msgs/include/px4_msgs/px4_msgs/msg/detail/system_power__rosidl_typesupport_fastrtps_cpp.hpp
[27.653s] -- Symlinking: /home/prathamkelkar/ros2_ws/install/px4_msgs/include/px4_msgs/px4_msgs/msg/detail/takeoff_status__rosidl_typesupport_fastrtps_cpp.hpp
[27.666s] -- Symlinking: /home/prathamkelkar/ros2_ws/install/px4_msgs/include/px4_msgs/px4_msgs/msg/detail/task_stack_info__rosidl_typesupport_fastrtps_cpp.hpp
[27.675s] -- Symlinking: /home/prathamkelkar/ros2_ws/install/px4_msgs/include/px4_msgs/px4_msgs/msg/detail/tecs_status__rosidl_typesupport_fastrtps_cpp.hpp
[27.689s] -- Symlinking: /home/prathamkelkar/ros2_ws/install/px4_msgs/include/px4_msgs/px4_msgs/msg/detail/telemetry_status__rosidl_typesupport_fastrtps_cpp.hpp
[27.701s] -- Symlinking: /home/prathamkelkar/ros2_ws/install/px4_msgs/include/px4_msgs/px4_msgs/msg/detail/tiltrotor_extra_controls__rosidl_typesupport_fastrtps_cpp.hpp
[27.714s] -- Symlinking: /home/prathamkelkar/ros2_ws/install/px4_msgs/include/px4_msgs/px4_msgs/msg/detail/timesync_status__rosidl_typesupport_fastrtps_cpp.hpp
[27.728s] -- Symlinking: /home/prathamkelkar/ros2_ws/install/px4_msgs/include/px4_msgs/px4_msgs/msg/detail/trajectory_bezier__rosidl_typesupport_fastrtps_cpp.hpp
[27.741s] -- Symlinking: /home/prathamkelkar/ros2_ws/install/px4_msgs/include/px4_msgs/px4_msgs/msg/detail/trajectory_setpoint__rosidl_typesupport_fastrtps_cpp.hpp
[27.755s] -- Symlinking: /home/prathamkelkar/ros2_ws/install/px4_msgs/include/px4_msgs/px4_msgs/msg/detail/trajectory_waypoint__rosidl_typesupport_fastrtps_cpp.hpp
[27.767s] -- Symlinking: /home/prathamkelkar/ros2_ws/install/px4_msgs/include/px4_msgs/px4_msgs/msg/detail/transponder_report__rosidl_typesupport_fastrtps_cpp.hpp
[27.780s] -- Symlinking: /home/prathamkelkar/ros2_ws/install/px4_msgs/include/px4_msgs/px4_msgs/msg/detail/tune_control__rosidl_typesupport_fastrtps_cpp.hpp
[27.794s] -- Symlinking: /home/prathamkelkar/ros2_ws/install/px4_msgs/include/px4_msgs/px4_msgs/msg/detail/uavcan_parameter_request__rosidl_typesupport_fastrtps_cpp.hpp
[27.803s] -- Symlinking: /home/prathamkelkar/ros2_ws/install/px4_msgs/include/px4_msgs/px4_msgs/msg/detail/uavcan_parameter_value__rosidl_typesupport_fastrtps_cpp.hpp
[27.816s] -- Symlinking: /home/prathamkelkar/ros2_ws/install/px4_msgs/include/px4_msgs/px4_msgs/msg/detail/ulog_stream__rosidl_typesupport_fastrtps_cpp.hpp
[27.828s] -- Symlinking: /home/prathamkelkar/ros2_ws/install/px4_msgs/include/px4_msgs/px4_msgs/msg/detail/ulog_stream_ack__rosidl_typesupport_fastrtps_cpp.hpp
[27.841s] -- Symlinking: /home/prathamkelkar/ros2_ws/install/px4_msgs/include/px4_msgs/px4_msgs/msg/detail/unregister_ext_component__rosidl_typesupport_fastrtps_cpp.hpp
[27.852s] -- Symlinking: /home/prathamkelkar/ros2_ws/install/px4_msgs/include/px4_msgs/px4_msgs/msg/detail/vehicle_acceleration__rosidl_typesupport_fastrtps_cpp.hpp
[27.866s] -- Symlinking: /home/prathamkelkar/ros2_ws/install/px4_msgs/include/px4_msgs/px4_msgs/msg/detail/vehicle_air_data__rosidl_typesupport_fastrtps_cpp.hpp
[27.880s] -- Symlinking: /home/prathamkelkar/ros2_ws/install/px4_msgs/include/px4_msgs/px4_msgs/msg/detail/vehicle_angular_acceleration_setpoint__rosidl_typesupport_fastrtps_cpp.hpp
[27.893s] -- Symlinking: /home/prathamkelkar/ros2_ws/install/px4_msgs/include/px4_msgs/px4_msgs/msg/detail/vehicle_angular_velocity__rosidl_typesupport_fastrtps_cpp.hpp
[27.902s] -- Symlinking: /home/prathamkelkar/ros2_ws/install/px4_msgs/include/px4_msgs/px4_msgs/msg/detail/vehicle_attitude__rosidl_typesupport_fastrtps_cpp.hpp
[27.909s] -- Symlinking: /home/prathamkelkar/ros2_ws/install/px4_msgs/include/px4_msgs/px4_msgs/msg/detail/vehicle_attitude_setpoint__rosidl_typesupport_fastrtps_cpp.hpp
[27.922s] -- Symlinking: /home/prathamkelkar/ros2_ws/install/px4_msgs/include/px4_msgs/px4_msgs/msg/detail/vehicle_command__rosidl_typesupport_fastrtps_cpp.hpp
[27.934s] -- Symlinking: /home/prathamkelkar/ros2_ws/install/px4_msgs/include/px4_msgs/px4_msgs/msg/detail/vehicle_command_ack__rosidl_typesupport_fastrtps_cpp.hpp
[27.942s] -- Symlinking: /home/prathamkelkar/ros2_ws/install/px4_msgs/include/px4_msgs/px4_msgs/msg/detail/vehicle_constraints__rosidl_typesupport_fastrtps_cpp.hpp
[27.955s] -- Symlinking: /home/prathamkelkar/ros2_ws/install/px4_msgs/include/px4_msgs/px4_msgs/msg/detail/vehicle_control_mode__rosidl_typesupport_fastrtps_cpp.hpp
[27.966s] -- Symlinking: /home/prathamkelkar/ros2_ws/install/px4_msgs/include/px4_msgs/px4_msgs/msg/detail/vehicle_global_position__rosidl_typesupport_fastrtps_cpp.hpp
[27.974s] -- Symlinking: /home/prathamkelkar/ros2_ws/install/px4_msgs/include/px4_msgs/px4_msgs/msg/detail/vehicle_imu__rosidl_typesupport_fastrtps_cpp.hpp
[27.980s] -- Symlinking: /home/prathamkelkar/ros2_ws/install/px4_msgs/include/px4_msgs/px4_msgs/msg/detail/vehicle_imu_status__rosidl_typesupport_fastrtps_cpp.hpp
[27.985s] -- Symlinking: /home/prathamkelkar/ros2_ws/install/px4_msgs/include/px4_msgs/px4_msgs/msg/detail/vehicle_land_detected__rosidl_typesupport_fastrtps_cpp.hpp
[27.998s] -- Symlinking: /home/prathamkelkar/ros2_ws/install/px4_msgs/include/px4_msgs/px4_msgs/msg/detail/vehicle_local_position__rosidl_typesupport_fastrtps_cpp.hpp
[28.011s] -- Symlinking: /home/prathamkelkar/ros2_ws/install/px4_msgs/include/px4_msgs/px4_msgs/msg/detail/vehicle_local_position_setpoint__rosidl_typesupport_fastrtps_cpp.hpp
[28.024s] -- Symlinking: /home/prathamkelkar/ros2_ws/install/px4_msgs/include/px4_msgs/px4_msgs/msg/detail/vehicle_magnetometer__rosidl_typesupport_fastrtps_cpp.hpp
[28.036s] -- Symlinking: /home/prathamkelkar/ros2_ws/install/px4_msgs/include/px4_msgs/px4_msgs/msg/detail/vehicle_odometry__rosidl_typesupport_fastrtps_cpp.hpp
[28.045s] -- Symlinking: /home/prathamkelkar/ros2_ws/install/px4_msgs/include/px4_msgs/px4_msgs/msg/detail/vehicle_optical_flow__rosidl_typesupport_fastrtps_cpp.hpp
[28.052s] -- Symlinking: /home/prathamkelkar/ros2_ws/install/px4_msgs/include/px4_msgs/px4_msgs/msg/detail/vehicle_optical_flow_vel__rosidl_typesupport_fastrtps_cpp.hpp
[28.057s] -- Symlinking: /home/prathamkelkar/ros2_ws/install/px4_msgs/include/px4_msgs/px4_msgs/msg/detail/vehicle_rates_setpoint__rosidl_typesupport_fastrtps_cpp.hpp
[28.063s] -- Symlinking: /home/prathamkelkar/ros2_ws/install/px4_msgs/include/px4_msgs/px4_msgs/msg/detail/vehicle_roi__rosidl_typesupport_fastrtps_cpp.hpp
[28.068s] -- Symlinking: /home/prathamkelkar/ros2_ws/install/px4_msgs/include/px4_msgs/px4_msgs/msg/detail/vehicle_status__rosidl_typesupport_fastrtps_cpp.hpp
[28.074s] -- Symlinking: /home/prathamkelkar/ros2_ws/install/px4_msgs/include/px4_msgs/px4_msgs/msg/detail/vehicle_thrust_setpoint__rosidl_typesupport_fastrtps_cpp.hpp
[28.079s] -- Symlinking: /home/prathamkelkar/ros2_ws/install/px4_msgs/include/px4_msgs/px4_msgs/msg/detail/vehicle_torque_setpoint__rosidl_typesupport_fastrtps_cpp.hpp
[28.093s] -- Symlinking: /home/prathamkelkar/ros2_ws/install/px4_msgs/include/px4_msgs/px4_msgs/msg/detail/vehicle_trajectory_bezier__rosidl_typesupport_fastrtps_cpp.hpp
[28.104s] -- Symlinking: /home/prathamkelkar/ros2_ws/install/px4_msgs/include/px4_msgs/px4_msgs/msg/detail/vehicle_trajectory_waypoint__rosidl_typesupport_fastrtps_cpp.hpp
[28.112s] -- Symlinking: /home/prathamkelkar/ros2_ws/install/px4_msgs/include/px4_msgs/px4_msgs/msg/detail/velocity_limits__rosidl_typesupport_fastrtps_cpp.hpp
[28.126s] -- Symlinking: /home/prathamkelkar/ros2_ws/install/px4_msgs/include/px4_msgs/px4_msgs/msg/detail/vtol_vehicle_status__rosidl_typesupport_fastrtps_cpp.hpp
[28.137s] -- Symlinking: /home/prathamkelkar/ros2_ws/install/px4_msgs/include/px4_msgs/px4_msgs/msg/detail/wheel_encoders__rosidl_typesupport_fastrtps_cpp.hpp
[28.145s] -- Symlinking: /home/prathamkelkar/ros2_ws/install/px4_msgs/include/px4_msgs/px4_msgs/msg/detail/wind__rosidl_typesupport_fastrtps_cpp.hpp
[28.160s] -- Symlinking: /home/prathamkelkar/ros2_ws/install/px4_msgs/include/px4_msgs/px4_msgs/msg/detail/yaw_estimator_status__rosidl_typesupport_fastrtps_cpp.hpp
[28.172s] -- Symlinking: /home/prathamkelkar/ros2_ws/install/px4_msgs/include/px4_msgs/px4_msgs/msg/rosidl_typesupport_fastrtps_cpp__visibility_control.h
[28.181s] -- Symlinking: /home/prathamkelkar/ros2_ws/install/px4_msgs/include/px4_msgs/px4_msgs/srv/detail/vehicle_command__rosidl_typesupport_fastrtps_cpp.hpp
[28.190s] -- Symlinking: /home/prathamkelkar/ros2_ws/install/px4_msgs/include/px4_msgs/px4_msgs/msg/detail/action_request__rosidl_typesupport_introspection_c.h
[28.197s] -- Symlinking: /home/prathamkelkar/ros2_ws/install/px4_msgs/include/px4_msgs/px4_msgs/msg/detail/actuator_armed__rosidl_typesupport_introspection_c.h
[28.202s] -- Symlinking: /home/prathamkelkar/ros2_ws/install/px4_msgs/include/px4_msgs/px4_msgs/msg/detail/actuator_controls_status__rosidl_typesupport_introspection_c.h
[28.215s] -- Symlinking: /home/prathamkelkar/ros2_ws/install/px4_msgs/include/px4_msgs/px4_msgs/msg/detail/actuator_motors__rosidl_typesupport_introspection_c.h
[28.228s] -- Symlinking: /home/prathamkelkar/ros2_ws/install/px4_msgs/include/px4_msgs/px4_msgs/msg/detail/actuator_outputs__rosidl_typesupport_introspection_c.h
[28.245s] -- Symlinking: /home/prathamkelkar/ros2_ws/install/px4_msgs/include/px4_msgs/px4_msgs/msg/detail/actuator_servos__rosidl_typesupport_introspection_c.h
[28.261s] -- Symlinking: /home/prathamkelkar/ros2_ws/install/px4_msgs/include/px4_msgs/px4_msgs/msg/detail/actuator_servos_trim__rosidl_typesupport_introspection_c.h
[28.275s] -- Symlinking: /home/prathamkelkar/ros2_ws/install/px4_msgs/include/px4_msgs/px4_msgs/msg/detail/actuator_test__rosidl_typesupport_introspection_c.h
[28.288s] -- Symlinking: /home/prathamkelkar/ros2_ws/install/px4_msgs/include/px4_msgs/px4_msgs/msg/detail/adc_report__rosidl_typesupport_introspection_c.h
[28.301s] -- Symlinking: /home/prathamkelkar/ros2_ws/install/px4_msgs/include/px4_msgs/px4_msgs/msg/detail/airspeed__rosidl_typesupport_introspection_c.h
[28.311s] -- Symlinking: /home/prathamkelkar/ros2_ws/install/px4_msgs/include/px4_msgs/px4_msgs/msg/detail/airspeed_validated__rosidl_typesupport_introspection_c.h
[28.319s] -- Symlinking: /home/prathamkelkar/ros2_ws/install/px4_msgs/include/px4_msgs/px4_msgs/msg/detail/airspeed_wind__rosidl_typesupport_introspection_c.h
[28.332s] -- Symlinking: /home/prathamkelkar/ros2_ws/install/px4_msgs/include/px4_msgs/px4_msgs/msg/detail/arming_check_reply__rosidl_typesupport_introspection_c.h
[28.344s] -- Symlinking: /home/prathamkelkar/ros2_ws/install/px4_msgs/include/px4_msgs/px4_msgs/msg/detail/arming_check_request__rosidl_typesupport_introspection_c.h
[28.352s] -- Symlinking: /home/prathamkelkar/ros2_ws/install/px4_msgs/include/px4_msgs/px4_msgs/msg/detail/autotune_attitude_control_status__rosidl_typesupport_introspection_c.h
[28.358s] -- Symlinking: /home/prathamkelkar/ros2_ws/install/px4_msgs/include/px4_msgs/px4_msgs/msg/detail/battery_status__rosidl_typesupport_introspection_c.h
[28.364s] -- Symlinking: /home/prathamkelkar/ros2_ws/install/px4_msgs/include/px4_msgs/px4_msgs/msg/detail/buffer128__rosidl_typesupport_introspection_c.h
[28.377s] -- Symlinking: /home/prathamkelkar/ros2_ws/install/px4_msgs/include/px4_msgs/px4_msgs/msg/detail/button_event__rosidl_typesupport_introspection_c.h
[28.391s] -- Symlinking: /home/prathamkelkar/ros2_ws/install/px4_msgs/include/px4_msgs/px4_msgs/msg/detail/camera_capture__rosidl_typesupport_introspection_c.h
[28.405s] -- Symlinking: /home/prathamkelkar/ros2_ws/install/px4_msgs/include/px4_msgs/px4_msgs/msg/detail/camera_status__rosidl_typesupport_introspection_c.h
[28.414s] -- Symlinking: /home/prathamkelkar/ros2_ws/install/px4_msgs/include/px4_msgs/px4_msgs/msg/detail/camera_trigger__rosidl_typesupport_introspection_c.h
[28.422s] -- Symlinking: /home/prathamkelkar/ros2_ws/install/px4_msgs/include/px4_msgs/px4_msgs/msg/detail/can_interface_status__rosidl_typesupport_introspection_c.h
[28.428s] -- Symlinking: /home/prathamkelkar/ros2_ws/install/px4_msgs/include/px4_msgs/px4_msgs/msg/detail/cellular_status__rosidl_typesupport_introspection_c.h
[28.433s] -- Symlinking: /home/prathamkelkar/ros2_ws/install/px4_msgs/include/px4_msgs/px4_msgs/msg/detail/collision_constraints__rosidl_typesupport_introspection_c.h
[28.439s] -- Symlinking: /home/prathamkelkar/ros2_ws/install/px4_msgs/include/px4_msgs/px4_msgs/msg/detail/collision_report__rosidl_typesupport_introspection_c.h
[28.444s] -- Symlinking: /home/prathamkelkar/ros2_ws/install/px4_msgs/include/px4_msgs/px4_msgs/msg/detail/config_overrides__rosidl_typesupport_introspection_c.h
[28.458s] -- Symlinking: /home/prathamkelkar/ros2_ws/install/px4_msgs/include/px4_msgs/px4_msgs/msg/detail/control_allocator_status__rosidl_typesupport_introspection_c.h
[28.467s] -- Symlinking: /home/prathamkelkar/ros2_ws/install/px4_msgs/include/px4_msgs/px4_msgs/msg/detail/cpuload__rosidl_typesupport_introspection_c.h
[28.480s] -- Symlinking: /home/prathamkelkar/ros2_ws/install/px4_msgs/include/px4_msgs/px4_msgs/msg/detail/dataman_request__rosidl_typesupport_introspection_c.h
[28.491s] -- Symlinking: /home/prathamkelkar/ros2_ws/install/px4_msgs/include/px4_msgs/px4_msgs/msg/detail/dataman_response__rosidl_typesupport_introspection_c.h
[28.499s] -- Symlinking: /home/prathamkelkar/ros2_ws/install/px4_msgs/include/px4_msgs/px4_msgs/msg/detail/debug_array__rosidl_typesupport_introspection_c.h
[28.505s] -- Symlinking: /home/prathamkelkar/ros2_ws/install/px4_msgs/include/px4_msgs/px4_msgs/msg/detail/debug_key_value__rosidl_typesupport_introspection_c.h
[28.518s] -- Symlinking: /home/prathamkelkar/ros2_ws/install/px4_msgs/include/px4_msgs/px4_msgs/msg/detail/debug_value__rosidl_typesupport_introspection_c.h
[28.528s] -- Symlinking: /home/prathamkelkar/ros2_ws/install/px4_msgs/include/px4_msgs/px4_msgs/msg/detail/debug_vect__rosidl_typesupport_introspection_c.h
[28.535s] -- Symlinking: /home/prathamkelkar/ros2_ws/install/px4_msgs/include/px4_msgs/px4_msgs/msg/detail/differential_drive_setpoint__rosidl_typesupport_introspection_c.h
[28.548s] -- Symlinking: /home/prathamkelkar/ros2_ws/install/px4_msgs/include/px4_msgs/px4_msgs/msg/detail/differential_pressure__rosidl_typesupport_introspection_c.h
[28.560s] -- Symlinking: /home/prathamkelkar/ros2_ws/install/px4_msgs/include/px4_msgs/px4_msgs/msg/detail/distance_sensor__rosidl_typesupport_introspection_c.h
[28.574s] -- Symlinking: /home/prathamkelkar/ros2_ws/install/px4_msgs/include/px4_msgs/px4_msgs/msg/detail/ekf2_timestamps__rosidl_typesupport_introspection_c.h
[28.586s] -- Symlinking: /home/prathamkelkar/ros2_ws/install/px4_msgs/include/px4_msgs/px4_msgs/msg/detail/esc_report__rosidl_typesupport_introspection_c.h
[28.594s] -- Symlinking: /home/prathamkelkar/ros2_ws/install/px4_msgs/include/px4_msgs/px4_msgs/msg/detail/esc_status__rosidl_typesupport_introspection_c.h
[28.608s] -- Symlinking: /home/prathamkelkar/ros2_ws/install/px4_msgs/include/px4_msgs/px4_msgs/msg/detail/estimator_aid_source1d__rosidl_typesupport_introspection_c.h
[28.620s] -- Symlinking: /home/prathamkelkar/ros2_ws/install/px4_msgs/include/px4_msgs/px4_msgs/msg/detail/estimator_aid_source2d__rosidl_typesupport_introspection_c.h
[28.634s] -- Symlinking: /home/prathamkelkar/ros2_ws/install/px4_msgs/include/px4_msgs/px4_msgs/msg/detail/estimator_aid_source3d__rosidl_typesupport_introspection_c.h
[28.645s] -- Symlinking: /home/prathamkelkar/ros2_ws/install/px4_msgs/include/px4_msgs/px4_msgs/msg/detail/estimator_bias3d__rosidl_typesupport_introspection_c.h
[28.659s] -- Symlinking: /home/prathamkelkar/ros2_ws/install/px4_msgs/include/px4_msgs/px4_msgs/msg/detail/estimator_bias__rosidl_typesupport_introspection_c.h
[28.672s] -- Symlinking: /home/prathamkelkar/ros2_ws/install/px4_msgs/include/px4_msgs/px4_msgs/msg/detail/estimator_event_flags__rosidl_typesupport_introspection_c.h
[28.686s] -- Symlinking: /home/prathamkelkar/ros2_ws/install/px4_msgs/include/px4_msgs/px4_msgs/msg/detail/estimator_gps_status__rosidl_typesupport_introspection_c.h
[28.698s] -- Symlinking: /home/prathamkelkar/ros2_ws/install/px4_msgs/include/px4_msgs/px4_msgs/msg/detail/estimator_innovations__rosidl_typesupport_introspection_c.h
[28.712s] -- Symlinking: /home/prathamkelkar/ros2_ws/install/px4_msgs/include/px4_msgs/px4_msgs/msg/detail/estimator_selector_status__rosidl_typesupport_introspection_c.h
[28.724s] -- Symlinking: /home/prathamkelkar/ros2_ws/install/px4_msgs/include/px4_msgs/px4_msgs/msg/detail/estimator_sensor_bias__rosidl_typesupport_introspection_c.h
[28.738s] -- Symlinking: /home/prathamkelkar/ros2_ws/install/px4_msgs/include/px4_msgs/px4_msgs/msg/detail/estimator_states__rosidl_typesupport_introspection_c.h
[28.751s] -- Symlinking: /home/prathamkelkar/ros2_ws/install/px4_msgs/include/px4_msgs/px4_msgs/msg/detail/estimator_status__rosidl_typesupport_introspection_c.h
[28.760s] -- Symlinking: /home/prathamkelkar/ros2_ws/install/px4_msgs/include/px4_msgs/px4_msgs/msg/detail/estimator_status_flags__rosidl_typesupport_introspection_c.h
[28.773s] -- Symlinking: /home/prathamkelkar/ros2_ws/install/px4_msgs/include/px4_msgs/px4_msgs/msg/detail/event__rosidl_typesupport_introspection_c.h
[28.785s] -- Symlinking: /home/prathamkelkar/ros2_ws/install/px4_msgs/include/px4_msgs/px4_msgs/msg/detail/failsafe_flags__rosidl_typesupport_introspection_c.h
[28.797s] -- Symlinking: /home/prathamkelkar/ros2_ws/install/px4_msgs/include/px4_msgs/px4_msgs/msg/detail/failure_detector_status__rosidl_typesupport_introspection_c.h
[28.807s] -- Symlinking: /home/prathamkelkar/ros2_ws/install/px4_msgs/include/px4_msgs/px4_msgs/msg/detail/figure_eight_status__rosidl_typesupport_introspection_c.h
[28.819s] -- Symlinking: /home/prathamkelkar/ros2_ws/install/px4_msgs/include/px4_msgs/px4_msgs/msg/detail/flight_phase_estimation__rosidl_typesupport_introspection_c.h
[28.831s] -- Symlinking: /home/prathamkelkar/ros2_ws/install/px4_msgs/include/px4_msgs/px4_msgs/msg/detail/follow_target__rosidl_typesupport_introspection_c.h
[28.839s] -- Symlinking: /home/prathamkelkar/ros2_ws/install/px4_msgs/include/px4_msgs/px4_msgs/msg/detail/follow_target_estimator__rosidl_typesupport_introspection_c.h
[28.854s] -- Symlinking: /home/prathamkelkar/ros2_ws/install/px4_msgs/include/px4_msgs/px4_msgs/msg/detail/follow_target_status__rosidl_typesupport_introspection_c.h
[28.867s] -- Symlinking: /home/prathamkelkar/ros2_ws/install/px4_msgs/include/px4_msgs/px4_msgs/msg/detail/generator_status__rosidl_typesupport_introspection_c.h
[28.881s] -- Symlinking: /home/prathamkelkar/ros2_ws/install/px4_msgs/include/px4_msgs/px4_msgs/msg/detail/geofence_result__rosidl_typesupport_introspection_c.h
[28.894s] -- Symlinking: /home/prathamkelkar/ros2_ws/install/px4_msgs/include/px4_msgs/px4_msgs/msg/detail/geofence_status__rosidl_typesupport_introspection_c.h
[28.907s] -- Symlinking: /home/prathamkelkar/ros2_ws/install/px4_msgs/include/px4_msgs/px4_msgs/msg/detail/gimbal_controls__rosidl_typesupport_introspection_c.h
[28.917s] -- Symlinking: /home/prathamkelkar/ros2_ws/install/px4_msgs/include/px4_msgs/px4_msgs/msg/detail/gimbal_device_attitude_status__rosidl_typesupport_introspection_c.h
[28.931s] -- Symlinking: /home/prathamkelkar/ros2_ws/install/px4_msgs/include/px4_msgs/px4_msgs/msg/detail/gimbal_device_information__rosidl_typesupport_introspection_c.h
[28.944s] -- Symlinking: /home/prathamkelkar/ros2_ws/install/px4_msgs/include/px4_msgs/px4_msgs/msg/detail/gimbal_device_set_attitude__rosidl_typesupport_introspection_c.h
[28.958s] -- Symlinking: /home/prathamkelkar/ros2_ws/install/px4_msgs/include/px4_msgs/px4_msgs/msg/detail/gimbal_manager_information__rosidl_typesupport_introspection_c.h
[28.971s] -- Symlinking: /home/prathamkelkar/ros2_ws/install/px4_msgs/include/px4_msgs/px4_msgs/msg/detail/gimbal_manager_set_attitude__rosidl_typesupport_introspection_c.h
[28.979s] -- Symlinking: /home/prathamkelkar/ros2_ws/install/px4_msgs/include/px4_msgs/px4_msgs/msg/detail/gimbal_manager_set_manual_control__rosidl_typesupport_introspection_c.h
[28.986s] -- Symlinking: /home/prathamkelkar/ros2_ws/install/px4_msgs/include/px4_msgs/px4_msgs/msg/detail/gimbal_manager_status__rosidl_typesupport_introspection_c.h
[28.998s] -- Symlinking: /home/prathamkelkar/ros2_ws/install/px4_msgs/include/px4_msgs/px4_msgs/msg/detail/goto_setpoint__rosidl_typesupport_introspection_c.h
[29.010s] -- Symlinking: /home/prathamkelkar/ros2_ws/install/px4_msgs/include/px4_msgs/px4_msgs/msg/detail/gpio_config__rosidl_typesupport_introspection_c.h
[29.018s] -- Symlinking: /home/prathamkelkar/ros2_ws/install/px4_msgs/include/px4_msgs/px4_msgs/msg/detail/gpio_in__rosidl_typesupport_introspection_c.h
[29.023s] -- Symlinking: /home/prathamkelkar/ros2_ws/install/px4_msgs/include/px4_msgs/px4_msgs/msg/detail/gpio_out__rosidl_typesupport_introspection_c.h
[29.028s] -- Symlinking: /home/prathamkelkar/ros2_ws/install/px4_msgs/include/px4_msgs/px4_msgs/msg/detail/gpio_request__rosidl_typesupport_introspection_c.h
[29.034s] -- Symlinking: /home/prathamkelkar/ros2_ws/install/px4_msgs/include/px4_msgs/px4_msgs/msg/detail/gps_dump__rosidl_typesupport_introspection_c.h
[29.039s] -- Symlinking: /home/prathamkelkar/ros2_ws/install/px4_msgs/include/px4_msgs/px4_msgs/msg/detail/gps_inject_data__rosidl_typesupport_introspection_c.h
[29.043s] -- Symlinking: /home/prathamkelkar/ros2_ws/install/px4_msgs/include/px4_msgs/px4_msgs/msg/detail/gripper__rosidl_typesupport_introspection_c.h
[29.048s] -- Symlinking: /home/prathamkelkar/ros2_ws/install/px4_msgs/include/px4_msgs/px4_msgs/msg/detail/health_report__rosidl_typesupport_introspection_c.h
[29.053s] -- Symlinking: /home/prathamkelkar/ros2_ws/install/px4_msgs/include/px4_msgs/px4_msgs/msg/detail/heater_status__rosidl_typesupport_introspection_c.h
[29.059s] -- Symlinking: /home/prathamkelkar/ros2_ws/install/px4_msgs/include/px4_msgs/px4_msgs/msg/detail/home_position__rosidl_typesupport_introspection_c.h
[29.063s] -- Symlinking: /home/prathamkelkar/ros2_ws/install/px4_msgs/include/px4_msgs/px4_msgs/msg/detail/hover_thrust_estimate__rosidl_typesupport_introspection_c.h
[29.068s] -- Symlinking: /home/prathamkelkar/ros2_ws/install/px4_msgs/include/px4_msgs/px4_msgs/msg/detail/input_rc__rosidl_typesupport_introspection_c.h
[29.073s] -- Symlinking: /home/prathamkelkar/ros2_ws/install/px4_msgs/include/px4_msgs/px4_msgs/msg/detail/internal_combustion_engine_status__rosidl_typesupport_introspection_c.h
[29.078s] -- Symlinking: /home/prathamkelkar/ros2_ws/install/px4_msgs/include/px4_msgs/px4_msgs/msg/detail/iridiumsbd_status__rosidl_typesupport_introspection_c.h
[29.083s] -- Symlinking: /home/prathamkelkar/ros2_ws/install/px4_msgs/include/px4_msgs/px4_msgs/msg/detail/irlock_report__rosidl_typesupport_introspection_c.h
[29.087s] -- Symlinking: /home/prathamkelkar/ros2_ws/install/px4_msgs/include/px4_msgs/px4_msgs/msg/detail/landing_gear__rosidl_typesupport_introspection_c.h
[29.092s] -- Symlinking: /home/prathamkelkar/ros2_ws/install/px4_msgs/include/px4_msgs/px4_msgs/msg/detail/landing_gear_wheel__rosidl_typesupport_introspection_c.h
[29.097s] -- Symlinking: /home/prathamkelkar/ros2_ws/install/px4_msgs/include/px4_msgs/px4_msgs/msg/detail/landing_target_innovations__rosidl_typesupport_introspection_c.h
[29.102s] -- Symlinking: /home/prathamkelkar/ros2_ws/install/px4_msgs/include/px4_msgs/px4_msgs/msg/detail/landing_target_pose__rosidl_typesupport_introspection_c.h
[29.107s] -- Symlinking: /home/prathamkelkar/ros2_ws/install/px4_msgs/include/px4_msgs/px4_msgs/msg/detail/launch_detection_status__rosidl_typesupport_introspection_c.h
[29.111s] -- Symlinking: /home/prathamkelkar/ros2_ws/install/px4_msgs/include/px4_msgs/px4_msgs/msg/detail/led_control__rosidl_typesupport_introspection_c.h
[29.116s] -- Symlinking: /home/prathamkelkar/ros2_ws/install/px4_msgs/include/px4_msgs/px4_msgs/msg/detail/log_message__rosidl_typesupport_introspection_c.h
[29.121s] -- Symlinking: /home/prathamkelkar/ros2_ws/install/px4_msgs/include/px4_msgs/px4_msgs/msg/detail/logger_status__rosidl_typesupport_introspection_c.h
[29.135s] -- Symlinking: /home/prathamkelkar/ros2_ws/install/px4_msgs/include/px4_msgs/px4_msgs/msg/detail/mag_worker_data__rosidl_typesupport_introspection_c.h
[29.142s] -- Symlinking: /home/prathamkelkar/ros2_ws/install/px4_msgs/include/px4_msgs/px4_msgs/msg/detail/magnetometer_bias_estimate__rosidl_typesupport_introspection_c.h
[29.147s] -- Symlinking: /home/prathamkelkar/ros2_ws/install/px4_msgs/include/px4_msgs/px4_msgs/msg/detail/manual_control_setpoint__rosidl_typesupport_introspection_c.h
[29.152s] -- Symlinking: /home/prathamkelkar/ros2_ws/install/px4_msgs/include/px4_msgs/px4_msgs/msg/detail/manual_control_switches__rosidl_typesupport_introspection_c.h
[29.157s] -- Symlinking: /home/prathamkelkar/ros2_ws/install/px4_msgs/include/px4_msgs/px4_msgs/msg/detail/mavlink_log__rosidl_typesupport_introspection_c.h
[29.171s] -- Symlinking: /home/prathamkelkar/ros2_ws/install/px4_msgs/include/px4_msgs/px4_msgs/msg/detail/mavlink_tunnel__rosidl_typesupport_introspection_c.h
[29.183s] -- Symlinking: /home/prathamkelkar/ros2_ws/install/px4_msgs/include/px4_msgs/px4_msgs/msg/detail/message_format_request__rosidl_typesupport_introspection_c.h
[29.193s] -- Symlinking: /home/prathamkelkar/ros2_ws/install/px4_msgs/include/px4_msgs/px4_msgs/msg/detail/message_format_response__rosidl_typesupport_introspection_c.h
[29.199s] -- Symlinking: /home/prathamkelkar/ros2_ws/install/px4_msgs/include/px4_msgs/px4_msgs/msg/detail/mission__rosidl_typesupport_introspection_c.h
[29.205s] -- Symlinking: /home/prathamkelkar/ros2_ws/install/px4_msgs/include/px4_msgs/px4_msgs/msg/detail/mission_result__rosidl_typesupport_introspection_c.h
[29.210s] -- Symlinking: /home/prathamkelkar/ros2_ws/install/px4_msgs/include/px4_msgs/px4_msgs/msg/detail/mode_completed__rosidl_typesupport_introspection_c.h
[29.215s] -- Symlinking: /home/prathamkelkar/ros2_ws/install/px4_msgs/include/px4_msgs/px4_msgs/msg/detail/mount_orientation__rosidl_typesupport_introspection_c.h
[29.220s] -- Symlinking: /home/prathamkelkar/ros2_ws/install/px4_msgs/include/px4_msgs/px4_msgs/msg/detail/navigator_mission_item__rosidl_typesupport_introspection_c.h
[29.225s] -- Symlinking: /home/prathamkelkar/ros2_ws/install/px4_msgs/include/px4_msgs/px4_msgs/msg/detail/normalized_unsigned_setpoint__rosidl_typesupport_introspection_c.h
[29.230s] -- Symlinking: /home/prathamkelkar/ros2_ws/install/px4_msgs/include/px4_msgs/px4_msgs/msg/detail/npfg_status__rosidl_typesupport_introspection_c.h
[29.235s] -- Symlinking: /home/prathamkelkar/ros2_ws/install/px4_msgs/include/px4_msgs/px4_msgs/msg/detail/obstacle_distance__rosidl_typesupport_introspection_c.h
[29.255s] -- Symlinking: /home/prathamkelkar/ros2_ws/install/px4_msgs/include/px4_msgs/px4_msgs/msg/detail/offboard_control_mode__rosidl_typesupport_introspection_c.h
[29.272s] -- Symlinking: /home/prathamkelkar/ros2_ws/install/px4_msgs/include/px4_msgs/px4_msgs/msg/detail/onboard_computer_status__rosidl_typesupport_introspection_c.h
[29.287s] -- Symlinking: /home/prathamkelkar/ros2_ws/install/px4_msgs/include/px4_msgs/px4_msgs/msg/detail/orb_test__rosidl_typesupport_introspection_c.h
[29.302s] -- Symlinking: /home/prathamkelkar/ros2_ws/install/px4_msgs/include/px4_msgs/px4_msgs/msg/detail/orb_test_large__rosidl_typesupport_introspection_c.h
[29.317s] -- Symlinking: /home/prathamkelkar/ros2_ws/install/px4_msgs/include/px4_msgs/px4_msgs/msg/detail/orb_test_medium__rosidl_typesupport_introspection_c.h
[29.328s] -- Symlinking: /home/prathamkelkar/ros2_ws/install/px4_msgs/include/px4_msgs/px4_msgs/msg/detail/orbit_status__rosidl_typesupport_introspection_c.h
[29.335s] -- Symlinking: /home/prathamkelkar/ros2_ws/install/px4_msgs/include/px4_msgs/px4_msgs/msg/detail/parameter_reset_request__rosidl_typesupport_introspection_c.h
[29.341s] -- Symlinking: /home/prathamkelkar/ros2_ws/install/px4_msgs/include/px4_msgs/px4_msgs/msg/detail/parameter_set_used_request__rosidl_typesupport_introspection_c.h
[29.346s] -- Symlinking: /home/prathamkelkar/ros2_ws/install/px4_msgs/include/px4_msgs/px4_msgs/msg/detail/parameter_set_value_request__rosidl_typesupport_introspection_c.h
[29.351s] -- Symlinking: /home/prathamkelkar/ros2_ws/install/px4_msgs/include/px4_msgs/px4_msgs/msg/detail/parameter_set_value_response__rosidl_typesupport_introspection_c.h
[29.356s] -- Symlinking: /home/prathamkelkar/ros2_ws/install/px4_msgs/include/px4_msgs/px4_msgs/msg/detail/parameter_update__rosidl_typesupport_introspection_c.h
[29.362s] -- Symlinking: /home/prathamkelkar/ros2_ws/install/px4_msgs/include/px4_msgs/px4_msgs/msg/detail/ping__rosidl_typesupport_introspection_c.h
[29.367s] -- Symlinking: /home/prathamkelkar/ros2_ws/install/px4_msgs/include/px4_msgs/px4_msgs/msg/detail/position_controller_landing_status__rosidl_typesupport_introspection_c.h
[29.371s] -- Symlinking: /home/prathamkelkar/ros2_ws/install/px4_msgs/include/px4_msgs/px4_msgs/msg/detail/position_controller_status__rosidl_typesupport_introspection_c.h
[29.376s] -- Symlinking: /home/prathamkelkar/ros2_ws/install/px4_msgs/include/px4_msgs/px4_msgs/msg/detail/position_setpoint__rosidl_typesupport_introspection_c.h
[29.381s] -- Symlinking: /home/prathamkelkar/ros2_ws/install/px4_msgs/include/px4_msgs/px4_msgs/msg/detail/position_setpoint_triplet__rosidl_typesupport_introspection_c.h
[29.386s] -- Symlinking: /home/prathamkelkar/ros2_ws/install/px4_msgs/include/px4_msgs/px4_msgs/msg/detail/power_button_state__rosidl_typesupport_introspection_c.h
[29.391s] -- Symlinking: /home/prathamkelkar/ros2_ws/install/px4_msgs/include/px4_msgs/px4_msgs/msg/detail/power_monitor__rosidl_typesupport_introspection_c.h
[29.396s] -- Symlinking: /home/prathamkelkar/ros2_ws/install/px4_msgs/include/px4_msgs/px4_msgs/msg/detail/pps_capture__rosidl_typesupport_introspection_c.h
[29.401s] -- Symlinking: /home/prathamkelkar/ros2_ws/install/px4_msgs/include/px4_msgs/px4_msgs/msg/detail/pwm_input__rosidl_typesupport_introspection_c.h
[29.405s] -- Symlinking: /home/prathamkelkar/ros2_ws/install/px4_msgs/include/px4_msgs/px4_msgs/msg/detail/px4io_status__rosidl_typesupport_introspection_c.h
[29.410s] -- Symlinking: /home/prathamkelkar/ros2_ws/install/px4_msgs/include/px4_msgs/px4_msgs/msg/detail/qshell_req__rosidl_typesupport_introspection_c.h
[29.415s] -- Symlinking: /home/prathamkelkar/ros2_ws/install/px4_msgs/include/px4_msgs/px4_msgs/msg/detail/qshell_retval__rosidl_typesupport_introspection_c.h
[29.420s] -- Symlinking: /home/prathamkelkar/ros2_ws/install/px4_msgs/include/px4_msgs/px4_msgs/msg/detail/radio_status__rosidl_typesupport_introspection_c.h
[29.425s] -- Symlinking: /home/prathamkelkar/ros2_ws/install/px4_msgs/include/px4_msgs/px4_msgs/msg/detail/rate_ctrl_status__rosidl_typesupport_introspection_c.h
[29.430s] -- Symlinking: /home/prathamkelkar/ros2_ws/install/px4_msgs/include/px4_msgs/px4_msgs/msg/detail/rc_channels__rosidl_typesupport_introspection_c.h
[29.434s] -- Symlinking: /home/prathamkelkar/ros2_ws/install/px4_msgs/include/px4_msgs/px4_msgs/msg/detail/rc_parameter_map__rosidl_typesupport_introspection_c.h
[29.439s] -- Symlinking: /home/prathamkelkar/ros2_ws/install/px4_msgs/include/px4_msgs/px4_msgs/msg/detail/register_ext_component_reply__rosidl_typesupport_introspection_c.h
[29.444s] -- Symlinking: /home/prathamkelkar/ros2_ws/install/px4_msgs/include/px4_msgs/px4_msgs/msg/detail/register_ext_component_request__rosidl_typesupport_introspection_c.h
[29.457s] -- Symlinking: /home/prathamkelkar/ros2_ws/install/px4_msgs/include/px4_msgs/px4_msgs/msg/detail/rpm__rosidl_typesupport_introspection_c.h
[29.469s] -- Symlinking: /home/prathamkelkar/ros2_ws/install/px4_msgs/include/px4_msgs/px4_msgs/msg/detail/rtl_status__rosidl_typesupport_introspection_c.h
[29.478s] -- Symlinking: /home/prathamkelkar/ros2_ws/install/px4_msgs/include/px4_msgs/px4_msgs/msg/detail/rtl_time_estimate__rosidl_typesupport_introspection_c.h
[29.484s] -- Symlinking: /home/prathamkelkar/ros2_ws/install/px4_msgs/include/px4_msgs/px4_msgs/msg/detail/satellite_info__rosidl_typesupport_introspection_c.h
[29.488s] -- Symlinking: /home/prathamkelkar/ros2_ws/install/px4_msgs/include/px4_msgs/px4_msgs/msg/detail/sensor_accel__rosidl_typesupport_introspection_c.h
[29.493s] -- Symlinking: /home/prathamkelkar/ros2_ws/install/px4_msgs/include/px4_msgs/px4_msgs/msg/detail/sensor_accel_fifo__rosidl_typesupport_introspection_c.h
[29.498s] -- Symlinking: /home/prathamkelkar/ros2_ws/install/px4_msgs/include/px4_msgs/px4_msgs/msg/detail/sensor_airflow__rosidl_typesupport_introspection_c.h
[29.510s] -- Symlinking: /home/prathamkelkar/ros2_ws/install/px4_msgs/include/px4_msgs/px4_msgs/msg/detail/sensor_baro__rosidl_typesupport_introspection_c.h
[29.522s] -- Symlinking: /home/prathamkelkar/ros2_ws/install/px4_msgs/include/px4_msgs/px4_msgs/msg/detail/sensor_combined__rosidl_typesupport_introspection_c.h
[29.530s] -- Symlinking: /home/prathamkelkar/ros2_ws/install/px4_msgs/include/px4_msgs/px4_msgs/msg/detail/sensor_correction__rosidl_typesupport_introspection_c.h
[29.536s] -- Symlinking: /home/prathamkelkar/ros2_ws/install/px4_msgs/include/px4_msgs/px4_msgs/msg/detail/sensor_gnss_relative__rosidl_typesupport_introspection_c.h
[29.541s] -- Symlinking: /home/prathamkelkar/ros2_ws/install/px4_msgs/include/px4_msgs/px4_msgs/msg/detail/sensor_gps__rosidl_typesupport_introspection_c.h
[29.546s] -- Symlinking: /home/prathamkelkar/ros2_ws/install/px4_msgs/include/px4_msgs/px4_msgs/msg/detail/sensor_gyro__rosidl_typesupport_introspection_c.h
[29.552s] -- Symlinking: /home/prathamkelkar/ros2_ws/install/px4_msgs/include/px4_msgs/px4_msgs/msg/detail/sensor_gyro_fft__rosidl_typesupport_introspection_c.h
[29.557s] -- Symlinking: /home/prathamkelkar/ros2_ws/install/px4_msgs/include/px4_msgs/px4_msgs/msg/detail/sensor_gyro_fifo__rosidl_typesupport_introspection_c.h
[29.562s] -- Symlinking: /home/prathamkelkar/ros2_ws/install/px4_msgs/include/px4_msgs/px4_msgs/msg/detail/sensor_hygrometer__rosidl_typesupport_introspection_c.h
[29.567s] -- Symlinking: /home/prathamkelkar/ros2_ws/install/px4_msgs/include/px4_msgs/px4_msgs/msg/detail/sensor_mag__rosidl_typesupport_introspection_c.h
[29.572s] -- Symlinking: /home/prathamkelkar/ros2_ws/install/px4_msgs/include/px4_msgs/px4_msgs/msg/detail/sensor_optical_flow__rosidl_typesupport_introspection_c.h
[29.577s] -- Symlinking: /home/prathamkelkar/ros2_ws/install/px4_msgs/include/px4_msgs/px4_msgs/msg/detail/sensor_preflight_mag__rosidl_typesupport_introspection_c.h
[29.582s] -- Symlinking: /home/prathamkelkar/ros2_ws/install/px4_msgs/include/px4_msgs/px4_msgs/msg/detail/sensor_selection__rosidl_typesupport_introspection_c.h
[29.587s] -- Symlinking: /home/prathamkelkar/ros2_ws/install/px4_msgs/include/px4_msgs/px4_msgs/msg/detail/sensor_uwb__rosidl_typesupport_introspection_c.h
[29.592s] -- Symlinking: /home/prathamkelkar/ros2_ws/install/px4_msgs/include/px4_msgs/px4_msgs/msg/detail/sensors_status__rosidl_typesupport_introspection_c.h
[29.597s] -- Symlinking: /home/prathamkelkar/ros2_ws/install/px4_msgs/include/px4_msgs/px4_msgs/msg/detail/sensors_status_imu__rosidl_typesupport_introspection_c.h
[29.602s] -- Symlinking: /home/prathamkelkar/ros2_ws/install/px4_msgs/include/px4_msgs/px4_msgs/msg/detail/system_power__rosidl_typesupport_introspection_c.h
[29.606s] -- Symlinking: /home/prathamkelkar/ros2_ws/install/px4_msgs/include/px4_msgs/px4_msgs/msg/detail/takeoff_status__rosidl_typesupport_introspection_c.h
[29.611s] -- Symlinking: /home/prathamkelkar/ros2_ws/install/px4_msgs/include/px4_msgs/px4_msgs/msg/detail/task_stack_info__rosidl_typesupport_introspection_c.h
[29.616s] -- Symlinking: /home/prathamkelkar/ros2_ws/install/px4_msgs/include/px4_msgs/px4_msgs/msg/detail/tecs_status__rosidl_typesupport_introspection_c.h
[29.621s] -- Symlinking: /home/prathamkelkar/ros2_ws/install/px4_msgs/include/px4_msgs/px4_msgs/msg/detail/telemetry_status__rosidl_typesupport_introspection_c.h
[29.626s] -- Symlinking: /home/prathamkelkar/ros2_ws/install/px4_msgs/include/px4_msgs/px4_msgs/msg/detail/tiltrotor_extra_controls__rosidl_typesupport_introspection_c.h
[29.631s] -- Symlinking: /home/prathamkelkar/ros2_ws/install/px4_msgs/include/px4_msgs/px4_msgs/msg/detail/timesync_status__rosidl_typesupport_introspection_c.h
[29.637s] -- Symlinking: /home/prathamkelkar/ros2_ws/install/px4_msgs/include/px4_msgs/px4_msgs/msg/detail/trajectory_bezier__rosidl_typesupport_introspection_c.h
[29.642s] -- Symlinking: /home/prathamkelkar/ros2_ws/install/px4_msgs/include/px4_msgs/px4_msgs/msg/detail/trajectory_setpoint__rosidl_typesupport_introspection_c.h
[29.647s] -- Symlinking: /home/prathamkelkar/ros2_ws/install/px4_msgs/include/px4_msgs/px4_msgs/msg/detail/trajectory_waypoint__rosidl_typesupport_introspection_c.h
[29.660s] -- Symlinking: /home/prathamkelkar/ros2_ws/install/px4_msgs/include/px4_msgs/px4_msgs/msg/detail/transponder_report__rosidl_typesupport_introspection_c.h
[29.673s] -- Symlinking: /home/prathamkelkar/ros2_ws/install/px4_msgs/include/px4_msgs/px4_msgs/msg/detail/tune_control__rosidl_typesupport_introspection_c.h
[29.681s] -- Symlinking: /home/prathamkelkar/ros2_ws/install/px4_msgs/include/px4_msgs/px4_msgs/msg/detail/uavcan_parameter_request__rosidl_typesupport_introspection_c.h
[29.694s] -- Symlinking: /home/prathamkelkar/ros2_ws/install/px4_msgs/include/px4_msgs/px4_msgs/msg/detail/uavcan_parameter_value__rosidl_typesupport_introspection_c.h
[29.707s] -- Symlinking: /home/prathamkelkar/ros2_ws/install/px4_msgs/include/px4_msgs/px4_msgs/msg/detail/ulog_stream__rosidl_typesupport_introspection_c.h
[29.715s] -- Symlinking: /home/prathamkelkar/ros2_ws/install/px4_msgs/include/px4_msgs/px4_msgs/msg/detail/ulog_stream_ack__rosidl_typesupport_introspection_c.h
[29.721s] -- Symlinking: /home/prathamkelkar/ros2_ws/install/px4_msgs/include/px4_msgs/px4_msgs/msg/detail/unregister_ext_component__rosidl_typesupport_introspection_c.h
[29.726s] -- Symlinking: /home/prathamkelkar/ros2_ws/install/px4_msgs/include/px4_msgs/px4_msgs/msg/detail/vehicle_acceleration__rosidl_typesupport_introspection_c.h
[29.731s] -- Symlinking: /home/prathamkelkar/ros2_ws/install/px4_msgs/include/px4_msgs/px4_msgs/msg/detail/vehicle_air_data__rosidl_typesupport_introspection_c.h
[29.736s] -- Symlinking: /home/prathamkelkar/ros2_ws/install/px4_msgs/include/px4_msgs/px4_msgs/msg/detail/vehicle_angular_acceleration_setpoint__rosidl_typesupport_introspection_c.h
[29.741s] -- Symlinking: /home/prathamkelkar/ros2_ws/install/px4_msgs/include/px4_msgs/px4_msgs/msg/detail/vehicle_angular_velocity__rosidl_typesupport_introspection_c.h
[29.745s] -- Symlinking: /home/prathamkelkar/ros2_ws/install/px4_msgs/include/px4_msgs/px4_msgs/msg/detail/vehicle_attitude__rosidl_typesupport_introspection_c.h
[29.751s] -- Symlinking: /home/prathamkelkar/ros2_ws/install/px4_msgs/include/px4_msgs/px4_msgs/msg/detail/vehicle_attitude_setpoint__rosidl_typesupport_introspection_c.h
[29.756s] -- Symlinking: /home/prathamkelkar/ros2_ws/install/px4_msgs/include/px4_msgs/px4_msgs/msg/detail/vehicle_command__rosidl_typesupport_introspection_c.h
[29.761s] -- Symlinking: /home/prathamkelkar/ros2_ws/install/px4_msgs/include/px4_msgs/px4_msgs/msg/detail/vehicle_command_ack__rosidl_typesupport_introspection_c.h
[29.774s] -- Symlinking: /home/prathamkelkar/ros2_ws/install/px4_msgs/include/px4_msgs/px4_msgs/msg/detail/vehicle_constraints__rosidl_typesupport_introspection_c.h
[29.786s] -- Symlinking: /home/prathamkelkar/ros2_ws/install/px4_msgs/include/px4_msgs/px4_msgs/msg/detail/vehicle_control_mode__rosidl_typesupport_introspection_c.h
[29.795s] -- Symlinking: /home/prathamkelkar/ros2_ws/install/px4_msgs/include/px4_msgs/px4_msgs/msg/detail/vehicle_global_position__rosidl_typesupport_introspection_c.h
[29.801s] -- Symlinking: /home/prathamkelkar/ros2_ws/install/px4_msgs/include/px4_msgs/px4_msgs/msg/detail/vehicle_imu__rosidl_typesupport_introspection_c.h
[29.806s] -- Symlinking: /home/prathamkelkar/ros2_ws/install/px4_msgs/include/px4_msgs/px4_msgs/msg/detail/vehicle_imu_status__rosidl_typesupport_introspection_c.h
[29.811s] -- Symlinking: /home/prathamkelkar/ros2_ws/install/px4_msgs/include/px4_msgs/px4_msgs/msg/detail/vehicle_land_detected__rosidl_typesupport_introspection_c.h
[29.816s] -- Symlinking: /home/prathamkelkar/ros2_ws/install/px4_msgs/include/px4_msgs/px4_msgs/msg/detail/vehicle_local_position__rosidl_typesupport_introspection_c.h
[29.820s] -- Symlinking: /home/prathamkelkar/ros2_ws/install/px4_msgs/include/px4_msgs/px4_msgs/msg/detail/vehicle_local_position_setpoint__rosidl_typesupport_introspection_c.h
[29.825s] -- Symlinking: /home/prathamkelkar/ros2_ws/install/px4_msgs/include/px4_msgs/px4_msgs/msg/detail/vehicle_magnetometer__rosidl_typesupport_introspection_c.h
[29.830s] -- Symlinking: /home/prathamkelkar/ros2_ws/install/px4_msgs/include/px4_msgs/px4_msgs/msg/detail/vehicle_odometry__rosidl_typesupport_introspection_c.h
[29.835s] -- Symlinking: /home/prathamkelkar/ros2_ws/install/px4_msgs/include/px4_msgs/px4_msgs/msg/detail/vehicle_optical_flow__rosidl_typesupport_introspection_c.h
[29.839s] -- Symlinking: /home/prathamkelkar/ros2_ws/install/px4_msgs/include/px4_msgs/px4_msgs/msg/detail/vehicle_optical_flow_vel__rosidl_typesupport_introspection_c.h
[29.844s] -- Symlinking: /home/prathamkelkar/ros2_ws/install/px4_msgs/include/px4_msgs/px4_msgs/msg/detail/vehicle_rates_setpoint__rosidl_typesupport_introspection_c.h
[29.849s] -- Symlinking: /home/prathamkelkar/ros2_ws/install/px4_msgs/include/px4_msgs/px4_msgs/msg/detail/vehicle_roi__rosidl_typesupport_introspection_c.h
[29.854s] -- Symlinking: /home/prathamkelkar/ros2_ws/install/px4_msgs/include/px4_msgs/px4_msgs/msg/detail/vehicle_status__rosidl_typesupport_introspection_c.h
[29.860s] -- Symlinking: /home/prathamkelkar/ros2_ws/install/px4_msgs/include/px4_msgs/px4_msgs/msg/detail/vehicle_thrust_setpoint__rosidl_typesupport_introspection_c.h
[29.865s] -- Symlinking: /home/prathamkelkar/ros2_ws/install/px4_msgs/include/px4_msgs/px4_msgs/msg/detail/vehicle_torque_setpoint__rosidl_typesupport_introspection_c.h
[29.870s] -- Symlinking: /home/prathamkelkar/ros2_ws/install/px4_msgs/include/px4_msgs/px4_msgs/msg/detail/vehicle_trajectory_bezier__rosidl_typesupport_introspection_c.h
[29.874s] -- Symlinking: /home/prathamkelkar/ros2_ws/install/px4_msgs/include/px4_msgs/px4_msgs/msg/detail/vehicle_trajectory_waypoint__rosidl_typesupport_introspection_c.h
[29.879s] -- Symlinking: /home/prathamkelkar/ros2_ws/install/px4_msgs/include/px4_msgs/px4_msgs/msg/detail/velocity_limits__rosidl_typesupport_introspection_c.h
[29.884s] -- Symlinking: /home/prathamkelkar/ros2_ws/install/px4_msgs/include/px4_msgs/px4_msgs/msg/detail/vtol_vehicle_status__rosidl_typesupport_introspection_c.h
[29.889s] -- Symlinking: /home/prathamkelkar/ros2_ws/install/px4_msgs/include/px4_msgs/px4_msgs/msg/detail/wheel_encoders__rosidl_typesupport_introspection_c.h
[29.894s] -- Symlinking: /home/prathamkelkar/ros2_ws/install/px4_msgs/include/px4_msgs/px4_msgs/msg/detail/wind__rosidl_typesupport_introspection_c.h
[29.899s] -- Symlinking: /home/prathamkelkar/ros2_ws/install/px4_msgs/include/px4_msgs/px4_msgs/msg/detail/yaw_estimator_status__rosidl_typesupport_introspection_c.h
[29.904s] -- Symlinking: /home/prathamkelkar/ros2_ws/install/px4_msgs/include/px4_msgs/px4_msgs/msg/rosidl_typesupport_introspection_c__visibility_control.h
[29.909s] -- Symlinking: /home/prathamkelkar/ros2_ws/install/px4_msgs/include/px4_msgs/px4_msgs/srv/detail/vehicle_command__rosidl_typesupport_introspection_c.h
[29.917s] -- Symlinking: /home/prathamkelkar/ros2_ws/install/px4_msgs/include/px4_msgs/px4_msgs/msg/detail/action_request__rosidl_typesupport_introspection_cpp.hpp
[29.922s] -- Symlinking: /home/prathamkelkar/ros2_ws/install/px4_msgs/include/px4_msgs/px4_msgs/msg/detail/actuator_armed__rosidl_typesupport_introspection_cpp.hpp
[29.927s] -- Symlinking: /home/prathamkelkar/ros2_ws/install/px4_msgs/include/px4_msgs/px4_msgs/msg/detail/actuator_controls_status__rosidl_typesupport_introspection_cpp.hpp
[29.932s] -- Symlinking: /home/prathamkelkar/ros2_ws/install/px4_msgs/include/px4_msgs/px4_msgs/msg/detail/actuator_motors__rosidl_typesupport_introspection_cpp.hpp
[29.936s] -- Symlinking: /home/prathamkelkar/ros2_ws/install/px4_msgs/include/px4_msgs/px4_msgs/msg/detail/actuator_outputs__rosidl_typesupport_introspection_cpp.hpp
[29.941s] -- Symlinking: /home/prathamkelkar/ros2_ws/install/px4_msgs/include/px4_msgs/px4_msgs/msg/detail/actuator_servos__rosidl_typesupport_introspection_cpp.hpp
[29.946s] -- Symlinking: /home/prathamkelkar/ros2_ws/install/px4_msgs/include/px4_msgs/px4_msgs/msg/detail/actuator_servos_trim__rosidl_typesupport_introspection_cpp.hpp
[29.960s] -- Symlinking: /home/prathamkelkar/ros2_ws/install/px4_msgs/include/px4_msgs/px4_msgs/msg/detail/actuator_test__rosidl_typesupport_introspection_cpp.hpp
[29.973s] -- Symlinking: /home/prathamkelkar/ros2_ws/install/px4_msgs/include/px4_msgs/px4_msgs/msg/detail/adc_report__rosidl_typesupport_introspection_cpp.hpp
[29.982s] -- Symlinking: /home/prathamkelkar/ros2_ws/install/px4_msgs/include/px4_msgs/px4_msgs/msg/detail/airspeed__rosidl_typesupport_introspection_cpp.hpp
[29.995s] -- Symlinking: /home/prathamkelkar/ros2_ws/install/px4_msgs/include/px4_msgs/px4_msgs/msg/detail/airspeed_validated__rosidl_typesupport_introspection_cpp.hpp
[30.007s] -- Symlinking: /home/prathamkelkar/ros2_ws/install/px4_msgs/include/px4_msgs/px4_msgs/msg/detail/airspeed_wind__rosidl_typesupport_introspection_cpp.hpp
[30.014s] -- Symlinking: /home/prathamkelkar/ros2_ws/install/px4_msgs/include/px4_msgs/px4_msgs/msg/detail/arming_check_reply__rosidl_typesupport_introspection_cpp.hpp
[30.020s] -- Symlinking: /home/prathamkelkar/ros2_ws/install/px4_msgs/include/px4_msgs/px4_msgs/msg/detail/arming_check_request__rosidl_typesupport_introspection_cpp.hpp
[30.025s] -- Symlinking: /home/prathamkelkar/ros2_ws/install/px4_msgs/include/px4_msgs/px4_msgs/msg/detail/autotune_attitude_control_status__rosidl_typesupport_introspection_cpp.hpp
[30.030s] -- Symlinking: /home/prathamkelkar/ros2_ws/install/px4_msgs/include/px4_msgs/px4_msgs/msg/detail/battery_status__rosidl_typesupport_introspection_cpp.hpp
[30.035s] -- Symlinking: /home/prathamkelkar/ros2_ws/install/px4_msgs/include/px4_msgs/px4_msgs/msg/detail/buffer128__rosidl_typesupport_introspection_cpp.hpp
[30.040s] -- Symlinking: /home/prathamkelkar/ros2_ws/install/px4_msgs/include/px4_msgs/px4_msgs/msg/detail/button_event__rosidl_typesupport_introspection_cpp.hpp
[30.044s] -- Symlinking: /home/prathamkelkar/ros2_ws/install/px4_msgs/include/px4_msgs/px4_msgs/msg/detail/camera_capture__rosidl_typesupport_introspection_cpp.hpp
[30.049s] -- Symlinking: /home/prathamkelkar/ros2_ws/install/px4_msgs/include/px4_msgs/px4_msgs/msg/detail/camera_status__rosidl_typesupport_introspection_cpp.hpp
[30.055s] -- Symlinking: /home/prathamkelkar/ros2_ws/install/px4_msgs/include/px4_msgs/px4_msgs/msg/detail/camera_trigger__rosidl_typesupport_introspection_cpp.hpp
[30.069s] -- Symlinking: /home/prathamkelkar/ros2_ws/install/px4_msgs/include/px4_msgs/px4_msgs/msg/detail/can_interface_status__rosidl_typesupport_introspection_cpp.hpp
[30.077s] -- Symlinking: /home/prathamkelkar/ros2_ws/install/px4_msgs/include/px4_msgs/px4_msgs/msg/detail/cellular_status__rosidl_typesupport_introspection_cpp.hpp
[30.083s] -- Symlinking: /home/prathamkelkar/ros2_ws/install/px4_msgs/include/px4_msgs/px4_msgs/msg/detail/collision_constraints__rosidl_typesupport_introspection_cpp.hpp
[30.087s] -- Symlinking: /home/prathamkelkar/ros2_ws/install/px4_msgs/include/px4_msgs/px4_msgs/msg/detail/collision_report__rosidl_typesupport_introspection_cpp.hpp
[30.092s] -- Symlinking: /home/prathamkelkar/ros2_ws/install/px4_msgs/include/px4_msgs/px4_msgs/msg/detail/config_overrides__rosidl_typesupport_introspection_cpp.hpp
[30.097s] -- Symlinking: /home/prathamkelkar/ros2_ws/install/px4_msgs/include/px4_msgs/px4_msgs/msg/detail/control_allocator_status__rosidl_typesupport_introspection_cpp.hpp
[30.102s] -- Symlinking: /home/prathamkelkar/ros2_ws/install/px4_msgs/include/px4_msgs/px4_msgs/msg/detail/cpuload__rosidl_typesupport_introspection_cpp.hpp
[30.107s] -- Symlinking: /home/prathamkelkar/ros2_ws/install/px4_msgs/include/px4_msgs/px4_msgs/msg/detail/dataman_request__rosidl_typesupport_introspection_cpp.hpp
[30.112s] -- Symlinking: /home/prathamkelkar/ros2_ws/install/px4_msgs/include/px4_msgs/px4_msgs/msg/detail/dataman_response__rosidl_typesupport_introspection_cpp.hpp
[30.117s] -- Symlinking: /home/prathamkelkar/ros2_ws/install/px4_msgs/include/px4_msgs/px4_msgs/msg/detail/debug_array__rosidl_typesupport_introspection_cpp.hpp
[30.121s] -- Symlinking: /home/prathamkelkar/ros2_ws/install/px4_msgs/include/px4_msgs/px4_msgs/msg/detail/debug_key_value__rosidl_typesupport_introspection_cpp.hpp
[30.127s] -- Symlinking: /home/prathamkelkar/ros2_ws/install/px4_msgs/include/px4_msgs/px4_msgs/msg/detail/debug_value__rosidl_typesupport_introspection_cpp.hpp
[30.132s] -- Symlinking: /home/prathamkelkar/ros2_ws/install/px4_msgs/include/px4_msgs/px4_msgs/msg/detail/debug_vect__rosidl_typesupport_introspection_cpp.hpp
[30.146s] -- Symlinking: /home/prathamkelkar/ros2_ws/install/px4_msgs/include/px4_msgs/px4_msgs/msg/detail/differential_drive_setpoint__rosidl_typesupport_introspection_cpp.hpp
[30.160s] -- Symlinking: /home/prathamkelkar/ros2_ws/install/px4_msgs/include/px4_msgs/px4_msgs/msg/detail/differential_pressure__rosidl_typesupport_introspection_cpp.hpp
[30.174s] -- Symlinking: /home/prathamkelkar/ros2_ws/install/px4_msgs/include/px4_msgs/px4_msgs/msg/detail/distance_sensor__rosidl_typesupport_introspection_cpp.hpp
[30.187s] -- Symlinking: /home/prathamkelkar/ros2_ws/install/px4_msgs/include/px4_msgs/px4_msgs/msg/detail/ekf2_timestamps__rosidl_typesupport_introspection_cpp.hpp
[30.200s] -- Symlinking: /home/prathamkelkar/ros2_ws/install/px4_msgs/include/px4_msgs/px4_msgs/msg/detail/esc_report__rosidl_typesupport_introspection_cpp.hpp
[30.213s] -- Symlinking: /home/prathamkelkar/ros2_ws/install/px4_msgs/include/px4_msgs/px4_msgs/msg/detail/esc_status__rosidl_typesupport_introspection_cpp.hpp
[30.224s] -- Symlinking: /home/prathamkelkar/ros2_ws/install/px4_msgs/include/px4_msgs/px4_msgs/msg/detail/estimator_aid_source1d__rosidl_typesupport_introspection_cpp.hpp
[30.232s] -- Symlinking: /home/prathamkelkar/ros2_ws/install/px4_msgs/include/px4_msgs/px4_msgs/msg/detail/estimator_aid_source2d__rosidl_typesupport_introspection_cpp.hpp
[30.238s] -- Symlinking: /home/prathamkelkar/ros2_ws/install/px4_msgs/include/px4_msgs/px4_msgs/msg/detail/estimator_aid_source3d__rosidl_typesupport_introspection_cpp.hpp
[30.243s] -- Symlinking: /home/prathamkelkar/ros2_ws/install/px4_msgs/include/px4_msgs/px4_msgs/msg/detail/estimator_bias3d__rosidl_typesupport_introspection_cpp.hpp
[30.248s] -- Symlinking: /home/prathamkelkar/ros2_ws/install/px4_msgs/include/px4_msgs/px4_msgs/msg/detail/estimator_bias__rosidl_typesupport_introspection_cpp.hpp
[30.254s] -- Symlinking: /home/prathamkelkar/ros2_ws/install/px4_msgs/include/px4_msgs/px4_msgs/msg/detail/estimator_event_flags__rosidl_typesupport_introspection_cpp.hpp
[30.259s] -- Symlinking: /home/prathamkelkar/ros2_ws/install/px4_msgs/include/px4_msgs/px4_msgs/msg/detail/estimator_gps_status__rosidl_typesupport_introspection_cpp.hpp
[30.265s] -- Symlinking: /home/prathamkelkar/ros2_ws/install/px4_msgs/include/px4_msgs/px4_msgs/msg/detail/estimator_innovations__rosidl_typesupport_introspection_cpp.hpp
[30.270s] -- Symlinking: /home/prathamkelkar/ros2_ws/install/px4_msgs/include/px4_msgs/px4_msgs/msg/detail/estimator_selector_status__rosidl_typesupport_introspection_cpp.hpp
[30.275s] -- Symlinking: /home/prathamkelkar/ros2_ws/install/px4_msgs/include/px4_msgs/px4_msgs/msg/detail/estimator_sensor_bias__rosidl_typesupport_introspection_cpp.hpp
[30.280s] -- Symlinking: /home/prathamkelkar/ros2_ws/install/px4_msgs/include/px4_msgs/px4_msgs/msg/detail/estimator_states__rosidl_typesupport_introspection_cpp.hpp
[30.285s] -- Symlinking: /home/prathamkelkar/ros2_ws/install/px4_msgs/include/px4_msgs/px4_msgs/msg/detail/estimator_status__rosidl_typesupport_introspection_cpp.hpp
[30.290s] -- Symlinking: /home/prathamkelkar/ros2_ws/install/px4_msgs/include/px4_msgs/px4_msgs/msg/detail/estimator_status_flags__rosidl_typesupport_introspection_cpp.hpp
[30.295s] -- Symlinking: /home/prathamkelkar/ros2_ws/install/px4_msgs/include/px4_msgs/px4_msgs/msg/detail/event__rosidl_typesupport_introspection_cpp.hpp
[30.300s] -- Symlinking: /home/prathamkelkar/ros2_ws/install/px4_msgs/include/px4_msgs/px4_msgs/msg/detail/failsafe_flags__rosidl_typesupport_introspection_cpp.hpp
[30.305s] -- Symlinking: /home/prathamkelkar/ros2_ws/install/px4_msgs/include/px4_msgs/px4_msgs/msg/detail/failure_detector_status__rosidl_typesupport_introspection_cpp.hpp
[30.309s] -- Symlinking: /home/prathamkelkar/ros2_ws/install/px4_msgs/include/px4_msgs/px4_msgs/msg/detail/figure_eight_status__rosidl_typesupport_introspection_cpp.hpp
[30.314s] -- Symlinking: /home/prathamkelkar/ros2_ws/install/px4_msgs/include/px4_msgs/px4_msgs/msg/detail/flight_phase_estimation__rosidl_typesupport_introspection_cpp.hpp
[30.319s] -- Symlinking: /home/prathamkelkar/ros2_ws/install/px4_msgs/include/px4_msgs/px4_msgs/msg/detail/follow_target__rosidl_typesupport_introspection_cpp.hpp
[30.324s] -- Symlinking: /home/prathamkelkar/ros2_ws/install/px4_msgs/include/px4_msgs/px4_msgs/msg/detail/follow_target_estimator__rosidl_typesupport_introspection_cpp.hpp
[30.329s] -- Symlinking: /home/prathamkelkar/ros2_ws/install/px4_msgs/include/px4_msgs/px4_msgs/msg/detail/follow_target_status__rosidl_typesupport_introspection_cpp.hpp
[30.333s] -- Symlinking: /home/prathamkelkar/ros2_ws/install/px4_msgs/include/px4_msgs/px4_msgs/msg/detail/generator_status__rosidl_typesupport_introspection_cpp.hpp
[30.338s] -- Symlinking: /home/prathamkelkar/ros2_ws/install/px4_msgs/include/px4_msgs/px4_msgs/msg/detail/geofence_result__rosidl_typesupport_introspection_cpp.hpp
[30.343s] -- Symlinking: /home/prathamkelkar/ros2_ws/install/px4_msgs/include/px4_msgs/px4_msgs/msg/detail/geofence_status__rosidl_typesupport_introspection_cpp.hpp
[30.348s] -- Symlinking: /home/prathamkelkar/ros2_ws/install/px4_msgs/include/px4_msgs/px4_msgs/msg/detail/gimbal_controls__rosidl_typesupport_introspection_cpp.hpp
[30.361s] -- Symlinking: /home/prathamkelkar/ros2_ws/install/px4_msgs/include/px4_msgs/px4_msgs/msg/detail/gimbal_device_attitude_status__rosidl_typesupport_introspection_cpp.hpp
[30.373s] -- Symlinking: /home/prathamkelkar/ros2_ws/install/px4_msgs/include/px4_msgs/px4_msgs/msg/detail/gimbal_device_information__rosidl_typesupport_introspection_cpp.hpp
[30.382s] -- Symlinking: /home/prathamkelkar/ros2_ws/install/px4_msgs/include/px4_msgs/px4_msgs/msg/detail/gimbal_device_set_attitude__rosidl_typesupport_introspection_cpp.hpp
[30.389s] -- Symlinking: /home/prathamkelkar/ros2_ws/install/px4_msgs/include/px4_msgs/px4_msgs/msg/detail/gimbal_manager_information__rosidl_typesupport_introspection_cpp.hpp
[30.402s] -- Symlinking: /home/prathamkelkar/ros2_ws/install/px4_msgs/include/px4_msgs/px4_msgs/msg/detail/gimbal_manager_set_attitude__rosidl_typesupport_introspection_cpp.hpp
[30.416s] -- Symlinking: /home/prathamkelkar/ros2_ws/install/px4_msgs/include/px4_msgs/px4_msgs/msg/detail/gimbal_manager_set_manual_control__rosidl_typesupport_introspection_cpp.hpp
[30.429s] -- Symlinking: /home/prathamkelkar/ros2_ws/install/px4_msgs/include/px4_msgs/px4_msgs/msg/detail/gimbal_manager_status__rosidl_typesupport_introspection_cpp.hpp
[30.442s] -- Symlinking: /home/prathamkelkar/ros2_ws/install/px4_msgs/include/px4_msgs/px4_msgs/msg/detail/goto_setpoint__rosidl_typesupport_introspection_cpp.hpp
[30.455s] -- Symlinking: /home/prathamkelkar/ros2_ws/install/px4_msgs/include/px4_msgs/px4_msgs/msg/detail/gpio_config__rosidl_typesupport_introspection_cpp.hpp
[30.469s] -- Symlinking: /home/prathamkelkar/ros2_ws/install/px4_msgs/include/px4_msgs/px4_msgs/msg/detail/gpio_in__rosidl_typesupport_introspection_cpp.hpp
[30.482s] -- Symlinking: /home/prathamkelkar/ros2_ws/install/px4_msgs/include/px4_msgs/px4_msgs/msg/detail/gpio_out__rosidl_typesupport_introspection_cpp.hpp
[30.494s] -- Symlinking: /home/prathamkelkar/ros2_ws/install/px4_msgs/include/px4_msgs/px4_msgs/msg/detail/gpio_request__rosidl_typesupport_introspection_cpp.hpp
[30.505s] -- Symlinking: /home/prathamkelkar/ros2_ws/install/px4_msgs/include/px4_msgs/px4_msgs/msg/detail/gps_dump__rosidl_typesupport_introspection_cpp.hpp
[30.512s] -- Symlinking: /home/prathamkelkar/ros2_ws/install/px4_msgs/include/px4_msgs/px4_msgs/msg/detail/gps_inject_data__rosidl_typesupport_introspection_cpp.hpp
[30.517s] -- Symlinking: /home/prathamkelkar/ros2_ws/install/px4_msgs/include/px4_msgs/px4_msgs/msg/detail/gripper__rosidl_typesupport_introspection_cpp.hpp
[30.530s] -- Symlinking: /home/prathamkelkar/ros2_ws/install/px4_msgs/include/px4_msgs/px4_msgs/msg/detail/health_report__rosidl_typesupport_introspection_cpp.hpp
[30.543s] -- Symlinking: /home/prathamkelkar/ros2_ws/install/px4_msgs/include/px4_msgs/px4_msgs/msg/detail/heater_status__rosidl_typesupport_introspection_cpp.hpp
[30.552s] -- Symlinking: /home/prathamkelkar/ros2_ws/install/px4_msgs/include/px4_msgs/px4_msgs/msg/detail/home_position__rosidl_typesupport_introspection_cpp.hpp
[30.566s] -- Symlinking: /home/prathamkelkar/ros2_ws/install/px4_msgs/include/px4_msgs/px4_msgs/msg/detail/hover_thrust_estimate__rosidl_typesupport_introspection_cpp.hpp
[30.581s] -- Symlinking: /home/prathamkelkar/ros2_ws/install/px4_msgs/include/px4_msgs/px4_msgs/msg/detail/input_rc__rosidl_typesupport_introspection_cpp.hpp
[30.594s] -- Symlinking: /home/prathamkelkar/ros2_ws/install/px4_msgs/include/px4_msgs/px4_msgs/msg/detail/internal_combustion_engine_status__rosidl_typesupport_introspection_cpp.hpp
[30.603s] -- Symlinking: /home/prathamkelkar/ros2_ws/install/px4_msgs/include/px4_msgs/px4_msgs/msg/detail/iridiumsbd_status__rosidl_typesupport_introspection_cpp.hpp
[30.610s] -- Symlinking: /home/prathamkelkar/ros2_ws/install/px4_msgs/include/px4_msgs/px4_msgs/msg/detail/irlock_report__rosidl_typesupport_introspection_cpp.hpp
[30.615s] -- Symlinking: /home/prathamkelkar/ros2_ws/install/px4_msgs/include/px4_msgs/px4_msgs/msg/detail/landing_gear__rosidl_typesupport_introspection_cpp.hpp
[30.619s] -- Symlinking: /home/prathamkelkar/ros2_ws/install/px4_msgs/include/px4_msgs/px4_msgs/msg/detail/landing_gear_wheel__rosidl_typesupport_introspection_cpp.hpp
[30.624s] -- Symlinking: /home/prathamkelkar/ros2_ws/install/px4_msgs/include/px4_msgs/px4_msgs/msg/detail/landing_target_innovations__rosidl_typesupport_introspection_cpp.hpp
[30.630s] -- Symlinking: /home/prathamkelkar/ros2_ws/install/px4_msgs/include/px4_msgs/px4_msgs/msg/detail/landing_target_pose__rosidl_typesupport_introspection_cpp.hpp
[30.644s] -- Symlinking: /home/prathamkelkar/ros2_ws/install/px4_msgs/include/px4_msgs/px4_msgs/msg/detail/launch_detection_status__rosidl_typesupport_introspection_cpp.hpp
[30.657s] -- Symlinking: /home/prathamkelkar/ros2_ws/install/px4_msgs/include/px4_msgs/px4_msgs/msg/detail/led_control__rosidl_typesupport_introspection_cpp.hpp
[30.671s] -- Symlinking: /home/prathamkelkar/ros2_ws/install/px4_msgs/include/px4_msgs/px4_msgs/msg/detail/log_message__rosidl_typesupport_introspection_cpp.hpp
[30.683s] -- Symlinking: /home/prathamkelkar/ros2_ws/install/px4_msgs/include/px4_msgs/px4_msgs/msg/detail/logger_status__rosidl_typesupport_introspection_cpp.hpp
[30.697s] -- Symlinking: /home/prathamkelkar/ros2_ws/install/px4_msgs/include/px4_msgs/px4_msgs/msg/detail/mag_worker_data__rosidl_typesupport_introspection_cpp.hpp
[30.709s] -- Symlinking: /home/prathamkelkar/ros2_ws/install/px4_msgs/include/px4_msgs/px4_msgs/msg/detail/magnetometer_bias_estimate__rosidl_typesupport_introspection_cpp.hpp
[30.718s] -- Symlinking: /home/prathamkelkar/ros2_ws/install/px4_msgs/include/px4_msgs/px4_msgs/msg/detail/manual_control_setpoint__rosidl_typesupport_introspection_cpp.hpp
[30.724s] -- Symlinking: /home/prathamkelkar/ros2_ws/install/px4_msgs/include/px4_msgs/px4_msgs/msg/detail/manual_control_switches__rosidl_typesupport_introspection_cpp.hpp
[30.729s] -- Symlinking: /home/prathamkelkar/ros2_ws/install/px4_msgs/include/px4_msgs/px4_msgs/msg/detail/mavlink_log__rosidl_typesupport_introspection_cpp.hpp
[30.742s] -- Symlinking: /home/prathamkelkar/ros2_ws/install/px4_msgs/include/px4_msgs/px4_msgs/msg/detail/mavlink_tunnel__rosidl_typesupport_introspection_cpp.hpp
[30.751s] -- Symlinking: /home/prathamkelkar/ros2_ws/install/px4_msgs/include/px4_msgs/px4_msgs/msg/detail/message_format_request__rosidl_typesupport_introspection_cpp.hpp
[30.758s] -- Symlinking: /home/prathamkelkar/ros2_ws/install/px4_msgs/include/px4_msgs/px4_msgs/msg/detail/message_format_response__rosidl_typesupport_introspection_cpp.hpp
[30.771s] -- Symlinking: /home/prathamkelkar/ros2_ws/install/px4_msgs/include/px4_msgs/px4_msgs/msg/detail/mission__rosidl_typesupport_introspection_cpp.hpp
[30.782s] -- Symlinking: /home/prathamkelkar/ros2_ws/install/px4_msgs/include/px4_msgs/px4_msgs/msg/detail/mission_result__rosidl_typesupport_introspection_cpp.hpp
[30.796s] -- Symlinking: /home/prathamkelkar/ros2_ws/install/px4_msgs/include/px4_msgs/px4_msgs/msg/detail/mode_completed__rosidl_typesupport_introspection_cpp.hpp
[30.809s] -- Symlinking: /home/prathamkelkar/ros2_ws/install/px4_msgs/include/px4_msgs/px4_msgs/msg/detail/mount_orientation__rosidl_typesupport_introspection_cpp.hpp
[30.821s] -- Symlinking: /home/prathamkelkar/ros2_ws/install/px4_msgs/include/px4_msgs/px4_msgs/msg/detail/navigator_mission_item__rosidl_typesupport_introspection_cpp.hpp
[30.834s] -- Symlinking: /home/prathamkelkar/ros2_ws/install/px4_msgs/include/px4_msgs/px4_msgs/msg/detail/normalized_unsigned_setpoint__rosidl_typesupport_introspection_cpp.hpp
[30.847s] -- Symlinking: /home/prathamkelkar/ros2_ws/install/px4_msgs/include/px4_msgs/px4_msgs/msg/detail/npfg_status__rosidl_typesupport_introspection_cpp.hpp
[30.857s] -- Symlinking: /home/prathamkelkar/ros2_ws/install/px4_msgs/include/px4_msgs/px4_msgs/msg/detail/obstacle_distance__rosidl_typesupport_introspection_cpp.hpp
[30.870s] -- Symlinking: /home/prathamkelkar/ros2_ws/install/px4_msgs/include/px4_msgs/px4_msgs/msg/detail/offboard_control_mode__rosidl_typesupport_introspection_cpp.hpp
[30.883s] -- Symlinking: /home/prathamkelkar/ros2_ws/install/px4_msgs/include/px4_msgs/px4_msgs/msg/detail/onboard_computer_status__rosidl_typesupport_introspection_cpp.hpp
[30.897s] -- Symlinking: /home/prathamkelkar/ros2_ws/install/px4_msgs/include/px4_msgs/px4_msgs/msg/detail/orb_test__rosidl_typesupport_introspection_cpp.hpp
[30.910s] -- Symlinking: /home/prathamkelkar/ros2_ws/install/px4_msgs/include/px4_msgs/px4_msgs/msg/detail/orb_test_large__rosidl_typesupport_introspection_cpp.hpp
[30.923s] -- Symlinking: /home/prathamkelkar/ros2_ws/install/px4_msgs/include/px4_msgs/px4_msgs/msg/detail/orb_test_medium__rosidl_typesupport_introspection_cpp.hpp
[30.935s] -- Symlinking: /home/prathamkelkar/ros2_ws/install/px4_msgs/include/px4_msgs/px4_msgs/msg/detail/orbit_status__rosidl_typesupport_introspection_cpp.hpp
[30.948s] -- Symlinking: /home/prathamkelkar/ros2_ws/install/px4_msgs/include/px4_msgs/px4_msgs/msg/detail/parameter_reset_request__rosidl_typesupport_introspection_cpp.hpp
[30.962s] -- Symlinking: /home/prathamkelkar/ros2_ws/install/px4_msgs/include/px4_msgs/px4_msgs/msg/detail/parameter_set_used_request__rosidl_typesupport_introspection_cpp.hpp
[30.976s] -- Symlinking: /home/prathamkelkar/ros2_ws/install/px4_msgs/include/px4_msgs/px4_msgs/msg/detail/parameter_set_value_request__rosidl_typesupport_introspection_cpp.hpp
[30.989s] -- Symlinking: /home/prathamkelkar/ros2_ws/install/px4_msgs/include/px4_msgs/px4_msgs/msg/detail/parameter_set_value_response__rosidl_typesupport_introspection_cpp.hpp
[31.002s] -- Symlinking: /home/prathamkelkar/ros2_ws/install/px4_msgs/include/px4_msgs/px4_msgs/msg/detail/parameter_update__rosidl_typesupport_introspection_cpp.hpp
[31.013s] -- Symlinking: /home/prathamkelkar/ros2_ws/install/px4_msgs/include/px4_msgs/px4_msgs/msg/detail/ping__rosidl_typesupport_introspection_cpp.hpp
[31.021s] -- Symlinking: /home/prathamkelkar/ros2_ws/install/px4_msgs/include/px4_msgs/px4_msgs/msg/detail/position_controller_landing_status__rosidl_typesupport_introspection_cpp.hpp
[31.034s] -- Symlinking: /home/prathamkelkar/ros2_ws/install/px4_msgs/include/px4_msgs/px4_msgs/msg/detail/position_controller_status__rosidl_typesupport_introspection_cpp.hpp
[31.045s] -- Symlinking: /home/prathamkelkar/ros2_ws/install/px4_msgs/include/px4_msgs/px4_msgs/msg/detail/position_setpoint__rosidl_typesupport_introspection_cpp.hpp
[31.060s] -- Symlinking: /home/prathamkelkar/ros2_ws/install/px4_msgs/include/px4_msgs/px4_msgs/msg/detail/position_setpoint_triplet__rosidl_typesupport_introspection_cpp.hpp
[31.071s] -- Symlinking: /home/prathamkelkar/ros2_ws/install/px4_msgs/include/px4_msgs/px4_msgs/msg/detail/power_button_state__rosidl_typesupport_introspection_cpp.hpp
[31.084s] -- Symlinking: /home/prathamkelkar/ros2_ws/install/px4_msgs/include/px4_msgs/px4_msgs/msg/detail/power_monitor__rosidl_typesupport_introspection_cpp.hpp
[31.097s] -- Symlinking: /home/prathamkelkar/ros2_ws/install/px4_msgs/include/px4_msgs/px4_msgs/msg/detail/pps_capture__rosidl_typesupport_introspection_cpp.hpp
[31.110s] -- Symlinking: /home/prathamkelkar/ros2_ws/install/px4_msgs/include/px4_msgs/px4_msgs/msg/detail/pwm_input__rosidl_typesupport_introspection_cpp.hpp
[31.120s] -- Symlinking: /home/prathamkelkar/ros2_ws/install/px4_msgs/include/px4_msgs/px4_msgs/msg/detail/px4io_status__rosidl_typesupport_introspection_cpp.hpp
[31.134s] -- Symlinking: /home/prathamkelkar/ros2_ws/install/px4_msgs/include/px4_msgs/px4_msgs/msg/detail/qshell_req__rosidl_typesupport_introspection_cpp.hpp
[31.147s] -- Symlinking: /home/prathamkelkar/ros2_ws/install/px4_msgs/include/px4_msgs/px4_msgs/msg/detail/qshell_retval__rosidl_typesupport_introspection_cpp.hpp
[31.157s] -- Symlinking: /home/prathamkelkar/ros2_ws/install/px4_msgs/include/px4_msgs/px4_msgs/msg/detail/radio_status__rosidl_typesupport_introspection_cpp.hpp
[31.164s] -- Symlinking: /home/prathamkelkar/ros2_ws/install/px4_msgs/include/px4_msgs/px4_msgs/msg/detail/rate_ctrl_status__rosidl_typesupport_introspection_cpp.hpp
[31.177s] -- Symlinking: /home/prathamkelkar/ros2_ws/install/px4_msgs/include/px4_msgs/px4_msgs/msg/detail/rc_channels__rosidl_typesupport_introspection_cpp.hpp
[31.188s] -- Symlinking: /home/prathamkelkar/ros2_ws/install/px4_msgs/include/px4_msgs/px4_msgs/msg/detail/rc_parameter_map__rosidl_typesupport_introspection_cpp.hpp
[31.201s] -- Symlinking: /home/prathamkelkar/ros2_ws/install/px4_msgs/include/px4_msgs/px4_msgs/msg/detail/register_ext_component_reply__rosidl_typesupport_introspection_cpp.hpp
[31.213s] -- Symlinking: /home/prathamkelkar/ros2_ws/install/px4_msgs/include/px4_msgs/px4_msgs/msg/detail/register_ext_component_request__rosidl_typesupport_introspection_cpp.hpp
[31.226s] -- Symlinking: /home/prathamkelkar/ros2_ws/install/px4_msgs/include/px4_msgs/px4_msgs/msg/detail/rpm__rosidl_typesupport_introspection_cpp.hpp
[31.235s] -- Symlinking: /home/prathamkelkar/ros2_ws/install/px4_msgs/include/px4_msgs/px4_msgs/msg/detail/rtl_status__rosidl_typesupport_introspection_cpp.hpp
[31.253s] -- Symlinking: /home/prathamkelkar/ros2_ws/install/px4_msgs/include/px4_msgs/px4_msgs/msg/detail/rtl_time_estimate__rosidl_typesupport_introspection_cpp.hpp
[31.267s] -- Symlinking: /home/prathamkelkar/ros2_ws/install/px4_msgs/include/px4_msgs/px4_msgs/msg/detail/satellite_info__rosidl_typesupport_introspection_cpp.hpp
[31.282s] -- Symlinking: /home/prathamkelkar/ros2_ws/install/px4_msgs/include/px4_msgs/px4_msgs/msg/detail/sensor_accel__rosidl_typesupport_introspection_cpp.hpp
[31.294s] -- Symlinking: /home/prathamkelkar/ros2_ws/install/px4_msgs/include/px4_msgs/px4_msgs/msg/detail/sensor_accel_fifo__rosidl_typesupport_introspection_cpp.hpp
[31.302s] -- Symlinking: /home/prathamkelkar/ros2_ws/install/px4_msgs/include/px4_msgs/px4_msgs/msg/detail/sensor_airflow__rosidl_typesupport_introspection_cpp.hpp
[31.308s] -- Symlinking: /home/prathamkelkar/ros2_ws/install/px4_msgs/include/px4_msgs/px4_msgs/msg/detail/sensor_baro__rosidl_typesupport_introspection_cpp.hpp
[31.314s] -- Symlinking: /home/prathamkelkar/ros2_ws/install/px4_msgs/include/px4_msgs/px4_msgs/msg/detail/sensor_combined__rosidl_typesupport_introspection_cpp.hpp
[31.319s] -- Symlinking: /home/prathamkelkar/ros2_ws/install/px4_msgs/include/px4_msgs/px4_msgs/msg/detail/sensor_correction__rosidl_typesupport_introspection_cpp.hpp
[31.324s] -- Symlinking: /home/prathamkelkar/ros2_ws/install/px4_msgs/include/px4_msgs/px4_msgs/msg/detail/sensor_gnss_relative__rosidl_typesupport_introspection_cpp.hpp
[31.330s] -- Symlinking: /home/prathamkelkar/ros2_ws/install/px4_msgs/include/px4_msgs/px4_msgs/msg/detail/sensor_gps__rosidl_typesupport_introspection_cpp.hpp
[31.335s] -- Symlinking: /home/prathamkelkar/ros2_ws/install/px4_msgs/include/px4_msgs/px4_msgs/msg/detail/sensor_gyro__rosidl_typesupport_introspection_cpp.hpp
[31.348s] -- Symlinking: /home/prathamkelkar/ros2_ws/install/px4_msgs/include/px4_msgs/px4_msgs/msg/detail/sensor_gyro_fft__rosidl_typesupport_introspection_cpp.hpp
[31.362s] -- Symlinking: /home/prathamkelkar/ros2_ws/install/px4_msgs/include/px4_msgs/px4_msgs/msg/detail/sensor_gyro_fifo__rosidl_typesupport_introspection_cpp.hpp
[31.376s] -- Symlinking: /home/prathamkelkar/ros2_ws/install/px4_msgs/include/px4_msgs/px4_msgs/msg/detail/sensor_hygrometer__rosidl_typesupport_introspection_cpp.hpp
[31.391s] -- Symlinking: /home/prathamkelkar/ros2_ws/install/px4_msgs/include/px4_msgs/px4_msgs/msg/detail/sensor_mag__rosidl_typesupport_introspection_cpp.hpp
[31.405s] -- Symlinking: /home/prathamkelkar/ros2_ws/install/px4_msgs/include/px4_msgs/px4_msgs/msg/detail/sensor_optical_flow__rosidl_typesupport_introspection_cpp.hpp
[31.417s] -- Symlinking: /home/prathamkelkar/ros2_ws/install/px4_msgs/include/px4_msgs/px4_msgs/msg/detail/sensor_preflight_mag__rosidl_typesupport_introspection_cpp.hpp
[31.430s] -- Symlinking: /home/prathamkelkar/ros2_ws/install/px4_msgs/include/px4_msgs/px4_msgs/msg/detail/sensor_selection__rosidl_typesupport_introspection_cpp.hpp
[31.443s] -- Symlinking: /home/prathamkelkar/ros2_ws/install/px4_msgs/include/px4_msgs/px4_msgs/msg/detail/sensor_uwb__rosidl_typesupport_introspection_cpp.hpp
[31.456s] -- Symlinking: /home/prathamkelkar/ros2_ws/install/px4_msgs/include/px4_msgs/px4_msgs/msg/detail/sensors_status__rosidl_typesupport_introspection_cpp.hpp
[31.464s] -- Symlinking: /home/prathamkelkar/ros2_ws/install/px4_msgs/include/px4_msgs/px4_msgs/msg/detail/sensors_status_imu__rosidl_typesupport_introspection_cpp.hpp
[31.471s] -- Symlinking: /home/prathamkelkar/ros2_ws/install/px4_msgs/include/px4_msgs/px4_msgs/msg/detail/system_power__rosidl_typesupport_introspection_cpp.hpp
[31.476s] -- Symlinking: /home/prathamkelkar/ros2_ws/install/px4_msgs/include/px4_msgs/px4_msgs/msg/detail/takeoff_status__rosidl_typesupport_introspection_cpp.hpp
[31.481s] -- Symlinking: /home/prathamkelkar/ros2_ws/install/px4_msgs/include/px4_msgs/px4_msgs/msg/detail/task_stack_info__rosidl_typesupport_introspection_cpp.hpp
[31.486s] -- Symlinking: /home/prathamkelkar/ros2_ws/install/px4_msgs/include/px4_msgs/px4_msgs/msg/detail/tecs_status__rosidl_typesupport_introspection_cpp.hpp
[31.491s] -- Symlinking: /home/prathamkelkar/ros2_ws/install/px4_msgs/include/px4_msgs/px4_msgs/msg/detail/telemetry_status__rosidl_typesupport_introspection_cpp.hpp
[31.496s] -- Symlinking: /home/prathamkelkar/ros2_ws/install/px4_msgs/include/px4_msgs/px4_msgs/msg/detail/tiltrotor_extra_controls__rosidl_typesupport_introspection_cpp.hpp
[31.509s] -- Symlinking: /home/prathamkelkar/ros2_ws/install/px4_msgs/include/px4_msgs/px4_msgs/msg/detail/timesync_status__rosidl_typesupport_introspection_cpp.hpp
[31.522s] -- Symlinking: /home/prathamkelkar/ros2_ws/install/px4_msgs/include/px4_msgs/px4_msgs/msg/detail/trajectory_bezier__rosidl_typesupport_introspection_cpp.hpp
[31.535s] -- Symlinking: /home/prathamkelkar/ros2_ws/install/px4_msgs/include/px4_msgs/px4_msgs/msg/detail/trajectory_setpoint__rosidl_typesupport_introspection_cpp.hpp
[31.548s] -- Symlinking: /home/prathamkelkar/ros2_ws/install/px4_msgs/include/px4_msgs/px4_msgs/msg/detail/trajectory_waypoint__rosidl_typesupport_introspection_cpp.hpp
[31.557s] -- Symlinking: /home/prathamkelkar/ros2_ws/install/px4_msgs/include/px4_msgs/px4_msgs/msg/detail/transponder_report__rosidl_typesupport_introspection_cpp.hpp
[31.563s] -- Symlinking: /home/prathamkelkar/ros2_ws/install/px4_msgs/include/px4_msgs/px4_msgs/msg/detail/tune_control__rosidl_typesupport_introspection_cpp.hpp
[31.568s] -- Symlinking: /home/prathamkelkar/ros2_ws/install/px4_msgs/include/px4_msgs/px4_msgs/msg/detail/uavcan_parameter_request__rosidl_typesupport_introspection_cpp.hpp
[31.573s] -- Symlinking: /home/prathamkelkar/ros2_ws/install/px4_msgs/include/px4_msgs/px4_msgs/msg/detail/uavcan_parameter_value__rosidl_typesupport_introspection_cpp.hpp
[31.578s] -- Symlinking: /home/prathamkelkar/ros2_ws/install/px4_msgs/include/px4_msgs/px4_msgs/msg/detail/ulog_stream__rosidl_typesupport_introspection_cpp.hpp
[31.583s] -- Symlinking: /home/prathamkelkar/ros2_ws/install/px4_msgs/include/px4_msgs/px4_msgs/msg/detail/ulog_stream_ack__rosidl_typesupport_introspection_cpp.hpp
[31.588s] -- Symlinking: /home/prathamkelkar/ros2_ws/install/px4_msgs/include/px4_msgs/px4_msgs/msg/detail/unregister_ext_component__rosidl_typesupport_introspection_cpp.hpp
[31.593s] -- Symlinking: /home/prathamkelkar/ros2_ws/install/px4_msgs/include/px4_msgs/px4_msgs/msg/detail/vehicle_acceleration__rosidl_typesupport_introspection_cpp.hpp
[31.598s] -- Symlinking: /home/prathamkelkar/ros2_ws/install/px4_msgs/include/px4_msgs/px4_msgs/msg/detail/vehicle_air_data__rosidl_typesupport_introspection_cpp.hpp
[31.603s] -- Symlinking: /home/prathamkelkar/ros2_ws/install/px4_msgs/include/px4_msgs/px4_msgs/msg/detail/vehicle_angular_acceleration_setpoint__rosidl_typesupport_introspection_cpp.hpp
[31.608s] -- Symlinking: /home/prathamkelkar/ros2_ws/install/px4_msgs/include/px4_msgs/px4_msgs/msg/detail/vehicle_angular_velocity__rosidl_typesupport_introspection_cpp.hpp
[31.621s] -- Symlinking: /home/prathamkelkar/ros2_ws/install/px4_msgs/include/px4_msgs/px4_msgs/msg/detail/vehicle_attitude__rosidl_typesupport_introspection_cpp.hpp
[31.634s] -- Symlinking: /home/prathamkelkar/ros2_ws/install/px4_msgs/include/px4_msgs/px4_msgs/msg/detail/vehicle_attitude_setpoint__rosidl_typesupport_introspection_cpp.hpp
[31.644s] -- Symlinking: /home/prathamkelkar/ros2_ws/install/px4_msgs/include/px4_msgs/px4_msgs/msg/detail/vehicle_command__rosidl_typesupport_introspection_cpp.hpp
[31.651s] -- Symlinking: /home/prathamkelkar/ros2_ws/install/px4_msgs/include/px4_msgs/px4_msgs/msg/detail/vehicle_command_ack__rosidl_typesupport_introspection_cpp.hpp
[31.657s] -- Symlinking: /home/prathamkelkar/ros2_ws/install/px4_msgs/include/px4_msgs/px4_msgs/msg/detail/vehicle_constraints__rosidl_typesupport_introspection_cpp.hpp
[31.662s] -- Symlinking: /home/prathamkelkar/ros2_ws/install/px4_msgs/include/px4_msgs/px4_msgs/msg/detail/vehicle_control_mode__rosidl_typesupport_introspection_cpp.hpp
[31.667s] -- Symlinking: /home/prathamkelkar/ros2_ws/install/px4_msgs/include/px4_msgs/px4_msgs/msg/detail/vehicle_global_position__rosidl_typesupport_introspection_cpp.hpp
[31.680s] -- Symlinking: /home/prathamkelkar/ros2_ws/install/px4_msgs/include/px4_msgs/px4_msgs/msg/detail/vehicle_imu__rosidl_typesupport_introspection_cpp.hpp
[31.693s] -- Symlinking: /home/prathamkelkar/ros2_ws/install/px4_msgs/include/px4_msgs/px4_msgs/msg/detail/vehicle_imu_status__rosidl_typesupport_introspection_cpp.hpp
[31.702s] -- Symlinking: /home/prathamkelkar/ros2_ws/install/px4_msgs/include/px4_msgs/px4_msgs/msg/detail/vehicle_land_detected__rosidl_typesupport_introspection_cpp.hpp
[31.709s] -- Symlinking: /home/prathamkelkar/ros2_ws/install/px4_msgs/include/px4_msgs/px4_msgs/msg/detail/vehicle_local_position__rosidl_typesupport_introspection_cpp.hpp
[31.714s] -- Symlinking: /home/prathamkelkar/ros2_ws/install/px4_msgs/include/px4_msgs/px4_msgs/msg/detail/vehicle_local_position_setpoint__rosidl_typesupport_introspection_cpp.hpp
[31.719s] -- Symlinking: /home/prathamkelkar/ros2_ws/install/px4_msgs/include/px4_msgs/px4_msgs/msg/detail/vehicle_magnetometer__rosidl_typesupport_introspection_cpp.hpp
[31.724s] -- Symlinking: /home/prathamkelkar/ros2_ws/install/px4_msgs/include/px4_msgs/px4_msgs/msg/detail/vehicle_odometry__rosidl_typesupport_introspection_cpp.hpp
[31.728s] -- Symlinking: /home/prathamkelkar/ros2_ws/install/px4_msgs/include/px4_msgs/px4_msgs/msg/detail/vehicle_optical_flow__rosidl_typesupport_introspection_cpp.hpp
[31.733s] -- Symlinking: /home/prathamkelkar/ros2_ws/install/px4_msgs/include/px4_msgs/px4_msgs/msg/detail/vehicle_optical_flow_vel__rosidl_typesupport_introspection_cpp.hpp
[31.738s] -- Symlinking: /home/prathamkelkar/ros2_ws/install/px4_msgs/include/px4_msgs/px4_msgs/msg/detail/vehicle_rates_setpoint__rosidl_typesupport_introspection_cpp.hpp
[31.743s] -- Symlinking: /home/prathamkelkar/ros2_ws/install/px4_msgs/include/px4_msgs/px4_msgs/msg/detail/vehicle_roi__rosidl_typesupport_introspection_cpp.hpp
[31.748s] -- Symlinking: /home/prathamkelkar/ros2_ws/install/px4_msgs/include/px4_msgs/px4_msgs/msg/detail/vehicle_status__rosidl_typesupport_introspection_cpp.hpp
[31.753s] -- Symlinking: /home/prathamkelkar/ros2_ws/install/px4_msgs/include/px4_msgs/px4_msgs/msg/detail/vehicle_thrust_setpoint__rosidl_typesupport_introspection_cpp.hpp
[31.768s] -- Symlinking: /home/prathamkelkar/ros2_ws/install/px4_msgs/include/px4_msgs/px4_msgs/msg/detail/vehicle_torque_setpoint__rosidl_typesupport_introspection_cpp.hpp
[31.781s] -- Symlinking: /home/prathamkelkar/ros2_ws/install/px4_msgs/include/px4_msgs/px4_msgs/msg/detail/vehicle_trajectory_bezier__rosidl_typesupport_introspection_cpp.hpp
[31.795s] -- Symlinking: /home/prathamkelkar/ros2_ws/install/px4_msgs/include/px4_msgs/px4_msgs/msg/detail/vehicle_trajectory_waypoint__rosidl_typesupport_introspection_cpp.hpp
[31.809s] -- Symlinking: /home/prathamkelkar/ros2_ws/install/px4_msgs/include/px4_msgs/px4_msgs/msg/detail/velocity_limits__rosidl_typesupport_introspection_cpp.hpp
[31.821s] -- Symlinking: /home/prathamkelkar/ros2_ws/install/px4_msgs/include/px4_msgs/px4_msgs/msg/detail/vtol_vehicle_status__rosidl_typesupport_introspection_cpp.hpp
[31.830s] -- Symlinking: /home/prathamkelkar/ros2_ws/install/px4_msgs/include/px4_msgs/px4_msgs/msg/detail/wheel_encoders__rosidl_typesupport_introspection_cpp.hpp
[31.835s] -- Symlinking: /home/prathamkelkar/ros2_ws/install/px4_msgs/include/px4_msgs/px4_msgs/msg/detail/wind__rosidl_typesupport_introspection_cpp.hpp
[31.840s] -- Symlinking: /home/prathamkelkar/ros2_ws/install/px4_msgs/include/px4_msgs/px4_msgs/msg/detail/yaw_estimator_status__rosidl_typesupport_introspection_cpp.hpp
[31.845s] -- Symlinking: /home/prathamkelkar/ros2_ws/install/px4_msgs/include/px4_msgs/px4_msgs/srv/detail/vehicle_command__rosidl_typesupport_introspection_cpp.hpp
[31.850s] -- Symlinking: /home/prathamkelkar/ros2_ws/install/px4_msgs/share/px4_msgs/environment/pythonpath.sh
[31.856s] -- Symlinking: /home/prathamkelkar/ros2_ws/install/px4_msgs/share/px4_msgs/environment/pythonpath.dsv
[31.861s] -- Symlinking: /home/prathamkelkar/ros2_ws/install/px4_msgs/lib/python3.12/site-packages/px4_msgs-2.0.1-py3.12.egg-info/PKG-INFO
[31.866s] -- Symlinking: /home/prathamkelkar/ros2_ws/install/px4_msgs/lib/python3.12/site-packages/px4_msgs-2.0.1-py3.12.egg-info/SOURCES.txt
[31.871s] -- Symlinking: /home/prathamkelkar/ros2_ws/install/px4_msgs/lib/python3.12/site-packages/px4_msgs-2.0.1-py3.12.egg-info/dependency_links.txt
[31.876s] -- Symlinking: /home/prathamkelkar/ros2_ws/install/px4_msgs/lib/python3.12/site-packages/px4_msgs-2.0.1-py3.12.egg-info/top_level.txt
[31.888s] -- Symlinking: /home/prathamkelkar/ros2_ws/install/px4_msgs/lib/python3.12/site-packages/px4_msgs/__init__.py
[31.894s] -- Symlinking: /home/prathamkelkar/ros2_ws/install/px4_msgs/lib/python3.12/site-packages/px4_msgs/_px4_msgs_s.ep.rosidl_typesupport_c.c
[31.899s] -- Symlinking: /home/prathamkelkar/ros2_ws/install/px4_msgs/lib/python3.12/site-packages/px4_msgs/_px4_msgs_s.ep.rosidl_typesupport_fastrtps_c.c
[31.904s] -- Symlinking: /home/prathamkelkar/ros2_ws/install/px4_msgs/lib/python3.12/site-packages/px4_msgs/_px4_msgs_s.ep.rosidl_typesupport_introspection_c.c
[31.909s] -- Symlinking: /home/prathamkelkar/ros2_ws/install/px4_msgs/lib/python3.12/site-packages/px4_msgs/msg/__init__.py
[31.914s] -- Symlinking: /home/prathamkelkar/ros2_ws/install/px4_msgs/lib/python3.12/site-packages/px4_msgs/msg/_action_request.py
[31.919s] -- Symlinking: /home/prathamkelkar/ros2_ws/install/px4_msgs/lib/python3.12/site-packages/px4_msgs/msg/_action_request_s.c
[31.924s] -- Symlinking: /home/prathamkelkar/ros2_ws/install/px4_msgs/lib/python3.12/site-packages/px4_msgs/msg/_actuator_armed.py
[31.929s] -- Symlinking: /home/prathamkelkar/ros2_ws/install/px4_msgs/lib/python3.12/site-packages/px4_msgs/msg/_actuator_armed_s.c
[31.934s] -- Symlinking: /home/prathamkelkar/ros2_ws/install/px4_msgs/lib/python3.12/site-packages/px4_msgs/msg/_actuator_controls_status.py
[31.939s] -- Symlinking: /home/prathamkelkar/ros2_ws/install/px4_msgs/lib/python3.12/site-packages/px4_msgs/msg/_actuator_controls_status_s.c
[31.944s] -- Symlinking: /home/prathamkelkar/ros2_ws/install/px4_msgs/lib/python3.12/site-packages/px4_msgs/msg/_actuator_motors.py
[31.948s] -- Symlinking: /home/prathamkelkar/ros2_ws/install/px4_msgs/lib/python3.12/site-packages/px4_msgs/msg/_actuator_motors_s.c
[31.953s] -- Symlinking: /home/prathamkelkar/ros2_ws/install/px4_msgs/lib/python3.12/site-packages/px4_msgs/msg/_actuator_outputs.py
[31.959s] -- Symlinking: /home/prathamkelkar/ros2_ws/install/px4_msgs/lib/python3.12/site-packages/px4_msgs/msg/_actuator_outputs_s.c
[31.964s] -- Symlinking: /home/prathamkelkar/ros2_ws/install/px4_msgs/lib/python3.12/site-packages/px4_msgs/msg/_actuator_servos.py
[31.969s] -- Symlinking: /home/prathamkelkar/ros2_ws/install/px4_msgs/lib/python3.12/site-packages/px4_msgs/msg/_actuator_servos_s.c
[31.974s] -- Symlinking: /home/prathamkelkar/ros2_ws/install/px4_msgs/lib/python3.12/site-packages/px4_msgs/msg/_actuator_servos_trim.py
[31.979s] -- Symlinking: /home/prathamkelkar/ros2_ws/install/px4_msgs/lib/python3.12/site-packages/px4_msgs/msg/_actuator_servos_trim_s.c
[31.984s] -- Symlinking: /home/prathamkelkar/ros2_ws/install/px4_msgs/lib/python3.12/site-packages/px4_msgs/msg/_actuator_test.py
[31.989s] -- Symlinking: /home/prathamkelkar/ros2_ws/install/px4_msgs/lib/python3.12/site-packages/px4_msgs/msg/_actuator_test_s.c
[31.994s] -- Symlinking: /home/prathamkelkar/ros2_ws/install/px4_msgs/lib/python3.12/site-packages/px4_msgs/msg/_adc_report.py
[31.999s] -- Symlinking: /home/prathamkelkar/ros2_ws/install/px4_msgs/lib/python3.12/site-packages/px4_msgs/msg/_adc_report_s.c
[32.004s] -- Symlinking: /home/prathamkelkar/ros2_ws/install/px4_msgs/lib/python3.12/site-packages/px4_msgs/msg/_airspeed.py
[32.017s] -- Symlinking: /home/prathamkelkar/ros2_ws/install/px4_msgs/lib/python3.12/site-packages/px4_msgs/msg/_airspeed_s.c
[32.029s] -- Symlinking: /home/prathamkelkar/ros2_ws/install/px4_msgs/lib/python3.12/site-packages/px4_msgs/msg/_airspeed_validated.py
[32.037s] -- Symlinking: /home/prathamkelkar/ros2_ws/install/px4_msgs/lib/python3.12/site-packages/px4_msgs/msg/_airspeed_validated_s.c
[32.043s] -- Symlinking: /home/prathamkelkar/ros2_ws/install/px4_msgs/lib/python3.12/site-packages/px4_msgs/msg/_airspeed_wind.py
[32.048s] -- Symlinking: /home/prathamkelkar/ros2_ws/install/px4_msgs/lib/python3.12/site-packages/px4_msgs/msg/_airspeed_wind_s.c
[32.053s] -- Symlinking: /home/prathamkelkar/ros2_ws/install/px4_msgs/lib/python3.12/site-packages/px4_msgs/msg/_arming_check_reply.py
[32.058s] -- Symlinking: /home/prathamkelkar/ros2_ws/install/px4_msgs/lib/python3.12/site-packages/px4_msgs/msg/_arming_check_reply_s.c
[32.063s] -- Symlinking: /home/prathamkelkar/ros2_ws/install/px4_msgs/lib/python3.12/site-packages/px4_msgs/msg/_arming_check_request.py
[32.068s] -- Symlinking: /home/prathamkelkar/ros2_ws/install/px4_msgs/lib/python3.12/site-packages/px4_msgs/msg/_arming_check_request_s.c
[32.073s] -- Symlinking: /home/prathamkelkar/ros2_ws/install/px4_msgs/lib/python3.12/site-packages/px4_msgs/msg/_autotune_attitude_control_status.py
[32.078s] -- Symlinking: /home/prathamkelkar/ros2_ws/install/px4_msgs/lib/python3.12/site-packages/px4_msgs/msg/_autotune_attitude_control_status_s.c
[32.083s] -- Symlinking: /home/prathamkelkar/ros2_ws/install/px4_msgs/lib/python3.12/site-packages/px4_msgs/msg/_battery_status.py
[32.088s] -- Symlinking: /home/prathamkelkar/ros2_ws/install/px4_msgs/lib/python3.12/site-packages/px4_msgs/msg/_battery_status_s.c
[32.093s] -- Symlinking: /home/prathamkelkar/ros2_ws/install/px4_msgs/lib/python3.12/site-packages/px4_msgs/msg/_buffer128.py
[32.098s] -- Symlinking: /home/prathamkelkar/ros2_ws/install/px4_msgs/lib/python3.12/site-packages/px4_msgs/msg/_buffer128_s.c
[32.103s] -- Symlinking: /home/prathamkelkar/ros2_ws/install/px4_msgs/lib/python3.12/site-packages/px4_msgs/msg/_button_event.py
[32.108s] -- Symlinking: /home/prathamkelkar/ros2_ws/install/px4_msgs/lib/python3.12/site-packages/px4_msgs/msg/_button_event_s.c
[32.113s] -- Symlinking: /home/prathamkelkar/ros2_ws/install/px4_msgs/lib/python3.12/site-packages/px4_msgs/msg/_camera_capture.py
[32.117s] -- Symlinking: /home/prathamkelkar/ros2_ws/install/px4_msgs/lib/python3.12/site-packages/px4_msgs/msg/_camera_capture_s.c
[32.122s] -- Symlinking: /home/prathamkelkar/ros2_ws/install/px4_msgs/lib/python3.12/site-packages/px4_msgs/msg/_camera_status.py
[32.127s] -- Symlinking: /home/prathamkelkar/ros2_ws/install/px4_msgs/lib/python3.12/site-packages/px4_msgs/msg/_camera_status_s.c
[32.132s] -- Symlinking: /home/prathamkelkar/ros2_ws/install/px4_msgs/lib/python3.12/site-packages/px4_msgs/msg/_camera_trigger.py
[32.137s] -- Symlinking: /home/prathamkelkar/ros2_ws/install/px4_msgs/lib/python3.12/site-packages/px4_msgs/msg/_camera_trigger_s.c
[32.143s] -- Symlinking: /home/prathamkelkar/ros2_ws/install/px4_msgs/lib/python3.12/site-packages/px4_msgs/msg/_can_interface_status.py
[32.148s] -- Symlinking: /home/prathamkelkar/ros2_ws/install/px4_msgs/lib/python3.12/site-packages/px4_msgs/msg/_can_interface_status_s.c
[32.153s] -- Symlinking: /home/prathamkelkar/ros2_ws/install/px4_msgs/lib/python3.12/site-packages/px4_msgs/msg/_cellular_status.py
[32.166s] -- Symlinking: /home/prathamkelkar/ros2_ws/install/px4_msgs/lib/python3.12/site-packages/px4_msgs/msg/_cellular_status_s.c
[32.173s] -- Symlinking: /home/prathamkelkar/ros2_ws/install/px4_msgs/lib/python3.12/site-packages/px4_msgs/msg/_collision_constraints.py
[32.178s] -- Symlinking: /home/prathamkelkar/ros2_ws/install/px4_msgs/lib/python3.12/site-packages/px4_msgs/msg/_collision_constraints_s.c
[32.183s] -- Symlinking: /home/prathamkelkar/ros2_ws/install/px4_msgs/lib/python3.12/site-packages/px4_msgs/msg/_collision_report.py
[32.188s] -- Symlinking: /home/prathamkelkar/ros2_ws/install/px4_msgs/lib/python3.12/site-packages/px4_msgs/msg/_collision_report_s.c
[32.193s] -- Symlinking: /home/prathamkelkar/ros2_ws/install/px4_msgs/lib/python3.12/site-packages/px4_msgs/msg/_config_overrides.py
[32.198s] -- Symlinking: /home/prathamkelkar/ros2_ws/install/px4_msgs/lib/python3.12/site-packages/px4_msgs/msg/_config_overrides_s.c
[32.203s] -- Symlinking: /home/prathamkelkar/ros2_ws/install/px4_msgs/lib/python3.12/site-packages/px4_msgs/msg/_control_allocator_status.py
[32.208s] -- Symlinking: /home/prathamkelkar/ros2_ws/install/px4_msgs/lib/python3.12/site-packages/px4_msgs/msg/_control_allocator_status_s.c
[32.213s] -- Symlinking: /home/prathamkelkar/ros2_ws/install/px4_msgs/lib/python3.12/site-packages/px4_msgs/msg/_cpuload.py
[32.218s] -- Symlinking: /home/prathamkelkar/ros2_ws/install/px4_msgs/lib/python3.12/site-packages/px4_msgs/msg/_cpuload_s.c
[32.232s] -- Symlinking: /home/prathamkelkar/ros2_ws/install/px4_msgs/lib/python3.12/site-packages/px4_msgs/msg/_dataman_request.py
[32.248s] -- Symlinking: /home/prathamkelkar/ros2_ws/install/px4_msgs/lib/python3.12/site-packages/px4_msgs/msg/_dataman_request_s.c
[32.265s] -- Symlinking: /home/prathamkelkar/ros2_ws/install/px4_msgs/lib/python3.12/site-packages/px4_msgs/msg/_dataman_response.py
[32.278s] -- Symlinking: /home/prathamkelkar/ros2_ws/install/px4_msgs/lib/python3.12/site-packages/px4_msgs/msg/_dataman_response_s.c
[32.287s] -- Symlinking: /home/prathamkelkar/ros2_ws/install/px4_msgs/lib/python3.12/site-packages/px4_msgs/msg/_debug_array.py
[32.294s] -- Symlinking: /home/prathamkelkar/ros2_ws/install/px4_msgs/lib/python3.12/site-packages/px4_msgs/msg/_debug_array_s.c
[32.299s] -- Symlinking: /home/prathamkelkar/ros2_ws/install/px4_msgs/lib/python3.12/site-packages/px4_msgs/msg/_debug_key_value.py
[32.304s] -- Symlinking: /home/prathamkelkar/ros2_ws/install/px4_msgs/lib/python3.12/site-packages/px4_msgs/msg/_debug_key_value_s.c
[32.309s] -- Symlinking: /home/prathamkelkar/ros2_ws/install/px4_msgs/lib/python3.12/site-packages/px4_msgs/msg/_debug_value.py
[32.314s] -- Symlinking: /home/prathamkelkar/ros2_ws/install/px4_msgs/lib/python3.12/site-packages/px4_msgs/msg/_debug_value_s.c
[32.319s] -- Symlinking: /home/prathamkelkar/ros2_ws/install/px4_msgs/lib/python3.12/site-packages/px4_msgs/msg/_debug_vect.py
[32.324s] -- Symlinking: /home/prathamkelkar/ros2_ws/install/px4_msgs/lib/python3.12/site-packages/px4_msgs/msg/_debug_vect_s.c
[32.329s] -- Symlinking: /home/prathamkelkar/ros2_ws/install/px4_msgs/lib/python3.12/site-packages/px4_msgs/msg/_differential_drive_setpoint.py
[32.334s] -- Symlinking: /home/prathamkelkar/ros2_ws/install/px4_msgs/lib/python3.12/site-packages/px4_msgs/msg/_differential_drive_setpoint_s.c
[32.339s] -- Symlinking: /home/prathamkelkar/ros2_ws/install/px4_msgs/lib/python3.12/site-packages/px4_msgs/msg/_differential_pressure.py
[32.354s] -- Symlinking: /home/prathamkelkar/ros2_ws/install/px4_msgs/lib/python3.12/site-packages/px4_msgs/msg/_differential_pressure_s.c
[32.369s] -- Symlinking: /home/prathamkelkar/ros2_ws/install/px4_msgs/lib/python3.12/site-packages/px4_msgs/msg/_distance_sensor.py
[32.381s] -- Symlinking: /home/prathamkelkar/ros2_ws/install/px4_msgs/lib/python3.12/site-packages/px4_msgs/msg/_distance_sensor_s.c
[32.396s] -- Symlinking: /home/prathamkelkar/ros2_ws/install/px4_msgs/lib/python3.12/site-packages/px4_msgs/msg/_ekf2_timestamps.py
[32.409s] -- Symlinking: /home/prathamkelkar/ros2_ws/install/px4_msgs/lib/python3.12/site-packages/px4_msgs/msg/_ekf2_timestamps_s.c
[32.418s] -- Symlinking: /home/prathamkelkar/ros2_ws/install/px4_msgs/lib/python3.12/site-packages/px4_msgs/msg/_esc_report.py
[32.431s] -- Symlinking: /home/prathamkelkar/ros2_ws/install/px4_msgs/lib/python3.12/site-packages/px4_msgs/msg/_esc_report_s.c
[32.444s] -- Symlinking: /home/prathamkelkar/ros2_ws/install/px4_msgs/lib/python3.12/site-packages/px4_msgs/msg/_esc_status.py
[32.459s] -- Symlinking: /home/prathamkelkar/ros2_ws/install/px4_msgs/lib/python3.12/site-packages/px4_msgs/msg/_esc_status_s.c
[32.469s] -- Symlinking: /home/prathamkelkar/ros2_ws/install/px4_msgs/lib/python3.12/site-packages/px4_msgs/msg/_estimator_aid_source1d.py
[32.475s] -- Symlinking: /home/prathamkelkar/ros2_ws/install/px4_msgs/lib/python3.12/site-packages/px4_msgs/msg/_estimator_aid_source1d_s.c
[32.481s] -- Symlinking: /home/prathamkelkar/ros2_ws/install/px4_msgs/lib/python3.12/site-packages/px4_msgs/msg/_estimator_aid_source2d.py
[32.494s] -- Symlinking: /home/prathamkelkar/ros2_ws/install/px4_msgs/lib/python3.12/site-packages/px4_msgs/msg/_estimator_aid_source2d_s.c
[32.508s] -- Symlinking: /home/prathamkelkar/ros2_ws/install/px4_msgs/lib/python3.12/site-packages/px4_msgs/msg/_estimator_aid_source3d.py
[32.521s] -- Symlinking: /home/prathamkelkar/ros2_ws/install/px4_msgs/lib/python3.12/site-packages/px4_msgs/msg/_estimator_aid_source3d_s.c
[32.535s] -- Symlinking: /home/prathamkelkar/ros2_ws/install/px4_msgs/lib/python3.12/site-packages/px4_msgs/msg/_estimator_bias.py
[32.547s] -- Symlinking: /home/prathamkelkar/ros2_ws/install/px4_msgs/lib/python3.12/site-packages/px4_msgs/msg/_estimator_bias3d.py
[32.561s] -- Symlinking: /home/prathamkelkar/ros2_ws/install/px4_msgs/lib/python3.12/site-packages/px4_msgs/msg/_estimator_bias3d_s.c
[32.574s] -- Symlinking: /home/prathamkelkar/ros2_ws/install/px4_msgs/lib/python3.12/site-packages/px4_msgs/msg/_estimator_bias_s.c
[32.583s] -- Symlinking: /home/prathamkelkar/ros2_ws/install/px4_msgs/lib/python3.12/site-packages/px4_msgs/msg/_estimator_event_flags.py
[32.589s] -- Symlinking: /home/prathamkelkar/ros2_ws/install/px4_msgs/lib/python3.12/site-packages/px4_msgs/msg/_estimator_event_flags_s.c
[32.594s] -- Symlinking: /home/prathamkelkar/ros2_ws/install/px4_msgs/lib/python3.12/site-packages/px4_msgs/msg/_estimator_gps_status.py
[32.599s] -- Symlinking: /home/prathamkelkar/ros2_ws/install/px4_msgs/lib/python3.12/site-packages/px4_msgs/msg/_estimator_gps_status_s.c
[32.604s] -- Symlinking: /home/prathamkelkar/ros2_ws/install/px4_msgs/lib/python3.12/site-packages/px4_msgs/msg/_estimator_innovations.py
[32.609s] -- Symlinking: /home/prathamkelkar/ros2_ws/install/px4_msgs/lib/python3.12/site-packages/px4_msgs/msg/_estimator_innovations_s.c
[32.622s] -- Symlinking: /home/prathamkelkar/ros2_ws/install/px4_msgs/lib/python3.12/site-packages/px4_msgs/msg/_estimator_selector_status.py
[32.637s] -- Symlinking: /home/prathamkelkar/ros2_ws/install/px4_msgs/lib/python3.12/site-packages/px4_msgs/msg/_estimator_selector_status_s.c
[32.650s] -- Symlinking: /home/prathamkelkar/ros2_ws/install/px4_msgs/lib/python3.12/site-packages/px4_msgs/msg/_estimator_sensor_bias.py
[32.665s] -- Symlinking: /home/prathamkelkar/ros2_ws/install/px4_msgs/lib/python3.12/site-packages/px4_msgs/msg/_estimator_sensor_bias_s.c
[32.678s] -- Symlinking: /home/prathamkelkar/ros2_ws/install/px4_msgs/lib/python3.12/site-packages/px4_msgs/msg/_estimator_states.py
[32.690s] -- Symlinking: /home/prathamkelkar/ros2_ws/install/px4_msgs/lib/python3.12/site-packages/px4_msgs/msg/_estimator_states_s.c
[32.703s] -- Symlinking: /home/prathamkelkar/ros2_ws/install/px4_msgs/lib/python3.12/site-packages/px4_msgs/msg/_estimator_status.py
[32.716s] -- Symlinking: /home/prathamkelkar/ros2_ws/install/px4_msgs/lib/python3.12/site-packages/px4_msgs/msg/_estimator_status_flags.py
[32.724s] -- Symlinking: /home/prathamkelkar/ros2_ws/install/px4_msgs/lib/python3.12/site-packages/px4_msgs/msg/_estimator_status_flags_s.c
[32.730s] -- Symlinking: /home/prathamkelkar/ros2_ws/install/px4_msgs/lib/python3.12/site-packages/px4_msgs/msg/_estimator_status_s.c
[32.735s] -- Symlinking: /home/prathamkelkar/ros2_ws/install/px4_msgs/lib/python3.12/site-packages/px4_msgs/msg/_event.py
[32.740s] -- Symlinking: /home/prathamkelkar/ros2_ws/install/px4_msgs/lib/python3.12/site-packages/px4_msgs/msg/_event_s.c
[32.745s] -- Symlinking: /home/prathamkelkar/ros2_ws/install/px4_msgs/lib/python3.12/site-packages/px4_msgs/msg/_failsafe_flags.py
[32.759s] -- Symlinking: /home/prathamkelkar/ros2_ws/install/px4_msgs/lib/python3.12/site-packages/px4_msgs/msg/_failsafe_flags_s.c
[32.773s] -- Symlinking: /home/prathamkelkar/ros2_ws/install/px4_msgs/lib/python3.12/site-packages/px4_msgs/msg/_failure_detector_status.py
[32.786s] -- Symlinking: /home/prathamkelkar/ros2_ws/install/px4_msgs/lib/python3.12/site-packages/px4_msgs/msg/_failure_detector_status_s.c
[32.795s] -- Symlinking: /home/prathamkelkar/ros2_ws/install/px4_msgs/lib/python3.12/site-packages/px4_msgs/msg/_figure_eight_status.py
[32.802s] -- Symlinking: /home/prathamkelkar/ros2_ws/install/px4_msgs/lib/python3.12/site-packages/px4_msgs/msg/_figure_eight_status_s.c
[32.807s] -- Symlinking: /home/prathamkelkar/ros2_ws/install/px4_msgs/lib/python3.12/site-packages/px4_msgs/msg/_flight_phase_estimation.py
[32.811s] -- Symlinking: /home/prathamkelkar/ros2_ws/install/px4_msgs/lib/python3.12/site-packages/px4_msgs/msg/_flight_phase_estimation_s.c
[32.816s] -- Symlinking: /home/prathamkelkar/ros2_ws/install/px4_msgs/lib/python3.12/site-packages/px4_msgs/msg/_follow_target.py
[32.822s] -- Symlinking: /home/prathamkelkar/ros2_ws/install/px4_msgs/lib/python3.12/site-packages/px4_msgs/msg/_follow_target_estimator.py
[32.826s] -- Symlinking: /home/prathamkelkar/ros2_ws/install/px4_msgs/lib/python3.12/site-packages/px4_msgs/msg/_follow_target_estimator_s.c
[32.839s] -- Symlinking: /home/prathamkelkar/ros2_ws/install/px4_msgs/lib/python3.12/site-packages/px4_msgs/msg/_follow_target_s.c
[32.852s] -- Symlinking: /home/prathamkelkar/ros2_ws/install/px4_msgs/lib/python3.12/site-packages/px4_msgs/msg/_follow_target_status.py
[32.866s] -- Symlinking: /home/prathamkelkar/ros2_ws/install/px4_msgs/lib/python3.12/site-packages/px4_msgs/msg/_follow_target_status_s.c
[32.879s] -- Symlinking: /home/prathamkelkar/ros2_ws/install/px4_msgs/lib/python3.12/site-packages/px4_msgs/msg/_generator_status.py
[32.893s] -- Symlinking: /home/prathamkelkar/ros2_ws/install/px4_msgs/lib/python3.12/site-packages/px4_msgs/msg/_generator_status_s.c
[32.905s] -- Symlinking: /home/prathamkelkar/ros2_ws/install/px4_msgs/lib/python3.12/site-packages/px4_msgs/msg/_geofence_result.py
[32.914s] -- Symlinking: /home/prathamkelkar/ros2_ws/install/px4_msgs/lib/python3.12/site-packages/px4_msgs/msg/_geofence_result_s.c
[32.921s] -- Symlinking: /home/prathamkelkar/ros2_ws/install/px4_msgs/lib/python3.12/site-packages/px4_msgs/msg/_geofence_status.py
[32.926s] -- Symlinking: /home/prathamkelkar/ros2_ws/install/px4_msgs/lib/python3.12/site-packages/px4_msgs/msg/_geofence_status_s.c
[32.931s] -- Symlinking: /home/prathamkelkar/ros2_ws/install/px4_msgs/lib/python3.12/site-packages/px4_msgs/msg/_gimbal_controls.py
[32.944s] -- Symlinking: /home/prathamkelkar/ros2_ws/install/px4_msgs/lib/python3.12/site-packages/px4_msgs/msg/_gimbal_controls_s.c
[32.957s] -- Symlinking: /home/prathamkelkar/ros2_ws/install/px4_msgs/lib/python3.12/site-packages/px4_msgs/msg/_gimbal_device_attitude_status.py
[32.966s] -- Symlinking: /home/prathamkelkar/ros2_ws/install/px4_msgs/lib/python3.12/site-packages/px4_msgs/msg/_gimbal_device_attitude_status_s.c
[32.972s] -- Symlinking: /home/prathamkelkar/ros2_ws/install/px4_msgs/lib/python3.12/site-packages/px4_msgs/msg/_gimbal_device_information.py
[32.986s] -- Symlinking: /home/prathamkelkar/ros2_ws/install/px4_msgs/lib/python3.12/site-packages/px4_msgs/msg/_gimbal_device_information_s.c
[32.998s] -- Symlinking: /home/prathamkelkar/ros2_ws/install/px4_msgs/lib/python3.12/site-packages/px4_msgs/msg/_gimbal_device_set_attitude.py
[33.011s] -- Symlinking: /home/prathamkelkar/ros2_ws/install/px4_msgs/lib/python3.12/site-packages/px4_msgs/msg/_gimbal_device_set_attitude_s.c
[33.020s] -- Symlinking: /home/prathamkelkar/ros2_ws/install/px4_msgs/lib/python3.12/site-packages/px4_msgs/msg/_gimbal_manager_information.py
[33.033s] -- Symlinking: /home/prathamkelkar/ros2_ws/install/px4_msgs/lib/python3.12/site-packages/px4_msgs/msg/_gimbal_manager_information_s.c
[33.046s] -- Symlinking: /home/prathamkelkar/ros2_ws/install/px4_msgs/lib/python3.12/site-packages/px4_msgs/msg/_gimbal_manager_set_attitude.py
[33.059s] -- Symlinking: /home/prathamkelkar/ros2_ws/install/px4_msgs/lib/python3.12/site-packages/px4_msgs/msg/_gimbal_manager_set_attitude_s.c
[33.073s] -- Symlinking: /home/prathamkelkar/ros2_ws/install/px4_msgs/lib/python3.12/site-packages/px4_msgs/msg/_gimbal_manager_set_manual_control.py
[33.086s] -- Symlinking: /home/prathamkelkar/ros2_ws/install/px4_msgs/lib/python3.12/site-packages/px4_msgs/msg/_gimbal_manager_set_manual_control_s.c
[33.094s] -- Symlinking: /home/prathamkelkar/ros2_ws/install/px4_msgs/lib/python3.12/site-packages/px4_msgs/msg/_gimbal_manager_status.py
[33.100s] -- Symlinking: /home/prathamkelkar/ros2_ws/install/px4_msgs/lib/python3.12/site-packages/px4_msgs/msg/_gimbal_manager_status_s.c
[33.113s] -- Symlinking: /home/prathamkelkar/ros2_ws/install/px4_msgs/lib/python3.12/site-packages/px4_msgs/msg/_goto_setpoint.py
[33.126s] -- Symlinking: /home/prathamkelkar/ros2_ws/install/px4_msgs/lib/python3.12/site-packages/px4_msgs/msg/_goto_setpoint_s.c
[33.140s] -- Symlinking: /home/prathamkelkar/ros2_ws/install/px4_msgs/lib/python3.12/site-packages/px4_msgs/msg/_gpio_config.py
[33.154s] -- Symlinking: /home/prathamkelkar/ros2_ws/install/px4_msgs/lib/python3.12/site-packages/px4_msgs/msg/_gpio_config_s.c
[33.168s] -- Symlinking: /home/prathamkelkar/ros2_ws/install/px4_msgs/lib/python3.12/site-packages/px4_msgs/msg/_gpio_in.py
[33.181s] -- Symlinking: /home/prathamkelkar/ros2_ws/install/px4_msgs/lib/python3.12/site-packages/px4_msgs/msg/_gpio_in_s.c
[33.190s] -- Symlinking: /home/prathamkelkar/ros2_ws/install/px4_msgs/lib/python3.12/site-packages/px4_msgs/msg/_gpio_out.py
[33.196s] -- Symlinking: /home/prathamkelkar/ros2_ws/install/px4_msgs/lib/python3.12/site-packages/px4_msgs/msg/_gpio_out_s.c
[33.201s] -- Symlinking: /home/prathamkelkar/ros2_ws/install/px4_msgs/lib/python3.12/site-packages/px4_msgs/msg/_gpio_request.py
[33.206s] -- Symlinking: /home/prathamkelkar/ros2_ws/install/px4_msgs/lib/python3.12/site-packages/px4_msgs/msg/_gpio_request_s.c
[33.211s] -- Symlinking: /home/prathamkelkar/ros2_ws/install/px4_msgs/lib/python3.12/site-packages/px4_msgs/msg/_gps_dump.py
[33.216s] -- Symlinking: /home/prathamkelkar/ros2_ws/install/px4_msgs/lib/python3.12/site-packages/px4_msgs/msg/_gps_dump_s.c
[33.221s] -- Symlinking: /home/prathamkelkar/ros2_ws/install/px4_msgs/lib/python3.12/site-packages/px4_msgs/msg/_gps_inject_data.py
[33.226s] -- Symlinking: /home/prathamkelkar/ros2_ws/install/px4_msgs/lib/python3.12/site-packages/px4_msgs/msg/_gps_inject_data_s.c
[33.231s] -- Symlinking: /home/prathamkelkar/ros2_ws/install/px4_msgs/lib/python3.12/site-packages/px4_msgs/msg/_gripper.py
[33.236s] -- Symlinking: /home/prathamkelkar/ros2_ws/install/px4_msgs/lib/python3.12/site-packages/px4_msgs/msg/_gripper_s.c
[33.253s] -- Symlinking: /home/prathamkelkar/ros2_ws/install/px4_msgs/lib/python3.12/site-packages/px4_msgs/msg/_health_report.py
[33.261s] -- Symlinking: /home/prathamkelkar/ros2_ws/install/px4_msgs/lib/python3.12/site-packages/px4_msgs/msg/_health_report_s.c
[33.267s] -- Symlinking: /home/prathamkelkar/ros2_ws/install/px4_msgs/lib/python3.12/site-packages/px4_msgs/msg/_heater_status.py
[33.272s] -- Symlinking: /home/prathamkelkar/ros2_ws/install/px4_msgs/lib/python3.12/site-packages/px4_msgs/msg/_heater_status_s.c
[33.277s] -- Symlinking: /home/prathamkelkar/ros2_ws/install/px4_msgs/lib/python3.12/site-packages/px4_msgs/msg/_home_position.py
[33.282s] -- Symlinking: /home/prathamkelkar/ros2_ws/install/px4_msgs/lib/python3.12/site-packages/px4_msgs/msg/_home_position_s.c
[33.287s] -- Symlinking: /home/prathamkelkar/ros2_ws/install/px4_msgs/lib/python3.12/site-packages/px4_msgs/msg/_hover_thrust_estimate.py
[33.292s] -- Symlinking: /home/prathamkelkar/ros2_ws/install/px4_msgs/lib/python3.12/site-packages/px4_msgs/msg/_hover_thrust_estimate_s.c
[33.297s] -- Symlinking: /home/prathamkelkar/ros2_ws/install/px4_msgs/lib/python3.12/site-packages/px4_msgs/msg/_input_rc.py
[33.310s] -- Symlinking: /home/prathamkelkar/ros2_ws/install/px4_msgs/lib/python3.12/site-packages/px4_msgs/msg/_input_rc_s.c
[33.323s] -- Symlinking: /home/prathamkelkar/ros2_ws/install/px4_msgs/lib/python3.12/site-packages/px4_msgs/msg/_internal_combustion_engine_status.py
[33.334s] -- Symlinking: /home/prathamkelkar/ros2_ws/install/px4_msgs/lib/python3.12/site-packages/px4_msgs/msg/_internal_combustion_engine_status_s.c
[33.342s] -- Symlinking: /home/prathamkelkar/ros2_ws/install/px4_msgs/lib/python3.12/site-packages/px4_msgs/msg/_iridiumsbd_status.py
[33.355s] -- Symlinking: /home/prathamkelkar/ros2_ws/install/px4_msgs/lib/python3.12/site-packages/px4_msgs/msg/_iridiumsbd_status_s.c
[33.366s] -- Symlinking: /home/prathamkelkar/ros2_ws/install/px4_msgs/lib/python3.12/site-packages/px4_msgs/msg/_irlock_report.py
[33.374s] -- Symlinking: /home/prathamkelkar/ros2_ws/install/px4_msgs/lib/python3.12/site-packages/px4_msgs/msg/_irlock_report_s.c
[33.380s] -- Symlinking: /home/prathamkelkar/ros2_ws/install/px4_msgs/lib/python3.12/site-packages/px4_msgs/msg/_landing_gear.py
[33.386s] -- Symlinking: /home/prathamkelkar/ros2_ws/install/px4_msgs/lib/python3.12/site-packages/px4_msgs/msg/_landing_gear_s.c
[33.391s] -- Symlinking: /home/prathamkelkar/ros2_ws/install/px4_msgs/lib/python3.12/site-packages/px4_msgs/msg/_landing_gear_wheel.py
[33.396s] -- Symlinking: /home/prathamkelkar/ros2_ws/install/px4_msgs/lib/python3.12/site-packages/px4_msgs/msg/_landing_gear_wheel_s.c
[33.401s] -- Symlinking: /home/prathamkelkar/ros2_ws/install/px4_msgs/lib/python3.12/site-packages/px4_msgs/msg/_landing_target_innovations.py
[33.406s] -- Symlinking: /home/prathamkelkar/ros2_ws/install/px4_msgs/lib/python3.12/site-packages/px4_msgs/msg/_landing_target_innovations_s.c
[33.411s] -- Symlinking: /home/prathamkelkar/ros2_ws/install/px4_msgs/lib/python3.12/site-packages/px4_msgs/msg/_landing_target_pose.py
[33.416s] -- Symlinking: /home/prathamkelkar/ros2_ws/install/px4_msgs/lib/python3.12/site-packages/px4_msgs/msg/_landing_target_pose_s.c
[33.421s] -- Symlinking: /home/prathamkelkar/ros2_ws/install/px4_msgs/lib/python3.12/site-packages/px4_msgs/msg/_launch_detection_status.py
[33.426s] -- Symlinking: /home/prathamkelkar/ros2_ws/install/px4_msgs/lib/python3.12/site-packages/px4_msgs/msg/_launch_detection_status_s.c
[33.430s] -- Symlinking: /home/prathamkelkar/ros2_ws/install/px4_msgs/lib/python3.12/site-packages/px4_msgs/msg/_led_control.py
[33.435s] -- Symlinking: /home/prathamkelkar/ros2_ws/install/px4_msgs/lib/python3.12/site-packages/px4_msgs/msg/_led_control_s.c
[33.440s] -- Symlinking: /home/prathamkelkar/ros2_ws/install/px4_msgs/lib/python3.12/site-packages/px4_msgs/msg/_log_message.py
[33.445s] -- Symlinking: /home/prathamkelkar/ros2_ws/install/px4_msgs/lib/python3.12/site-packages/px4_msgs/msg/_log_message_s.c
[33.450s] -- Symlinking: /home/prathamkelkar/ros2_ws/install/px4_msgs/lib/python3.12/site-packages/px4_msgs/msg/_logger_status.py
[33.455s] -- Symlinking: /home/prathamkelkar/ros2_ws/install/px4_msgs/lib/python3.12/site-packages/px4_msgs/msg/_logger_status_s.c
[33.460s] -- Symlinking: /home/prathamkelkar/ros2_ws/install/px4_msgs/lib/python3.12/site-packages/px4_msgs/msg/_mag_worker_data.py
[33.473s] -- Symlinking: /home/prathamkelkar/ros2_ws/install/px4_msgs/lib/python3.12/site-packages/px4_msgs/msg/_mag_worker_data_s.c
[33.486s] -- Symlinking: /home/prathamkelkar/ros2_ws/install/px4_msgs/lib/python3.12/site-packages/px4_msgs/msg/_magnetometer_bias_estimate.py
[33.499s] -- Symlinking: /home/prathamkelkar/ros2_ws/install/px4_msgs/lib/python3.12/site-packages/px4_msgs/msg/_magnetometer_bias_estimate_s.c
[33.510s] -- Symlinking: /home/prathamkelkar/ros2_ws/install/px4_msgs/lib/python3.12/site-packages/px4_msgs/msg/_manual_control_setpoint.py
[33.517s] -- Symlinking: /home/prathamkelkar/ros2_ws/install/px4_msgs/lib/python3.12/site-packages/px4_msgs/msg/_manual_control_setpoint_s.c
[33.530s] -- Symlinking: /home/prathamkelkar/ros2_ws/install/px4_msgs/lib/python3.12/site-packages/px4_msgs/msg/_manual_control_switches.py
[33.543s] -- Symlinking: /home/prathamkelkar/ros2_ws/install/px4_msgs/lib/python3.12/site-packages/px4_msgs/msg/_manual_control_switches_s.c
[33.551s] -- Symlinking: /home/prathamkelkar/ros2_ws/install/px4_msgs/lib/python3.12/site-packages/px4_msgs/msg/_mavlink_log.py
[33.558s] -- Symlinking: /home/prathamkelkar/ros2_ws/install/px4_msgs/lib/python3.12/site-packages/px4_msgs/msg/_mavlink_log_s.c
[33.563s] -- Symlinking: /home/prathamkelkar/ros2_ws/install/px4_msgs/lib/python3.12/site-packages/px4_msgs/msg/_mavlink_tunnel.py
[33.568s] -- Symlinking: /home/prathamkelkar/ros2_ws/install/px4_msgs/lib/python3.12/site-packages/px4_msgs/msg/_mavlink_tunnel_s.c
[33.581s] -- Symlinking: /home/prathamkelkar/ros2_ws/install/px4_msgs/lib/python3.12/site-packages/px4_msgs/msg/_message_format_request.py
[33.594s] -- Symlinking: /home/prathamkelkar/ros2_ws/install/px4_msgs/lib/python3.12/site-packages/px4_msgs/msg/_message_format_request_s.c
[33.609s] -- Symlinking: /home/prathamkelkar/ros2_ws/install/px4_msgs/lib/python3.12/site-packages/px4_msgs/msg/_message_format_response.py
[33.621s] -- Symlinking: /home/prathamkelkar/ros2_ws/install/px4_msgs/lib/python3.12/site-packages/px4_msgs/msg/_message_format_response_s.c
[33.635s] -- Symlinking: /home/prathamkelkar/ros2_ws/install/px4_msgs/lib/python3.12/site-packages/px4_msgs/msg/_mission.py
[33.649s] -- Symlinking: /home/prathamkelkar/ros2_ws/install/px4_msgs/lib/python3.12/site-packages/px4_msgs/msg/_mission_result.py
[33.662s] -- Symlinking: /home/prathamkelkar/ros2_ws/install/px4_msgs/lib/python3.12/site-packages/px4_msgs/msg/_mission_result_s.c
[33.670s] -- Symlinking: /home/prathamkelkar/ros2_ws/install/px4_msgs/lib/python3.12/site-packages/px4_msgs/msg/_mission_s.c
[33.676s] -- Symlinking: /home/prathamkelkar/ros2_ws/install/px4_msgs/lib/python3.12/site-packages/px4_msgs/msg/_mode_completed.py
[33.682s] -- Symlinking: /home/prathamkelkar/ros2_ws/install/px4_msgs/lib/python3.12/site-packages/px4_msgs/msg/_mode_completed_s.c
[33.686s] -- Symlinking: /home/prathamkelkar/ros2_ws/install/px4_msgs/lib/python3.12/site-packages/px4_msgs/msg/_mount_orientation.py
[33.691s] -- Symlinking: /home/prathamkelkar/ros2_ws/install/px4_msgs/lib/python3.12/site-packages/px4_msgs/msg/_mount_orientation_s.c
[33.696s] -- Symlinking: /home/prathamkelkar/ros2_ws/install/px4_msgs/lib/python3.12/site-packages/px4_msgs/msg/_navigator_mission_item.py
[33.701s] -- Symlinking: /home/prathamkelkar/ros2_ws/install/px4_msgs/lib/python3.12/site-packages/px4_msgs/msg/_navigator_mission_item_s.c
[33.706s] -- Symlinking: /home/prathamkelkar/ros2_ws/install/px4_msgs/lib/python3.12/site-packages/px4_msgs/msg/_normalized_unsigned_setpoint.py
[33.711s] -- Symlinking: /home/prathamkelkar/ros2_ws/install/px4_msgs/lib/python3.12/site-packages/px4_msgs/msg/_normalized_unsigned_setpoint_s.c
[33.716s] -- Symlinking: /home/prathamkelkar/ros2_ws/install/px4_msgs/lib/python3.12/site-packages/px4_msgs/msg/_npfg_status.py
[33.720s] -- Symlinking: /home/prathamkelkar/ros2_ws/install/px4_msgs/lib/python3.12/site-packages/px4_msgs/msg/_npfg_status_s.c
[33.725s] -- Symlinking: /home/prathamkelkar/ros2_ws/install/px4_msgs/lib/python3.12/site-packages/px4_msgs/msg/_obstacle_distance.py
[33.738s] -- Symlinking: /home/prathamkelkar/ros2_ws/install/px4_msgs/lib/python3.12/site-packages/px4_msgs/msg/_obstacle_distance_s.c
[33.750s] -- Symlinking: /home/prathamkelkar/ros2_ws/install/px4_msgs/lib/python3.12/site-packages/px4_msgs/msg/_offboard_control_mode.py
[33.759s] -- Symlinking: /home/prathamkelkar/ros2_ws/install/px4_msgs/lib/python3.12/site-packages/px4_msgs/msg/_offboard_control_mode_s.c
[33.765s] -- Symlinking: /home/prathamkelkar/ros2_ws/install/px4_msgs/lib/python3.12/site-packages/px4_msgs/msg/_onboard_computer_status.py
[33.771s] -- Symlinking: /home/prathamkelkar/ros2_ws/install/px4_msgs/lib/python3.12/site-packages/px4_msgs/msg/_onboard_computer_status_s.c
[33.776s] -- Symlinking: /home/prathamkelkar/ros2_ws/install/px4_msgs/lib/python3.12/site-packages/px4_msgs/msg/_orb_test.py
[33.781s] -- Symlinking: /home/prathamkelkar/ros2_ws/install/px4_msgs/lib/python3.12/site-packages/px4_msgs/msg/_orb_test_large.py
[33.786s] -- Symlinking: /home/prathamkelkar/ros2_ws/install/px4_msgs/lib/python3.12/site-packages/px4_msgs/msg/_orb_test_large_s.c
[33.791s] -- Symlinking: /home/prathamkelkar/ros2_ws/install/px4_msgs/lib/python3.12/site-packages/px4_msgs/msg/_orb_test_medium.py
[33.795s] -- Symlinking: /home/prathamkelkar/ros2_ws/install/px4_msgs/lib/python3.12/site-packages/px4_msgs/msg/_orb_test_medium_s.c
[33.800s] -- Symlinking: /home/prathamkelkar/ros2_ws/install/px4_msgs/lib/python3.12/site-packages/px4_msgs/msg/_orb_test_s.c
[33.805s] -- Symlinking: /home/prathamkelkar/ros2_ws/install/px4_msgs/lib/python3.12/site-packages/px4_msgs/msg/_orbit_status.py
[33.810s] -- Symlinking: /home/prathamkelkar/ros2_ws/install/px4_msgs/lib/python3.12/site-packages/px4_msgs/msg/_orbit_status_s.c
[33.815s] -- Symlinking: /home/prathamkelkar/ros2_ws/install/px4_msgs/lib/python3.12/site-packages/px4_msgs/msg/_parameter_reset_request.py
[33.828s] -- Symlinking: /home/prathamkelkar/ros2_ws/install/px4_msgs/lib/python3.12/site-packages/px4_msgs/msg/_parameter_reset_request_s.c
[33.840s] -- Symlinking: /home/prathamkelkar/ros2_ws/install/px4_msgs/lib/python3.12/site-packages/px4_msgs/msg/_parameter_set_used_request.py
[33.848s] -- Symlinking: /home/prathamkelkar/ros2_ws/install/px4_msgs/lib/python3.12/site-packages/px4_msgs/msg/_parameter_set_used_request_s.c
[33.854s] -- Symlinking: /home/prathamkelkar/ros2_ws/install/px4_msgs/lib/python3.12/site-packages/px4_msgs/msg/_parameter_set_value_request.py
[33.868s] -- Symlinking: /home/prathamkelkar/ros2_ws/install/px4_msgs/lib/python3.12/site-packages/px4_msgs/msg/_parameter_set_value_request_s.c
[33.878s] -- Symlinking: /home/prathamkelkar/ros2_ws/install/px4_msgs/lib/python3.12/site-packages/px4_msgs/msg/_parameter_set_value_response.py
[33.885s] -- Symlinking: /home/prathamkelkar/ros2_ws/install/px4_msgs/lib/python3.12/site-packages/px4_msgs/msg/_parameter_set_value_response_s.c
[33.891s] -- Symlinking: /home/prathamkelkar/ros2_ws/install/px4_msgs/lib/python3.12/site-packages/px4_msgs/msg/_parameter_update.py
[33.896s] -- Symlinking: /home/prathamkelkar/ros2_ws/install/px4_msgs/lib/python3.12/site-packages/px4_msgs/msg/_parameter_update_s.c
[33.901s] -- Symlinking: /home/prathamkelkar/ros2_ws/install/px4_msgs/lib/python3.12/site-packages/px4_msgs/msg/_ping.py
[33.906s] -- Symlinking: /home/prathamkelkar/ros2_ws/install/px4_msgs/lib/python3.12/site-packages/px4_msgs/msg/_ping_s.c
[33.911s] -- Symlinking: /home/prathamkelkar/ros2_ws/install/px4_msgs/lib/python3.12/site-packages/px4_msgs/msg/_position_controller_landing_status.py
[33.916s] -- Symlinking: /home/prathamkelkar/ros2_ws/install/px4_msgs/lib/python3.12/site-packages/px4_msgs/msg/_position_controller_landing_status_s.c
[33.921s] -- Symlinking: /home/prathamkelkar/ros2_ws/install/px4_msgs/lib/python3.12/site-packages/px4_msgs/msg/_position_controller_status.py
[33.925s] -- Symlinking: /home/prathamkelkar/ros2_ws/install/px4_msgs/lib/python3.12/site-packages/px4_msgs/msg/_position_controller_status_s.c
[33.930s] -- Symlinking: /home/prathamkelkar/ros2_ws/install/px4_msgs/lib/python3.12/site-packages/px4_msgs/msg/_position_setpoint.py
[33.935s] -- Symlinking: /home/prathamkelkar/ros2_ws/install/px4_msgs/lib/python3.12/site-packages/px4_msgs/msg/_position_setpoint_s.c
[33.940s] -- Symlinking: /home/prathamkelkar/ros2_ws/install/px4_msgs/lib/python3.12/site-packages/px4_msgs/msg/_position_setpoint_triplet.py
[33.953s] -- Symlinking: /home/prathamkelkar/ros2_ws/install/px4_msgs/lib/python3.12/site-packages/px4_msgs/msg/_position_setpoint_triplet_s.c
[33.968s] -- Symlinking: /home/prathamkelkar/ros2_ws/install/px4_msgs/lib/python3.12/site-packages/px4_msgs/msg/_power_button_state.py
[33.981s] -- Symlinking: /home/prathamkelkar/ros2_ws/install/px4_msgs/lib/python3.12/site-packages/px4_msgs/msg/_power_button_state_s.c
[33.995s] -- Symlinking: /home/prathamkelkar/ros2_ws/install/px4_msgs/lib/python3.12/site-packages/px4_msgs/msg/_power_monitor.py
[34.008s] -- Symlinking: /home/prathamkelkar/ros2_ws/install/px4_msgs/lib/python3.12/site-packages/px4_msgs/msg/_power_monitor_s.c
[34.021s] -- Symlinking: /home/prathamkelkar/ros2_ws/install/px4_msgs/lib/python3.12/site-packages/px4_msgs/msg/_pps_capture.py
[34.033s] -- Symlinking: /home/prathamkelkar/ros2_ws/install/px4_msgs/lib/python3.12/site-packages/px4_msgs/msg/_pps_capture_s.c
[34.044s] -- Symlinking: /home/prathamkelkar/ros2_ws/install/px4_msgs/lib/python3.12/site-packages/px4_msgs/msg/_pwm_input.py
[34.051s] -- Symlinking: /home/prathamkelkar/ros2_ws/install/px4_msgs/lib/python3.12/site-packages/px4_msgs/msg/_pwm_input_s.c
[34.056s] -- Symlinking: /home/prathamkelkar/ros2_ws/install/px4_msgs/lib/python3.12/site-packages/px4_msgs/msg/_px4io_status.py
[34.061s] -- Symlinking: /home/prathamkelkar/ros2_ws/install/px4_msgs/lib/python3.12/site-packages/px4_msgs/msg/_px4io_status_s.c
[34.067s] -- Symlinking: /home/prathamkelkar/ros2_ws/install/px4_msgs/lib/python3.12/site-packages/px4_msgs/msg/_qshell_req.py
[34.072s] -- Symlinking: /home/prathamkelkar/ros2_ws/install/px4_msgs/lib/python3.12/site-packages/px4_msgs/msg/_qshell_req_s.c
[34.076s] -- Symlinking: /home/prathamkelkar/ros2_ws/install/px4_msgs/lib/python3.12/site-packages/px4_msgs/msg/_qshell_retval.py
[34.090s] -- Symlinking: /home/prathamkelkar/ros2_ws/install/px4_msgs/lib/python3.12/site-packages/px4_msgs/msg/_qshell_retval_s.c
[34.097s] -- Symlinking: /home/prathamkelkar/ros2_ws/install/px4_msgs/lib/python3.12/site-packages/px4_msgs/msg/_radio_status.py
[34.102s] -- Symlinking: /home/prathamkelkar/ros2_ws/install/px4_msgs/lib/python3.12/site-packages/px4_msgs/msg/_radio_status_s.c
[34.107s] -- Symlinking: /home/prathamkelkar/ros2_ws/install/px4_msgs/lib/python3.12/site-packages/px4_msgs/msg/_rate_ctrl_status.py
[34.112s] -- Symlinking: /home/prathamkelkar/ros2_ws/install/px4_msgs/lib/python3.12/site-packages/px4_msgs/msg/_rate_ctrl_status_s.c
[34.117s] -- Symlinking: /home/prathamkelkar/ros2_ws/install/px4_msgs/lib/python3.12/site-packages/px4_msgs/msg/_rc_channels.py
[34.122s] -- Symlinking: /home/prathamkelkar/ros2_ws/install/px4_msgs/lib/python3.12/site-packages/px4_msgs/msg/_rc_channels_s.c
[34.127s] -- Symlinking: /home/prathamkelkar/ros2_ws/install/px4_msgs/lib/python3.12/site-packages/px4_msgs/msg/_rc_parameter_map.py
[34.132s] -- Symlinking: /home/prathamkelkar/ros2_ws/install/px4_msgs/lib/python3.12/site-packages/px4_msgs/msg/_rc_parameter_map_s.c
[34.137s] -- Symlinking: /home/prathamkelkar/ros2_ws/install/px4_msgs/lib/python3.12/site-packages/px4_msgs/msg/_register_ext_component_reply.py
[34.142s] -- Symlinking: /home/prathamkelkar/ros2_ws/install/px4_msgs/lib/python3.12/site-packages/px4_msgs/msg/_register_ext_component_reply_s.c
[34.147s] -- Symlinking: /home/prathamkelkar/ros2_ws/install/px4_msgs/lib/python3.12/site-packages/px4_msgs/msg/_register_ext_component_request.py
[34.152s] -- Symlinking: /home/prathamkelkar/ros2_ws/install/px4_msgs/lib/python3.12/site-packages/px4_msgs/msg/_register_ext_component_request_s.c
[34.158s] -- Symlinking: /home/prathamkelkar/ros2_ws/install/px4_msgs/lib/python3.12/site-packages/px4_msgs/msg/_rpm.py
[34.163s] -- Symlinking: /home/prathamkelkar/ros2_ws/install/px4_msgs/lib/python3.12/site-packages/px4_msgs/msg/_rpm_s.c
[34.177s] -- Symlinking: /home/prathamkelkar/ros2_ws/install/px4_msgs/lib/python3.12/site-packages/px4_msgs/msg/_rtl_status.py
[34.190s] -- Symlinking: /home/prathamkelkar/ros2_ws/install/px4_msgs/lib/python3.12/site-packages/px4_msgs/msg/_rtl_status_s.c
[34.201s] -- Symlinking: /home/prathamkelkar/ros2_ws/install/px4_msgs/lib/python3.12/site-packages/px4_msgs/msg/_rtl_time_estimate.py
[34.209s] -- Symlinking: /home/prathamkelkar/ros2_ws/install/px4_msgs/lib/python3.12/site-packages/px4_msgs/msg/_rtl_time_estimate_s.c
[34.214s] -- Symlinking: /home/prathamkelkar/ros2_ws/install/px4_msgs/lib/python3.12/site-packages/px4_msgs/msg/_satellite_info.py
[34.220s] -- Symlinking: /home/prathamkelkar/ros2_ws/install/px4_msgs/lib/python3.12/site-packages/px4_msgs/msg/_satellite_info_s.c
[34.225s] -- Symlinking: /home/prathamkelkar/ros2_ws/install/px4_msgs/lib/python3.12/site-packages/px4_msgs/msg/_sensor_accel.py
[34.229s] -- Symlinking: /home/prathamkelkar/ros2_ws/install/px4_msgs/lib/python3.12/site-packages/px4_msgs/msg/_sensor_accel_fifo.py
[34.242s] -- Symlinking: /home/prathamkelkar/ros2_ws/install/px4_msgs/lib/python3.12/site-packages/px4_msgs/msg/_sensor_accel_fifo_s.c
[34.255s] -- Symlinking: /home/prathamkelkar/ros2_ws/install/px4_msgs/lib/python3.12/site-packages/px4_msgs/msg/_sensor_accel_s.c
[34.270s] -- Symlinking: /home/prathamkelkar/ros2_ws/install/px4_msgs/lib/python3.12/site-packages/px4_msgs/msg/_sensor_airflow.py
[34.282s] -- Symlinking: /home/prathamkelkar/ros2_ws/install/px4_msgs/lib/python3.12/site-packages/px4_msgs/msg/_sensor_airflow_s.c
[34.292s] -- Symlinking: /home/prathamkelkar/ros2_ws/install/px4_msgs/lib/python3.12/site-packages/px4_msgs/msg/_sensor_baro.py
[34.298s] -- Symlinking: /home/prathamkelkar/ros2_ws/install/px4_msgs/lib/python3.12/site-packages/px4_msgs/msg/_sensor_baro_s.c
[34.304s] -- Symlinking: /home/prathamkelkar/ros2_ws/install/px4_msgs/lib/python3.12/site-packages/px4_msgs/msg/_sensor_combined.py
[34.308s] -- Symlinking: /home/prathamkelkar/ros2_ws/install/px4_msgs/lib/python3.12/site-packages/px4_msgs/msg/_sensor_combined_s.c
[34.313s] -- Symlinking: /home/prathamkelkar/ros2_ws/install/px4_msgs/lib/python3.12/site-packages/px4_msgs/msg/_sensor_correction.py
[34.318s] -- Symlinking: /home/prathamkelkar/ros2_ws/install/px4_msgs/lib/python3.12/site-packages/px4_msgs/msg/_sensor_correction_s.c
[34.323s] -- Symlinking: /home/prathamkelkar/ros2_ws/install/px4_msgs/lib/python3.12/site-packages/px4_msgs/msg/_sensor_gnss_relative.py
[34.328s] -- Symlinking: /home/prathamkelkar/ros2_ws/install/px4_msgs/lib/python3.12/site-packages/px4_msgs/msg/_sensor_gnss_relative_s.c
[34.333s] -- Symlinking: /home/prathamkelkar/ros2_ws/install/px4_msgs/lib/python3.12/site-packages/px4_msgs/msg/_sensor_gps.py
[34.338s] -- Symlinking: /home/prathamkelkar/ros2_ws/install/px4_msgs/lib/python3.12/site-packages/px4_msgs/msg/_sensor_gps_s.c
[34.343s] -- Symlinking: /home/prathamkelkar/ros2_ws/install/px4_msgs/lib/python3.12/site-packages/px4_msgs/msg/_sensor_gyro.py
[34.348s] -- Symlinking: /home/prathamkelkar/ros2_ws/install/px4_msgs/lib/python3.12/site-packages/px4_msgs/msg/_sensor_gyro_fft.py
[34.352s] -- Symlinking: /home/prathamkelkar/ros2_ws/install/px4_msgs/lib/python3.12/site-packages/px4_msgs/msg/_sensor_gyro_fft_s.c
[34.357s] -- Symlinking: /home/prathamkelkar/ros2_ws/install/px4_msgs/lib/python3.12/site-packages/px4_msgs/msg/_sensor_gyro_fifo.py
[34.363s] -- Symlinking: /home/prathamkelkar/ros2_ws/install/px4_msgs/lib/python3.12/site-packages/px4_msgs/msg/_sensor_gyro_fifo_s.c
[34.368s] -- Symlinking: /home/prathamkelkar/ros2_ws/install/px4_msgs/lib/python3.12/site-packages/px4_msgs/msg/_sensor_gyro_s.c
[34.373s] -- Symlinking: /home/prathamkelkar/ros2_ws/install/px4_msgs/lib/python3.12/site-packages/px4_msgs/msg/_sensor_hygrometer.py
[34.378s] -- Symlinking: /home/prathamkelkar/ros2_ws/install/px4_msgs/lib/python3.12/site-packages/px4_msgs/msg/_sensor_hygrometer_s.c
[34.383s] -- Symlinking: /home/prathamkelkar/ros2_ws/install/px4_msgs/lib/python3.12/site-packages/px4_msgs/msg/_sensor_mag.py
[34.396s] -- Symlinking: /home/prathamkelkar/ros2_ws/install/px4_msgs/lib/python3.12/site-packages/px4_msgs/msg/_sensor_mag_s.c
[34.402s] -- Symlinking: /home/prathamkelkar/ros2_ws/install/px4_msgs/lib/python3.12/site-packages/px4_msgs/msg/_sensor_optical_flow.py
[34.407s] -- Symlinking: /home/prathamkelkar/ros2_ws/install/px4_msgs/lib/python3.12/site-packages/px4_msgs/msg/_sensor_optical_flow_s.c
[34.412s] -- Symlinking: /home/prathamkelkar/ros2_ws/install/px4_msgs/lib/python3.12/site-packages/px4_msgs/msg/_sensor_preflight_mag.py
[34.417s] -- Symlinking: /home/prathamkelkar/ros2_ws/install/px4_msgs/lib/python3.12/site-packages/px4_msgs/msg/_sensor_preflight_mag_s.c
[34.422s] -- Symlinking: /home/prathamkelkar/ros2_ws/install/px4_msgs/lib/python3.12/site-packages/px4_msgs/msg/_sensor_selection.py
[34.427s] -- Symlinking: /home/prathamkelkar/ros2_ws/install/px4_msgs/lib/python3.12/site-packages/px4_msgs/msg/_sensor_selection_s.c
[34.432s] -- Symlinking: /home/prathamkelkar/ros2_ws/install/px4_msgs/lib/python3.12/site-packages/px4_msgs/msg/_sensor_uwb.py
[34.437s] -- Symlinking: /home/prathamkelkar/ros2_ws/install/px4_msgs/lib/python3.12/site-packages/px4_msgs/msg/_sensor_uwb_s.c
[34.441s] -- Symlinking: /home/prathamkelkar/ros2_ws/install/px4_msgs/lib/python3.12/site-packages/px4_msgs/msg/_sensors_status.py
[34.446s] -- Symlinking: /home/prathamkelkar/ros2_ws/install/px4_msgs/lib/python3.12/site-packages/px4_msgs/msg/_sensors_status_imu.py
[34.451s] -- Symlinking: /home/prathamkelkar/ros2_ws/install/px4_msgs/lib/python3.12/site-packages/px4_msgs/msg/_sensors_status_imu_s.c
[34.456s] -- Symlinking: /home/prathamkelkar/ros2_ws/install/px4_msgs/lib/python3.12/site-packages/px4_msgs/msg/_sensors_status_s.c
[34.470s] -- Symlinking: /home/prathamkelkar/ros2_ws/install/px4_msgs/lib/python3.12/site-packages/px4_msgs/msg/_system_power.py
[34.477s] -- Symlinking: /home/prathamkelkar/ros2_ws/install/px4_msgs/lib/python3.12/site-packages/px4_msgs/msg/_system_power_s.c
[34.483s] -- Symlinking: /home/prathamkelkar/ros2_ws/install/px4_msgs/lib/python3.12/site-packages/px4_msgs/msg/_takeoff_status.py
[34.488s] -- Symlinking: /home/prathamkelkar/ros2_ws/install/px4_msgs/lib/python3.12/site-packages/px4_msgs/msg/_takeoff_status_s.c
[34.493s] -- Symlinking: /home/prathamkelkar/ros2_ws/install/px4_msgs/lib/python3.12/site-packages/px4_msgs/msg/_task_stack_info.py
[34.498s] -- Symlinking: /home/prathamkelkar/ros2_ws/install/px4_msgs/lib/python3.12/site-packages/px4_msgs/msg/_task_stack_info_s.c
[34.503s] -- Symlinking: /home/prathamkelkar/ros2_ws/install/px4_msgs/lib/python3.12/site-packages/px4_msgs/msg/_tecs_status.py
[34.507s] -- Symlinking: /home/prathamkelkar/ros2_ws/install/px4_msgs/lib/python3.12/site-packages/px4_msgs/msg/_tecs_status_s.c
[34.512s] -- Symlinking: /home/prathamkelkar/ros2_ws/install/px4_msgs/lib/python3.12/site-packages/px4_msgs/msg/_telemetry_status.py
[34.517s] -- Symlinking: /home/prathamkelkar/ros2_ws/install/px4_msgs/lib/python3.12/site-packages/px4_msgs/msg/_telemetry_status_s.c
[34.522s] -- Symlinking: /home/prathamkelkar/ros2_ws/install/px4_msgs/lib/python3.12/site-packages/px4_msgs/msg/_tiltrotor_extra_controls.py
[34.527s] -- Symlinking: /home/prathamkelkar/ros2_ws/install/px4_msgs/lib/python3.12/site-packages/px4_msgs/msg/_tiltrotor_extra_controls_s.c
[34.532s] -- Symlinking: /home/prathamkelkar/ros2_ws/install/px4_msgs/lib/python3.12/site-packages/px4_msgs/msg/_timesync_status.py
[34.536s] -- Symlinking: /home/prathamkelkar/ros2_ws/install/px4_msgs/lib/python3.12/site-packages/px4_msgs/msg/_timesync_status_s.c
[34.541s] -- Symlinking: /home/prathamkelkar/ros2_ws/install/px4_msgs/lib/python3.12/site-packages/px4_msgs/msg/_trajectory_bezier.py
[34.546s] -- Symlinking: /home/prathamkelkar/ros2_ws/install/px4_msgs/lib/python3.12/site-packages/px4_msgs/msg/_trajectory_bezier_s.c
[34.551s] -- Symlinking: /home/prathamkelkar/ros2_ws/install/px4_msgs/lib/python3.12/site-packages/px4_msgs/msg/_trajectory_setpoint.py
[34.556s] -- Symlinking: /home/prathamkelkar/ros2_ws/install/px4_msgs/lib/python3.12/site-packages/px4_msgs/msg/_trajectory_setpoint_s.c
[34.570s] -- Symlinking: /home/prathamkelkar/ros2_ws/install/px4_msgs/lib/python3.12/site-packages/px4_msgs/msg/_trajectory_waypoint.py
[34.584s] -- Symlinking: /home/prathamkelkar/ros2_ws/install/px4_msgs/lib/python3.12/site-packages/px4_msgs/msg/_trajectory_waypoint_s.c
[34.596s] -- Symlinking: /home/prathamkelkar/ros2_ws/install/px4_msgs/lib/python3.12/site-packages/px4_msgs/msg/_transponder_report.py
[34.605s] -- Symlinking: /home/prathamkelkar/ros2_ws/install/px4_msgs/lib/python3.12/site-packages/px4_msgs/msg/_transponder_report_s.c
[34.611s] -- Symlinking: /home/prathamkelkar/ros2_ws/install/px4_msgs/lib/python3.12/site-packages/px4_msgs/msg/_tune_control.py
[34.624s] -- Symlinking: /home/prathamkelkar/ros2_ws/install/px4_msgs/lib/python3.12/site-packages/px4_msgs/msg/_tune_control_s.c
[34.635s] -- Symlinking: /home/prathamkelkar/ros2_ws/install/px4_msgs/lib/python3.12/site-packages/px4_msgs/msg/_uavcan_parameter_request.py
[34.644s] -- Symlinking: /home/prathamkelkar/ros2_ws/install/px4_msgs/lib/python3.12/site-packages/px4_msgs/msg/_uavcan_parameter_request_s.c
[34.650s] -- Symlinking: /home/prathamkelkar/ros2_ws/install/px4_msgs/lib/python3.12/site-packages/px4_msgs/msg/_uavcan_parameter_value.py
[34.656s] -- Symlinking: /home/prathamkelkar/ros2_ws/install/px4_msgs/lib/python3.12/site-packages/px4_msgs/msg/_uavcan_parameter_value_s.c
[34.670s] -- Symlinking: /home/prathamkelkar/ros2_ws/install/px4_msgs/lib/python3.12/site-packages/px4_msgs/msg/_ulog_stream.py
[34.680s] -- Symlinking: /home/prathamkelkar/ros2_ws/install/px4_msgs/lib/python3.12/site-packages/px4_msgs/msg/_ulog_stream_ack.py
[34.687s] -- Symlinking: /home/prathamkelkar/ros2_ws/install/px4_msgs/lib/python3.12/site-packages/px4_msgs/msg/_ulog_stream_ack_s.c
[34.692s] -- Symlinking: /home/prathamkelkar/ros2_ws/install/px4_msgs/lib/python3.12/site-packages/px4_msgs/msg/_ulog_stream_s.c
[34.697s] -- Symlinking: /home/prathamkelkar/ros2_ws/install/px4_msgs/lib/python3.12/site-packages/px4_msgs/msg/_unregister_ext_component.py
[34.702s] -- Symlinking: /home/prathamkelkar/ros2_ws/install/px4_msgs/lib/python3.12/site-packages/px4_msgs/msg/_unregister_ext_component_s.c
[34.707s] -- Symlinking: /home/prathamkelkar/ros2_ws/install/px4_msgs/lib/python3.12/site-packages/px4_msgs/msg/_vehicle_acceleration.py
[34.712s] -- Symlinking: /home/prathamkelkar/ros2_ws/install/px4_msgs/lib/python3.12/site-packages/px4_msgs/msg/_vehicle_acceleration_s.c
[34.716s] -- Symlinking: /home/prathamkelkar/ros2_ws/install/px4_msgs/lib/python3.12/site-packages/px4_msgs/msg/_vehicle_air_data.py
[34.721s] -- Symlinking: /home/prathamkelkar/ros2_ws/install/px4_msgs/lib/python3.12/site-packages/px4_msgs/msg/_vehicle_air_data_s.c
[34.726s] -- Symlinking: /home/prathamkelkar/ros2_ws/install/px4_msgs/lib/python3.12/site-packages/px4_msgs/msg/_vehicle_angular_acceleration_setpoint.py
[34.731s] -- Symlinking: /home/prathamkelkar/ros2_ws/install/px4_msgs/lib/python3.12/site-packages/px4_msgs/msg/_vehicle_angular_acceleration_setpoint_s.c
[34.736s] -- Symlinking: /home/prathamkelkar/ros2_ws/install/px4_msgs/lib/python3.12/site-packages/px4_msgs/msg/_vehicle_angular_velocity.py
[34.741s] -- Symlinking: /home/prathamkelkar/ros2_ws/install/px4_msgs/lib/python3.12/site-packages/px4_msgs/msg/_vehicle_angular_velocity_s.c
[34.745s] -- Symlinking: /home/prathamkelkar/ros2_ws/install/px4_msgs/lib/python3.12/site-packages/px4_msgs/msg/_vehicle_attitude.py
[34.750s] -- Symlinking: /home/prathamkelkar/ros2_ws/install/px4_msgs/lib/python3.12/site-packages/px4_msgs/msg/_vehicle_attitude_s.c
[34.755s] -- Symlinking: /home/prathamkelkar/ros2_ws/install/px4_msgs/lib/python3.12/site-packages/px4_msgs/msg/_vehicle_attitude_setpoint.py
[34.760s] -- Symlinking: /home/prathamkelkar/ros2_ws/install/px4_msgs/lib/python3.12/site-packages/px4_msgs/msg/_vehicle_attitude_setpoint_s.c
[34.765s] -- Symlinking: /home/prathamkelkar/ros2_ws/install/px4_msgs/lib/python3.12/site-packages/px4_msgs/msg/_vehicle_command.py
[34.770s] -- Symlinking: /home/prathamkelkar/ros2_ws/install/px4_msgs/lib/python3.12/site-packages/px4_msgs/msg/_vehicle_command_ack.py
[34.785s] -- Symlinking: /home/prathamkelkar/ros2_ws/install/px4_msgs/lib/python3.12/site-packages/px4_msgs/msg/_vehicle_command_ack_s.c
[34.798s] -- Symlinking: /home/prathamkelkar/ros2_ws/install/px4_msgs/lib/python3.12/site-packages/px4_msgs/msg/_vehicle_command_s.c
[34.806s] -- Symlinking: /home/prathamkelkar/ros2_ws/install/px4_msgs/lib/python3.12/site-packages/px4_msgs/msg/_vehicle_constraints.py
[34.812s] -- Symlinking: /home/prathamkelkar/ros2_ws/install/px4_msgs/lib/python3.12/site-packages/px4_msgs/msg/_vehicle_constraints_s.c
[34.817s] -- Symlinking: /home/prathamkelkar/ros2_ws/install/px4_msgs/lib/python3.12/site-packages/px4_msgs/msg/_vehicle_control_mode.py
[34.822s] -- Symlinking: /home/prathamkelkar/ros2_ws/install/px4_msgs/lib/python3.12/site-packages/px4_msgs/msg/_vehicle_control_mode_s.c
[34.827s] -- Symlinking: /home/prathamkelkar/ros2_ws/install/px4_msgs/lib/python3.12/site-packages/px4_msgs/msg/_vehicle_global_position.py
[34.832s] -- Symlinking: /home/prathamkelkar/ros2_ws/install/px4_msgs/lib/python3.12/site-packages/px4_msgs/msg/_vehicle_global_position_s.c
[34.837s] -- Symlinking: /home/prathamkelkar/ros2_ws/install/px4_msgs/lib/python3.12/site-packages/px4_msgs/msg/_vehicle_imu.py
[34.842s] -- Symlinking: /home/prathamkelkar/ros2_ws/install/px4_msgs/lib/python3.12/site-packages/px4_msgs/msg/_vehicle_imu_s.c
[34.847s] -- Symlinking: /home/prathamkelkar/ros2_ws/install/px4_msgs/lib/python3.12/site-packages/px4_msgs/msg/_vehicle_imu_status.py
[34.852s] -- Symlinking: /home/prathamkelkar/ros2_ws/install/px4_msgs/lib/python3.12/site-packages/px4_msgs/msg/_vehicle_imu_status_s.c
[34.857s] -- Symlinking: /home/prathamkelkar/ros2_ws/install/px4_msgs/lib/python3.12/site-packages/px4_msgs/msg/_vehicle_land_detected.py
[34.862s] -- Symlinking: /home/prathamkelkar/ros2_ws/install/px4_msgs/lib/python3.12/site-packages/px4_msgs/msg/_vehicle_land_detected_s.c
[34.867s] -- Symlinking: /home/prathamkelkar/ros2_ws/install/px4_msgs/lib/python3.12/site-packages/px4_msgs/msg/_vehicle_local_position.py
[34.872s] -- Symlinking: /home/prathamkelkar/ros2_ws/install/px4_msgs/lib/python3.12/site-packages/px4_msgs/msg/_vehicle_local_position_s.c
[34.877s] -- Symlinking: /home/prathamkelkar/ros2_ws/install/px4_msgs/lib/python3.12/site-packages/px4_msgs/msg/_vehicle_local_position_setpoint.py
[34.890s] -- Symlinking: /home/prathamkelkar/ros2_ws/install/px4_msgs/lib/python3.12/site-packages/px4_msgs/msg/_vehicle_local_position_setpoint_s.c
[34.903s] -- Symlinking: /home/prathamkelkar/ros2_ws/install/px4_msgs/lib/python3.12/site-packages/px4_msgs/msg/_vehicle_magnetometer.py
[34.912s] -- Symlinking: /home/prathamkelkar/ros2_ws/install/px4_msgs/lib/python3.12/site-packages/px4_msgs/msg/_vehicle_magnetometer_s.c
[34.918s] -- Symlinking: /home/prathamkelkar/ros2_ws/install/px4_msgs/lib/python3.12/site-packages/px4_msgs/msg/_vehicle_odometry.py
[34.923s] -- Symlinking: /home/prathamkelkar/ros2_ws/install/px4_msgs/lib/python3.12/site-packages/px4_msgs/msg/_vehicle_odometry_s.c
[34.928s] -- Symlinking: /home/prathamkelkar/ros2_ws/install/px4_msgs/lib/python3.12/site-packages/px4_msgs/msg/_vehicle_optical_flow.py
[34.932s] -- Symlinking: /home/prathamkelkar/ros2_ws/install/px4_msgs/lib/python3.12/site-packages/px4_msgs/msg/_vehicle_optical_flow_s.c
[34.937s] -- Symlinking: /home/prathamkelkar/ros2_ws/install/px4_msgs/lib/python3.12/site-packages/px4_msgs/msg/_vehicle_optical_flow_vel.py
[34.942s] -- Symlinking: /home/prathamkelkar/ros2_ws/install/px4_msgs/lib/python3.12/site-packages/px4_msgs/msg/_vehicle_optical_flow_vel_s.c
[34.947s] -- Symlinking: /home/prathamkelkar/ros2_ws/install/px4_msgs/lib/python3.12/site-packages/px4_msgs/msg/_vehicle_rates_setpoint.py
[34.952s] -- Symlinking: /home/prathamkelkar/ros2_ws/install/px4_msgs/lib/python3.12/site-packages/px4_msgs/msg/_vehicle_rates_setpoint_s.c
[34.957s] -- Symlinking: /home/prathamkelkar/ros2_ws/install/px4_msgs/lib/python3.12/site-packages/px4_msgs/msg/_vehicle_roi.py
[34.962s] -- Symlinking: /home/prathamkelkar/ros2_ws/install/px4_msgs/lib/python3.12/site-packages/px4_msgs/msg/_vehicle_roi_s.c
[34.967s] -- Symlinking: /home/prathamkelkar/ros2_ws/install/px4_msgs/lib/python3.12/site-packages/px4_msgs/msg/_vehicle_status.py
[34.972s] -- Symlinking: /home/prathamkelkar/ros2_ws/install/px4_msgs/lib/python3.12/site-packages/px4_msgs/msg/_vehicle_status_s.c
[34.977s] -- Symlinking: /home/prathamkelkar/ros2_ws/install/px4_msgs/lib/python3.12/site-packages/px4_msgs/msg/_vehicle_thrust_setpoint.py
[34.982s] -- Symlinking: /home/prathamkelkar/ros2_ws/install/px4_msgs/lib/python3.12/site-packages/px4_msgs/msg/_vehicle_thrust_setpoint_s.c
[34.994s] -- Symlinking: /home/prathamkelkar/ros2_ws/install/px4_msgs/lib/python3.12/site-packages/px4_msgs/msg/_vehicle_torque_setpoint.py
[35.000s] -- Symlinking: /home/prathamkelkar/ros2_ws/install/px4_msgs/lib/python3.12/site-packages/px4_msgs/msg/_vehicle_torque_setpoint_s.c
[35.005s] -- Symlinking: /home/prathamkelkar/ros2_ws/install/px4_msgs/lib/python3.12/site-packages/px4_msgs/msg/_vehicle_trajectory_bezier.py
[35.010s] -- Symlinking: /home/prathamkelkar/ros2_ws/install/px4_msgs/lib/python3.12/site-packages/px4_msgs/msg/_vehicle_trajectory_bezier_s.c
[35.015s] -- Symlinking: /home/prathamkelkar/ros2_ws/install/px4_msgs/lib/python3.12/site-packages/px4_msgs/msg/_vehicle_trajectory_waypoint.py
[35.020s] -- Symlinking: /home/prathamkelkar/ros2_ws/install/px4_msgs/lib/python3.12/site-packages/px4_msgs/msg/_vehicle_trajectory_waypoint_s.c
[35.024s] -- Symlinking: /home/prathamkelkar/ros2_ws/install/px4_msgs/lib/python3.12/site-packages/px4_msgs/msg/_velocity_limits.py
[35.029s] -- Symlinking: /home/prathamkelkar/ros2_ws/install/px4_msgs/lib/python3.12/site-packages/px4_msgs/msg/_velocity_limits_s.c
[35.034s] -- Symlinking: /home/prathamkelkar/ros2_ws/install/px4_msgs/lib/python3.12/site-packages/px4_msgs/msg/_vtol_vehicle_status.py
[35.039s] -- Symlinking: /home/prathamkelkar/ros2_ws/install/px4_msgs/lib/python3.12/site-packages/px4_msgs/msg/_vtol_vehicle_status_s.c
[35.044s] -- Symlinking: /home/prathamkelkar/ros2_ws/install/px4_msgs/lib/python3.12/site-packages/px4_msgs/msg/_wheel_encoders.py
[35.049s] -- Symlinking: /home/prathamkelkar/ros2_ws/install/px4_msgs/lib/python3.12/site-packages/px4_msgs/msg/_wheel_encoders_s.c
[35.053s] -- Symlinking: /home/prathamkelkar/ros2_ws/install/px4_msgs/lib/python3.12/site-packages/px4_msgs/msg/_wind.py
[35.058s] -- Symlinking: /home/prathamkelkar/ros2_ws/install/px4_msgs/lib/python3.12/site-packages/px4_msgs/msg/_wind_s.c
[35.072s] -- Symlinking: /home/prathamkelkar/ros2_ws/install/px4_msgs/lib/python3.12/site-packages/px4_msgs/msg/_yaw_estimator_status.py
[35.087s] -- Symlinking: /home/prathamkelkar/ros2_ws/install/px4_msgs/lib/python3.12/site-packages/px4_msgs/msg/_yaw_estimator_status_s.c
[35.099s] -- Symlinking: /home/prathamkelkar/ros2_ws/install/px4_msgs/lib/python3.12/site-packages/px4_msgs/px4_msgs_s__rosidl_typesupport_c.so
[35.107s] -- Symlinking: /home/prathamkelkar/ros2_ws/install/px4_msgs/lib/python3.12/site-packages/px4_msgs/px4_msgs_s__rosidl_typesupport_fastrtps_c.so
[35.113s] -- Symlinking: /home/prathamkelkar/ros2_ws/install/px4_msgs/lib/python3.12/site-packages/px4_msgs/px4_msgs_s__rosidl_typesupport_introspection_c.so
[35.118s] -- Symlinking: /home/prathamkelkar/ros2_ws/install/px4_msgs/lib/python3.12/site-packages/px4_msgs/srv/__init__.py
[35.123s] -- Symlinking: /home/prathamkelkar/ros2_ws/install/px4_msgs/lib/python3.12/site-packages/px4_msgs/srv/_vehicle_command.py
[35.128s] -- Symlinking: /home/prathamkelkar/ros2_ws/install/px4_msgs/lib/python3.12/site-packages/px4_msgs/srv/_vehicle_command_s.c
[35.134s] -- Up-to-date symlink: /home/prathamkelkar/ros2_ws/install/px4_msgs/lib/python3.12/site-packages/px4_msgs/px4_msgs_s__rosidl_typesupport_fastrtps_c.so
[35.134s] -- Up-to-date symlink: /home/prathamkelkar/ros2_ws/install/px4_msgs/lib/python3.12/site-packages/px4_msgs/px4_msgs_s__rosidl_typesupport_introspection_c.so
[35.134s] -- Up-to-date symlink: /home/prathamkelkar/ros2_ws/install/px4_msgs/lib/python3.12/site-packages/px4_msgs/px4_msgs_s__rosidl_typesupport_c.so
[35.135s] -- Symlinking: /home/prathamkelkar/ros2_ws/install/px4_msgs/share/ament_index/resource_index/rust_packages/px4_msgs
[35.140s] -- Symlinking: /home/prathamkelkar/ros2_ws/install/px4_msgs/share/px4_msgs/rust/Cargo.toml
[35.145s] -- Symlinking: /home/prathamkelkar/ros2_ws/install/px4_msgs/share/px4_msgs/rust/build.rs
[35.150s] -- Symlinking: /home/prathamkelkar/ros2_ws/install/px4_msgs/share/px4_msgs/rust/src/lib.rs
[35.155s] -- Symlinking: /home/prathamkelkar/ros2_ws/install/px4_msgs/share/px4_msgs/rust/src/msg.rs
[35.161s] -- Symlinking: /home/prathamkelkar/ros2_ws/install/px4_msgs/share/px4_msgs/rust/src/msg/rmw.rs
[35.166s] -- Symlinking: /home/prathamkelkar/ros2_ws/install/px4_msgs/share/px4_msgs/rust/src/srv.rs
[35.171s] -- Symlinking: /home/prathamkelkar/ros2_ws/install/px4_msgs/share/px4_msgs/rust/src/srv/rmw.rs
[35.176s] -- Symlinking: /home/prathamkelkar/ros2_ws/install/px4_msgs/share/px4_msgs/msg/ActionRequest.idl
[35.181s] -- Symlinking: /home/prathamkelkar/ros2_ws/install/px4_msgs/share/px4_msgs/msg/ActuatorArmed.idl
[35.186s] -- Symlinking: /home/prathamkelkar/ros2_ws/install/px4_msgs/share/px4_msgs/msg/ActuatorControlsStatus.idl
[35.191s] -- Symlinking: /home/prathamkelkar/ros2_ws/install/px4_msgs/share/px4_msgs/msg/ActuatorMotors.idl
[35.196s] -- Symlinking: /home/prathamkelkar/ros2_ws/install/px4_msgs/share/px4_msgs/msg/ActuatorOutputs.idl
[35.201s] -- Symlinking: /home/prathamkelkar/ros2_ws/install/px4_msgs/share/px4_msgs/msg/ActuatorServos.idl
[35.214s] -- Symlinking: /home/prathamkelkar/ros2_ws/install/px4_msgs/share/px4_msgs/msg/ActuatorServosTrim.idl
[35.226s] -- Symlinking: /home/prathamkelkar/ros2_ws/install/px4_msgs/share/px4_msgs/msg/ActuatorTest.idl
[35.235s] -- Symlinking: /home/prathamkelkar/ros2_ws/install/px4_msgs/share/px4_msgs/msg/AdcReport.idl
[35.249s] -- Symlinking: /home/prathamkelkar/ros2_ws/install/px4_msgs/share/px4_msgs/msg/Airspeed.idl
[35.266s] -- Symlinking: /home/prathamkelkar/ros2_ws/install/px4_msgs/share/px4_msgs/msg/AirspeedValidated.idl
[35.280s] -- Symlinking: /home/prathamkelkar/ros2_ws/install/px4_msgs/share/px4_msgs/msg/AirspeedWind.idl
[35.288s] -- Symlinking: /home/prathamkelkar/ros2_ws/install/px4_msgs/share/px4_msgs/msg/ArmingCheckReply.idl
[35.295s] -- Symlinking: /home/prathamkelkar/ros2_ws/install/px4_msgs/share/px4_msgs/msg/ArmingCheckRequest.idl
[35.300s] -- Symlinking: /home/prathamkelkar/ros2_ws/install/px4_msgs/share/px4_msgs/msg/AutotuneAttitudeControlStatus.idl
[35.305s] -- Symlinking: /home/prathamkelkar/ros2_ws/install/px4_msgs/share/px4_msgs/msg/BatteryStatus.idl
[35.310s] -- Symlinking: /home/prathamkelkar/ros2_ws/install/px4_msgs/share/px4_msgs/msg/Buffer128.idl
[35.315s] -- Symlinking: /home/prathamkelkar/ros2_ws/install/px4_msgs/share/px4_msgs/msg/ButtonEvent.idl
[35.320s] -- Symlinking: /home/prathamkelkar/ros2_ws/install/px4_msgs/share/px4_msgs/msg/CameraCapture.idl
[35.332s] -- Symlinking: /home/prathamkelkar/ros2_ws/install/px4_msgs/share/px4_msgs/msg/CameraStatus.idl
[35.345s] -- Symlinking: /home/prathamkelkar/ros2_ws/install/px4_msgs/share/px4_msgs/msg/CameraTrigger.idl
[35.356s] -- Symlinking: /home/prathamkelkar/ros2_ws/install/px4_msgs/share/px4_msgs/msg/CanInterfaceStatus.idl
[35.364s] -- Symlinking: /home/prathamkelkar/ros2_ws/install/px4_msgs/share/px4_msgs/msg/CellularStatus.idl
[35.370s] -- Symlinking: /home/prathamkelkar/ros2_ws/install/px4_msgs/share/px4_msgs/msg/CollisionConstraints.idl
[35.375s] -- Symlinking: /home/prathamkelkar/ros2_ws/install/px4_msgs/share/px4_msgs/msg/CollisionReport.idl
[35.388s] -- Symlinking: /home/prathamkelkar/ros2_ws/install/px4_msgs/share/px4_msgs/msg/ConfigOverrides.idl
[35.398s] -- Symlinking: /home/prathamkelkar/ros2_ws/install/px4_msgs/share/px4_msgs/msg/ControlAllocatorStatus.idl
[35.406s] -- Symlinking: /home/prathamkelkar/ros2_ws/install/px4_msgs/share/px4_msgs/msg/Cpuload.idl
[35.412s] -- Symlinking: /home/prathamkelkar/ros2_ws/install/px4_msgs/share/px4_msgs/msg/DatamanRequest.idl
[35.417s] -- Symlinking: /home/prathamkelkar/ros2_ws/install/px4_msgs/share/px4_msgs/msg/DatamanResponse.idl
[35.422s] -- Symlinking: /home/prathamkelkar/ros2_ws/install/px4_msgs/share/px4_msgs/msg/DebugArray.idl
[35.427s] -- Symlinking: /home/prathamkelkar/ros2_ws/install/px4_msgs/share/px4_msgs/msg/DebugKeyValue.idl
[35.432s] -- Symlinking: /home/prathamkelkar/ros2_ws/install/px4_msgs/share/px4_msgs/msg/DebugValue.idl
[35.436s] -- Symlinking: /home/prathamkelkar/ros2_ws/install/px4_msgs/share/px4_msgs/msg/DebugVect.idl
[35.441s] -- Symlinking: /home/prathamkelkar/ros2_ws/install/px4_msgs/share/px4_msgs/msg/DifferentialDriveSetpoint.idl
[35.446s] -- Symlinking: /home/prathamkelkar/ros2_ws/install/px4_msgs/share/px4_msgs/msg/DifferentialPressure.idl
[35.451s] -- Symlinking: /home/prathamkelkar/ros2_ws/install/px4_msgs/share/px4_msgs/msg/DistanceSensor.idl
[35.456s] -- Symlinking: /home/prathamkelkar/ros2_ws/install/px4_msgs/share/px4_msgs/msg/Ekf2Timestamps.idl
[35.461s] -- Symlinking: /home/prathamkelkar/ros2_ws/install/px4_msgs/share/px4_msgs/msg/EscReport.idl
[35.466s] -- Symlinking: /home/prathamkelkar/ros2_ws/install/px4_msgs/share/px4_msgs/msg/EscStatus.idl
[35.471s] -- Symlinking: /home/prathamkelkar/ros2_ws/install/px4_msgs/share/px4_msgs/msg/EstimatorAidSource1d.idl
[35.475s] -- Symlinking: /home/prathamkelkar/ros2_ws/install/px4_msgs/share/px4_msgs/msg/EstimatorAidSource2d.idl
[35.481s] -- Symlinking: /home/prathamkelkar/ros2_ws/install/px4_msgs/share/px4_msgs/msg/EstimatorAidSource3d.idl
[35.486s] -- Symlinking: /home/prathamkelkar/ros2_ws/install/px4_msgs/share/px4_msgs/msg/EstimatorBias.idl
[35.491s] -- Symlinking: /home/prathamkelkar/ros2_ws/install/px4_msgs/share/px4_msgs/msg/EstimatorBias3d.idl
[35.496s] -- Symlinking: /home/prathamkelkar/ros2_ws/install/px4_msgs/share/px4_msgs/msg/EstimatorEventFlags.idl
[35.500s] -- Symlinking: /home/prathamkelkar/ros2_ws/install/px4_msgs/share/px4_msgs/msg/EstimatorGpsStatus.idl
[35.506s] -- Symlinking: /home/prathamkelkar/ros2_ws/install/px4_msgs/share/px4_msgs/msg/EstimatorInnovations.idl
[35.510s] -- Symlinking: /home/prathamkelkar/ros2_ws/install/px4_msgs/share/px4_msgs/msg/EstimatorSelectorStatus.idl
[35.515s] -- Symlinking: /home/prathamkelkar/ros2_ws/install/px4_msgs/share/px4_msgs/msg/EstimatorSensorBias.idl
[35.520s] -- Symlinking: /home/prathamkelkar/ros2_ws/install/px4_msgs/share/px4_msgs/msg/EstimatorStates.idl
[35.525s] -- Symlinking: /home/prathamkelkar/ros2_ws/install/px4_msgs/share/px4_msgs/msg/EstimatorStatus.idl
[35.530s] -- Symlinking: /home/prathamkelkar/ros2_ws/install/px4_msgs/share/px4_msgs/msg/EstimatorStatusFlags.idl
[35.535s] -- Symlinking: /home/prathamkelkar/ros2_ws/install/px4_msgs/share/px4_msgs/msg/Event.idl
[35.548s] -- Symlinking: /home/prathamkelkar/ros2_ws/install/px4_msgs/share/px4_msgs/msg/FailsafeFlags.idl
[35.560s] -- Symlinking: /home/prathamkelkar/ros2_ws/install/px4_msgs/share/px4_msgs/msg/FailureDetectorStatus.idl
[35.570s] -- Symlinking: /home/prathamkelkar/ros2_ws/install/px4_msgs/share/px4_msgs/msg/FigureEightStatus.idl
[35.583s] -- Symlinking: /home/prathamkelkar/ros2_ws/install/px4_msgs/share/px4_msgs/msg/FlightPhaseEstimation.idl
[35.596s] -- Symlinking: /home/prathamkelkar/ros2_ws/install/px4_msgs/share/px4_msgs/msg/FollowTarget.idl
[35.605s] -- Symlinking: /home/prathamkelkar/ros2_ws/install/px4_msgs/share/px4_msgs/msg/FollowTargetEstimator.idl
[35.611s] -- Symlinking: /home/prathamkelkar/ros2_ws/install/px4_msgs/share/px4_msgs/msg/FollowTargetStatus.idl
[35.617s] -- Symlinking: /home/prathamkelkar/ros2_ws/install/px4_msgs/share/px4_msgs/msg/GeneratorStatus.idl
[35.622s] -- Symlinking: /home/prathamkelkar/ros2_ws/install/px4_msgs/share/px4_msgs/msg/GeofenceResult.idl
[35.627s] -- Symlinking: /home/prathamkelkar/ros2_ws/install/px4_msgs/share/px4_msgs/msg/GeofenceStatus.idl
[35.640s] -- Symlinking: /home/prathamkelkar/ros2_ws/install/px4_msgs/share/px4_msgs/msg/GimbalControls.idl
[35.654s] -- Symlinking: /home/prathamkelkar/ros2_ws/install/px4_msgs/share/px4_msgs/msg/GimbalDeviceAttitudeStatus.idl
[35.663s] -- Symlinking: /home/prathamkelkar/ros2_ws/install/px4_msgs/share/px4_msgs/msg/GimbalDeviceInformation.idl
[35.670s] -- Symlinking: /home/prathamkelkar/ros2_ws/install/px4_msgs/share/px4_msgs/msg/GimbalDeviceSetAttitude.idl
[35.683s] -- Symlinking: /home/prathamkelkar/ros2_ws/install/px4_msgs/share/px4_msgs/msg/GimbalManagerInformation.idl
[35.694s] -- Symlinking: /home/prathamkelkar/ros2_ws/install/px4_msgs/share/px4_msgs/msg/GimbalManagerSetAttitude.idl
[35.702s] -- Symlinking: /home/prathamkelkar/ros2_ws/install/px4_msgs/share/px4_msgs/msg/GimbalManagerSetManualControl.idl
[35.708s] -- Symlinking: /home/prathamkelkar/ros2_ws/install/px4_msgs/share/px4_msgs/msg/GimbalManagerStatus.idl
[35.713s] -- Symlinking: /home/prathamkelkar/ros2_ws/install/px4_msgs/share/px4_msgs/msg/GotoSetpoint.idl
[35.718s] -- Symlinking: /home/prathamkelkar/ros2_ws/install/px4_msgs/share/px4_msgs/msg/GpioConfig.idl
[35.723s] -- Symlinking: /home/prathamkelkar/ros2_ws/install/px4_msgs/share/px4_msgs/msg/GpioIn.idl
[35.728s] -- Symlinking: /home/prathamkelkar/ros2_ws/install/px4_msgs/share/px4_msgs/msg/GpioOut.idl
[35.733s] -- Symlinking: /home/prathamkelkar/ros2_ws/install/px4_msgs/share/px4_msgs/msg/GpioRequest.idl
[35.738s] -- Symlinking: /home/prathamkelkar/ros2_ws/install/px4_msgs/share/px4_msgs/msg/GpsDump.idl
[35.743s] -- Symlinking: /home/prathamkelkar/ros2_ws/install/px4_msgs/share/px4_msgs/msg/GpsInjectData.idl
[35.748s] -- Symlinking: /home/prathamkelkar/ros2_ws/install/px4_msgs/share/px4_msgs/msg/Gripper.idl
[35.753s] -- Symlinking: /home/prathamkelkar/ros2_ws/install/px4_msgs/share/px4_msgs/msg/HealthReport.idl
[35.757s] -- Symlinking: /home/prathamkelkar/ros2_ws/install/px4_msgs/share/px4_msgs/msg/HeaterStatus.idl
[35.763s] -- Symlinking: /home/prathamkelkar/ros2_ws/install/px4_msgs/share/px4_msgs/msg/HomePosition.idl
[35.768s] -- Symlinking: /home/prathamkelkar/ros2_ws/install/px4_msgs/share/px4_msgs/msg/HoverThrustEstimate.idl
[35.773s] -- Symlinking: /home/prathamkelkar/ros2_ws/install/px4_msgs/share/px4_msgs/msg/InputRc.idl
[35.778s] -- Symlinking: /home/prathamkelkar/ros2_ws/install/px4_msgs/share/px4_msgs/msg/InternalCombustionEngineStatus.idl
[35.783s] -- Symlinking: /home/prathamkelkar/ros2_ws/install/px4_msgs/share/px4_msgs/msg/IridiumsbdStatus.idl
[35.788s] -- Symlinking: /home/prathamkelkar/ros2_ws/install/px4_msgs/share/px4_msgs/msg/IrlockReport.idl
[35.793s] -- Symlinking: /home/prathamkelkar/ros2_ws/install/px4_msgs/share/px4_msgs/msg/LandingGear.idl
[35.807s] -- Symlinking: /home/prathamkelkar/ros2_ws/install/px4_msgs/share/px4_msgs/msg/LandingGearWheel.idl
[35.820s] -- Symlinking: /home/prathamkelkar/ros2_ws/install/px4_msgs/share/px4_msgs/msg/LandingTargetInnovations.idl
[35.828s] -- Symlinking: /home/prathamkelkar/ros2_ws/install/px4_msgs/share/px4_msgs/msg/LandingTargetPose.idl
[35.834s] -- Symlinking: /home/prathamkelkar/ros2_ws/install/px4_msgs/share/px4_msgs/msg/LaunchDetectionStatus.idl
[35.839s] -- Symlinking: /home/prathamkelkar/ros2_ws/install/px4_msgs/share/px4_msgs/msg/LedControl.idl
[35.844s] -- Symlinking: /home/prathamkelkar/ros2_ws/install/px4_msgs/share/px4_msgs/msg/LogMessage.idl
[35.849s] -- Symlinking: /home/prathamkelkar/ros2_ws/install/px4_msgs/share/px4_msgs/msg/LoggerStatus.idl
[35.854s] -- Symlinking: /home/prathamkelkar/ros2_ws/install/px4_msgs/share/px4_msgs/msg/MagWorkerData.idl
[35.859s] -- Symlinking: /home/prathamkelkar/ros2_ws/install/px4_msgs/share/px4_msgs/msg/MagnetometerBiasEstimate.idl
[35.864s] -- Symlinking: /home/prathamkelkar/ros2_ws/install/px4_msgs/share/px4_msgs/msg/ManualControlSetpoint.idl
[35.869s] -- Symlinking: /home/prathamkelkar/ros2_ws/install/px4_msgs/share/px4_msgs/msg/ManualControlSwitches.idl
[35.874s] -- Symlinking: /home/prathamkelkar/ros2_ws/install/px4_msgs/share/px4_msgs/msg/MavlinkLog.idl
[35.879s] -- Symlinking: /home/prathamkelkar/ros2_ws/install/px4_msgs/share/px4_msgs/msg/MavlinkTunnel.idl
[35.884s] -- Symlinking: /home/prathamkelkar/ros2_ws/install/px4_msgs/share/px4_msgs/msg/MessageFormatRequest.idl
[35.889s] -- Symlinking: /home/prathamkelkar/ros2_ws/install/px4_msgs/share/px4_msgs/msg/MessageFormatResponse.idl
[35.895s] -- Symlinking: /home/prathamkelkar/ros2_ws/install/px4_msgs/share/px4_msgs/msg/Mission.idl
[35.900s] -- Symlinking: /home/prathamkelkar/ros2_ws/install/px4_msgs/share/px4_msgs/msg/MissionResult.idl
[35.905s] -- Symlinking: /home/prathamkelkar/ros2_ws/install/px4_msgs/share/px4_msgs/msg/ModeCompleted.idl
[35.910s] -- Symlinking: /home/prathamkelkar/ros2_ws/install/px4_msgs/share/px4_msgs/msg/MountOrientation.idl
[35.915s] -- Symlinking: /home/prathamkelkar/ros2_ws/install/px4_msgs/share/px4_msgs/msg/NavigatorMissionItem.idl
[35.920s] -- Symlinking: /home/prathamkelkar/ros2_ws/install/px4_msgs/share/px4_msgs/msg/NormalizedUnsignedSetpoint.idl
[35.924s] -- Symlinking: /home/prathamkelkar/ros2_ws/install/px4_msgs/share/px4_msgs/msg/NpfgStatus.idl
[35.929s] -- Symlinking: /home/prathamkelkar/ros2_ws/install/px4_msgs/share/px4_msgs/msg/ObstacleDistance.idl
[35.934s] -- Symlinking: /home/prathamkelkar/ros2_ws/install/px4_msgs/share/px4_msgs/msg/OffboardControlMode.idl
[35.939s] -- Symlinking: /home/prathamkelkar/ros2_ws/install/px4_msgs/share/px4_msgs/msg/OnboardComputerStatus.idl
[35.944s] -- Symlinking: /home/prathamkelkar/ros2_ws/install/px4_msgs/share/px4_msgs/msg/OrbTest.idl
[35.949s] -- Symlinking: /home/prathamkelkar/ros2_ws/install/px4_msgs/share/px4_msgs/msg/OrbTestLarge.idl
[35.954s] -- Symlinking: /home/prathamkelkar/ros2_ws/install/px4_msgs/share/px4_msgs/msg/OrbTestMedium.idl
[35.958s] -- Symlinking: /home/prathamkelkar/ros2_ws/install/px4_msgs/share/px4_msgs/msg/OrbitStatus.idl
[35.964s] -- Symlinking: /home/prathamkelkar/ros2_ws/install/px4_msgs/share/px4_msgs/msg/ParameterResetRequest.idl
[35.969s] -- Symlinking: /home/prathamkelkar/ros2_ws/install/px4_msgs/share/px4_msgs/msg/ParameterSetUsedRequest.idl
[35.974s] -- Symlinking: /home/prathamkelkar/ros2_ws/install/px4_msgs/share/px4_msgs/msg/ParameterSetValueRequest.idl
[35.979s] -- Symlinking: /home/prathamkelkar/ros2_ws/install/px4_msgs/share/px4_msgs/msg/ParameterSetValueResponse.idl
[35.984s] -- Symlinking: /home/prathamkelkar/ros2_ws/install/px4_msgs/share/px4_msgs/msg/ParameterUpdate.idl
[35.989s] -- Symlinking: /home/prathamkelkar/ros2_ws/install/px4_msgs/share/px4_msgs/msg/Ping.idl
[35.994s] -- Symlinking: /home/prathamkelkar/ros2_ws/install/px4_msgs/share/px4_msgs/msg/PositionControllerLandingStatus.idl
[35.999s] -- Symlinking: /home/prathamkelkar/ros2_ws/install/px4_msgs/share/px4_msgs/msg/PositionControllerStatus.idl
[36.004s] -- Symlinking: /home/prathamkelkar/ros2_ws/install/px4_msgs/share/px4_msgs/msg/PositionSetpoint.idl
[36.009s] -- Symlinking: /home/prathamkelkar/ros2_ws/install/px4_msgs/share/px4_msgs/msg/PositionSetpointTriplet.idl
[36.014s] -- Symlinking: /home/prathamkelkar/ros2_ws/install/px4_msgs/share/px4_msgs/msg/PowerButtonState.idl
[36.019s] -- Symlinking: /home/prathamkelkar/ros2_ws/install/px4_msgs/share/px4_msgs/msg/PowerMonitor.idl
[36.024s] -- Symlinking: /home/prathamkelkar/ros2_ws/install/px4_msgs/share/px4_msgs/msg/PpsCapture.idl
[36.029s] -- Symlinking: /home/prathamkelkar/ros2_ws/install/px4_msgs/share/px4_msgs/msg/PwmInput.idl
[36.034s] -- Symlinking: /home/prathamkelkar/ros2_ws/install/px4_msgs/share/px4_msgs/msg/Px4ioStatus.idl
[36.039s] -- Symlinking: /home/prathamkelkar/ros2_ws/install/px4_msgs/share/px4_msgs/msg/QshellReq.idl
[36.043s] -- Symlinking: /home/prathamkelkar/ros2_ws/install/px4_msgs/share/px4_msgs/msg/QshellRetval.idl
[36.048s] -- Symlinking: /home/prathamkelkar/ros2_ws/install/px4_msgs/share/px4_msgs/msg/RadioStatus.idl
[36.053s] -- Symlinking: /home/prathamkelkar/ros2_ws/install/px4_msgs/share/px4_msgs/msg/RateCtrlStatus.idl
[36.058s] -- Symlinking: /home/prathamkelkar/ros2_ws/install/px4_msgs/share/px4_msgs/msg/RcChannels.idl
[36.063s] -- Symlinking: /home/prathamkelkar/ros2_ws/install/px4_msgs/share/px4_msgs/msg/RcParameterMap.idl
[36.068s] -- Symlinking: /home/prathamkelkar/ros2_ws/install/px4_msgs/share/px4_msgs/msg/RegisterExtComponentReply.idl
[36.073s] -- Symlinking: /home/prathamkelkar/ros2_ws/install/px4_msgs/share/px4_msgs/msg/RegisterExtComponentRequest.idl
[36.078s] -- Symlinking: /home/prathamkelkar/ros2_ws/install/px4_msgs/share/px4_msgs/msg/Rpm.idl
[36.083s] -- Symlinking: /home/prathamkelkar/ros2_ws/install/px4_msgs/share/px4_msgs/msg/RtlStatus.idl
[36.088s] -- Symlinking: /home/prathamkelkar/ros2_ws/install/px4_msgs/share/px4_msgs/msg/RtlTimeEstimate.idl
[36.093s] -- Symlinking: /home/prathamkelkar/ros2_ws/install/px4_msgs/share/px4_msgs/msg/SatelliteInfo.idl
[36.098s] -- Symlinking: /home/prathamkelkar/ros2_ws/install/px4_msgs/share/px4_msgs/msg/SensorAccel.idl
[36.103s] -- Symlinking: /home/prathamkelkar/ros2_ws/install/px4_msgs/share/px4_msgs/msg/SensorAccelFifo.idl
[36.108s] -- Symlinking: /home/prathamkelkar/ros2_ws/install/px4_msgs/share/px4_msgs/msg/SensorAirflow.idl
[36.113s] -- Symlinking: /home/prathamkelkar/ros2_ws/install/px4_msgs/share/px4_msgs/msg/SensorBaro.idl
[36.118s] -- Symlinking: /home/prathamkelkar/ros2_ws/install/px4_msgs/share/px4_msgs/msg/SensorCombined.idl
[36.123s] -- Symlinking: /home/prathamkelkar/ros2_ws/install/px4_msgs/share/px4_msgs/msg/SensorCorrection.idl
[36.128s] -- Symlinking: /home/prathamkelkar/ros2_ws/install/px4_msgs/share/px4_msgs/msg/SensorGnssRelative.idl
[36.133s] -- Symlinking: /home/prathamkelkar/ros2_ws/install/px4_msgs/share/px4_msgs/msg/SensorGps.idl
[36.139s] -- Symlinking: /home/prathamkelkar/ros2_ws/install/px4_msgs/share/px4_msgs/msg/SensorGyro.idl
[36.144s] -- Symlinking: /home/prathamkelkar/ros2_ws/install/px4_msgs/share/px4_msgs/msg/SensorGyroFft.idl
[36.149s] -- Symlinking: /home/prathamkelkar/ros2_ws/install/px4_msgs/share/px4_msgs/msg/SensorGyroFifo.idl
[36.154s] -- Symlinking: /home/prathamkelkar/ros2_ws/install/px4_msgs/share/px4_msgs/msg/SensorHygrometer.idl
[36.160s] -- Symlinking: /home/prathamkelkar/ros2_ws/install/px4_msgs/share/px4_msgs/msg/SensorMag.idl
[36.165s] -- Symlinking: /home/prathamkelkar/ros2_ws/install/px4_msgs/share/px4_msgs/msg/SensorOpticalFlow.idl
[36.169s] -- Symlinking: /home/prathamkelkar/ros2_ws/install/px4_msgs/share/px4_msgs/msg/SensorPreflightMag.idl
[36.174s] -- Symlinking: /home/prathamkelkar/ros2_ws/install/px4_msgs/share/px4_msgs/msg/SensorSelection.idl
[36.180s] -- Symlinking: /home/prathamkelkar/ros2_ws/install/px4_msgs/share/px4_msgs/msg/SensorUwb.idl
[36.185s] -- Symlinking: /home/prathamkelkar/ros2_ws/install/px4_msgs/share/px4_msgs/msg/SensorsStatus.idl
[36.190s] -- Symlinking: /home/prathamkelkar/ros2_ws/install/px4_msgs/share/px4_msgs/msg/SensorsStatusImu.idl
[36.195s] -- Symlinking: /home/prathamkelkar/ros2_ws/install/px4_msgs/share/px4_msgs/msg/SystemPower.idl
[36.208s] -- Symlinking: /home/prathamkelkar/ros2_ws/install/px4_msgs/share/px4_msgs/msg/TakeoffStatus.idl
[36.214s] -- Symlinking: /home/prathamkelkar/ros2_ws/install/px4_msgs/share/px4_msgs/msg/TaskStackInfo.idl
[36.220s] -- Symlinking: /home/prathamkelkar/ros2_ws/install/px4_msgs/share/px4_msgs/msg/TecsStatus.idl
[36.225s] -- Symlinking: /home/prathamkelkar/ros2_ws/install/px4_msgs/share/px4_msgs/msg/TelemetryStatus.idl
[36.238s] -- Symlinking: /home/prathamkelkar/ros2_ws/install/px4_msgs/share/px4_msgs/msg/TiltrotorExtraControls.idl
[36.253s] -- Symlinking: /home/prathamkelkar/ros2_ws/install/px4_msgs/share/px4_msgs/msg/TimesyncStatus.idl
[36.267s] -- Symlinking: /home/prathamkelkar/ros2_ws/install/px4_msgs/share/px4_msgs/msg/TrajectoryBezier.idl
[36.279s] -- Symlinking: /home/prathamkelkar/ros2_ws/install/px4_msgs/share/px4_msgs/msg/TrajectorySetpoint.idl
[36.286s] -- Symlinking: /home/prathamkelkar/ros2_ws/install/px4_msgs/share/px4_msgs/msg/TrajectoryWaypoint.idl
[36.292s] -- Symlinking: /home/prathamkelkar/ros2_ws/install/px4_msgs/share/px4_msgs/msg/TransponderReport.idl
[36.297s] -- Symlinking: /home/prathamkelkar/ros2_ws/install/px4_msgs/share/px4_msgs/msg/TuneControl.idl
[36.303s] -- Symlinking: /home/prathamkelkar/ros2_ws/install/px4_msgs/share/px4_msgs/msg/UavcanParameterRequest.idl
[36.308s] -- Symlinking: /home/prathamkelkar/ros2_ws/install/px4_msgs/share/px4_msgs/msg/UavcanParameterValue.idl
[36.313s] -- Symlinking: /home/prathamkelkar/ros2_ws/install/px4_msgs/share/px4_msgs/msg/UlogStream.idl
[36.327s] -- Symlinking: /home/prathamkelkar/ros2_ws/install/px4_msgs/share/px4_msgs/msg/UlogStreamAck.idl
[36.334s] -- Symlinking: /home/prathamkelkar/ros2_ws/install/px4_msgs/share/px4_msgs/msg/UnregisterExtComponent.idl
[36.341s] -- Symlinking: /home/prathamkelkar/ros2_ws/install/px4_msgs/share/px4_msgs/msg/VehicleAcceleration.idl
[36.354s] -- Symlinking: /home/prathamkelkar/ros2_ws/install/px4_msgs/share/px4_msgs/msg/VehicleAirData.idl
[36.365s] -- Symlinking: /home/prathamkelkar/ros2_ws/install/px4_msgs/share/px4_msgs/msg/VehicleAngularAccelerationSetpoint.idl
[36.372s] -- Symlinking: /home/prathamkelkar/ros2_ws/install/px4_msgs/share/px4_msgs/msg/VehicleAngularVelocity.idl
[36.379s] -- Symlinking: /home/prathamkelkar/ros2_ws/install/px4_msgs/share/px4_msgs/msg/VehicleAttitude.idl
[36.384s] -- Symlinking: /home/prathamkelkar/ros2_ws/install/px4_msgs/share/px4_msgs/msg/VehicleAttitudeSetpoint.idl
[36.389s] -- Symlinking: /home/prathamkelkar/ros2_ws/install/px4_msgs/share/px4_msgs/msg/VehicleCommand.idl
[36.403s] -- Symlinking: /home/prathamkelkar/ros2_ws/install/px4_msgs/share/px4_msgs/msg/VehicleCommandAck.idl
[36.412s] -- Symlinking: /home/prathamkelkar/ros2_ws/install/px4_msgs/share/px4_msgs/msg/VehicleConstraints.idl
[36.419s] -- Symlinking: /home/prathamkelkar/ros2_ws/install/px4_msgs/share/px4_msgs/msg/VehicleControlMode.idl
[36.433s] -- Symlinking: /home/prathamkelkar/ros2_ws/install/px4_msgs/share/px4_msgs/msg/VehicleGlobalPosition.idl
[36.443s] -- Symlinking: /home/prathamkelkar/ros2_ws/install/px4_msgs/share/px4_msgs/msg/VehicleImu.idl
[36.456s] -- Symlinking: /home/prathamkelkar/ros2_ws/install/px4_msgs/share/px4_msgs/msg/VehicleImuStatus.idl
[36.469s] -- Symlinking: /home/prathamkelkar/ros2_ws/install/px4_msgs/share/px4_msgs/msg/VehicleLandDetected.idl
[36.478s] -- Symlinking: /home/prathamkelkar/ros2_ws/install/px4_msgs/share/px4_msgs/msg/VehicleLocalPosition.idl
[36.485s] -- Symlinking: /home/prathamkelkar/ros2_ws/install/px4_msgs/share/px4_msgs/msg/VehicleLocalPositionSetpoint.idl
[36.498s] -- Symlinking: /home/prathamkelkar/ros2_ws/install/px4_msgs/share/px4_msgs/msg/VehicleMagnetometer.idl
[36.509s] -- Symlinking: /home/prathamkelkar/ros2_ws/install/px4_msgs/share/px4_msgs/msg/VehicleOdometry.idl
[36.517s] -- Symlinking: /home/prathamkelkar/ros2_ws/install/px4_msgs/share/px4_msgs/msg/VehicleOpticalFlow.idl
[36.531s] -- Symlinking: /home/prathamkelkar/ros2_ws/install/px4_msgs/share/px4_msgs/msg/VehicleOpticalFlowVel.idl
[36.543s] -- Symlinking: /home/prathamkelkar/ros2_ws/install/px4_msgs/share/px4_msgs/msg/VehicleRatesSetpoint.idl
[36.552s] -- Symlinking: /home/prathamkelkar/ros2_ws/install/px4_msgs/share/px4_msgs/msg/VehicleRoi.idl
[36.558s] -- Symlinking: /home/prathamkelkar/ros2_ws/install/px4_msgs/share/px4_msgs/msg/VehicleStatus.idl
[36.573s] -- Symlinking: /home/prathamkelkar/ros2_ws/install/px4_msgs/share/px4_msgs/msg/VehicleThrustSetpoint.idl
[36.586s] -- Symlinking: /home/prathamkelkar/ros2_ws/install/px4_msgs/share/px4_msgs/msg/VehicleTorqueSetpoint.idl
[36.599s] -- Symlinking: /home/prathamkelkar/ros2_ws/install/px4_msgs/share/px4_msgs/msg/VehicleTrajectoryBezier.idl
[36.613s] -- Symlinking: /home/prathamkelkar/ros2_ws/install/px4_msgs/share/px4_msgs/msg/VehicleTrajectoryWaypoint.idl
[36.623s] -- Symlinking: /home/prathamkelkar/ros2_ws/install/px4_msgs/share/px4_msgs/msg/VelocityLimits.idl
[36.629s] -- Symlinking: /home/prathamkelkar/ros2_ws/install/px4_msgs/share/px4_msgs/msg/VtolVehicleStatus.idl
[36.643s] -- Symlinking: /home/prathamkelkar/ros2_ws/install/px4_msgs/share/px4_msgs/msg/WheelEncoders.idl
[36.655s] -- Symlinking: /home/prathamkelkar/ros2_ws/install/px4_msgs/share/px4_msgs/msg/Wind.idl
[36.663s] -- Symlinking: /home/prathamkelkar/ros2_ws/install/px4_msgs/share/px4_msgs/msg/YawEstimatorStatus.idl
[36.677s] -- Symlinking: /home/prathamkelkar/ros2_ws/install/px4_msgs/share/px4_msgs/srv/VehicleCommand.idl
[36.690s] -- Symlinking: /home/prathamkelkar/ros2_ws/install/px4_msgs/share/px4_msgs/msg/ActionRequest.msg
[36.703s] -- Symlinking: /home/prathamkelkar/ros2_ws/install/px4_msgs/share/px4_msgs/msg/ActuatorArmed.msg
[36.712s] -- Symlinking: /home/prathamkelkar/ros2_ws/install/px4_msgs/share/px4_msgs/msg/ActuatorControlsStatus.msg
[36.718s] -- Symlinking: /home/prathamkelkar/ros2_ws/install/px4_msgs/share/px4_msgs/msg/ActuatorMotors.msg
[36.731s] -- Symlinking: /home/prathamkelkar/ros2_ws/install/px4_msgs/share/px4_msgs/msg/ActuatorOutputs.msg
[36.742s] -- Symlinking: /home/prathamkelkar/ros2_ws/install/px4_msgs/share/px4_msgs/msg/ActuatorServos.msg
[36.755s] -- Symlinking: /home/prathamkelkar/ros2_ws/install/px4_msgs/share/px4_msgs/msg/ActuatorServosTrim.msg
[36.767s] -- Symlinking: /home/prathamkelkar/ros2_ws/install/px4_msgs/share/px4_msgs/msg/ActuatorTest.msg
[36.776s] -- Symlinking: /home/prathamkelkar/ros2_ws/install/px4_msgs/share/px4_msgs/msg/AdcReport.msg
[36.783s] -- Symlinking: /home/prathamkelkar/ros2_ws/install/px4_msgs/share/px4_msgs/msg/Airspeed.msg
[36.788s] -- Symlinking: /home/prathamkelkar/ros2_ws/install/px4_msgs/share/px4_msgs/msg/AirspeedValidated.msg
[36.793s] -- Symlinking: /home/prathamkelkar/ros2_ws/install/px4_msgs/share/px4_msgs/msg/AirspeedWind.msg
[36.798s] -- Symlinking: /home/prathamkelkar/ros2_ws/install/px4_msgs/share/px4_msgs/msg/ArmingCheckReply.msg
[36.803s] -- Symlinking: /home/prathamkelkar/ros2_ws/install/px4_msgs/share/px4_msgs/msg/ArmingCheckRequest.msg
[36.816s] -- Symlinking: /home/prathamkelkar/ros2_ws/install/px4_msgs/share/px4_msgs/msg/AutotuneAttitudeControlStatus.msg
[36.824s] -- Symlinking: /home/prathamkelkar/ros2_ws/install/px4_msgs/share/px4_msgs/msg/BatteryStatus.msg
[36.830s] -- Symlinking: /home/prathamkelkar/ros2_ws/install/px4_msgs/share/px4_msgs/msg/Buffer128.msg
[36.843s] -- Symlinking: /home/prathamkelkar/ros2_ws/install/px4_msgs/share/px4_msgs/msg/ButtonEvent.msg
[36.852s] -- Symlinking: /home/prathamkelkar/ros2_ws/install/px4_msgs/share/px4_msgs/msg/CameraCapture.msg
[36.865s] -- Symlinking: /home/prathamkelkar/ros2_ws/install/px4_msgs/share/px4_msgs/msg/CameraStatus.msg
[36.879s] -- Symlinking: /home/prathamkelkar/ros2_ws/install/px4_msgs/share/px4_msgs/msg/CameraTrigger.msg
[36.892s] -- Symlinking: /home/prathamkelkar/ros2_ws/install/px4_msgs/share/px4_msgs/msg/CanInterfaceStatus.msg
[36.901s] -- Symlinking: /home/prathamkelkar/ros2_ws/install/px4_msgs/share/px4_msgs/msg/CellularStatus.msg
[36.908s] -- Symlinking: /home/prathamkelkar/ros2_ws/install/px4_msgs/share/px4_msgs/msg/CollisionConstraints.msg
[36.913s] -- Symlinking: /home/prathamkelkar/ros2_ws/install/px4_msgs/share/px4_msgs/msg/CollisionReport.msg
[36.927s] -- Symlinking: /home/prathamkelkar/ros2_ws/install/px4_msgs/share/px4_msgs/msg/ConfigOverrides.msg
[36.939s] -- Symlinking: /home/prathamkelkar/ros2_ws/install/px4_msgs/share/px4_msgs/msg/ControlAllocatorStatus.msg
[36.947s] -- Symlinking: /home/prathamkelkar/ros2_ws/install/px4_msgs/share/px4_msgs/msg/Cpuload.msg
[36.954s] -- Symlinking: /home/prathamkelkar/ros2_ws/install/px4_msgs/share/px4_msgs/msg/DatamanRequest.msg
[36.959s] -- Symlinking: /home/prathamkelkar/ros2_ws/install/px4_msgs/share/px4_msgs/msg/DatamanResponse.msg
[36.964s] -- Symlinking: /home/prathamkelkar/ros2_ws/install/px4_msgs/share/px4_msgs/msg/DebugArray.msg
[36.969s] -- Symlinking: /home/prathamkelkar/ros2_ws/install/px4_msgs/share/px4_msgs/msg/DebugKeyValue.msg
[36.974s] -- Symlinking: /home/prathamkelkar/ros2_ws/install/px4_msgs/share/px4_msgs/msg/DebugValue.msg
[36.987s] -- Symlinking: /home/prathamkelkar/ros2_ws/install/px4_msgs/share/px4_msgs/msg/DebugVect.msg
[36.999s] -- Symlinking: /home/prathamkelkar/ros2_ws/install/px4_msgs/share/px4_msgs/msg/DifferentialDriveSetpoint.msg
[37.008s] -- Symlinking: /home/prathamkelkar/ros2_ws/install/px4_msgs/share/px4_msgs/msg/DifferentialPressure.msg
[37.015s] -- Symlinking: /home/prathamkelkar/ros2_ws/install/px4_msgs/share/px4_msgs/msg/DistanceSensor.msg
[37.029s] -- Symlinking: /home/prathamkelkar/ros2_ws/install/px4_msgs/share/px4_msgs/msg/Ekf2Timestamps.msg
[37.042s] -- Symlinking: /home/prathamkelkar/ros2_ws/install/px4_msgs/share/px4_msgs/msg/EscReport.msg
[37.050s] -- Symlinking: /home/prathamkelkar/ros2_ws/install/px4_msgs/share/px4_msgs/msg/EscStatus.msg
[37.057s] -- Symlinking: /home/prathamkelkar/ros2_ws/install/px4_msgs/share/px4_msgs/msg/EstimatorAidSource1d.msg
[37.062s] -- Symlinking: /home/prathamkelkar/ros2_ws/install/px4_msgs/share/px4_msgs/msg/EstimatorAidSource2d.msg
[37.067s] -- Symlinking: /home/prathamkelkar/ros2_ws/install/px4_msgs/share/px4_msgs/msg/EstimatorAidSource3d.msg
[37.072s] -- Symlinking: /home/prathamkelkar/ros2_ws/install/px4_msgs/share/px4_msgs/msg/EstimatorBias.msg
[37.077s] -- Symlinking: /home/prathamkelkar/ros2_ws/install/px4_msgs/share/px4_msgs/msg/EstimatorBias3d.msg
[37.083s] -- Symlinking: /home/prathamkelkar/ros2_ws/install/px4_msgs/share/px4_msgs/msg/EstimatorEventFlags.msg
[37.088s] -- Symlinking: /home/prathamkelkar/ros2_ws/install/px4_msgs/share/px4_msgs/msg/EstimatorGpsStatus.msg
[37.093s] -- Symlinking: /home/prathamkelkar/ros2_ws/install/px4_msgs/share/px4_msgs/msg/EstimatorInnovations.msg
[37.098s] -- Symlinking: /home/prathamkelkar/ros2_ws/install/px4_msgs/share/px4_msgs/msg/EstimatorSelectorStatus.msg
[37.103s] -- Symlinking: /home/prathamkelkar/ros2_ws/install/px4_msgs/share/px4_msgs/msg/EstimatorSensorBias.msg
[37.108s] -- Symlinking: /home/prathamkelkar/ros2_ws/install/px4_msgs/share/px4_msgs/msg/EstimatorStates.msg
[37.113s] -- Symlinking: /home/prathamkelkar/ros2_ws/install/px4_msgs/share/px4_msgs/msg/EstimatorStatus.msg
[37.118s] -- Symlinking: /home/prathamkelkar/ros2_ws/install/px4_msgs/share/px4_msgs/msg/EstimatorStatusFlags.msg
[37.123s] -- Symlinking: /home/prathamkelkar/ros2_ws/install/px4_msgs/share/px4_msgs/msg/Event.msg
[37.128s] -- Symlinking: /home/prathamkelkar/ros2_ws/install/px4_msgs/share/px4_msgs/msg/FailsafeFlags.msg
[37.133s] -- Symlinking: /home/prathamkelkar/ros2_ws/install/px4_msgs/share/px4_msgs/msg/FailureDetectorStatus.msg
[37.139s] -- Symlinking: /home/prathamkelkar/ros2_ws/install/px4_msgs/share/px4_msgs/msg/FigureEightStatus.msg
[37.144s] -- Symlinking: /home/prathamkelkar/ros2_ws/install/px4_msgs/share/px4_msgs/msg/FlightPhaseEstimation.msg
[37.150s] -- Symlinking: /home/prathamkelkar/ros2_ws/install/px4_msgs/share/px4_msgs/msg/FollowTarget.msg
[37.155s] -- Symlinking: /home/prathamkelkar/ros2_ws/install/px4_msgs/share/px4_msgs/msg/FollowTargetEstimator.msg
[37.160s] -- Symlinking: /home/prathamkelkar/ros2_ws/install/px4_msgs/share/px4_msgs/msg/FollowTargetStatus.msg
[37.165s] -- Symlinking: /home/prathamkelkar/ros2_ws/install/px4_msgs/share/px4_msgs/msg/GeneratorStatus.msg
[37.171s] -- Symlinking: /home/prathamkelkar/ros2_ws/install/px4_msgs/share/px4_msgs/msg/GeofenceResult.msg
[37.176s] -- Symlinking: /home/prathamkelkar/ros2_ws/install/px4_msgs/share/px4_msgs/msg/GeofenceStatus.msg
[37.181s] -- Symlinking: /home/prathamkelkar/ros2_ws/install/px4_msgs/share/px4_msgs/msg/GimbalControls.msg
[37.186s] -- Symlinking: /home/prathamkelkar/ros2_ws/install/px4_msgs/share/px4_msgs/msg/GimbalDeviceAttitudeStatus.msg
[37.191s] -- Symlinking: /home/prathamkelkar/ros2_ws/install/px4_msgs/share/px4_msgs/msg/GimbalDeviceInformation.msg
[37.196s] -- Symlinking: /home/prathamkelkar/ros2_ws/install/px4_msgs/share/px4_msgs/msg/GimbalDeviceSetAttitude.msg
[37.201s] -- Symlinking: /home/prathamkelkar/ros2_ws/install/px4_msgs/share/px4_msgs/msg/GimbalManagerInformation.msg
[37.206s] -- Symlinking: /home/prathamkelkar/ros2_ws/install/px4_msgs/share/px4_msgs/msg/GimbalManagerSetAttitude.msg
[37.211s] -- Symlinking: /home/prathamkelkar/ros2_ws/install/px4_msgs/share/px4_msgs/msg/GimbalManagerSetManualControl.msg
[37.217s] -- Symlinking: /home/prathamkelkar/ros2_ws/install/px4_msgs/share/px4_msgs/msg/GimbalManagerStatus.msg
[37.222s] -- Symlinking: /home/prathamkelkar/ros2_ws/install/px4_msgs/share/px4_msgs/msg/GotoSetpoint.msg
[37.227s] -- Symlinking: /home/prathamkelkar/ros2_ws/install/px4_msgs/share/px4_msgs/msg/GpioConfig.msg
[37.232s] -- Symlinking: /home/prathamkelkar/ros2_ws/install/px4_msgs/share/px4_msgs/msg/GpioIn.msg
[37.237s] -- Symlinking: /home/prathamkelkar/ros2_ws/install/px4_msgs/share/px4_msgs/msg/GpioOut.msg
[37.253s] -- Symlinking: /home/prathamkelkar/ros2_ws/install/px4_msgs/share/px4_msgs/msg/GpioRequest.msg
[37.268s] -- Symlinking: /home/prathamkelkar/ros2_ws/install/px4_msgs/share/px4_msgs/msg/GpsDump.msg
[37.283s] -- Symlinking: /home/prathamkelkar/ros2_ws/install/px4_msgs/share/px4_msgs/msg/GpsInjectData.msg
[37.296s] -- Symlinking: /home/prathamkelkar/ros2_ws/install/px4_msgs/share/px4_msgs/msg/Gripper.msg
[37.304s] -- Symlinking: /home/prathamkelkar/ros2_ws/install/px4_msgs/share/px4_msgs/msg/HealthReport.msg
[37.310s] -- Symlinking: /home/prathamkelkar/ros2_ws/install/px4_msgs/share/px4_msgs/msg/HeaterStatus.msg
[37.315s] -- Symlinking: /home/prathamkelkar/ros2_ws/install/px4_msgs/share/px4_msgs/msg/HomePosition.msg
[37.328s] -- Symlinking: /home/prathamkelkar/ros2_ws/install/px4_msgs/share/px4_msgs/msg/HoverThrustEstimate.msg
[37.337s] -- Symlinking: /home/prathamkelkar/ros2_ws/install/px4_msgs/share/px4_msgs/msg/InputRc.msg
[37.344s] -- Symlinking: /home/prathamkelkar/ros2_ws/install/px4_msgs/share/px4_msgs/msg/InternalCombustionEngineStatus.msg
[37.349s] -- Symlinking: /home/prathamkelkar/ros2_ws/install/px4_msgs/share/px4_msgs/msg/IridiumsbdStatus.msg
[37.354s] -- Symlinking: /home/prathamkelkar/ros2_ws/install/px4_msgs/share/px4_msgs/msg/IrlockReport.msg
[37.359s] -- Symlinking: /home/prathamkelkar/ros2_ws/install/px4_msgs/share/px4_msgs/msg/LandingGear.msg
[37.372s] -- Symlinking: /home/prathamkelkar/ros2_ws/install/px4_msgs/share/px4_msgs/msg/LandingGearWheel.msg
[37.381s] -- Symlinking: /home/prathamkelkar/ros2_ws/install/px4_msgs/share/px4_msgs/msg/LandingTargetInnovations.msg
[37.387s] -- Symlinking: /home/prathamkelkar/ros2_ws/install/px4_msgs/share/px4_msgs/msg/LandingTargetPose.msg
[37.393s] -- Symlinking: /home/prathamkelkar/ros2_ws/install/px4_msgs/share/px4_msgs/msg/LaunchDetectionStatus.msg
[37.398s] -- Symlinking: /home/prathamkelkar/ros2_ws/install/px4_msgs/share/px4_msgs/msg/LedControl.msg
[37.403s] -- Symlinking: /home/prathamkelkar/ros2_ws/install/px4_msgs/share/px4_msgs/msg/LogMessage.msg
[37.408s] -- Symlinking: /home/prathamkelkar/ros2_ws/install/px4_msgs/share/px4_msgs/msg/LoggerStatus.msg
[37.413s] -- Symlinking: /home/prathamkelkar/ros2_ws/install/px4_msgs/share/px4_msgs/msg/MagWorkerData.msg
[37.418s] -- Symlinking: /home/prathamkelkar/ros2_ws/install/px4_msgs/share/px4_msgs/msg/MagnetometerBiasEstimate.msg
[37.423s] -- Symlinking: /home/prathamkelkar/ros2_ws/install/px4_msgs/share/px4_msgs/msg/ManualControlSetpoint.msg
[37.428s] -- Symlinking: /home/prathamkelkar/ros2_ws/install/px4_msgs/share/px4_msgs/msg/ManualControlSwitches.msg
[37.433s] -- Symlinking: /home/prathamkelkar/ros2_ws/install/px4_msgs/share/px4_msgs/msg/MavlinkLog.msg
[37.438s] -- Symlinking: /home/prathamkelkar/ros2_ws/install/px4_msgs/share/px4_msgs/msg/MavlinkTunnel.msg
[37.443s] -- Symlinking: /home/prathamkelkar/ros2_ws/install/px4_msgs/share/px4_msgs/msg/MessageFormatRequest.msg
[37.448s] -- Symlinking: /home/prathamkelkar/ros2_ws/install/px4_msgs/share/px4_msgs/msg/MessageFormatResponse.msg
[37.453s] -- Symlinking: /home/prathamkelkar/ros2_ws/install/px4_msgs/share/px4_msgs/msg/Mission.msg
[37.458s] -- Symlinking: /home/prathamkelkar/ros2_ws/install/px4_msgs/share/px4_msgs/msg/MissionResult.msg
[37.471s] -- Symlinking: /home/prathamkelkar/ros2_ws/install/px4_msgs/share/px4_msgs/msg/ModeCompleted.msg
[37.478s] -- Symlinking: /home/prathamkelkar/ros2_ws/install/px4_msgs/share/px4_msgs/msg/MountOrientation.msg
[37.483s] -- Symlinking: /home/prathamkelkar/ros2_ws/install/px4_msgs/share/px4_msgs/msg/NavigatorMissionItem.msg
[37.488s] -- Symlinking: /home/prathamkelkar/ros2_ws/install/px4_msgs/share/px4_msgs/msg/NormalizedUnsignedSetpoint.msg
[37.493s] -- Symlinking: /home/prathamkelkar/ros2_ws/install/px4_msgs/share/px4_msgs/msg/NpfgStatus.msg
[37.498s] -- Symlinking: /home/prathamkelkar/ros2_ws/install/px4_msgs/share/px4_msgs/msg/ObstacleDistance.msg
[37.503s] -- Symlinking: /home/prathamkelkar/ros2_ws/install/px4_msgs/share/px4_msgs/msg/OffboardControlMode.msg
[37.508s] -- Symlinking: /home/prathamkelkar/ros2_ws/install/px4_msgs/share/px4_msgs/msg/OnboardComputerStatus.msg
[37.513s] -- Symlinking: /home/prathamkelkar/ros2_ws/install/px4_msgs/share/px4_msgs/msg/OrbTest.msg
[37.518s] -- Symlinking: /home/prathamkelkar/ros2_ws/install/px4_msgs/share/px4_msgs/msg/OrbTestLarge.msg
[37.523s] -- Symlinking: /home/prathamkelkar/ros2_ws/install/px4_msgs/share/px4_msgs/msg/OrbTestMedium.msg
[37.528s] -- Symlinking: /home/prathamkelkar/ros2_ws/install/px4_msgs/share/px4_msgs/msg/OrbitStatus.msg
[37.533s] -- Symlinking: /home/prathamkelkar/ros2_ws/install/px4_msgs/share/px4_msgs/msg/ParameterResetRequest.msg
[37.538s] -- Symlinking: /home/prathamkelkar/ros2_ws/install/px4_msgs/share/px4_msgs/msg/ParameterSetUsedRequest.msg
[37.543s] -- Symlinking: /home/prathamkelkar/ros2_ws/install/px4_msgs/share/px4_msgs/msg/ParameterSetValueRequest.msg
[37.548s] -- Symlinking: /home/prathamkelkar/ros2_ws/install/px4_msgs/share/px4_msgs/msg/ParameterSetValueResponse.msg
[37.553s] -- Symlinking: /home/prathamkelkar/ros2_ws/install/px4_msgs/share/px4_msgs/msg/ParameterUpdate.msg
[37.558s] -- Symlinking: /home/prathamkelkar/ros2_ws/install/px4_msgs/share/px4_msgs/msg/Ping.msg
[37.572s] -- Symlinking: /home/prathamkelkar/ros2_ws/install/px4_msgs/share/px4_msgs/msg/PositionControllerLandingStatus.msg
[37.578s] -- Symlinking: /home/prathamkelkar/ros2_ws/install/px4_msgs/share/px4_msgs/msg/PositionControllerStatus.msg
[37.584s] -- Symlinking: /home/prathamkelkar/ros2_ws/install/px4_msgs/share/px4_msgs/msg/PositionSetpoint.msg
[37.589s] -- Symlinking: /home/prathamkelkar/ros2_ws/install/px4_msgs/share/px4_msgs/msg/PositionSetpointTriplet.msg
[37.593s] -- Symlinking: /home/prathamkelkar/ros2_ws/install/px4_msgs/share/px4_msgs/msg/PowerButtonState.msg
[37.599s] -- Symlinking: /home/prathamkelkar/ros2_ws/install/px4_msgs/share/px4_msgs/msg/PowerMonitor.msg
[37.611s] -- Symlinking: /home/prathamkelkar/ros2_ws/install/px4_msgs/share/px4_msgs/msg/PpsCapture.msg
[37.623s] -- Symlinking: /home/prathamkelkar/ros2_ws/install/px4_msgs/share/px4_msgs/msg/PwmInput.msg
[37.632s] -- Symlinking: /home/prathamkelkar/ros2_ws/install/px4_msgs/share/px4_msgs/msg/Px4ioStatus.msg
[37.638s] -- Symlinking: /home/prathamkelkar/ros2_ws/install/px4_msgs/share/px4_msgs/msg/QshellReq.msg
[37.644s] -- Symlinking: /home/prathamkelkar/ros2_ws/install/px4_msgs/share/px4_msgs/msg/QshellRetval.msg
[37.650s] -- Symlinking: /home/prathamkelkar/ros2_ws/install/px4_msgs/share/px4_msgs/msg/RadioStatus.msg
[37.655s] -- Symlinking: /home/prathamkelkar/ros2_ws/install/px4_msgs/share/px4_msgs/msg/RateCtrlStatus.msg
[37.660s] -- Symlinking: /home/prathamkelkar/ros2_ws/install/px4_msgs/share/px4_msgs/msg/RcChannels.msg
[37.666s] -- Symlinking: /home/prathamkelkar/ros2_ws/install/px4_msgs/share/px4_msgs/msg/RcParameterMap.msg
[37.679s] -- Symlinking: /home/prathamkelkar/ros2_ws/install/px4_msgs/share/px4_msgs/msg/RegisterExtComponentReply.msg
[37.692s] -- Symlinking: /home/prathamkelkar/ros2_ws/install/px4_msgs/share/px4_msgs/msg/RegisterExtComponentRequest.msg
[37.700s] -- Symlinking: /home/prathamkelkar/ros2_ws/install/px4_msgs/share/px4_msgs/msg/Rpm.msg
[37.706s] -- Symlinking: /home/prathamkelkar/ros2_ws/install/px4_msgs/share/px4_msgs/msg/RtlStatus.msg
[37.711s] -- Symlinking: /home/prathamkelkar/ros2_ws/install/px4_msgs/share/px4_msgs/msg/RtlTimeEstimate.msg
[37.716s] -- Symlinking: /home/prathamkelkar/ros2_ws/install/px4_msgs/share/px4_msgs/msg/SatelliteInfo.msg
[37.721s] -- Symlinking: /home/prathamkelkar/ros2_ws/install/px4_msgs/share/px4_msgs/msg/SensorAccel.msg
[37.725s] -- Symlinking: /home/prathamkelkar/ros2_ws/install/px4_msgs/share/px4_msgs/msg/SensorAccelFifo.msg
[37.730s] -- Symlinking: /home/prathamkelkar/ros2_ws/install/px4_msgs/share/px4_msgs/msg/SensorAirflow.msg
[37.735s] -- Symlinking: /home/prathamkelkar/ros2_ws/install/px4_msgs/share/px4_msgs/msg/SensorBaro.msg
[37.740s] -- Symlinking: /home/prathamkelkar/ros2_ws/install/px4_msgs/share/px4_msgs/msg/SensorCombined.msg
[37.753s] -- Symlinking: /home/prathamkelkar/ros2_ws/install/px4_msgs/share/px4_msgs/msg/SensorCorrection.msg
[37.759s] -- Symlinking: /home/prathamkelkar/ros2_ws/install/px4_msgs/share/px4_msgs/msg/SensorGnssRelative.msg
[37.772s] -- Symlinking: /home/prathamkelkar/ros2_ws/install/px4_msgs/share/px4_msgs/msg/SensorGps.msg
[37.788s] -- Symlinking: /home/prathamkelkar/ros2_ws/install/px4_msgs/share/px4_msgs/msg/SensorGyro.msg
[37.800s] -- Symlinking: /home/prathamkelkar/ros2_ws/install/px4_msgs/share/px4_msgs/msg/SensorGyroFft.msg
[37.809s] -- Symlinking: /home/prathamkelkar/ros2_ws/install/px4_msgs/share/px4_msgs/msg/SensorGyroFifo.msg
[37.815s] -- Symlinking: /home/prathamkelkar/ros2_ws/install/px4_msgs/share/px4_msgs/msg/SensorHygrometer.msg
[37.820s] -- Symlinking: /home/prathamkelkar/ros2_ws/install/px4_msgs/share/px4_msgs/msg/SensorMag.msg
[37.826s] -- Symlinking: /home/prathamkelkar/ros2_ws/install/px4_msgs/share/px4_msgs/msg/SensorOpticalFlow.msg
[37.830s] -- Symlinking: /home/prathamkelkar/ros2_ws/install/px4_msgs/share/px4_msgs/msg/SensorPreflightMag.msg
[37.835s] -- Symlinking: /home/prathamkelkar/ros2_ws/install/px4_msgs/share/px4_msgs/msg/SensorSelection.msg
[37.840s] -- Symlinking: /home/prathamkelkar/ros2_ws/install/px4_msgs/share/px4_msgs/msg/SensorUwb.msg
[37.846s] -- Symlinking: /home/prathamkelkar/ros2_ws/install/px4_msgs/share/px4_msgs/msg/SensorsStatus.msg
[37.859s] -- Symlinking: /home/prathamkelkar/ros2_ws/install/px4_msgs/share/px4_msgs/msg/SensorsStatusImu.msg
[37.872s] -- Symlinking: /home/prathamkelkar/ros2_ws/install/px4_msgs/share/px4_msgs/msg/SystemPower.msg
[37.884s] -- Symlinking: /home/prathamkelkar/ros2_ws/install/px4_msgs/share/px4_msgs/msg/TakeoffStatus.msg
[37.892s] -- Symlinking: /home/prathamkelkar/ros2_ws/install/px4_msgs/share/px4_msgs/msg/TaskStackInfo.msg
[37.898s] -- Symlinking: /home/prathamkelkar/ros2_ws/install/px4_msgs/share/px4_msgs/msg/TecsStatus.msg
[37.903s] -- Symlinking: /home/prathamkelkar/ros2_ws/install/px4_msgs/share/px4_msgs/msg/TelemetryStatus.msg
[37.909s] -- Symlinking: /home/prathamkelkar/ros2_ws/install/px4_msgs/share/px4_msgs/msg/TiltrotorExtraControls.msg
[37.913s] -- Symlinking: /home/prathamkelkar/ros2_ws/install/px4_msgs/share/px4_msgs/msg/TimesyncStatus.msg
[37.918s] -- Symlinking: /home/prathamkelkar/ros2_ws/install/px4_msgs/share/px4_msgs/msg/TrajectoryBezier.msg
[37.923s] -- Symlinking: /home/prathamkelkar/ros2_ws/install/px4_msgs/share/px4_msgs/msg/TrajectorySetpoint.msg
[37.936s] -- Symlinking: /home/prathamkelkar/ros2_ws/install/px4_msgs/share/px4_msgs/msg/TrajectoryWaypoint.msg
[37.949s] -- Symlinking: /home/prathamkelkar/ros2_ws/install/px4_msgs/share/px4_msgs/msg/TransponderReport.msg
[37.961s] -- Symlinking: /home/prathamkelkar/ros2_ws/install/px4_msgs/share/px4_msgs/msg/TuneControl.msg
[37.975s] -- Symlinking: /home/prathamkelkar/ros2_ws/install/px4_msgs/share/px4_msgs/msg/UavcanParameterRequest.msg
[37.989s] -- Symlinking: /home/prathamkelkar/ros2_ws/install/px4_msgs/share/px4_msgs/msg/UavcanParameterValue.msg
[38.003s] -- Symlinking: /home/prathamkelkar/ros2_ws/install/px4_msgs/share/px4_msgs/msg/UlogStream.msg
[38.019s] -- Symlinking: /home/prathamkelkar/ros2_ws/install/px4_msgs/share/px4_msgs/msg/UlogStreamAck.msg
[38.029s] -- Symlinking: /home/prathamkelkar/ros2_ws/install/px4_msgs/share/px4_msgs/msg/UnregisterExtComponent.msg
[38.037s] -- Symlinking: /home/prathamkelkar/ros2_ws/install/px4_msgs/share/px4_msgs/msg/VehicleAcceleration.msg
[38.052s] -- Symlinking: /home/prathamkelkar/ros2_ws/install/px4_msgs/share/px4_msgs/msg/VehicleAirData.msg
[38.069s] -- Symlinking: /home/prathamkelkar/ros2_ws/install/px4_msgs/share/px4_msgs/msg/VehicleAngularAccelerationSetpoint.msg
[38.083s] -- Symlinking: /home/prathamkelkar/ros2_ws/install/px4_msgs/share/px4_msgs/msg/VehicleAngularVelocity.msg
[38.099s] -- Symlinking: /home/prathamkelkar/ros2_ws/install/px4_msgs/share/px4_msgs/msg/VehicleAttitude.msg
[38.114s] -- Symlinking: /home/prathamkelkar/ros2_ws/install/px4_msgs/share/px4_msgs/msg/VehicleAttitudeSetpoint.msg
[38.130s] -- Symlinking: /home/prathamkelkar/ros2_ws/install/px4_msgs/share/px4_msgs/msg/VehicleCommand.msg
[38.144s] -- Symlinking: /home/prathamkelkar/ros2_ws/install/px4_msgs/share/px4_msgs/msg/VehicleCommandAck.msg
[38.164s] -- Symlinking: /home/prathamkelkar/ros2_ws/install/px4_msgs/share/px4_msgs/msg/VehicleConstraints.msg
[38.179s] -- Symlinking: /home/prathamkelkar/ros2_ws/install/px4_msgs/share/px4_msgs/msg/VehicleControlMode.msg
[38.196s] -- Symlinking: /home/prathamkelkar/ros2_ws/install/px4_msgs/share/px4_msgs/msg/VehicleGlobalPosition.msg
[38.210s] -- Symlinking: /home/prathamkelkar/ros2_ws/install/px4_msgs/share/px4_msgs/msg/VehicleImu.msg
[38.228s] -- Symlinking: /home/prathamkelkar/ros2_ws/install/px4_msgs/share/px4_msgs/msg/VehicleImuStatus.msg
[38.245s] -- Symlinking: /home/prathamkelkar/ros2_ws/install/px4_msgs/share/px4_msgs/msg/VehicleLandDetected.msg
[38.266s] -- Symlinking: /home/prathamkelkar/ros2_ws/install/px4_msgs/share/px4_msgs/msg/VehicleLocalPosition.msg
[38.282s] -- Symlinking: /home/prathamkelkar/ros2_ws/install/px4_msgs/share/px4_msgs/msg/VehicleLocalPositionSetpoint.msg
[38.295s] -- Symlinking: /home/prathamkelkar/ros2_ws/install/px4_msgs/share/px4_msgs/msg/VehicleMagnetometer.msg
[38.304s] -- Symlinking: /home/prathamkelkar/ros2_ws/install/px4_msgs/share/px4_msgs/msg/VehicleOdometry.msg
[38.311s] -- Symlinking: /home/prathamkelkar/ros2_ws/install/px4_msgs/share/px4_msgs/msg/VehicleOpticalFlow.msg
[38.317s] -- Symlinking: /home/prathamkelkar/ros2_ws/install/px4_msgs/share/px4_msgs/msg/VehicleOpticalFlowVel.msg
[38.322s] -- Symlinking: /home/prathamkelkar/ros2_ws/install/px4_msgs/share/px4_msgs/msg/VehicleRatesSetpoint.msg
[38.327s] -- Symlinking: /home/prathamkelkar/ros2_ws/install/px4_msgs/share/px4_msgs/msg/VehicleRoi.msg
[38.333s] -- Symlinking: /home/prathamkelkar/ros2_ws/install/px4_msgs/share/px4_msgs/msg/VehicleStatus.msg
[38.338s] -- Symlinking: /home/prathamkelkar/ros2_ws/install/px4_msgs/share/px4_msgs/msg/VehicleThrustSetpoint.msg
[38.343s] -- Symlinking: /home/prathamkelkar/ros2_ws/install/px4_msgs/share/px4_msgs/msg/VehicleTorqueSetpoint.msg
[38.348s] -- Symlinking: /home/prathamkelkar/ros2_ws/install/px4_msgs/share/px4_msgs/msg/VehicleTrajectoryBezier.msg
[38.353s] -- Symlinking: /home/prathamkelkar/ros2_ws/install/px4_msgs/share/px4_msgs/msg/VehicleTrajectoryWaypoint.msg
[38.358s] -- Symlinking: /home/prathamkelkar/ros2_ws/install/px4_msgs/share/px4_msgs/msg/VelocityLimits.msg
[38.364s] -- Symlinking: /home/prathamkelkar/ros2_ws/install/px4_msgs/share/px4_msgs/msg/VtolVehicleStatus.msg
[38.369s] -- Symlinking: /home/prathamkelkar/ros2_ws/install/px4_msgs/share/px4_msgs/msg/WheelEncoders.msg
[38.374s] -- Symlinking: /home/prathamkelkar/ros2_ws/install/px4_msgs/share/px4_msgs/msg/Wind.msg
[38.379s] -- Symlinking: /home/prathamkelkar/ros2_ws/install/px4_msgs/share/px4_msgs/msg/YawEstimatorStatus.msg
[38.384s] -- Symlinking: /home/prathamkelkar/ros2_ws/install/px4_msgs/share/px4_msgs/srv/VehicleCommand.srv
[38.390s] -- Symlinking: /home/prathamkelkar/ros2_ws/install/px4_msgs/share/ament_index/resource_index/package_run_dependencies/px4_msgs
[38.395s] -- Symlinking: /home/prathamkelkar/ros2_ws/install/px4_msgs/share/ament_index/resource_index/parent_prefix_path/px4_msgs
[38.400s] -- Symlinking: /home/prathamkelkar/ros2_ws/install/px4_msgs/share/px4_msgs/environment/ament_prefix_path.sh
[38.405s] -- Symlinking: /home/prathamkelkar/ros2_ws/install/px4_msgs/share/px4_msgs/environment/ament_prefix_path.dsv
[38.410s] -- Symlinking: /home/prathamkelkar/ros2_ws/install/px4_msgs/share/px4_msgs/environment/path.sh
[38.415s] -- Symlinking: /home/prathamkelkar/ros2_ws/install/px4_msgs/share/px4_msgs/environment/path.dsv
[38.420s] -- Symlinking: /home/prathamkelkar/ros2_ws/install/px4_msgs/share/px4_msgs/local_setup.bash
[38.425s] -- Symlinking: /home/prathamkelkar/ros2_ws/install/px4_msgs/share/px4_msgs/local_setup.sh
[38.430s] -- Symlinking: /home/prathamkelkar/ros2_ws/install/px4_msgs/share/px4_msgs/local_setup.zsh
[38.435s] -- Symlinking: /home/prathamkelkar/ros2_ws/install/px4_msgs/share/px4_msgs/local_setup.dsv
[38.440s] -- Symlinking: /home/prathamkelkar/ros2_ws/install/px4_msgs/share/px4_msgs/package.dsv
[38.445s] -- Symlinking: /home/prathamkelkar/ros2_ws/install/px4_msgs/share/ament_index/resource_index/packages/px4_msgs
[38.450s] -- Symlinking: /home/prathamkelkar/ros2_ws/install/px4_msgs/share/px4_msgs/cmake/rosidl_cmake-extras.cmake
[38.455s] -- Symlinking: /home/prathamkelkar/ros2_ws/install/px4_msgs/share/px4_msgs/cmake/ament_cmake_export_dependencies-extras.cmake
[38.460s] -- Symlinking: /home/prathamkelkar/ros2_ws/install/px4_msgs/share/px4_msgs/cmake/ament_cmake_export_include_directories-extras.cmake
[38.465s] -- Symlinking: /home/prathamkelkar/ros2_ws/install/px4_msgs/share/px4_msgs/cmake/ament_cmake_export_libraries-extras.cmake
[38.470s] -- Symlinking: /home/prathamkelkar/ros2_ws/install/px4_msgs/share/px4_msgs/cmake/ament_cmake_export_targets-extras.cmake
[38.476s] -- Symlinking: /home/prathamkelkar/ros2_ws/install/px4_msgs/share/px4_msgs/cmake/rosidl_cmake_export_typesupport_targets-extras.cmake
[38.481s] -- Symlinking: /home/prathamkelkar/ros2_ws/install/px4_msgs/share/px4_msgs/cmake/rosidl_cmake_export_typesupport_libraries-extras.cmake
[38.486s] -- Symlinking: /home/prathamkelkar/ros2_ws/install/px4_msgs/share/px4_msgs/cmake/rosidl_cmake_aggregate_target-extras.cmake
[38.491s] -- Symlinking: /home/prathamkelkar/ros2_ws/install/px4_msgs/share/px4_msgs/cmake/px4_msgsConfig.cmake
[38.496s] -- Symlinking: /home/prathamkelkar/ros2_ws/install/px4_msgs/share/px4_msgs/cmake/px4_msgsConfig-version.cmake
[38.501s] -- Symlinking: /home/prathamkelkar/ros2_ws/install/px4_msgs/share/px4_msgs/package.xml
[38.506s] -- Installing: /home/prathamkelkar/ros2_ws/install/px4_msgs/lib/libpx4_msgs__rosidl_generator_c.so
[38.519s] -- Set non-toolchain portion of runtime path of "/home/prathamkelkar/ros2_ws/install/px4_msgs/lib/libpx4_msgs__rosidl_generator_c.so" to ""
[38.519s] -- Installing: /home/prathamkelkar/ros2_ws/install/px4_msgs/lib/libpx4_msgs__rosidl_typesupport_fastrtps_c.so
[38.522s] -- Set non-toolchain portion of runtime path of "/home/prathamkelkar/ros2_ws/install/px4_msgs/lib/libpx4_msgs__rosidl_typesupport_fastrtps_c.so" to ""
[38.522s] -- Installing: /home/prathamkelkar/ros2_ws/install/px4_msgs/lib/libpx4_msgs__rosidl_typesupport_fastrtps_cpp.so
[38.526s] -- Set non-toolchain portion of runtime path of "/home/prathamkelkar/ros2_ws/install/px4_msgs/lib/libpx4_msgs__rosidl_typesupport_fastrtps_cpp.so" to ""
[38.526s] -- Installing: /home/prathamkelkar/ros2_ws/install/px4_msgs/lib/libpx4_msgs__rosidl_typesupport_introspection_c.so
[38.529s] -- Set non-toolchain portion of runtime path of "/home/prathamkelkar/ros2_ws/install/px4_msgs/lib/libpx4_msgs__rosidl_typesupport_introspection_c.so" to ""
[38.529s] -- Installing: /home/prathamkelkar/ros2_ws/install/px4_msgs/lib/libpx4_msgs__rosidl_typesupport_c.so
[38.530s] -- Set non-toolchain portion of runtime path of "/home/prathamkelkar/ros2_ws/install/px4_msgs/lib/libpx4_msgs__rosidl_typesupport_c.so" to ""
[38.530s] -- Installing: /home/prathamkelkar/ros2_ws/install/px4_msgs/lib/libpx4_msgs__rosidl_typesupport_introspection_cpp.so
[38.534s] -- Set non-toolchain portion of runtime path of "/home/prathamkelkar/ros2_ws/install/px4_msgs/lib/libpx4_msgs__rosidl_typesupport_introspection_cpp.so" to ""
[38.534s] -- Installing: /home/prathamkelkar/ros2_ws/install/px4_msgs/lib/libpx4_msgs__rosidl_typesupport_cpp.so
[38.535s] -- Set non-toolchain portion of runtime path of "/home/prathamkelkar/ros2_ws/install/px4_msgs/lib/libpx4_msgs__rosidl_typesupport_cpp.so" to ""
[38.653s] Listing '/home/prathamkelkar/ros2_ws/install/px4_msgs/lib/python3.12/site-packages/px4_msgs'...
[38.654s] Compiling '/home/prathamkelkar/ros2_ws/install/px4_msgs/lib/python3.12/site-packages/px4_msgs/__init__.py'...
[38.654s] Listing '/home/prathamkelkar/ros2_ws/install/px4_msgs/lib/python3.12/site-packages/px4_msgs/msg'...
[38.654s] Compiling '/home/prathamkelkar/ros2_ws/install/px4_msgs/lib/python3.12/site-packages/px4_msgs/msg/__init__.py'...
[38.654s] Compiling '/home/prathamkelkar/ros2_ws/install/px4_msgs/lib/python3.12/site-packages/px4_msgs/msg/_action_request.py'...
[38.654s] Compiling '/home/prathamkelkar/ros2_ws/install/px4_msgs/lib/python3.12/site-packages/px4_msgs/msg/_actuator_armed.py'...
[38.654s] Compiling '/home/prathamkelkar/ros2_ws/install/px4_msgs/lib/python3.12/site-packages/px4_msgs/msg/_actuator_controls_status.py'...
[38.654s] Compiling '/home/prathamkelkar/ros2_ws/install/px4_msgs/lib/python3.12/site-packages/px4_msgs/msg/_actuator_motors.py'...
[38.654s] Compiling '/home/prathamkelkar/ros2_ws/install/px4_msgs/lib/python3.12/site-packages/px4_msgs/msg/_actuator_outputs.py'...
[38.655s] Compiling '/home/prathamkelkar/ros2_ws/install/px4_msgs/lib/python3.12/site-packages/px4_msgs/msg/_actuator_servos.py'...
[38.655s] Compiling '/home/prathamkelkar/ros2_ws/install/px4_msgs/lib/python3.12/site-packages/px4_msgs/msg/_actuator_servos_trim.py'...
[38.655s] Compiling '/home/prathamkelkar/ros2_ws/install/px4_msgs/lib/python3.12/site-packages/px4_msgs/msg/_actuator_test.py'...
[38.655s] Compiling '/home/prathamkelkar/ros2_ws/install/px4_msgs/lib/python3.12/site-packages/px4_msgs/msg/_adc_report.py'...
[38.655s] Compiling '/home/prathamkelkar/ros2_ws/install/px4_msgs/lib/python3.12/site-packages/px4_msgs/msg/_airspeed.py'...
[38.655s] Compiling '/home/prathamkelkar/ros2_ws/install/px4_msgs/lib/python3.12/site-packages/px4_msgs/msg/_airspeed_validated.py'...
[38.655s] Compiling '/home/prathamkelkar/ros2_ws/install/px4_msgs/lib/python3.12/site-packages/px4_msgs/msg/_airspeed_wind.py'...
[38.655s] Compiling '/home/prathamkelkar/ros2_ws/install/px4_msgs/lib/python3.12/site-packages/px4_msgs/msg/_arming_check_reply.py'...
[38.655s] Compiling '/home/prathamkelkar/ros2_ws/install/px4_msgs/lib/python3.12/site-packages/px4_msgs/msg/_arming_check_request.py'...
[38.655s] Compiling '/home/prathamkelkar/ros2_ws/install/px4_msgs/lib/python3.12/site-packages/px4_msgs/msg/_autotune_attitude_control_status.py'...
[38.656s] Compiling '/home/prathamkelkar/ros2_ws/install/px4_msgs/lib/python3.12/site-packages/px4_msgs/msg/_battery_status.py'...
[38.656s] Compiling '/home/prathamkelkar/ros2_ws/install/px4_msgs/lib/python3.12/site-packages/px4_msgs/msg/_buffer128.py'...
[38.656s] Compiling '/home/prathamkelkar/ros2_ws/install/px4_msgs/lib/python3.12/site-packages/px4_msgs/msg/_button_event.py'...
[38.656s] Compiling '/home/prathamkelkar/ros2_ws/install/px4_msgs/lib/python3.12/site-packages/px4_msgs/msg/_camera_capture.py'...
[38.656s] Compiling '/home/prathamkelkar/ros2_ws/install/px4_msgs/lib/python3.12/site-packages/px4_msgs/msg/_camera_status.py'...
[38.656s] Compiling '/home/prathamkelkar/ros2_ws/install/px4_msgs/lib/python3.12/site-packages/px4_msgs/msg/_camera_trigger.py'...
[38.656s] Compiling '/home/prathamkelkar/ros2_ws/install/px4_msgs/lib/python3.12/site-packages/px4_msgs/msg/_can_interface_status.py'...
[38.656s] Compiling '/home/prathamkelkar/ros2_ws/install/px4_msgs/lib/python3.12/site-packages/px4_msgs/msg/_cellular_status.py'...
[38.656s] Compiling '/home/prathamkelkar/ros2_ws/install/px4_msgs/lib/python3.12/site-packages/px4_msgs/msg/_collision_constraints.py'...
[38.657s] Compiling '/home/prathamkelkar/ros2_ws/install/px4_msgs/lib/python3.12/site-packages/px4_msgs/msg/_collision_report.py'...
[38.657s] Compiling '/home/prathamkelkar/ros2_ws/install/px4_msgs/lib/python3.12/site-packages/px4_msgs/msg/_config_overrides.py'...
[38.657s] Compiling '/home/prathamkelkar/ros2_ws/install/px4_msgs/lib/python3.12/site-packages/px4_msgs/msg/_control_allocator_status.py'...
[38.657s] Compiling '/home/prathamkelkar/ros2_ws/install/px4_msgs/lib/python3.12/site-packages/px4_msgs/msg/_cpuload.py'...
[38.657s] Compiling '/home/prathamkelkar/ros2_ws/install/px4_msgs/lib/python3.12/site-packages/px4_msgs/msg/_dataman_request.py'...
[38.657s] Compiling '/home/prathamkelkar/ros2_ws/install/px4_msgs/lib/python3.12/site-packages/px4_msgs/msg/_dataman_response.py'...
[38.657s] Compiling '/home/prathamkelkar/ros2_ws/install/px4_msgs/lib/python3.12/site-packages/px4_msgs/msg/_debug_array.py'...
[38.657s] Compiling '/home/prathamkelkar/ros2_ws/install/px4_msgs/lib/python3.12/site-packages/px4_msgs/msg/_debug_key_value.py'...
[38.657s] Compiling '/home/prathamkelkar/ros2_ws/install/px4_msgs/lib/python3.12/site-packages/px4_msgs/msg/_debug_value.py'...
[38.657s] Compiling '/home/prathamkelkar/ros2_ws/install/px4_msgs/lib/python3.12/site-packages/px4_msgs/msg/_debug_vect.py'...
[38.658s] Compiling '/home/prathamkelkar/ros2_ws/install/px4_msgs/lib/python3.12/site-packages/px4_msgs/msg/_differential_drive_setpoint.py'...
[38.658s] Compiling '/home/prathamkelkar/ros2_ws/install/px4_msgs/lib/python3.12/site-packages/px4_msgs/msg/_differential_pressure.py'...
[38.658s] Compiling '/home/prathamkelkar/ros2_ws/install/px4_msgs/lib/python3.12/site-packages/px4_msgs/msg/_distance_sensor.py'...
[38.658s] Compiling '/home/prathamkelkar/ros2_ws/install/px4_msgs/lib/python3.12/site-packages/px4_msgs/msg/_ekf2_timestamps.py'...
[38.658s] Compiling '/home/prathamkelkar/ros2_ws/install/px4_msgs/lib/python3.12/site-packages/px4_msgs/msg/_esc_report.py'...
[38.658s] Compiling '/home/prathamkelkar/ros2_ws/install/px4_msgs/lib/python3.12/site-packages/px4_msgs/msg/_esc_status.py'...
[38.658s] Compiling '/home/prathamkelkar/ros2_ws/install/px4_msgs/lib/python3.12/site-packages/px4_msgs/msg/_estimator_aid_source1d.py'...
[38.658s] Compiling '/home/prathamkelkar/ros2_ws/install/px4_msgs/lib/python3.12/site-packages/px4_msgs/msg/_estimator_aid_source2d.py'...
[38.658s] Compiling '/home/prathamkelkar/ros2_ws/install/px4_msgs/lib/python3.12/site-packages/px4_msgs/msg/_estimator_aid_source3d.py'...
[38.659s] Compiling '/home/prathamkelkar/ros2_ws/install/px4_msgs/lib/python3.12/site-packages/px4_msgs/msg/_estimator_bias.py'...
[38.659s] Compiling '/home/prathamkelkar/ros2_ws/install/px4_msgs/lib/python3.12/site-packages/px4_msgs/msg/_estimator_bias3d.py'...
[38.659s] Compiling '/home/prathamkelkar/ros2_ws/install/px4_msgs/lib/python3.12/site-packages/px4_msgs/msg/_estimator_event_flags.py'...
[38.659s] Compiling '/home/prathamkelkar/ros2_ws/install/px4_msgs/lib/python3.12/site-packages/px4_msgs/msg/_estimator_gps_status.py'...
[38.659s] Compiling '/home/prathamkelkar/ros2_ws/install/px4_msgs/lib/python3.12/site-packages/px4_msgs/msg/_estimator_innovations.py'...
[38.659s] Compiling '/home/prathamkelkar/ros2_ws/install/px4_msgs/lib/python3.12/site-packages/px4_msgs/msg/_estimator_selector_status.py'...
[38.659s] Compiling '/home/prathamkelkar/ros2_ws/install/px4_msgs/lib/python3.12/site-packages/px4_msgs/msg/_estimator_sensor_bias.py'...
[38.660s] Compiling '/home/prathamkelkar/ros2_ws/install/px4_msgs/lib/python3.12/site-packages/px4_msgs/msg/_estimator_states.py'...
[38.660s] Compiling '/home/prathamkelkar/ros2_ws/install/px4_msgs/lib/python3.12/site-packages/px4_msgs/msg/_estimator_status.py'...
[38.660s] Compiling '/home/prathamkelkar/ros2_ws/install/px4_msgs/lib/python3.12/site-packages/px4_msgs/msg/_estimator_status_flags.py'...
[38.660s] Compiling '/home/prathamkelkar/ros2_ws/install/px4_msgs/lib/python3.12/site-packages/px4_msgs/msg/_event.py'...
[38.660s] Compiling '/home/prathamkelkar/ros2_ws/install/px4_msgs/lib/python3.12/site-packages/px4_msgs/msg/_failsafe_flags.py'...
[38.660s] Compiling '/home/prathamkelkar/ros2_ws/install/px4_msgs/lib/python3.12/site-packages/px4_msgs/msg/_failure_detector_status.py'...
[38.660s] Compiling '/home/prathamkelkar/ros2_ws/install/px4_msgs/lib/python3.12/site-packages/px4_msgs/msg/_figure_eight_status.py'...
[38.660s] Compiling '/home/prathamkelkar/ros2_ws/install/px4_msgs/lib/python3.12/site-packages/px4_msgs/msg/_flight_phase_estimation.py'...
[38.660s] Compiling '/home/prathamkelkar/ros2_ws/install/px4_msgs/lib/python3.12/site-packages/px4_msgs/msg/_follow_target.py'...
[38.661s] Compiling '/home/prathamkelkar/ros2_ws/install/px4_msgs/lib/python3.12/site-packages/px4_msgs/msg/_follow_target_estimator.py'...
[38.661s] Compiling '/home/prathamkelkar/ros2_ws/install/px4_msgs/lib/python3.12/site-packages/px4_msgs/msg/_follow_target_status.py'...
[38.661s] Compiling '/home/prathamkelkar/ros2_ws/install/px4_msgs/lib/python3.12/site-packages/px4_msgs/msg/_generator_status.py'...
[38.713s] Compiling '/home/prathamkelkar/ros2_ws/install/px4_msgs/lib/python3.12/site-packages/px4_msgs/msg/_geofence_result.py'...
[38.714s] Compiling '/home/prathamkelkar/ros2_ws/install/px4_msgs/lib/python3.12/site-packages/px4_msgs/msg/_geofence_status.py'...
[38.714s] Compiling '/home/prathamkelkar/ros2_ws/install/px4_msgs/lib/python3.12/site-packages/px4_msgs/msg/_gimbal_controls.py'...
[38.714s] Compiling '/home/prathamkelkar/ros2_ws/install/px4_msgs/lib/python3.12/site-packages/px4_msgs/msg/_gimbal_device_attitude_status.py'...
[38.714s] Compiling '/home/prathamkelkar/ros2_ws/install/px4_msgs/lib/python3.12/site-packages/px4_msgs/msg/_gimbal_device_information.py'...
[38.714s] Compiling '/home/prathamkelkar/ros2_ws/install/px4_msgs/lib/python3.12/site-packages/px4_msgs/msg/_gimbal_device_set_attitude.py'...
[38.714s] Compiling '/home/prathamkelkar/ros2_ws/install/px4_msgs/lib/python3.12/site-packages/px4_msgs/msg/_gimbal_manager_information.py'...
[38.714s] Compiling '/home/prathamkelkar/ros2_ws/install/px4_msgs/lib/python3.12/site-packages/px4_msgs/msg/_gimbal_manager_set_attitude.py'...
[38.715s] Compiling '/home/prathamkelkar/ros2_ws/install/px4_msgs/lib/python3.12/site-packages/px4_msgs/msg/_gimbal_manager_set_manual_control.py'...
[38.715s] Compiling '/home/prathamkelkar/ros2_ws/install/px4_msgs/lib/python3.12/site-packages/px4_msgs/msg/_gimbal_manager_status.py'...
[38.715s] Compiling '/home/prathamkelkar/ros2_ws/install/px4_msgs/lib/python3.12/site-packages/px4_msgs/msg/_goto_setpoint.py'...
[38.715s] Compiling '/home/prathamkelkar/ros2_ws/install/px4_msgs/lib/python3.12/site-packages/px4_msgs/msg/_gpio_config.py'...
[38.715s] Compiling '/home/prathamkelkar/ros2_ws/install/px4_msgs/lib/python3.12/site-packages/px4_msgs/msg/_gpio_in.py'...
[38.715s] Compiling '/home/prathamkelkar/ros2_ws/install/px4_msgs/lib/python3.12/site-packages/px4_msgs/msg/_gpio_out.py'...
[38.715s] Compiling '/home/prathamkelkar/ros2_ws/install/px4_msgs/lib/python3.12/site-packages/px4_msgs/msg/_gpio_request.py'...
[38.715s] Compiling '/home/prathamkelkar/ros2_ws/install/px4_msgs/lib/python3.12/site-packages/px4_msgs/msg/_gps_dump.py'...
[38.715s] Compiling '/home/prathamkelkar/ros2_ws/install/px4_msgs/lib/python3.12/site-packages/px4_msgs/msg/_gps_inject_data.py'...
[38.716s] Compiling '/home/prathamkelkar/ros2_ws/install/px4_msgs/lib/python3.12/site-packages/px4_msgs/msg/_gripper.py'...
[38.716s] Compiling '/home/prathamkelkar/ros2_ws/install/px4_msgs/lib/python3.12/site-packages/px4_msgs/msg/_health_report.py'...
[38.716s] Compiling '/home/prathamkelkar/ros2_ws/install/px4_msgs/lib/python3.12/site-packages/px4_msgs/msg/_heater_status.py'...
[38.716s] Compiling '/home/prathamkelkar/ros2_ws/install/px4_msgs/lib/python3.12/site-packages/px4_msgs/msg/_home_position.py'...
[38.716s] Compiling '/home/prathamkelkar/ros2_ws/install/px4_msgs/lib/python3.12/site-packages/px4_msgs/msg/_hover_thrust_estimate.py'...
[38.716s] Compiling '/home/prathamkelkar/ros2_ws/install/px4_msgs/lib/python3.12/site-packages/px4_msgs/msg/_input_rc.py'...
[38.716s] Compiling '/home/prathamkelkar/ros2_ws/install/px4_msgs/lib/python3.12/site-packages/px4_msgs/msg/_internal_combustion_engine_status.py'...
[38.716s] Compiling '/home/prathamkelkar/ros2_ws/install/px4_msgs/lib/python3.12/site-packages/px4_msgs/msg/_iridiumsbd_status.py'...
[38.717s] Compiling '/home/prathamkelkar/ros2_ws/install/px4_msgs/lib/python3.12/site-packages/px4_msgs/msg/_irlock_report.py'...
[38.717s] Compiling '/home/prathamkelkar/ros2_ws/install/px4_msgs/lib/python3.12/site-packages/px4_msgs/msg/_landing_gear.py'...
[38.717s] Compiling '/home/prathamkelkar/ros2_ws/install/px4_msgs/lib/python3.12/site-packages/px4_msgs/msg/_landing_gear_wheel.py'...
[38.717s] Compiling '/home/prathamkelkar/ros2_ws/install/px4_msgs/lib/python3.12/site-packages/px4_msgs/msg/_landing_target_innovations.py'...
[38.717s] Compiling '/home/prathamkelkar/ros2_ws/install/px4_msgs/lib/python3.12/site-packages/px4_msgs/msg/_landing_target_pose.py'...
[38.717s] Compiling '/home/prathamkelkar/ros2_ws/install/px4_msgs/lib/python3.12/site-packages/px4_msgs/msg/_launch_detection_status.py'...
[38.717s] Compiling '/home/prathamkelkar/ros2_ws/install/px4_msgs/lib/python3.12/site-packages/px4_msgs/msg/_led_control.py'...
[38.717s] Compiling '/home/prathamkelkar/ros2_ws/install/px4_msgs/lib/python3.12/site-packages/px4_msgs/msg/_log_message.py'...
[38.717s] Compiling '/home/prathamkelkar/ros2_ws/install/px4_msgs/lib/python3.12/site-packages/px4_msgs/msg/_logger_status.py'...
[38.718s] Compiling '/home/prathamkelkar/ros2_ws/install/px4_msgs/lib/python3.12/site-packages/px4_msgs/msg/_mag_worker_data.py'...
[38.718s] Compiling '/home/prathamkelkar/ros2_ws/install/px4_msgs/lib/python3.12/site-packages/px4_msgs/msg/_magnetometer_bias_estimate.py'...
[38.718s] Compiling '/home/prathamkelkar/ros2_ws/install/px4_msgs/lib/python3.12/site-packages/px4_msgs/msg/_manual_control_setpoint.py'...
[38.718s] Compiling '/home/prathamkelkar/ros2_ws/install/px4_msgs/lib/python3.12/site-packages/px4_msgs/msg/_manual_control_switches.py'...
[38.718s] Compiling '/home/prathamkelkar/ros2_ws/install/px4_msgs/lib/python3.12/site-packages/px4_msgs/msg/_mavlink_log.py'...
[38.718s] Compiling '/home/prathamkelkar/ros2_ws/install/px4_msgs/lib/python3.12/site-packages/px4_msgs/msg/_mavlink_tunnel.py'...
[38.718s] Compiling '/home/prathamkelkar/ros2_ws/install/px4_msgs/lib/python3.12/site-packages/px4_msgs/msg/_message_format_request.py'...
[38.718s] Compiling '/home/prathamkelkar/ros2_ws/install/px4_msgs/lib/python3.12/site-packages/px4_msgs/msg/_message_format_response.py'...
[38.719s] Compiling '/home/prathamkelkar/ros2_ws/install/px4_msgs/lib/python3.12/site-packages/px4_msgs/msg/_mission.py'...
[38.719s] Compiling '/home/prathamkelkar/ros2_ws/install/px4_msgs/lib/python3.12/site-packages/px4_msgs/msg/_mission_result.py'...
[38.719s] Compiling '/home/prathamkelkar/ros2_ws/install/px4_msgs/lib/python3.12/site-packages/px4_msgs/msg/_mode_completed.py'...
[38.719s] Compiling '/home/prathamkelkar/ros2_ws/install/px4_msgs/lib/python3.12/site-packages/px4_msgs/msg/_mount_orientation.py'...
[38.719s] Compiling '/home/prathamkelkar/ros2_ws/install/px4_msgs/lib/python3.12/site-packages/px4_msgs/msg/_navigator_mission_item.py'...
[38.719s] Compiling '/home/prathamkelkar/ros2_ws/install/px4_msgs/lib/python3.12/site-packages/px4_msgs/msg/_normalized_unsigned_setpoint.py'...
[38.719s] Compiling '/home/prathamkelkar/ros2_ws/install/px4_msgs/lib/python3.12/site-packages/px4_msgs/msg/_npfg_status.py'...
[38.719s] Compiling '/home/prathamkelkar/ros2_ws/install/px4_msgs/lib/python3.12/site-packages/px4_msgs/msg/_obstacle_distance.py'...
[38.720s] Compiling '/home/prathamkelkar/ros2_ws/install/px4_msgs/lib/python3.12/site-packages/px4_msgs/msg/_offboard_control_mode.py'...
[38.720s] Compiling '/home/prathamkelkar/ros2_ws/install/px4_msgs/lib/python3.12/site-packages/px4_msgs/msg/_onboard_computer_status.py'...
[38.720s] Compiling '/home/prathamkelkar/ros2_ws/install/px4_msgs/lib/python3.12/site-packages/px4_msgs/msg/_orb_test.py'...
[38.720s] Compiling '/home/prathamkelkar/ros2_ws/install/px4_msgs/lib/python3.12/site-packages/px4_msgs/msg/_orb_test_large.py'...
[38.720s] Compiling '/home/prathamkelkar/ros2_ws/install/px4_msgs/lib/python3.12/site-packages/px4_msgs/msg/_orb_test_medium.py'...
[38.720s] Compiling '/home/prathamkelkar/ros2_ws/install/px4_msgs/lib/python3.12/site-packages/px4_msgs/msg/_orbit_status.py'...
[38.720s] Compiling '/home/prathamkelkar/ros2_ws/install/px4_msgs/lib/python3.12/site-packages/px4_msgs/msg/_parameter_reset_request.py'...
[38.721s] Compiling '/home/prathamkelkar/ros2_ws/install/px4_msgs/lib/python3.12/site-packages/px4_msgs/msg/_parameter_set_used_request.py'...
[38.721s] Compiling '/home/prathamkelkar/ros2_ws/install/px4_msgs/lib/python3.12/site-packages/px4_msgs/msg/_parameter_set_value_request.py'...
[38.721s] Compiling '/home/prathamkelkar/ros2_ws/install/px4_msgs/lib/python3.12/site-packages/px4_msgs/msg/_parameter_set_value_response.py'...
[38.721s] Compiling '/home/prathamkelkar/ros2_ws/install/px4_msgs/lib/python3.12/site-packages/px4_msgs/msg/_parameter_update.py'...
[38.721s] Compiling '/home/prathamkelkar/ros2_ws/install/px4_msgs/lib/python3.12/site-packages/px4_msgs/msg/_ping.py'...
[38.721s] Compiling '/home/prathamkelkar/ros2_ws/install/px4_msgs/lib/python3.12/site-packages/px4_msgs/msg/_position_controller_landing_status.py'...
[38.721s] Compiling '/home/prathamkelkar/ros2_ws/install/px4_msgs/lib/python3.12/site-packages/px4_msgs/msg/_position_controller_status.py'...
[38.722s] Compiling '/home/prathamkelkar/ros2_ws/install/px4_msgs/lib/python3.12/site-packages/px4_msgs/msg/_position_setpoint.py'...
[38.722s] Compiling '/home/prathamkelkar/ros2_ws/install/px4_msgs/lib/python3.12/site-packages/px4_msgs/msg/_position_setpoint_triplet.py'...
[38.789s] Compiling '/home/prathamkelkar/ros2_ws/install/px4_msgs/lib/python3.12/site-packages/px4_msgs/msg/_power_button_state.py'...
[38.790s] Compiling '/home/prathamkelkar/ros2_ws/install/px4_msgs/lib/python3.12/site-packages/px4_msgs/msg/_power_monitor.py'...
[38.790s] Compiling '/home/prathamkelkar/ros2_ws/install/px4_msgs/lib/python3.12/site-packages/px4_msgs/msg/_pps_capture.py'...
[38.790s] Compiling '/home/prathamkelkar/ros2_ws/install/px4_msgs/lib/python3.12/site-packages/px4_msgs/msg/_pwm_input.py'...
[38.790s] Compiling '/home/prathamkelkar/ros2_ws/install/px4_msgs/lib/python3.12/site-packages/px4_msgs/msg/_px4io_status.py'...
[38.790s] Compiling '/home/prathamkelkar/ros2_ws/install/px4_msgs/lib/python3.12/site-packages/px4_msgs/msg/_qshell_req.py'...
[38.790s] Compiling '/home/prathamkelkar/ros2_ws/install/px4_msgs/lib/python3.12/site-packages/px4_msgs/msg/_qshell_retval.py'...
[38.791s] Compiling '/home/prathamkelkar/ros2_ws/install/px4_msgs/lib/python3.12/site-packages/px4_msgs/msg/_radio_status.py'...
[38.791s] Compiling '/home/prathamkelkar/ros2_ws/install/px4_msgs/lib/python3.12/site-packages/px4_msgs/msg/_rate_ctrl_status.py'...
[38.791s] Compiling '/home/prathamkelkar/ros2_ws/install/px4_msgs/lib/python3.12/site-packages/px4_msgs/msg/_rc_channels.py'...
[38.791s] Compiling '/home/prathamkelkar/ros2_ws/install/px4_msgs/lib/python3.12/site-packages/px4_msgs/msg/_rc_parameter_map.py'...
[38.791s] Compiling '/home/prathamkelkar/ros2_ws/install/px4_msgs/lib/python3.12/site-packages/px4_msgs/msg/_register_ext_component_reply.py'...
[38.791s] Compiling '/home/prathamkelkar/ros2_ws/install/px4_msgs/lib/python3.12/site-packages/px4_msgs/msg/_register_ext_component_request.py'...
[38.791s] Compiling '/home/prathamkelkar/ros2_ws/install/px4_msgs/lib/python3.12/site-packages/px4_msgs/msg/_rpm.py'...
[38.792s] Compiling '/home/prathamkelkar/ros2_ws/install/px4_msgs/lib/python3.12/site-packages/px4_msgs/msg/_rtl_status.py'...
[38.792s] Compiling '/home/prathamkelkar/ros2_ws/install/px4_msgs/lib/python3.12/site-packages/px4_msgs/msg/_rtl_time_estimate.py'...
[38.792s] Compiling '/home/prathamkelkar/ros2_ws/install/px4_msgs/lib/python3.12/site-packages/px4_msgs/msg/_satellite_info.py'...
[38.792s] Compiling '/home/prathamkelkar/ros2_ws/install/px4_msgs/lib/python3.12/site-packages/px4_msgs/msg/_sensor_accel.py'...
[38.792s] Compiling '/home/prathamkelkar/ros2_ws/install/px4_msgs/lib/python3.12/site-packages/px4_msgs/msg/_sensor_accel_fifo.py'...
[38.792s] Compiling '/home/prathamkelkar/ros2_ws/install/px4_msgs/lib/python3.12/site-packages/px4_msgs/msg/_sensor_airflow.py'...
[38.792s] Compiling '/home/prathamkelkar/ros2_ws/install/px4_msgs/lib/python3.12/site-packages/px4_msgs/msg/_sensor_baro.py'...
[38.792s] Compiling '/home/prathamkelkar/ros2_ws/install/px4_msgs/lib/python3.12/site-packages/px4_msgs/msg/_sensor_combined.py'...
[38.793s] Compiling '/home/prathamkelkar/ros2_ws/install/px4_msgs/lib/python3.12/site-packages/px4_msgs/msg/_sensor_correction.py'...
[38.793s] Compiling '/home/prathamkelkar/ros2_ws/install/px4_msgs/lib/python3.12/site-packages/px4_msgs/msg/_sensor_gnss_relative.py'...
[38.793s] Compiling '/home/prathamkelkar/ros2_ws/install/px4_msgs/lib/python3.12/site-packages/px4_msgs/msg/_sensor_gps.py'...
[38.793s] Compiling '/home/prathamkelkar/ros2_ws/install/px4_msgs/lib/python3.12/site-packages/px4_msgs/msg/_sensor_gyro.py'...
[38.793s] Compiling '/home/prathamkelkar/ros2_ws/install/px4_msgs/lib/python3.12/site-packages/px4_msgs/msg/_sensor_gyro_fft.py'...
[38.793s] Compiling '/home/prathamkelkar/ros2_ws/install/px4_msgs/lib/python3.12/site-packages/px4_msgs/msg/_sensor_gyro_fifo.py'...
[38.793s] Compiling '/home/prathamkelkar/ros2_ws/install/px4_msgs/lib/python3.12/site-packages/px4_msgs/msg/_sensor_hygrometer.py'...
[38.793s] Compiling '/home/prathamkelkar/ros2_ws/install/px4_msgs/lib/python3.12/site-packages/px4_msgs/msg/_sensor_mag.py'...
[38.794s] Compiling '/home/prathamkelkar/ros2_ws/install/px4_msgs/lib/python3.12/site-packages/px4_msgs/msg/_sensor_optical_flow.py'...
[38.794s] Compiling '/home/prathamkelkar/ros2_ws/install/px4_msgs/lib/python3.12/site-packages/px4_msgs/msg/_sensor_preflight_mag.py'...
[38.794s] Compiling '/home/prathamkelkar/ros2_ws/install/px4_msgs/lib/python3.12/site-packages/px4_msgs/msg/_sensor_selection.py'...
[38.794s] Compiling '/home/prathamkelkar/ros2_ws/install/px4_msgs/lib/python3.12/site-packages/px4_msgs/msg/_sensor_uwb.py'...
[38.794s] Compiling '/home/prathamkelkar/ros2_ws/install/px4_msgs/lib/python3.12/site-packages/px4_msgs/msg/_sensors_status.py'...
[38.794s] Compiling '/home/prathamkelkar/ros2_ws/install/px4_msgs/lib/python3.12/site-packages/px4_msgs/msg/_sensors_status_imu.py'...
[38.794s] Compiling '/home/prathamkelkar/ros2_ws/install/px4_msgs/lib/python3.12/site-packages/px4_msgs/msg/_system_power.py'...
[38.794s] Compiling '/home/prathamkelkar/ros2_ws/install/px4_msgs/lib/python3.12/site-packages/px4_msgs/msg/_takeoff_status.py'...
[38.795s] Compiling '/home/prathamkelkar/ros2_ws/install/px4_msgs/lib/python3.12/site-packages/px4_msgs/msg/_task_stack_info.py'...
[38.795s] Compiling '/home/prathamkelkar/ros2_ws/install/px4_msgs/lib/python3.12/site-packages/px4_msgs/msg/_tecs_status.py'...
[38.795s] Compiling '/home/prathamkelkar/ros2_ws/install/px4_msgs/lib/python3.12/site-packages/px4_msgs/msg/_telemetry_status.py'...
[38.795s] Compiling '/home/prathamkelkar/ros2_ws/install/px4_msgs/lib/python3.12/site-packages/px4_msgs/msg/_tiltrotor_extra_controls.py'...
[38.795s] Compiling '/home/prathamkelkar/ros2_ws/install/px4_msgs/lib/python3.12/site-packages/px4_msgs/msg/_timesync_status.py'...
[38.795s] Compiling '/home/prathamkelkar/ros2_ws/install/px4_msgs/lib/python3.12/site-packages/px4_msgs/msg/_trajectory_bezier.py'...
[38.795s] Compiling '/home/prathamkelkar/ros2_ws/install/px4_msgs/lib/python3.12/site-packages/px4_msgs/msg/_trajectory_setpoint.py'...
[38.795s] Compiling '/home/prathamkelkar/ros2_ws/install/px4_msgs/lib/python3.12/site-packages/px4_msgs/msg/_trajectory_waypoint.py'...
[38.796s] Compiling '/home/prathamkelkar/ros2_ws/install/px4_msgs/lib/python3.12/site-packages/px4_msgs/msg/_transponder_report.py'...
[38.796s] Compiling '/home/prathamkelkar/ros2_ws/install/px4_msgs/lib/python3.12/site-packages/px4_msgs/msg/_tune_control.py'...
[38.796s] Compiling '/home/prathamkelkar/ros2_ws/install/px4_msgs/lib/python3.12/site-packages/px4_msgs/msg/_uavcan_parameter_request.py'...
[38.796s] Compiling '/home/prathamkelkar/ros2_ws/install/px4_msgs/lib/python3.12/site-packages/px4_msgs/msg/_uavcan_parameter_value.py'...
[38.796s] Compiling '/home/prathamkelkar/ros2_ws/install/px4_msgs/lib/python3.12/site-packages/px4_msgs/msg/_ulog_stream.py'...
[38.796s] Compiling '/home/prathamkelkar/ros2_ws/install/px4_msgs/lib/python3.12/site-packages/px4_msgs/msg/_ulog_stream_ack.py'...
[38.796s] Compiling '/home/prathamkelkar/ros2_ws/install/px4_msgs/lib/python3.12/site-packages/px4_msgs/msg/_unregister_ext_component.py'...
[38.796s] Compiling '/home/prathamkelkar/ros2_ws/install/px4_msgs/lib/python3.12/site-packages/px4_msgs/msg/_vehicle_acceleration.py'...
[38.797s] Compiling '/home/prathamkelkar/ros2_ws/install/px4_msgs/lib/python3.12/site-packages/px4_msgs/msg/_vehicle_air_data.py'...
[38.797s] Compiling '/home/prathamkelkar/ros2_ws/install/px4_msgs/lib/python3.12/site-packages/px4_msgs/msg/_vehicle_angular_acceleration_setpoint.py'...
[38.797s] Compiling '/home/prathamkelkar/ros2_ws/install/px4_msgs/lib/python3.12/site-packages/px4_msgs/msg/_vehicle_angular_velocity.py'...
[38.797s] Compiling '/home/prathamkelkar/ros2_ws/install/px4_msgs/lib/python3.12/site-packages/px4_msgs/msg/_vehicle_attitude.py'...
[38.797s] Compiling '/home/prathamkelkar/ros2_ws/install/px4_msgs/lib/python3.12/site-packages/px4_msgs/msg/_vehicle_attitude_setpoint.py'...
[38.797s] Compiling '/home/prathamkelkar/ros2_ws/install/px4_msgs/lib/python3.12/site-packages/px4_msgs/msg/_vehicle_command.py'...
[38.797s] Compiling '/home/prathamkelkar/ros2_ws/install/px4_msgs/lib/python3.12/site-packages/px4_msgs/msg/_vehicle_command_ack.py'...
[38.797s] Compiling '/home/prathamkelkar/ros2_ws/install/px4_msgs/lib/python3.12/site-packages/px4_msgs/msg/_vehicle_constraints.py'...
[38.798s] Compiling '/home/prathamkelkar/ros2_ws/install/px4_msgs/lib/python3.12/site-packages/px4_msgs/msg/_vehicle_control_mode.py'...
[38.798s] Compiling '/home/prathamkelkar/ros2_ws/install/px4_msgs/lib/python3.12/site-packages/px4_msgs/msg/_vehicle_global_position.py'...
[38.798s] Compiling '/home/prathamkelkar/ros2_ws/install/px4_msgs/lib/python3.12/site-packages/px4_msgs/msg/_vehicle_imu.py'...
[38.798s] Compiling '/home/prathamkelkar/ros2_ws/install/px4_msgs/lib/python3.12/site-packages/px4_msgs/msg/_vehicle_imu_status.py'...
[38.798s] Compiling '/home/prathamkelkar/ros2_ws/install/px4_msgs/lib/python3.12/site-packages/px4_msgs/msg/_vehicle_land_detected.py'...
[38.814s] Compiling '/home/prathamkelkar/ros2_ws/install/px4_msgs/lib/python3.12/site-packages/px4_msgs/msg/_vehicle_local_position.py'...
[38.814s] Compiling '/home/prathamkelkar/ros2_ws/install/px4_msgs/lib/python3.12/site-packages/px4_msgs/msg/_vehicle_local_position_setpoint.py'...
[38.814s] Compiling '/home/prathamkelkar/ros2_ws/install/px4_msgs/lib/python3.12/site-packages/px4_msgs/msg/_vehicle_magnetometer.py'...
[38.814s] Compiling '/home/prathamkelkar/ros2_ws/install/px4_msgs/lib/python3.12/site-packages/px4_msgs/msg/_vehicle_odometry.py'...
[38.814s] Compiling '/home/prathamkelkar/ros2_ws/install/px4_msgs/lib/python3.12/site-packages/px4_msgs/msg/_vehicle_optical_flow.py'...
[38.814s] Compiling '/home/prathamkelkar/ros2_ws/install/px4_msgs/lib/python3.12/site-packages/px4_msgs/msg/_vehicle_optical_flow_vel.py'...
[38.814s] Compiling '/home/prathamkelkar/ros2_ws/install/px4_msgs/lib/python3.12/site-packages/px4_msgs/msg/_vehicle_rates_setpoint.py'...
[38.814s] Compiling '/home/prathamkelkar/ros2_ws/install/px4_msgs/lib/python3.12/site-packages/px4_msgs/msg/_vehicle_roi.py'...
[38.815s] Compiling '/home/prathamkelkar/ros2_ws/install/px4_msgs/lib/python3.12/site-packages/px4_msgs/msg/_vehicle_status.py'...
[38.815s] Compiling '/home/prathamkelkar/ros2_ws/install/px4_msgs/lib/python3.12/site-packages/px4_msgs/msg/_vehicle_thrust_setpoint.py'...
[38.815s] Compiling '/home/prathamkelkar/ros2_ws/install/px4_msgs/lib/python3.12/site-packages/px4_msgs/msg/_vehicle_torque_setpoint.py'...
[38.815s] Compiling '/home/prathamkelkar/ros2_ws/install/px4_msgs/lib/python3.12/site-packages/px4_msgs/msg/_vehicle_trajectory_bezier.py'...
[38.815s] Compiling '/home/prathamkelkar/ros2_ws/install/px4_msgs/lib/python3.12/site-packages/px4_msgs/msg/_vehicle_trajectory_waypoint.py'...
[38.815s] Compiling '/home/prathamkelkar/ros2_ws/install/px4_msgs/lib/python3.12/site-packages/px4_msgs/msg/_velocity_limits.py'...
[38.815s] Compiling '/home/prathamkelkar/ros2_ws/install/px4_msgs/lib/python3.12/site-packages/px4_msgs/msg/_vtol_vehicle_status.py'...
[38.815s] Compiling '/home/prathamkelkar/ros2_ws/install/px4_msgs/lib/python3.12/site-packages/px4_msgs/msg/_wheel_encoders.py'...
[38.816s] Compiling '/home/prathamkelkar/ros2_ws/install/px4_msgs/lib/python3.12/site-packages/px4_msgs/msg/_wind.py'...
[38.816s] Compiling '/home/prathamkelkar/ros2_ws/install/px4_msgs/lib/python3.12/site-packages/px4_msgs/msg/_yaw_estimator_status.py'...
[38.816s] Listing '/home/prathamkelkar/ros2_ws/install/px4_msgs/lib/python3.12/site-packages/px4_msgs/srv'...
[38.816s] Compiling '/home/prathamkelkar/ros2_ws/install/px4_msgs/lib/python3.12/site-packages/px4_msgs/srv/__init__.py'...
[38.816s] Compiling '/home/prathamkelkar/ros2_ws/install/px4_msgs/lib/python3.12/site-packages/px4_msgs/srv/_vehicle_command.py'...
[38.818s] -- Installing: /home/prathamkelkar/ros2_ws/install/px4_msgs/lib/libpx4_msgs__rosidl_generator_py.so
[38.828s] -- Set non-toolchain portion of runtime path of "/home/prathamkelkar/ros2_ws/install/px4_msgs/lib/libpx4_msgs__rosidl_generator_py.so" to ""
[38.828s] -- Installing: /home/prathamkelkar/ros2_ws/install/px4_msgs/share/px4_msgs/cmake/export_px4_msgs__rosidl_generator_cExport.cmake
[38.829s] -- Installing: /home/prathamkelkar/ros2_ws/install/px4_msgs/share/px4_msgs/cmake/export_px4_msgs__rosidl_generator_cExport-noconfig.cmake
[38.829s] -- Installing: /home/prathamkelkar/ros2_ws/install/px4_msgs/share/px4_msgs/cmake/export_px4_msgs__rosidl_typesupport_fastrtps_cExport.cmake
[38.829s] -- Installing: /home/prathamkelkar/ros2_ws/install/px4_msgs/share/px4_msgs/cmake/export_px4_msgs__rosidl_typesupport_fastrtps_cExport-noconfig.cmake
[38.829s] -- Installing: /home/prathamkelkar/ros2_ws/install/px4_msgs/share/px4_msgs/cmake/export_px4_msgs__rosidl_generator_cppExport.cmake
[38.829s] -- Installing: /home/prathamkelkar/ros2_ws/install/px4_msgs/share/px4_msgs/cmake/export_px4_msgs__rosidl_typesupport_fastrtps_cppExport.cmake
[38.830s] -- Installing: /home/prathamkelkar/ros2_ws/install/px4_msgs/share/px4_msgs/cmake/export_px4_msgs__rosidl_typesupport_fastrtps_cppExport-noconfig.cmake
[38.830s] -- Installing: /home/prathamkelkar/ros2_ws/install/px4_msgs/share/px4_msgs/cmake/px4_msgs__rosidl_typesupport_introspection_cExport.cmake
[38.830s] -- Installing: /home/prathamkelkar/ros2_ws/install/px4_msgs/share/px4_msgs/cmake/px4_msgs__rosidl_typesupport_introspection_cExport-noconfig.cmake
[38.830s] -- Installing: /home/prathamkelkar/ros2_ws/install/px4_msgs/share/px4_msgs/cmake/px4_msgs__rosidl_typesupport_cExport.cmake
[38.830s] -- Installing: /home/prathamkelkar/ros2_ws/install/px4_msgs/share/px4_msgs/cmake/px4_msgs__rosidl_typesupport_cExport-noconfig.cmake
[38.830s] -- Installing: /home/prathamkelkar/ros2_ws/install/px4_msgs/share/px4_msgs/cmake/px4_msgs__rosidl_typesupport_introspection_cppExport.cmake
[38.830s] -- Installing: /home/prathamkelkar/ros2_ws/install/px4_msgs/share/px4_msgs/cmake/px4_msgs__rosidl_typesupport_introspection_cppExport-noconfig.cmake
[38.830s] -- Installing: /home/prathamkelkar/ros2_ws/install/px4_msgs/share/px4_msgs/cmake/px4_msgs__rosidl_typesupport_cppExport.cmake
[38.830s] -- Installing: /home/prathamkelkar/ros2_ws/install/px4_msgs/share/px4_msgs/cmake/px4_msgs__rosidl_typesupport_cppExport-noconfig.cmake
[38.831s] -- Installing: /home/prathamkelkar/ros2_ws/install/px4_msgs/share/px4_msgs/cmake/export_px4_msgs__rosidl_generator_pyExport.cmake
[38.831s] -- Installing: /home/prathamkelkar/ros2_ws/install/px4_msgs/share/px4_msgs/cmake/export_px4_msgs__rosidl_generator_pyExport-noconfig.cmake
[38.833s] Invoked command in '/home/prathamkelkar/ros2_ws/build/px4_msgs' returned '0': CMAKE_PREFIX_PATH=${CMAKE_PREFIX_PATH}:/opt/ros/jazzy DEBUGINFOD_URLS=https://debuginfod.ubuntu.com /usr/bin/cmake --install /home/prathamkelkar/ros2_ws/build/px4_msgs
